# KEYSTONE P2-A-901 Rev A massing model (feet; origin = SW building corner; x east, y north, z up). Massing only.
mtllib P2-A-901_RevF_massing.mtl
o exterior_portal_pier_w
v 91.000 0.000 36.000
v 91.000 50.000 36.000
v 91.000 0.000 30.000
v 91.000 50.000 30.000
v 99.000 0.000 36.000
v 99.000 50.000 36.000
v 99.000 0.000 30.000
v 99.000 50.000 30.000
usemtl m_D8CCB0
f 2 6 8 4
usemtl m_D8CCB0
f 1 3 7 5
usemtl m_D8CCB0
f 1 5 6 2
usemtl m_D8CCB0
f 7 3 4 8
usemtl m_D8CCB0
f 3 1 2 4
usemtl m_D8CCB0
f 5 7 8 6
o exterior_portal_pier_e
v 127.000 0.000 36.000
v 127.000 50.000 36.000
v 127.000 0.000 30.000
v 127.000 50.000 30.000
v 135.000 0.000 36.000
v 135.000 50.000 36.000
v 135.000 0.000 30.000
v 135.000 50.000 30.000
usemtl m_D8CCB0
f 10 14 16 12
usemtl m_D8CCB0
f 9 11 15 13
usemtl m_D8CCB0
f 9 13 14 10
usemtl m_D8CCB0
f 15 11 12 16
usemtl m_D8CCB0
f 11 9 10 12
usemtl m_D8CCB0
f 13 15 16 14
o exterior_portal_spandrel
v 99.000 22.100 36.000
v 99.000 50.000 36.000
v 99.000 22.100 30.000
v 99.000 50.000 30.000
v 127.000 22.100 36.000
v 127.000 50.000 36.000
v 127.000 22.100 30.000
v 127.000 50.000 30.000
usemtl m_D8CCB0
f 18 22 24 20
v 99.000 22.100 36.000
v 99.500 25.252 36.000
v 100.000 26.517 36.000
v 100.500 27.459 36.000
v 101.000 28.229 36.000
v 101.500 28.887 36.000
v 102.000 29.461 36.000
v 102.500 29.971 36.000
v 103.000 30.428 36.000
v 103.500 30.841 36.000
v 104.000 31.215 36.000
v 104.500 31.556 36.000
v 105.000 31.866 36.000
v 105.500 32.148 36.000
v 106.000 32.406 36.000
v 106.500 32.640 36.000
v 107.000 32.852 36.000
v 107.500 33.043 36.000
v 108.000 33.215 36.000
v 108.500 33.369 36.000
v 109.000 33.504 36.000
v 109.500 33.622 36.000
v 110.000 33.724 36.000
v 110.500 33.809 36.000
v 111.000 33.878 36.000
v 111.500 33.931 36.000
v 112.000 33.970 36.000
v 112.500 33.992 36.000
v 113.000 34.000 36.000
v 113.500 33.992 36.000
v 114.000 33.970 36.000
v 114.500 33.931 36.000
v 115.000 33.878 36.000
v 115.500 33.809 36.000
v 116.000 33.724 36.000
v 116.500 33.622 36.000
v 117.000 33.504 36.000
v 117.500 33.369 36.000
v 118.000 33.215 36.000
v 118.500 33.043 36.000
v 119.000 32.852 36.000
v 119.500 32.640 36.000
v 120.000 32.406 36.000
v 120.500 32.148 36.000
v 121.000 31.866 36.000
v 121.500 31.556 36.000
v 122.000 31.215 36.000
v 122.500 30.841 36.000
v 123.000 30.428 36.000
v 123.500 29.971 36.000
v 124.000 29.461 36.000
v 124.500 28.887 36.000
v 125.000 28.229 36.000
v 125.500 27.459 36.000
v 126.000 26.517 36.000
v 126.500 25.252 36.000
v 127.000 22.100 36.000
v 127.000 50.000 36.000
v 99.000 50.000 36.000
usemtl m_D8CCB0
f 25 26 27 28 29 30 31 32 33 34 35 36 37 38 39 40 41 42 43 44 45 46 47 48 49 50 51 52 53 54 55 56 57 58 59 60 61 62 63 64 65 66 67 68 69 70 71 72 73 74 75 76 77 78 79 80 81 82 83
v 127.000 22.100 30.000
v 126.500 25.252 30.000
v 126.000 26.517 30.000
v 125.500 27.459 30.000
v 125.000 28.229 30.000
v 124.500 28.887 30.000
v 124.000 29.461 30.000
v 123.500 29.971 30.000
v 123.000 30.428 30.000
v 122.500 30.841 30.000
v 122.000 31.215 30.000
v 121.500 31.556 30.000
v 121.000 31.866 30.000
v 120.500 32.148 30.000
v 120.000 32.406 30.000
v 119.500 32.640 30.000
v 119.000 32.852 30.000
v 118.500 33.043 30.000
v 118.000 33.215 30.000
v 117.500 33.369 30.000
v 117.000 33.504 30.000
v 116.500 33.622 30.000
v 116.000 33.724 30.000
v 115.500 33.809 30.000
v 115.000 33.878 30.000
v 114.500 33.931 30.000
v 114.000 33.970 30.000
v 113.500 33.992 30.000
v 113.000 34.000 30.000
v 112.500 33.992 30.000
v 112.000 33.970 30.000
v 111.500 33.931 30.000
v 111.000 33.878 30.000
v 110.500 33.809 30.000
v 110.000 33.724 30.000
v 109.500 33.622 30.000
v 109.000 33.504 30.000
v 108.500 33.369 30.000
v 108.000 33.215 30.000
v 107.500 33.043 30.000
v 107.000 32.852 30.000
v 106.500 32.640 30.000
v 106.000 32.406 30.000
v 105.500 32.148 30.000
v 105.000 31.866 30.000
v 104.500 31.556 30.000
v 104.000 31.215 30.000
v 103.500 30.841 30.000
v 103.000 30.428 30.000
v 102.500 29.971 30.000
v 102.000 29.461 30.000
v 101.500 28.887 30.000
v 101.000 28.229 30.000
v 100.500 27.459 30.000
v 100.000 26.517 30.000
v 99.500 25.252 30.000
v 99.000 22.100 30.000
v 99.000 50.000 30.000
v 127.000 50.000 30.000
usemtl m_D8CCB0
f 84 85 86 87 88 89 90 91 92 93 94 95 96 97 98 99 100 101 102 103 104 105 106 107 108 109 110 111 112 113 114 115 116 117 118 119 120 121 122 123 124 125 126 127 128 129 130 131 132 133 134 135 136 137 138 139 140 141 142
o exterior_storage_annex
v 52.000 0.000 -252.000
v 52.000 16.000 -252.000
v 52.000 0.000 -282.000
v 52.000 16.000 -282.000
v 122.000 0.000 -252.000
v 122.000 16.000 -252.000
v 122.000 0.000 -282.000
v 122.000 16.000 -282.000
usemtl m_E4E4E4
f 144 148 150 146
usemtl m_E4E4E4
f 143 145 149 147
usemtl m_E4E4E4
f 143 147 148 144
usemtl m_E4E4E4
f 149 145 146 150
usemtl m_E4E4E4
f 145 143 144 146
usemtl m_E4E4E4
f 147 149 150 148
o exterior_restroom_bumpout
v 210.000 0.000 -119.090
v 210.000 16.000 -119.090
v 210.000 0.000 -175.090
v 210.000 16.000 -175.090
v 240.000 0.000 -119.090
v 240.000 16.000 -119.090
v 240.000 0.000 -175.090
v 240.000 16.000 -175.090
usemtl m_E4E4E4
f 152 156 158 154
usemtl m_E4E4E4
f 151 153 157 155
usemtl m_E4E4E4
f 151 155 156 152
usemtl m_E4E4E4
f 157 153 154 158
usemtl m_E4E4E4
f 153 151 152 154
usemtl m_E4E4E4
f 155 157 158 156
o exterior_building_ring
v 210.000 0.000 -232.000
v 209.957 0.000 -233.308
v 209.957 32.750 -233.308
v 210.000 32.750 -232.000
usemtl m_E4E4E4
f 159 160 161 162
v 209.957 0.000 -233.308
v 209.829 0.000 -234.611
v 209.829 32.750 -234.611
v 209.957 32.750 -233.308
usemtl m_E4E4E4
f 163 164 165 166
v 209.829 0.000 -234.611
v 209.616 0.000 -235.902
v 209.616 32.750 -235.902
v 209.829 32.750 -234.611
usemtl m_E4E4E4
f 167 168 169 170
v 209.616 0.000 -235.902
v 209.319 0.000 -237.176
v 209.319 32.750 -237.176
v 209.616 32.750 -235.902
usemtl m_E4E4E4
f 171 172 173 174
v 209.319 0.000 -237.176
v 208.939 0.000 -238.429
v 208.939 32.750 -238.429
v 209.319 32.750 -237.176
usemtl m_E4E4E4
f 175 176 177 178
v 208.939 0.000 -238.429
v 208.478 0.000 -239.654
v 208.478 32.750 -239.654
v 208.939 32.750 -238.429
usemtl m_E4E4E4
f 179 180 181 182
v 208.478 0.000 -239.654
v 207.937 0.000 -240.846
v 207.937 32.750 -240.846
v 208.478 32.750 -239.654
usemtl m_E4E4E4
f 183 184 185 186
v 207.937 0.000 -240.846
v 207.321 0.000 -242.000
v 207.321 32.750 -242.000
v 207.937 32.750 -240.846
usemtl m_E4E4E4
f 187 188 189 190
v 207.321 0.000 -242.000
v 206.629 0.000 -243.111
v 206.629 32.750 -243.111
v 207.321 32.750 -242.000
usemtl m_E4E4E4
f 191 192 193 194
v 206.629 0.000 -243.111
v 205.867 0.000 -244.175
v 205.867 32.750 -244.175
v 206.629 32.750 -243.111
usemtl m_E4E4E4
f 195 196 197 198
v 205.867 0.000 -244.175
v 205.037 0.000 -245.187
v 205.037 32.750 -245.187
v 205.867 32.750 -244.175
usemtl m_E4E4E4
f 199 200 201 202
v 205.037 0.000 -245.187
v 204.142 0.000 -246.142
v 204.142 32.750 -246.142
v 205.037 32.750 -245.187
usemtl m_E4E4E4
f 203 204 205 206
v 204.142 0.000 -246.142
v 203.187 0.000 -247.037
v 203.187 32.750 -247.037
v 204.142 32.750 -246.142
usemtl m_E4E4E4
f 207 208 209 210
v 203.187 0.000 -247.037
v 202.175 0.000 -247.867
v 202.175 32.750 -247.867
v 203.187 32.750 -247.037
usemtl m_E4E4E4
f 211 212 213 214
v 202.175 0.000 -247.867
v 201.111 0.000 -248.629
v 201.111 32.750 -248.629
v 202.175 32.750 -247.867
usemtl m_E4E4E4
f 215 216 217 218
v 201.111 0.000 -248.629
v 200.000 0.000 -249.321
v 200.000 32.750 -249.321
v 201.111 32.750 -248.629
usemtl m_E4E4E4
f 219 220 221 222
v 200.000 0.000 -249.321
v 198.846 0.000 -249.937
v 198.846 32.750 -249.937
v 200.000 32.750 -249.321
usemtl m_E4E4E4
f 223 224 225 226
v 198.846 0.000 -249.937
v 197.654 0.000 -250.478
v 197.654 32.750 -250.478
v 198.846 32.750 -249.937
usemtl m_E4E4E4
f 227 228 229 230
v 197.654 0.000 -250.478
v 196.429 0.000 -250.939
v 196.429 32.750 -250.939
v 197.654 32.750 -250.478
usemtl m_E4E4E4
f 231 232 233 234
v 196.429 0.000 -250.939
v 195.176 0.000 -251.319
v 195.176 32.750 -251.319
v 196.429 32.750 -250.939
usemtl m_E4E4E4
f 235 236 237 238
v 195.176 0.000 -251.319
v 193.902 0.000 -251.616
v 193.902 32.750 -251.616
v 195.176 32.750 -251.319
usemtl m_E4E4E4
f 239 240 241 242
v 193.902 0.000 -251.616
v 192.611 0.000 -251.829
v 192.611 32.750 -251.829
v 193.902 32.750 -251.616
usemtl m_E4E4E4
f 243 244 245 246
v 192.611 0.000 -251.829
v 191.308 0.000 -251.957
v 191.308 32.750 -251.957
v 192.611 32.750 -251.829
usemtl m_E4E4E4
f 247 248 249 250
v 191.308 0.000 -251.957
v 190.000 0.000 -252.000
v 190.000 32.750 -252.000
v 191.308 32.750 -251.957
usemtl m_E4E4E4
f 251 252 253 254
v 190.000 0.000 -252.000
v 20.000 0.000 -252.000
v 20.000 32.750 -252.000
v 190.000 32.750 -252.000
usemtl m_E4E4E4
f 255 256 257 258
v 20.000 0.000 -252.000
v 18.692 0.000 -251.957
v 18.692 32.750 -251.957
v 20.000 32.750 -252.000
usemtl m_E4E4E4
f 259 260 261 262
v 18.692 0.000 -251.957
v 17.389 0.000 -251.829
v 17.389 32.750 -251.829
v 18.692 32.750 -251.957
usemtl m_E4E4E4
f 263 264 265 266
v 17.389 0.000 -251.829
v 16.098 0.000 -251.616
v 16.098 32.750 -251.616
v 17.389 32.750 -251.829
usemtl m_E4E4E4
f 267 268 269 270
v 16.098 0.000 -251.616
v 14.824 0.000 -251.319
v 14.824 32.750 -251.319
v 16.098 32.750 -251.616
usemtl m_E4E4E4
f 271 272 273 274
v 14.824 0.000 -251.319
v 13.571 0.000 -250.939
v 13.571 32.750 -250.939
v 14.824 32.750 -251.319
usemtl m_E4E4E4
f 275 276 277 278
v 13.571 0.000 -250.939
v 12.346 0.000 -250.478
v 12.346 32.750 -250.478
v 13.571 32.750 -250.939
usemtl m_E4E4E4
f 279 280 281 282
v 12.346 0.000 -250.478
v 11.154 0.000 -249.937
v 11.154 32.750 -249.937
v 12.346 32.750 -250.478
usemtl m_E4E4E4
f 283 284 285 286
v 11.154 0.000 -249.937
v 10.000 0.000 -249.321
v 10.000 32.750 -249.321
v 11.154 32.750 -249.937
usemtl m_E4E4E4
f 287 288 289 290
v 10.000 0.000 -249.321
v 8.889 0.000 -248.629
v 8.889 32.750 -248.629
v 10.000 32.750 -249.321
usemtl m_E4E4E4
f 291 292 293 294
v 8.889 0.000 -248.629
v 7.825 0.000 -247.867
v 7.825 32.750 -247.867
v 8.889 32.750 -248.629
usemtl m_E4E4E4
f 295 296 297 298
v 7.825 0.000 -247.867
v 6.813 0.000 -247.037
v 6.813 32.750 -247.037
v 7.825 32.750 -247.867
usemtl m_E4E4E4
f 299 300 301 302
v 6.813 0.000 -247.037
v 5.858 0.000 -246.142
v 5.858 32.750 -246.142
v 6.813 32.750 -247.037
usemtl m_E4E4E4
f 303 304 305 306
v 5.858 0.000 -246.142
v 4.963 0.000 -245.187
v 4.963 32.750 -245.187
v 5.858 32.750 -246.142
usemtl m_E4E4E4
f 307 308 309 310
v 4.963 0.000 -245.187
v 4.133 0.000 -244.175
v 4.133 32.750 -244.175
v 4.963 32.750 -245.187
usemtl m_E4E4E4
f 311 312 313 314
v 4.133 0.000 -244.175
v 3.371 0.000 -243.111
v 3.371 32.750 -243.111
v 4.133 32.750 -244.175
usemtl m_E4E4E4
f 315 316 317 318
v 3.371 0.000 -243.111
v 2.679 0.000 -242.000
v 2.679 32.750 -242.000
v 3.371 32.750 -243.111
usemtl m_E4E4E4
f 319 320 321 322
v 2.679 0.000 -242.000
v 2.063 0.000 -240.846
v 2.063 32.750 -240.846
v 2.679 32.750 -242.000
usemtl m_E4E4E4
f 323 324 325 326
v 2.063 0.000 -240.846
v 1.522 0.000 -239.654
v 1.522 32.750 -239.654
v 2.063 32.750 -240.846
usemtl m_E4E4E4
f 327 328 329 330
v 1.522 0.000 -239.654
v 1.061 0.000 -238.429
v 1.061 32.750 -238.429
v 1.522 32.750 -239.654
usemtl m_E4E4E4
f 331 332 333 334
v 1.061 0.000 -238.429
v 0.681 0.000 -237.176
v 0.681 32.750 -237.176
v 1.061 32.750 -238.429
usemtl m_E4E4E4
f 335 336 337 338
v 0.681 0.000 -237.176
v 0.384 0.000 -235.902
v 0.384 32.750 -235.902
v 0.681 32.750 -237.176
usemtl m_E4E4E4
f 339 340 341 342
v 0.384 0.000 -235.902
v 0.171 0.000 -234.611
v 0.171 32.750 -234.611
v 0.384 32.750 -235.902
usemtl m_E4E4E4
f 343 344 345 346
v 0.171 0.000 -234.611
v 0.043 0.000 -233.308
v 0.043 32.750 -233.308
v 0.171 32.750 -234.611
usemtl m_E4E4E4
f 347 348 349 350
v 0.043 0.000 -233.308
v 0.000 0.000 -232.000
v 0.000 32.750 -232.000
v 0.043 32.750 -233.308
usemtl m_E4E4E4
f 351 352 353 354
v 0.000 0.000 -232.000
v 0.000 0.000 -20.000
v 0.000 32.750 -20.000
v 0.000 32.750 -232.000
usemtl m_E4E4E4
f 355 356 357 358
v 0.000 0.000 -20.000
v 0.043 0.000 -18.692
v 0.043 32.750 -18.692
v 0.000 32.750 -20.000
usemtl m_E4E4E4
f 359 360 361 362
v 0.043 0.000 -18.692
v 0.171 0.000 -17.389
v 0.171 32.750 -17.389
v 0.043 32.750 -18.692
usemtl m_E4E4E4
f 363 364 365 366
v 0.171 0.000 -17.389
v 0.384 0.000 -16.098
v 0.384 32.750 -16.098
v 0.171 32.750 -17.389
usemtl m_E4E4E4
f 367 368 369 370
v 0.384 0.000 -16.098
v 0.681 0.000 -14.824
v 0.681 32.750 -14.824
v 0.384 32.750 -16.098
usemtl m_E4E4E4
f 371 372 373 374
v 0.681 0.000 -14.824
v 1.061 0.000 -13.571
v 1.061 32.750 -13.571
v 0.681 32.750 -14.824
usemtl m_E4E4E4
f 375 376 377 378
v 1.061 0.000 -13.571
v 1.522 0.000 -12.346
v 1.522 32.750 -12.346
v 1.061 32.750 -13.571
usemtl m_E4E4E4
f 379 380 381 382
v 1.522 0.000 -12.346
v 2.063 0.000 -11.154
v 2.063 32.750 -11.154
v 1.522 32.750 -12.346
usemtl m_E4E4E4
f 383 384 385 386
v 2.063 0.000 -11.154
v 2.679 0.000 -10.000
v 2.679 32.750 -10.000
v 2.063 32.750 -11.154
usemtl m_E4E4E4
f 387 388 389 390
v 2.679 0.000 -10.000
v 3.371 0.000 -8.889
v 3.371 32.750 -8.889
v 2.679 32.750 -10.000
usemtl m_E4E4E4
f 391 392 393 394
v 3.371 0.000 -8.889
v 4.133 0.000 -7.825
v 4.133 32.750 -7.825
v 3.371 32.750 -8.889
usemtl m_E4E4E4
f 395 396 397 398
v 4.133 0.000 -7.825
v 4.963 0.000 -6.813
v 4.963 32.750 -6.813
v 4.133 32.750 -7.825
usemtl m_E4E4E4
f 399 400 401 402
v 4.963 0.000 -6.813
v 5.858 0.000 -5.858
v 5.858 32.750 -5.858
v 4.963 32.750 -6.813
usemtl m_E4E4E4
f 403 404 405 406
v 5.858 0.000 -5.858
v 6.813 0.000 -4.963
v 6.813 32.750 -4.963
v 5.858 32.750 -5.858
usemtl m_E4E4E4
f 407 408 409 410
v 6.813 0.000 -4.963
v 7.825 0.000 -4.133
v 7.825 32.750 -4.133
v 6.813 32.750 -4.963
usemtl m_E4E4E4
f 411 412 413 414
v 7.825 0.000 -4.133
v 8.889 0.000 -3.371
v 8.889 32.750 -3.371
v 7.825 32.750 -4.133
usemtl m_E4E4E4
f 415 416 417 418
v 8.889 0.000 -3.371
v 10.000 0.000 -2.679
v 10.000 32.750 -2.679
v 8.889 32.750 -3.371
usemtl m_E4E4E4
f 419 420 421 422
v 10.000 0.000 -2.679
v 11.154 0.000 -2.063
v 11.154 32.750 -2.063
v 10.000 32.750 -2.679
usemtl m_E4E4E4
f 423 424 425 426
v 11.154 0.000 -2.063
v 12.346 0.000 -1.522
v 12.346 32.750 -1.522
v 11.154 32.750 -2.063
usemtl m_E4E4E4
f 427 428 429 430
v 12.346 0.000 -1.522
v 13.571 0.000 -1.061
v 13.571 32.750 -1.061
v 12.346 32.750 -1.522
usemtl m_E4E4E4
f 431 432 433 434
v 13.571 0.000 -1.061
v 14.824 0.000 -0.681
v 14.824 32.750 -0.681
v 13.571 32.750 -1.061
usemtl m_E4E4E4
f 435 436 437 438
v 14.824 0.000 -0.681
v 16.098 0.000 -0.384
v 16.098 32.750 -0.384
v 14.824 32.750 -0.681
usemtl m_E4E4E4
f 439 440 441 442
v 16.098 0.000 -0.384
v 17.389 0.000 -0.171
v 17.389 32.750 -0.171
v 16.098 32.750 -0.384
usemtl m_E4E4E4
f 443 444 445 446
v 17.389 0.000 -0.171
v 18.692 0.000 -0.043
v 18.692 32.750 -0.043
v 17.389 32.750 -0.171
usemtl m_E4E4E4
f 447 448 449 450
v 18.692 0.000 -0.043
v 20.000 0.000 -0.000
v 20.000 32.750 -0.000
v 18.692 32.750 -0.043
usemtl m_E4E4E4
f 451 452 453 454
v 20.000 0.000 -0.000
v 190.000 0.000 -0.000
v 190.000 32.750 -0.000
v 20.000 32.750 -0.000
usemtl m_E4E4E4
f 455 456 457 458
v 190.000 0.000 -0.000
v 191.308 0.000 -0.043
v 191.308 32.750 -0.043
v 190.000 32.750 -0.000
usemtl m_E4E4E4
f 459 460 461 462
v 191.308 0.000 -0.043
v 192.611 0.000 -0.171
v 192.611 32.750 -0.171
v 191.308 32.750 -0.043
usemtl m_E4E4E4
f 463 464 465 466
v 192.611 0.000 -0.171
v 193.902 0.000 -0.384
v 193.902 32.750 -0.384
v 192.611 32.750 -0.171
usemtl m_E4E4E4
f 467 468 469 470
v 193.902 0.000 -0.384
v 195.176 0.000 -0.681
v 195.176 32.750 -0.681
v 193.902 32.750 -0.384
usemtl m_E4E4E4
f 471 472 473 474
v 195.176 0.000 -0.681
v 196.429 0.000 -1.061
v 196.429 32.750 -1.061
v 195.176 32.750 -0.681
usemtl m_E4E4E4
f 475 476 477 478
v 196.429 0.000 -1.061
v 197.654 0.000 -1.522
v 197.654 32.750 -1.522
v 196.429 32.750 -1.061
usemtl m_E4E4E4
f 479 480 481 482
v 197.654 0.000 -1.522
v 198.846 0.000 -2.063
v 198.846 32.750 -2.063
v 197.654 32.750 -1.522
usemtl m_E4E4E4
f 483 484 485 486
v 198.846 0.000 -2.063
v 200.000 0.000 -2.679
v 200.000 32.750 -2.679
v 198.846 32.750 -2.063
usemtl m_E4E4E4
f 487 488 489 490
v 200.000 0.000 -2.679
v 201.111 0.000 -3.371
v 201.111 32.750 -3.371
v 200.000 32.750 -2.679
usemtl m_E4E4E4
f 491 492 493 494
v 201.111 0.000 -3.371
v 202.175 0.000 -4.133
v 202.175 32.750 -4.133
v 201.111 32.750 -3.371
usemtl m_E4E4E4
f 495 496 497 498
v 202.175 0.000 -4.133
v 203.187 0.000 -4.963
v 203.187 32.750 -4.963
v 202.175 32.750 -4.133
usemtl m_E4E4E4
f 499 500 501 502
v 203.187 0.000 -4.963
v 204.142 0.000 -5.858
v 204.142 32.750 -5.858
v 203.187 32.750 -4.963
usemtl m_E4E4E4
f 503 504 505 506
v 204.142 0.000 -5.858
v 205.037 0.000 -6.813
v 205.037 32.750 -6.813
v 204.142 32.750 -5.858
usemtl m_E4E4E4
f 507 508 509 510
v 205.037 0.000 -6.813
v 205.867 0.000 -7.825
v 205.867 32.750 -7.825
v 205.037 32.750 -6.813
usemtl m_E4E4E4
f 511 512 513 514
v 205.867 0.000 -7.825
v 206.629 0.000 -8.889
v 206.629 32.750 -8.889
v 205.867 32.750 -7.825
usemtl m_E4E4E4
f 515 516 517 518
v 206.629 0.000 -8.889
v 207.321 0.000 -10.000
v 207.321 32.750 -10.000
v 206.629 32.750 -8.889
usemtl m_E4E4E4
f 519 520 521 522
v 207.321 0.000 -10.000
v 207.937 0.000 -11.154
v 207.937 32.750 -11.154
v 207.321 32.750 -10.000
usemtl m_E4E4E4
f 523 524 525 526
v 207.937 0.000 -11.154
v 208.478 0.000 -12.346
v 208.478 32.750 -12.346
v 207.937 32.750 -11.154
usemtl m_E4E4E4
f 527 528 529 530
v 208.478 0.000 -12.346
v 208.939 0.000 -13.571
v 208.939 32.750 -13.571
v 208.478 32.750 -12.346
usemtl m_E4E4E4
f 531 532 533 534
v 208.939 0.000 -13.571
v 209.319 0.000 -14.824
v 209.319 32.750 -14.824
v 208.939 32.750 -13.571
usemtl m_E4E4E4
f 535 536 537 538
v 209.319 0.000 -14.824
v 209.616 0.000 -16.098
v 209.616 32.750 -16.098
v 209.319 32.750 -14.824
usemtl m_E4E4E4
f 539 540 541 542
v 209.616 0.000 -16.098
v 209.829 0.000 -17.389
v 209.829 32.750 -17.389
v 209.616 32.750 -16.098
usemtl m_E4E4E4
f 543 544 545 546
v 209.829 0.000 -17.389
v 209.957 0.000 -18.692
v 209.957 32.750 -18.692
v 209.829 32.750 -17.389
usemtl m_E4E4E4
f 547 548 549 550
v 209.957 0.000 -18.692
v 210.000 0.000 -20.000
v 210.000 32.750 -20.000
v 209.957 32.750 -18.692
usemtl m_E4E4E4
f 551 552 553 554
v 210.000 0.000 -20.000
v 210.000 0.000 -232.000
v 210.000 32.750 -232.000
v 210.000 32.750 -20.000
usemtl m_E4E4E4
f 555 556 557 558
v 210.000 32.750 -232.000
v 209.957 32.750 -233.308
v 209.829 32.750 -234.611
v 209.616 32.750 -235.902
v 209.319 32.750 -237.176
v 208.939 32.750 -238.429
v 208.478 32.750 -239.654
v 207.937 32.750 -240.846
v 207.321 32.750 -242.000
v 206.629 32.750 -243.111
v 205.867 32.750 -244.175
v 205.037 32.750 -245.187
v 204.142 32.750 -246.142
v 203.187 32.750 -247.037
v 202.175 32.750 -247.867
v 201.111 32.750 -248.629
v 200.000 32.750 -249.321
v 198.846 32.750 -249.937
v 197.654 32.750 -250.478
v 196.429 32.750 -250.939
v 195.176 32.750 -251.319
v 193.902 32.750 -251.616
v 192.611 32.750 -251.829
v 191.308 32.750 -251.957
v 190.000 32.750 -252.000
v 20.000 32.750 -252.000
v 18.692 32.750 -251.957
v 17.389 32.750 -251.829
v 16.098 32.750 -251.616
v 14.824 32.750 -251.319
v 13.571 32.750 -250.939
v 12.346 32.750 -250.478
v 11.154 32.750 -249.937
v 10.000 32.750 -249.321
v 8.889 32.750 -248.629
v 7.825 32.750 -247.867
v 6.813 32.750 -247.037
v 5.858 32.750 -246.142
v 4.963 32.750 -245.187
v 4.133 32.750 -244.175
v 3.371 32.750 -243.111
v 2.679 32.750 -242.000
v 2.063 32.750 -240.846
v 1.522 32.750 -239.654
v 1.061 32.750 -238.429
v 0.681 32.750 -237.176
v 0.384 32.750 -235.902
v 0.171 32.750 -234.611
v 0.043 32.750 -233.308
v 0.000 32.750 -232.000
v 0.000 32.750 -20.000
v 0.043 32.750 -18.692
v 0.171 32.750 -17.389
v 0.384 32.750 -16.098
v 0.681 32.750 -14.824
v 1.061 32.750 -13.571
v 1.522 32.750 -12.346
v 2.063 32.750 -11.154
v 2.679 32.750 -10.000
v 3.371 32.750 -8.889
v 4.133 32.750 -7.825
v 4.963 32.750 -6.813
v 5.858 32.750 -5.858
v 6.813 32.750 -4.963
v 7.825 32.750 -4.133
v 8.889 32.750 -3.371
v 10.000 32.750 -2.679
v 11.154 32.750 -2.063
v 12.346 32.750 -1.522
v 13.571 32.750 -1.061
v 14.824 32.750 -0.681
v 16.098 32.750 -0.384
v 17.389 32.750 -0.171
v 18.692 32.750 -0.043
v 20.000 32.750 -0.000
v 190.000 32.750 -0.000
v 191.308 32.750 -0.043
v 192.611 32.750 -0.171
v 193.902 32.750 -0.384
v 195.176 32.750 -0.681
v 196.429 32.750 -1.061
v 197.654 32.750 -1.522
v 198.846 32.750 -2.063
v 200.000 32.750 -2.679
v 201.111 32.750 -3.371
v 202.175 32.750 -4.133
v 203.187 32.750 -4.963
v 204.142 32.750 -5.858
v 205.037 32.750 -6.813
v 205.867 32.750 -7.825
v 206.629 32.750 -8.889
v 207.321 32.750 -10.000
v 207.937 32.750 -11.154
v 208.478 32.750 -12.346
v 208.939 32.750 -13.571
v 209.319 32.750 -14.824
v 209.616 32.750 -16.098
v 209.829 32.750 -17.389
v 209.957 32.750 -18.692
v 210.000 32.750 -20.000
usemtl m_E4E4E4
f 559 560 561 562 563 564 565 566 567 568 569 570 571 572 573 574 575 576 577 578 579 580 581 582 583 584 585 586 587 588 589 590 591 592 593 594 595 596 597 598 599 600 601 602 603 604 605 606 607 608 609 610 611 612 613 614 615 616 617 618 619 620 621 622 623 624 625 626 627 628 629 630 631 632 633 634 635 636 637 638 639 640 641 642 643 644 645 646 647 648 649 650 651 652 653 654 655 656 657 658
v 210.000 0.000 -20.000
v 209.957 0.000 -18.692
v 209.829 0.000 -17.389
v 209.616 0.000 -16.098
v 209.319 0.000 -14.824
v 208.939 0.000 -13.571
v 208.478 0.000 -12.346
v 207.937 0.000 -11.154
v 207.321 0.000 -10.000
v 206.629 0.000 -8.889
v 205.867 0.000 -7.825
v 205.037 0.000 -6.813
v 204.142 0.000 -5.858
v 203.187 0.000 -4.963
v 202.175 0.000 -4.133
v 201.111 0.000 -3.371
v 200.000 0.000 -2.679
v 198.846 0.000 -2.063
v 197.654 0.000 -1.522
v 196.429 0.000 -1.061
v 195.176 0.000 -0.681
v 193.902 0.000 -0.384
v 192.611 0.000 -0.171
v 191.308 0.000 -0.043
v 190.000 0.000 -0.000
v 20.000 0.000 -0.000
v 18.692 0.000 -0.043
v 17.389 0.000 -0.171
v 16.098 0.000 -0.384
v 14.824 0.000 -0.681
v 13.571 0.000 -1.061
v 12.346 0.000 -1.522
v 11.154 0.000 -2.063
v 10.000 0.000 -2.679
v 8.889 0.000 -3.371
v 7.825 0.000 -4.133
v 6.813 0.000 -4.963
v 5.858 0.000 -5.858
v 4.963 0.000 -6.813
v 4.133 0.000 -7.825
v 3.371 0.000 -8.889
v 2.679 0.000 -10.000
v 2.063 0.000 -11.154
v 1.522 0.000 -12.346
v 1.061 0.000 -13.571
v 0.681 0.000 -14.824
v 0.384 0.000 -16.098
v 0.171 0.000 -17.389
v 0.043 0.000 -18.692
v 0.000 0.000 -20.000
v 0.000 0.000 -232.000
v 0.043 0.000 -233.308
v 0.171 0.000 -234.611
v 0.384 0.000 -235.902
v 0.681 0.000 -237.176
v 1.061 0.000 -238.429
v 1.522 0.000 -239.654
v 2.063 0.000 -240.846
v 2.679 0.000 -242.000
v 3.371 0.000 -243.111
v 4.133 0.000 -244.175
v 4.963 0.000 -245.187
v 5.858 0.000 -246.142
v 6.813 0.000 -247.037
v 7.825 0.000 -247.867
v 8.889 0.000 -248.629
v 10.000 0.000 -249.321
v 11.154 0.000 -249.937
v 12.346 0.000 -250.478
v 13.571 0.000 -250.939
v 14.824 0.000 -251.319
v 16.098 0.000 -251.616
v 17.389 0.000 -251.829
v 18.692 0.000 -251.957
v 20.000 0.000 -252.000
v 190.000 0.000 -252.000
v 191.308 0.000 -251.957
v 192.611 0.000 -251.829
v 193.902 0.000 -251.616
v 195.176 0.000 -251.319
v 196.429 0.000 -250.939
v 197.654 0.000 -250.478
v 198.846 0.000 -249.937
v 200.000 0.000 -249.321
v 201.111 0.000 -248.629
v 202.175 0.000 -247.867
v 203.187 0.000 -247.037
v 204.142 0.000 -246.142
v 205.037 0.000 -245.187
v 205.867 0.000 -244.175
v 206.629 0.000 -243.111
v 207.321 0.000 -242.000
v 207.937 0.000 -240.846
v 208.478 0.000 -239.654
v 208.939 0.000 -238.429
v 209.319 0.000 -237.176
v 209.616 0.000 -235.902
v 209.829 0.000 -234.611
v 209.957 0.000 -233.308
v 210.000 0.000 -232.000
usemtl m_E4E4E4
f 659 660 661 662 663 664 665 666 667 668 669 670 671 672 673 674 675 676 677 678 679 680 681 682 683 684 685 686 687 688 689 690 691 692 693 694 695 696 697 698 699 700 701 702 703 704 705 706 707 708 709 710 711 712 713 714 715 716 717 718 719 720 721 722 723 724 725 726 727 728 729 730 731 732 733 734 735 736 737 738 739 740 741 742 743 744 745 746 747 748 749 750 751 752 753 754 755 756 757 758
o exterior_st2_drum
v 196.995 0.000 -262.132
v 197.000 0.000 -262.500
v 197.000 32.750 -262.500
v 196.995 32.750 -262.132
usemtl m_E4E4E4
f 759 760 761 762
v 197.000 0.000 -262.500
v 196.995 0.000 -262.868
v 196.995 32.750 -262.868
v 197.000 32.750 -262.500
usemtl m_E4E4E4
f 763 764 765 766
v 196.995 0.000 -262.868
v 196.982 0.000 -263.236
v 196.982 32.750 -263.236
v 196.995 32.750 -262.868
usemtl m_E4E4E4
f 767 768 769 770
v 196.982 0.000 -263.236
v 196.959 0.000 -263.603
v 196.959 32.750 -263.603
v 196.982 32.750 -263.236
usemtl m_E4E4E4
f 771 772 773 774
v 196.959 0.000 -263.603
v 196.928 0.000 -263.970
v 196.928 32.750 -263.970
v 196.959 32.750 -263.603
usemtl m_E4E4E4
f 775 776 777 778
v 196.928 0.000 -263.970
v 196.887 0.000 -264.336
v 196.887 32.750 -264.336
v 196.928 32.750 -263.970
usemtl m_E4E4E4
f 779 780 781 782
v 196.887 0.000 -264.336
v 196.838 0.000 -264.701
v 196.838 32.750 -264.701
v 196.887 32.750 -264.336
usemtl m_E4E4E4
f 783 784 785 786
v 196.838 0.000 -264.701
v 196.779 0.000 -265.064
v 196.779 32.750 -265.064
v 196.838 32.750 -264.701
usemtl m_E4E4E4
f 787 788 789 790
v 196.779 0.000 -265.064
v 196.712 0.000 -265.426
v 196.712 32.750 -265.426
v 196.779 32.750 -265.064
usemtl m_E4E4E4
f 791 792 793 794
v 196.712 0.000 -265.426
v 196.636 0.000 -265.787
v 196.636 32.750 -265.787
v 196.712 32.750 -265.426
usemtl m_E4E4E4
f 795 796 797 798
v 196.636 0.000 -265.787
v 196.550 0.000 -266.145
v 196.550 32.750 -266.145
v 196.636 32.750 -265.787
usemtl m_E4E4E4
f 799 800 801 802
v 196.550 0.000 -266.145
v 196.457 0.000 -266.501
v 196.457 32.750 -266.501
v 196.550 32.750 -266.145
usemtl m_E4E4E4
f 803 804 805 806
v 196.457 0.000 -266.501
v 196.354 0.000 -266.854
v 196.354 32.750 -266.854
v 196.457 32.750 -266.501
usemtl m_E4E4E4
f 807 808 809 810
v 196.354 0.000 -266.854
v 196.243 0.000 -267.205
v 196.243 32.750 -267.205
v 196.354 32.750 -266.854
usemtl m_E4E4E4
f 811 812 813 814
v 196.243 0.000 -267.205
v 196.123 0.000 -267.553
v 196.123 32.750 -267.553
v 196.243 32.750 -267.205
usemtl m_E4E4E4
f 815 816 817 818
v 196.123 0.000 -267.553
v 195.995 0.000 -267.898
v 195.995 32.750 -267.898
v 196.123 32.750 -267.553
usemtl m_E4E4E4
f 819 820 821 822
v 195.995 0.000 -267.898
v 195.858 0.000 -268.240
v 195.858 32.750 -268.240
v 195.995 32.750 -267.898
usemtl m_E4E4E4
f 823 824 825 826
v 195.858 0.000 -268.240
v 195.713 0.000 -268.579
v 195.713 32.750 -268.579
v 195.858 32.750 -268.240
usemtl m_E4E4E4
f 827 828 829 830
v 195.713 0.000 -268.579
v 195.560 0.000 -268.913
v 195.560 32.750 -268.913
v 195.713 32.750 -268.579
usemtl m_E4E4E4
f 831 832 833 834
v 195.560 0.000 -268.913
v 195.398 0.000 -269.244
v 195.398 32.750 -269.244
v 195.560 32.750 -268.913
usemtl m_E4E4E4
f 835 836 837 838
v 195.398 0.000 -269.244
v 195.229 0.000 -269.571
v 195.229 32.750 -269.571
v 195.398 32.750 -269.244
usemtl m_E4E4E4
f 839 840 841 842
v 195.229 0.000 -269.571
v 195.051 0.000 -269.893
v 195.051 32.750 -269.893
v 195.229 32.750 -269.571
usemtl m_E4E4E4
f 843 844 845 846
v 195.051 0.000 -269.893
v 194.866 0.000 -270.212
v 194.866 32.750 -270.212
v 195.051 32.750 -269.893
usemtl m_E4E4E4
f 847 848 849 850
v 194.866 0.000 -270.212
v 194.673 0.000 -270.525
v 194.673 32.750 -270.525
v 194.866 32.750 -270.212
usemtl m_E4E4E4
f 851 852 853 854
v 194.673 0.000 -270.525
v 194.472 0.000 -270.834
v 194.472 32.750 -270.834
v 194.673 32.750 -270.525
usemtl m_E4E4E4
f 855 856 857 858
v 194.472 0.000 -270.834
v 194.264 0.000 -271.137
v 194.264 32.750 -271.137
v 194.472 32.750 -270.834
usemtl m_E4E4E4
f 859 860 861 862
v 194.264 0.000 -271.137
v 194.048 0.000 -271.435
v 194.048 32.750 -271.435
v 194.264 32.750 -271.137
usemtl m_E4E4E4
f 863 864 865 866
v 194.048 0.000 -271.435
v 193.825 0.000 -271.728
v 193.825 32.750 -271.728
v 194.048 32.750 -271.435
usemtl m_E4E4E4
f 867 868 869 870
v 193.825 0.000 -271.728
v 193.595 0.000 -272.016
v 193.595 32.750 -272.016
v 193.825 32.750 -271.728
usemtl m_E4E4E4
f 871 872 873 874
v 193.595 0.000 -272.016
v 193.358 0.000 -272.298
v 193.358 32.750 -272.298
v 193.595 32.750 -272.016
usemtl m_E4E4E4
f 875 876 877 878
v 193.358 0.000 -272.298
v 193.114 0.000 -272.573
v 193.114 32.750 -272.573
v 193.358 32.750 -272.298
usemtl m_E4E4E4
f 879 880 881 882
v 193.114 0.000 -272.573
v 192.864 0.000 -272.843
v 192.864 32.750 -272.843
v 193.114 32.750 -272.573
usemtl m_E4E4E4
f 883 884 885 886
v 192.864 0.000 -272.843
v 192.607 0.000 -273.107
v 192.607 32.750 -273.107
v 192.864 32.750 -272.843
usemtl m_E4E4E4
f 887 888 889 890
v 192.607 0.000 -273.107
v 192.343 0.000 -273.364
v 192.343 32.750 -273.364
v 192.607 32.750 -273.107
usemtl m_E4E4E4
f 891 892 893 894
v 192.343 0.000 -273.364
v 192.073 0.000 -273.614
v 192.073 32.750 -273.614
v 192.343 32.750 -273.364
usemtl m_E4E4E4
f 895 896 897 898
v 192.073 0.000 -273.614
v 191.798 0.000 -273.858
v 191.798 32.750 -273.858
v 192.073 32.750 -273.614
usemtl m_E4E4E4
f 899 900 901 902
v 191.798 0.000 -273.858
v 191.516 0.000 -274.095
v 191.516 32.750 -274.095
v 191.798 32.750 -273.858
usemtl m_E4E4E4
f 903 904 905 906
v 191.516 0.000 -274.095
v 191.228 0.000 -274.325
v 191.228 32.750 -274.325
v 191.516 32.750 -274.095
usemtl m_E4E4E4
f 907 908 909 910
v 191.228 0.000 -274.325
v 190.935 0.000 -274.548
v 190.935 32.750 -274.548
v 191.228 32.750 -274.325
usemtl m_E4E4E4
f 911 912 913 914
v 190.935 0.000 -274.548
v 190.637 0.000 -274.764
v 190.637 32.750 -274.764
v 190.935 32.750 -274.548
usemtl m_E4E4E4
f 915 916 917 918
v 190.637 0.000 -274.764
v 190.334 0.000 -274.972
v 190.334 32.750 -274.972
v 190.637 32.750 -274.764
usemtl m_E4E4E4
f 919 920 921 922
v 190.334 0.000 -274.972
v 190.025 0.000 -275.173
v 190.025 32.750 -275.173
v 190.334 32.750 -274.972
usemtl m_E4E4E4
f 923 924 925 926
v 190.025 0.000 -275.173
v 189.712 0.000 -275.366
v 189.712 32.750 -275.366
v 190.025 32.750 -275.173
usemtl m_E4E4E4
f 927 928 929 930
v 189.712 0.000 -275.366
v 189.393 0.000 -275.551
v 189.393 32.750 -275.551
v 189.712 32.750 -275.366
usemtl m_E4E4E4
f 931 932 933 934
v 189.393 0.000 -275.551
v 189.071 0.000 -275.729
v 189.071 32.750 -275.729
v 189.393 32.750 -275.551
usemtl m_E4E4E4
f 935 936 937 938
v 189.071 0.000 -275.729
v 188.744 0.000 -275.898
v 188.744 32.750 -275.898
v 189.071 32.750 -275.729
usemtl m_E4E4E4
f 939 940 941 942
v 188.744 0.000 -275.898
v 188.413 0.000 -276.060
v 188.413 32.750 -276.060
v 188.744 32.750 -275.898
usemtl m_E4E4E4
f 943 944 945 946
v 188.413 0.000 -276.060
v 188.079 0.000 -276.213
v 188.079 32.750 -276.213
v 188.413 32.750 -276.060
usemtl m_E4E4E4
f 947 948 949 950
v 188.079 0.000 -276.213
v 187.740 0.000 -276.358
v 187.740 32.750 -276.358
v 188.079 32.750 -276.213
usemtl m_E4E4E4
f 951 952 953 954
v 187.740 0.000 -276.358
v 187.398 0.000 -276.495
v 187.398 32.750 -276.495
v 187.740 32.750 -276.358
usemtl m_E4E4E4
f 955 956 957 958
v 187.398 0.000 -276.495
v 187.053 0.000 -276.623
v 187.053 32.750 -276.623
v 187.398 32.750 -276.495
usemtl m_E4E4E4
f 959 960 961 962
v 187.053 0.000 -276.623
v 186.705 0.000 -276.743
v 186.705 32.750 -276.743
v 187.053 32.750 -276.623
usemtl m_E4E4E4
f 963 964 965 966
v 186.705 0.000 -276.743
v 186.354 0.000 -276.854
v 186.354 32.750 -276.854
v 186.705 32.750 -276.743
usemtl m_E4E4E4
f 967 968 969 970
v 186.354 0.000 -276.854
v 186.001 0.000 -276.957
v 186.001 32.750 -276.957
v 186.354 32.750 -276.854
usemtl m_E4E4E4
f 971 972 973 974
v 186.001 0.000 -276.957
v 185.645 0.000 -277.050
v 185.645 32.750 -277.050
v 186.001 32.750 -276.957
usemtl m_E4E4E4
f 975 976 977 978
v 185.645 0.000 -277.050
v 185.287 0.000 -277.136
v 185.287 32.750 -277.136
v 185.645 32.750 -277.050
usemtl m_E4E4E4
f 979 980 981 982
v 185.287 0.000 -277.136
v 184.926 0.000 -277.212
v 184.926 32.750 -277.212
v 185.287 32.750 -277.136
usemtl m_E4E4E4
f 983 984 985 986
v 184.926 0.000 -277.212
v 184.564 0.000 -277.279
v 184.564 32.750 -277.279
v 184.926 32.750 -277.212
usemtl m_E4E4E4
f 987 988 989 990
v 184.564 0.000 -277.279
v 184.201 0.000 -277.338
v 184.201 32.750 -277.338
v 184.564 32.750 -277.279
usemtl m_E4E4E4
f 991 992 993 994
v 184.201 0.000 -277.338
v 183.836 0.000 -277.387
v 183.836 32.750 -277.387
v 184.201 32.750 -277.338
usemtl m_E4E4E4
f 995 996 997 998
v 183.836 0.000 -277.387
v 183.470 0.000 -277.428
v 183.470 32.750 -277.428
v 183.836 32.750 -277.387
usemtl m_E4E4E4
f 999 1000 1001 1002
v 183.470 0.000 -277.428
v 183.103 0.000 -277.459
v 183.103 32.750 -277.459
v 183.470 32.750 -277.428
usemtl m_E4E4E4
f 1003 1004 1005 1006
v 183.103 0.000 -277.459
v 182.736 0.000 -277.482
v 182.736 32.750 -277.482
v 183.103 32.750 -277.459
usemtl m_E4E4E4
f 1007 1008 1009 1010
v 182.736 0.000 -277.482
v 182.368 0.000 -277.495
v 182.368 32.750 -277.495
v 182.736 32.750 -277.482
usemtl m_E4E4E4
f 1011 1012 1013 1014
v 182.368 0.000 -277.495
v 182.000 0.000 -277.500
v 182.000 32.750 -277.500
v 182.368 32.750 -277.495
usemtl m_E4E4E4
f 1015 1016 1017 1018
v 182.000 0.000 -277.500
v 181.632 0.000 -277.495
v 181.632 32.750 -277.495
v 182.000 32.750 -277.500
usemtl m_E4E4E4
f 1019 1020 1021 1022
v 181.632 0.000 -277.495
v 181.264 0.000 -277.482
v 181.264 32.750 -277.482
v 181.632 32.750 -277.495
usemtl m_E4E4E4
f 1023 1024 1025 1026
v 181.264 0.000 -277.482
v 180.897 0.000 -277.459
v 180.897 32.750 -277.459
v 181.264 32.750 -277.482
usemtl m_E4E4E4
f 1027 1028 1029 1030
v 180.897 0.000 -277.459
v 180.530 0.000 -277.428
v 180.530 32.750 -277.428
v 180.897 32.750 -277.459
usemtl m_E4E4E4
f 1031 1032 1033 1034
v 180.530 0.000 -277.428
v 180.164 0.000 -277.387
v 180.164 32.750 -277.387
v 180.530 32.750 -277.428
usemtl m_E4E4E4
f 1035 1036 1037 1038
v 180.164 0.000 -277.387
v 179.799 0.000 -277.338
v 179.799 32.750 -277.338
v 180.164 32.750 -277.387
usemtl m_E4E4E4
f 1039 1040 1041 1042
v 179.799 0.000 -277.338
v 179.436 0.000 -277.279
v 179.436 32.750 -277.279
v 179.799 32.750 -277.338
usemtl m_E4E4E4
f 1043 1044 1045 1046
v 179.436 0.000 -277.279
v 179.074 0.000 -277.212
v 179.074 32.750 -277.212
v 179.436 32.750 -277.279
usemtl m_E4E4E4
f 1047 1048 1049 1050
v 179.074 0.000 -277.212
v 178.713 0.000 -277.136
v 178.713 32.750 -277.136
v 179.074 32.750 -277.212
usemtl m_E4E4E4
f 1051 1052 1053 1054
v 178.713 0.000 -277.136
v 178.355 0.000 -277.050
v 178.355 32.750 -277.050
v 178.713 32.750 -277.136
usemtl m_E4E4E4
f 1055 1056 1057 1058
v 178.355 0.000 -277.050
v 177.999 0.000 -276.957
v 177.999 32.750 -276.957
v 178.355 32.750 -277.050
usemtl m_E4E4E4
f 1059 1060 1061 1062
v 177.999 0.000 -276.957
v 177.646 0.000 -276.854
v 177.646 32.750 -276.854
v 177.999 32.750 -276.957
usemtl m_E4E4E4
f 1063 1064 1065 1066
v 177.646 0.000 -276.854
v 177.295 0.000 -276.743
v 177.295 32.750 -276.743
v 177.646 32.750 -276.854
usemtl m_E4E4E4
f 1067 1068 1069 1070
v 177.295 0.000 -276.743
v 176.947 0.000 -276.623
v 176.947 32.750 -276.623
v 177.295 32.750 -276.743
usemtl m_E4E4E4
f 1071 1072 1073 1074
v 176.947 0.000 -276.623
v 176.602 0.000 -276.495
v 176.602 32.750 -276.495
v 176.947 32.750 -276.623
usemtl m_E4E4E4
f 1075 1076 1077 1078
v 176.602 0.000 -276.495
v 176.260 0.000 -276.358
v 176.260 32.750 -276.358
v 176.602 32.750 -276.495
usemtl m_E4E4E4
f 1079 1080 1081 1082
v 176.260 0.000 -276.358
v 175.921 0.000 -276.213
v 175.921 32.750 -276.213
v 176.260 32.750 -276.358
usemtl m_E4E4E4
f 1083 1084 1085 1086
v 175.921 0.000 -276.213
v 175.587 0.000 -276.060
v 175.587 32.750 -276.060
v 175.921 32.750 -276.213
usemtl m_E4E4E4
f 1087 1088 1089 1090
v 175.587 0.000 -276.060
v 175.256 0.000 -275.898
v 175.256 32.750 -275.898
v 175.587 32.750 -276.060
usemtl m_E4E4E4
f 1091 1092 1093 1094
v 175.256 0.000 -275.898
v 174.929 0.000 -275.729
v 174.929 32.750 -275.729
v 175.256 32.750 -275.898
usemtl m_E4E4E4
f 1095 1096 1097 1098
v 174.929 0.000 -275.729
v 174.607 0.000 -275.551
v 174.607 32.750 -275.551
v 174.929 32.750 -275.729
usemtl m_E4E4E4
f 1099 1100 1101 1102
v 174.607 0.000 -275.551
v 174.288 0.000 -275.366
v 174.288 32.750 -275.366
v 174.607 32.750 -275.551
usemtl m_E4E4E4
f 1103 1104 1105 1106
v 174.288 0.000 -275.366
v 173.975 0.000 -275.173
v 173.975 32.750 -275.173
v 174.288 32.750 -275.366
usemtl m_E4E4E4
f 1107 1108 1109 1110
v 173.975 0.000 -275.173
v 173.666 0.000 -274.972
v 173.666 32.750 -274.972
v 173.975 32.750 -275.173
usemtl m_E4E4E4
f 1111 1112 1113 1114
v 173.666 0.000 -274.972
v 173.363 0.000 -274.764
v 173.363 32.750 -274.764
v 173.666 32.750 -274.972
usemtl m_E4E4E4
f 1115 1116 1117 1118
v 173.363 0.000 -274.764
v 173.065 0.000 -274.548
v 173.065 32.750 -274.548
v 173.363 32.750 -274.764
usemtl m_E4E4E4
f 1119 1120 1121 1122
v 173.065 0.000 -274.548
v 172.772 0.000 -274.325
v 172.772 32.750 -274.325
v 173.065 32.750 -274.548
usemtl m_E4E4E4
f 1123 1124 1125 1126
v 172.772 0.000 -274.325
v 172.484 0.000 -274.095
v 172.484 32.750 -274.095
v 172.772 32.750 -274.325
usemtl m_E4E4E4
f 1127 1128 1129 1130
v 172.484 0.000 -274.095
v 172.202 0.000 -273.858
v 172.202 32.750 -273.858
v 172.484 32.750 -274.095
usemtl m_E4E4E4
f 1131 1132 1133 1134
v 172.202 0.000 -273.858
v 171.927 0.000 -273.614
v 171.927 32.750 -273.614
v 172.202 32.750 -273.858
usemtl m_E4E4E4
f 1135 1136 1137 1138
v 171.927 0.000 -273.614
v 171.657 0.000 -273.364
v 171.657 32.750 -273.364
v 171.927 32.750 -273.614
usemtl m_E4E4E4
f 1139 1140 1141 1142
v 171.657 0.000 -273.364
v 171.393 0.000 -273.107
v 171.393 32.750 -273.107
v 171.657 32.750 -273.364
usemtl m_E4E4E4
f 1143 1144 1145 1146
v 171.393 0.000 -273.107
v 171.136 0.000 -272.843
v 171.136 32.750 -272.843
v 171.393 32.750 -273.107
usemtl m_E4E4E4
f 1147 1148 1149 1150
v 171.136 0.000 -272.843
v 170.886 0.000 -272.573
v 170.886 32.750 -272.573
v 171.136 32.750 -272.843
usemtl m_E4E4E4
f 1151 1152 1153 1154
v 170.886 0.000 -272.573
v 170.642 0.000 -272.298
v 170.642 32.750 -272.298
v 170.886 32.750 -272.573
usemtl m_E4E4E4
f 1155 1156 1157 1158
v 170.642 0.000 -272.298
v 170.405 0.000 -272.016
v 170.405 32.750 -272.016
v 170.642 32.750 -272.298
usemtl m_E4E4E4
f 1159 1160 1161 1162
v 170.405 0.000 -272.016
v 170.175 0.000 -271.728
v 170.175 32.750 -271.728
v 170.405 32.750 -272.016
usemtl m_E4E4E4
f 1163 1164 1165 1166
v 170.175 0.000 -271.728
v 169.952 0.000 -271.435
v 169.952 32.750 -271.435
v 170.175 32.750 -271.728
usemtl m_E4E4E4
f 1167 1168 1169 1170
v 169.952 0.000 -271.435
v 169.736 0.000 -271.137
v 169.736 32.750 -271.137
v 169.952 32.750 -271.435
usemtl m_E4E4E4
f 1171 1172 1173 1174
v 169.736 0.000 -271.137
v 169.528 0.000 -270.834
v 169.528 32.750 -270.834
v 169.736 32.750 -271.137
usemtl m_E4E4E4
f 1175 1176 1177 1178
v 169.528 0.000 -270.834
v 169.327 0.000 -270.525
v 169.327 32.750 -270.525
v 169.528 32.750 -270.834
usemtl m_E4E4E4
f 1179 1180 1181 1182
v 169.327 0.000 -270.525
v 169.134 0.000 -270.212
v 169.134 32.750 -270.212
v 169.327 32.750 -270.525
usemtl m_E4E4E4
f 1183 1184 1185 1186
v 169.134 0.000 -270.212
v 168.949 0.000 -269.893
v 168.949 32.750 -269.893
v 169.134 32.750 -270.212
usemtl m_E4E4E4
f 1187 1188 1189 1190
v 168.949 0.000 -269.893
v 168.771 0.000 -269.571
v 168.771 32.750 -269.571
v 168.949 32.750 -269.893
usemtl m_E4E4E4
f 1191 1192 1193 1194
v 168.771 0.000 -269.571
v 168.602 0.000 -269.244
v 168.602 32.750 -269.244
v 168.771 32.750 -269.571
usemtl m_E4E4E4
f 1195 1196 1197 1198
v 168.602 0.000 -269.244
v 168.440 0.000 -268.913
v 168.440 32.750 -268.913
v 168.602 32.750 -269.244
usemtl m_E4E4E4
f 1199 1200 1201 1202
v 168.440 0.000 -268.913
v 168.287 0.000 -268.579
v 168.287 32.750 -268.579
v 168.440 32.750 -268.913
usemtl m_E4E4E4
f 1203 1204 1205 1206
v 168.287 0.000 -268.579
v 168.142 0.000 -268.240
v 168.142 32.750 -268.240
v 168.287 32.750 -268.579
usemtl m_E4E4E4
f 1207 1208 1209 1210
v 168.142 0.000 -268.240
v 168.005 0.000 -267.898
v 168.005 32.750 -267.898
v 168.142 32.750 -268.240
usemtl m_E4E4E4
f 1211 1212 1213 1214
v 168.005 0.000 -267.898
v 167.877 0.000 -267.553
v 167.877 32.750 -267.553
v 168.005 32.750 -267.898
usemtl m_E4E4E4
f 1215 1216 1217 1218
v 167.877 0.000 -267.553
v 167.757 0.000 -267.205
v 167.757 32.750 -267.205
v 167.877 32.750 -267.553
usemtl m_E4E4E4
f 1219 1220 1221 1222
v 167.757 0.000 -267.205
v 167.646 0.000 -266.854
v 167.646 32.750 -266.854
v 167.757 32.750 -267.205
usemtl m_E4E4E4
f 1223 1224 1225 1226
v 167.646 0.000 -266.854
v 167.543 0.000 -266.501
v 167.543 32.750 -266.501
v 167.646 32.750 -266.854
usemtl m_E4E4E4
f 1227 1228 1229 1230
v 167.543 0.000 -266.501
v 167.450 0.000 -266.145
v 167.450 32.750 -266.145
v 167.543 32.750 -266.501
usemtl m_E4E4E4
f 1231 1232 1233 1234
v 167.450 0.000 -266.145
v 167.364 0.000 -265.787
v 167.364 32.750 -265.787
v 167.450 32.750 -266.145
usemtl m_E4E4E4
f 1235 1236 1237 1238
v 167.364 0.000 -265.787
v 167.288 0.000 -265.426
v 167.288 32.750 -265.426
v 167.364 32.750 -265.787
usemtl m_E4E4E4
f 1239 1240 1241 1242
v 167.288 0.000 -265.426
v 167.221 0.000 -265.064
v 167.221 32.750 -265.064
v 167.288 32.750 -265.426
usemtl m_E4E4E4
f 1243 1244 1245 1246
v 167.221 0.000 -265.064
v 167.162 0.000 -264.701
v 167.162 32.750 -264.701
v 167.221 32.750 -265.064
usemtl m_E4E4E4
f 1247 1248 1249 1250
v 167.162 0.000 -264.701
v 167.113 0.000 -264.336
v 167.113 32.750 -264.336
v 167.162 32.750 -264.701
usemtl m_E4E4E4
f 1251 1252 1253 1254
v 167.113 0.000 -264.336
v 167.072 0.000 -263.970
v 167.072 32.750 -263.970
v 167.113 32.750 -264.336
usemtl m_E4E4E4
f 1255 1256 1257 1258
v 167.072 0.000 -263.970
v 167.041 0.000 -263.603
v 167.041 32.750 -263.603
v 167.072 32.750 -263.970
usemtl m_E4E4E4
f 1259 1260 1261 1262
v 167.041 0.000 -263.603
v 167.018 0.000 -263.236
v 167.018 32.750 -263.236
v 167.041 32.750 -263.603
usemtl m_E4E4E4
f 1263 1264 1265 1266
v 167.018 0.000 -263.236
v 167.005 0.000 -262.868
v 167.005 32.750 -262.868
v 167.018 32.750 -263.236
usemtl m_E4E4E4
f 1267 1268 1269 1270
v 167.005 0.000 -262.868
v 167.000 0.000 -262.500
v 167.000 32.750 -262.500
v 167.005 32.750 -262.868
usemtl m_E4E4E4
f 1271 1272 1273 1274
v 167.000 0.000 -262.500
v 167.005 0.000 -262.132
v 167.005 32.750 -262.132
v 167.000 32.750 -262.500
usemtl m_E4E4E4
f 1275 1276 1277 1278
v 167.005 0.000 -262.132
v 167.018 0.000 -261.764
v 167.018 32.750 -261.764
v 167.005 32.750 -262.132
usemtl m_E4E4E4
f 1279 1280 1281 1282
v 167.018 0.000 -261.764
v 167.041 0.000 -261.397
v 167.041 32.750 -261.397
v 167.018 32.750 -261.764
usemtl m_E4E4E4
f 1283 1284 1285 1286
v 167.041 0.000 -261.397
v 167.072 0.000 -261.030
v 167.072 32.750 -261.030
v 167.041 32.750 -261.397
usemtl m_E4E4E4
f 1287 1288 1289 1290
v 167.072 0.000 -261.030
v 167.113 0.000 -260.664
v 167.113 32.750 -260.664
v 167.072 32.750 -261.030
usemtl m_E4E4E4
f 1291 1292 1293 1294
v 167.113 0.000 -260.664
v 167.162 0.000 -260.299
v 167.162 32.750 -260.299
v 167.113 32.750 -260.664
usemtl m_E4E4E4
f 1295 1296 1297 1298
v 167.162 0.000 -260.299
v 167.221 0.000 -259.936
v 167.221 32.750 -259.936
v 167.162 32.750 -260.299
usemtl m_E4E4E4
f 1299 1300 1301 1302
v 167.221 0.000 -259.936
v 167.288 0.000 -259.574
v 167.288 32.750 -259.574
v 167.221 32.750 -259.936
usemtl m_E4E4E4
f 1303 1304 1305 1306
v 167.288 0.000 -259.574
v 167.364 0.000 -259.213
v 167.364 32.750 -259.213
v 167.288 32.750 -259.574
usemtl m_E4E4E4
f 1307 1308 1309 1310
v 167.364 0.000 -259.213
v 167.450 0.000 -258.855
v 167.450 32.750 -258.855
v 167.364 32.750 -259.213
usemtl m_E4E4E4
f 1311 1312 1313 1314
v 167.450 0.000 -258.855
v 167.543 0.000 -258.499
v 167.543 32.750 -258.499
v 167.450 32.750 -258.855
usemtl m_E4E4E4
f 1315 1316 1317 1318
v 167.543 0.000 -258.499
v 167.646 0.000 -258.146
v 167.646 32.750 -258.146
v 167.543 32.750 -258.499
usemtl m_E4E4E4
f 1319 1320 1321 1322
v 167.646 0.000 -258.146
v 167.757 0.000 -257.795
v 167.757 32.750 -257.795
v 167.646 32.750 -258.146
usemtl m_E4E4E4
f 1323 1324 1325 1326
v 167.757 0.000 -257.795
v 167.877 0.000 -257.447
v 167.877 32.750 -257.447
v 167.757 32.750 -257.795
usemtl m_E4E4E4
f 1327 1328 1329 1330
v 167.877 0.000 -257.447
v 168.005 0.000 -257.102
v 168.005 32.750 -257.102
v 167.877 32.750 -257.447
usemtl m_E4E4E4
f 1331 1332 1333 1334
v 168.005 0.000 -257.102
v 168.142 0.000 -256.760
v 168.142 32.750 -256.760
v 168.005 32.750 -257.102
usemtl m_E4E4E4
f 1335 1336 1337 1338
v 168.142 0.000 -256.760
v 168.287 0.000 -256.421
v 168.287 32.750 -256.421
v 168.142 32.750 -256.760
usemtl m_E4E4E4
f 1339 1340 1341 1342
v 168.287 0.000 -256.421
v 168.440 0.000 -256.087
v 168.440 32.750 -256.087
v 168.287 32.750 -256.421
usemtl m_E4E4E4
f 1343 1344 1345 1346
v 168.440 0.000 -256.087
v 168.602 0.000 -255.756
v 168.602 32.750 -255.756
v 168.440 32.750 -256.087
usemtl m_E4E4E4
f 1347 1348 1349 1350
v 168.602 0.000 -255.756
v 168.771 0.000 -255.429
v 168.771 32.750 -255.429
v 168.602 32.750 -255.756
usemtl m_E4E4E4
f 1351 1352 1353 1354
v 168.771 0.000 -255.429
v 168.949 0.000 -255.107
v 168.949 32.750 -255.107
v 168.771 32.750 -255.429
usemtl m_E4E4E4
f 1355 1356 1357 1358
v 168.949 0.000 -255.107
v 169.134 0.000 -254.788
v 169.134 32.750 -254.788
v 168.949 32.750 -255.107
usemtl m_E4E4E4
f 1359 1360 1361 1362
v 169.134 0.000 -254.788
v 169.327 0.000 -254.475
v 169.327 32.750 -254.475
v 169.134 32.750 -254.788
usemtl m_E4E4E4
f 1363 1364 1365 1366
v 169.327 0.000 -254.475
v 169.528 0.000 -254.166
v 169.528 32.750 -254.166
v 169.327 32.750 -254.475
usemtl m_E4E4E4
f 1367 1368 1369 1370
v 169.528 0.000 -254.166
v 169.736 0.000 -253.863
v 169.736 32.750 -253.863
v 169.528 32.750 -254.166
usemtl m_E4E4E4
f 1371 1372 1373 1374
v 169.736 0.000 -253.863
v 169.952 0.000 -253.565
v 169.952 32.750 -253.565
v 169.736 32.750 -253.863
usemtl m_E4E4E4
f 1375 1376 1377 1378
v 169.952 0.000 -253.565
v 170.175 0.000 -253.272
v 170.175 32.750 -253.272
v 169.952 32.750 -253.565
usemtl m_E4E4E4
f 1379 1380 1381 1382
v 170.175 0.000 -253.272
v 170.405 0.000 -252.984
v 170.405 32.750 -252.984
v 170.175 32.750 -253.272
usemtl m_E4E4E4
f 1383 1384 1385 1386
v 170.405 0.000 -252.984
v 170.642 0.000 -252.702
v 170.642 32.750 -252.702
v 170.405 32.750 -252.984
usemtl m_E4E4E4
f 1387 1388 1389 1390
v 170.642 0.000 -252.702
v 170.886 0.000 -252.427
v 170.886 32.750 -252.427
v 170.642 32.750 -252.702
usemtl m_E4E4E4
f 1391 1392 1393 1394
v 170.886 0.000 -252.427
v 171.136 0.000 -252.157
v 171.136 32.750 -252.157
v 170.886 32.750 -252.427
usemtl m_E4E4E4
f 1395 1396 1397 1398
v 171.136 0.000 -252.157
v 171.289 0.000 -252.000
v 171.289 32.750 -252.000
v 171.136 32.750 -252.157
usemtl m_E4E4E4
f 1399 1400 1401 1402
v 171.289 0.000 -252.000
v 190.000 0.000 -252.000
v 190.000 32.750 -252.000
v 171.289 32.750 -252.000
usemtl m_E4E4E4
f 1403 1404 1405 1406
v 190.000 0.000 -252.000
v 191.308 0.000 -251.957
v 191.308 32.750 -251.957
v 190.000 32.750 -252.000
usemtl m_E4E4E4
f 1407 1408 1409 1410
v 191.308 0.000 -251.957
v 192.547 0.000 -251.835
v 192.547 32.750 -251.835
v 191.308 32.750 -251.957
usemtl m_E4E4E4
f 1411 1412 1413 1414
v 192.547 0.000 -251.835
v 192.607 0.000 -251.893
v 192.607 32.750 -251.893
v 192.547 32.750 -251.835
usemtl m_E4E4E4
f 1415 1416 1417 1418
v 192.607 0.000 -251.893
v 192.864 0.000 -252.157
v 192.864 32.750 -252.157
v 192.607 32.750 -251.893
usemtl m_E4E4E4
f 1419 1420 1421 1422
v 192.864 0.000 -252.157
v 193.114 0.000 -252.427
v 193.114 32.750 -252.427
v 192.864 32.750 -252.157
usemtl m_E4E4E4
f 1423 1424 1425 1426
v 193.114 0.000 -252.427
v 193.358 0.000 -252.702
v 193.358 32.750 -252.702
v 193.114 32.750 -252.427
usemtl m_E4E4E4
f 1427 1428 1429 1430
v 193.358 0.000 -252.702
v 193.595 0.000 -252.984
v 193.595 32.750 -252.984
v 193.358 32.750 -252.702
usemtl m_E4E4E4
f 1431 1432 1433 1434
v 193.595 0.000 -252.984
v 193.825 0.000 -253.272
v 193.825 32.750 -253.272
v 193.595 32.750 -252.984
usemtl m_E4E4E4
f 1435 1436 1437 1438
v 193.825 0.000 -253.272
v 194.048 0.000 -253.565
v 194.048 32.750 -253.565
v 193.825 32.750 -253.272
usemtl m_E4E4E4
f 1439 1440 1441 1442
v 194.048 0.000 -253.565
v 194.264 0.000 -253.863
v 194.264 32.750 -253.863
v 194.048 32.750 -253.565
usemtl m_E4E4E4
f 1443 1444 1445 1446
v 194.264 0.000 -253.863
v 194.472 0.000 -254.166
v 194.472 32.750 -254.166
v 194.264 32.750 -253.863
usemtl m_E4E4E4
f 1447 1448 1449 1450
v 194.472 0.000 -254.166
v 194.673 0.000 -254.475
v 194.673 32.750 -254.475
v 194.472 32.750 -254.166
usemtl m_E4E4E4
f 1451 1452 1453 1454
v 194.673 0.000 -254.475
v 194.866 0.000 -254.788
v 194.866 32.750 -254.788
v 194.673 32.750 -254.475
usemtl m_E4E4E4
f 1455 1456 1457 1458
v 194.866 0.000 -254.788
v 195.051 0.000 -255.107
v 195.051 32.750 -255.107
v 194.866 32.750 -254.788
usemtl m_E4E4E4
f 1459 1460 1461 1462
v 195.051 0.000 -255.107
v 195.229 0.000 -255.429
v 195.229 32.750 -255.429
v 195.051 32.750 -255.107
usemtl m_E4E4E4
f 1463 1464 1465 1466
v 195.229 0.000 -255.429
v 195.398 0.000 -255.756
v 195.398 32.750 -255.756
v 195.229 32.750 -255.429
usemtl m_E4E4E4
f 1467 1468 1469 1470
v 195.398 0.000 -255.756
v 195.560 0.000 -256.087
v 195.560 32.750 -256.087
v 195.398 32.750 -255.756
usemtl m_E4E4E4
f 1471 1472 1473 1474
v 195.560 0.000 -256.087
v 195.713 0.000 -256.421
v 195.713 32.750 -256.421
v 195.560 32.750 -256.087
usemtl m_E4E4E4
f 1475 1476 1477 1478
v 195.713 0.000 -256.421
v 195.858 0.000 -256.760
v 195.858 32.750 -256.760
v 195.713 32.750 -256.421
usemtl m_E4E4E4
f 1479 1480 1481 1482
v 195.858 0.000 -256.760
v 195.995 0.000 -257.102
v 195.995 32.750 -257.102
v 195.858 32.750 -256.760
usemtl m_E4E4E4
f 1483 1484 1485 1486
v 195.995 0.000 -257.102
v 196.123 0.000 -257.447
v 196.123 32.750 -257.447
v 195.995 32.750 -257.102
usemtl m_E4E4E4
f 1487 1488 1489 1490
v 196.123 0.000 -257.447
v 196.243 0.000 -257.795
v 196.243 32.750 -257.795
v 196.123 32.750 -257.447
usemtl m_E4E4E4
f 1491 1492 1493 1494
v 196.243 0.000 -257.795
v 196.354 0.000 -258.146
v 196.354 32.750 -258.146
v 196.243 32.750 -257.795
usemtl m_E4E4E4
f 1495 1496 1497 1498
v 196.354 0.000 -258.146
v 196.457 0.000 -258.499
v 196.457 32.750 -258.499
v 196.354 32.750 -258.146
usemtl m_E4E4E4
f 1499 1500 1501 1502
v 196.457 0.000 -258.499
v 196.550 0.000 -258.855
v 196.550 32.750 -258.855
v 196.457 32.750 -258.499
usemtl m_E4E4E4
f 1503 1504 1505 1506
v 196.550 0.000 -258.855
v 196.636 0.000 -259.213
v 196.636 32.750 -259.213
v 196.550 32.750 -258.855
usemtl m_E4E4E4
f 1507 1508 1509 1510
v 196.636 0.000 -259.213
v 196.712 0.000 -259.574
v 196.712 32.750 -259.574
v 196.636 32.750 -259.213
usemtl m_E4E4E4
f 1511 1512 1513 1514
v 196.712 0.000 -259.574
v 196.779 0.000 -259.936
v 196.779 32.750 -259.936
v 196.712 32.750 -259.574
usemtl m_E4E4E4
f 1515 1516 1517 1518
v 196.779 0.000 -259.936
v 196.838 0.000 -260.299
v 196.838 32.750 -260.299
v 196.779 32.750 -259.936
usemtl m_E4E4E4
f 1519 1520 1521 1522
v 196.838 0.000 -260.299
v 196.887 0.000 -260.664
v 196.887 32.750 -260.664
v 196.838 32.750 -260.299
usemtl m_E4E4E4
f 1523 1524 1525 1526
v 196.887 0.000 -260.664
v 196.928 0.000 -261.030
v 196.928 32.750 -261.030
v 196.887 32.750 -260.664
usemtl m_E4E4E4
f 1527 1528 1529 1530
v 196.928 0.000 -261.030
v 196.959 0.000 -261.397
v 196.959 32.750 -261.397
v 196.928 32.750 -261.030
usemtl m_E4E4E4
f 1531 1532 1533 1534
v 196.959 0.000 -261.397
v 196.982 0.000 -261.764
v 196.982 32.750 -261.764
v 196.959 32.750 -261.397
usemtl m_E4E4E4
f 1535 1536 1537 1538
v 196.982 0.000 -261.764
v 196.995 0.000 -262.132
v 196.995 32.750 -262.132
v 196.982 32.750 -261.764
usemtl m_E4E4E4
f 1539 1540 1541 1542
v 196.995 32.750 -262.132
v 197.000 32.750 -262.500
v 196.995 32.750 -262.868
v 196.982 32.750 -263.236
v 196.959 32.750 -263.603
v 196.928 32.750 -263.970
v 196.887 32.750 -264.336
v 196.838 32.750 -264.701
v 196.779 32.750 -265.064
v 196.712 32.750 -265.426
v 196.636 32.750 -265.787
v 196.550 32.750 -266.145
v 196.457 32.750 -266.501
v 196.354 32.750 -266.854
v 196.243 32.750 -267.205
v 196.123 32.750 -267.553
v 195.995 32.750 -267.898
v 195.858 32.750 -268.240
v 195.713 32.750 -268.579
v 195.560 32.750 -268.913
v 195.398 32.750 -269.244
v 195.229 32.750 -269.571
v 195.051 32.750 -269.893
v 194.866 32.750 -270.212
v 194.673 32.750 -270.525
v 194.472 32.750 -270.834
v 194.264 32.750 -271.137
v 194.048 32.750 -271.435
v 193.825 32.750 -271.728
v 193.595 32.750 -272.016
v 193.358 32.750 -272.298
v 193.114 32.750 -272.573
v 192.864 32.750 -272.843
v 192.607 32.750 -273.107
v 192.343 32.750 -273.364
v 192.073 32.750 -273.614
v 191.798 32.750 -273.858
v 191.516 32.750 -274.095
v 191.228 32.750 -274.325
v 190.935 32.750 -274.548
v 190.637 32.750 -274.764
v 190.334 32.750 -274.972
v 190.025 32.750 -275.173
v 189.712 32.750 -275.366
v 189.393 32.750 -275.551
v 189.071 32.750 -275.729
v 188.744 32.750 -275.898
v 188.413 32.750 -276.060
v 188.079 32.750 -276.213
v 187.740 32.750 -276.358
v 187.398 32.750 -276.495
v 187.053 32.750 -276.623
v 186.705 32.750 -276.743
v 186.354 32.750 -276.854
v 186.001 32.750 -276.957
v 185.645 32.750 -277.050
v 185.287 32.750 -277.136
v 184.926 32.750 -277.212
v 184.564 32.750 -277.279
v 184.201 32.750 -277.338
v 183.836 32.750 -277.387
v 183.470 32.750 -277.428
v 183.103 32.750 -277.459
v 182.736 32.750 -277.482
v 182.368 32.750 -277.495
v 182.000 32.750 -277.500
v 181.632 32.750 -277.495
v 181.264 32.750 -277.482
v 180.897 32.750 -277.459
v 180.530 32.750 -277.428
v 180.164 32.750 -277.387
v 179.799 32.750 -277.338
v 179.436 32.750 -277.279
v 179.074 32.750 -277.212
v 178.713 32.750 -277.136
v 178.355 32.750 -277.050
v 177.999 32.750 -276.957
v 177.646 32.750 -276.854
v 177.295 32.750 -276.743
v 176.947 32.750 -276.623
v 176.602 32.750 -276.495
v 176.260 32.750 -276.358
v 175.921 32.750 -276.213
v 175.587 32.750 -276.060
v 175.256 32.750 -275.898
v 174.929 32.750 -275.729
v 174.607 32.750 -275.551
v 174.288 32.750 -275.366
v 173.975 32.750 -275.173
v 173.666 32.750 -274.972
v 173.363 32.750 -274.764
v 173.065 32.750 -274.548
v 172.772 32.750 -274.325
v 172.484 32.750 -274.095
v 172.202 32.750 -273.858
v 171.927 32.750 -273.614
v 171.657 32.750 -273.364
v 171.393 32.750 -273.107
v 171.136 32.750 -272.843
v 170.886 32.750 -272.573
v 170.642 32.750 -272.298
v 170.405 32.750 -272.016
v 170.175 32.750 -271.728
v 169.952 32.750 -271.435
v 169.736 32.750 -271.137
v 169.528 32.750 -270.834
v 169.327 32.750 -270.525
v 169.134 32.750 -270.212
v 168.949 32.750 -269.893
v 168.771 32.750 -269.571
v 168.602 32.750 -269.244
v 168.440 32.750 -268.913
v 168.287 32.750 -268.579
v 168.142 32.750 -268.240
v 168.005 32.750 -267.898
v 167.877 32.750 -267.553
v 167.757 32.750 -267.205
v 167.646 32.750 -266.854
v 167.543 32.750 -266.501
v 167.450 32.750 -266.145
v 167.364 32.750 -265.787
v 167.288 32.750 -265.426
v 167.221 32.750 -265.064
v 167.162 32.750 -264.701
v 167.113 32.750 -264.336
v 167.072 32.750 -263.970
v 167.041 32.750 -263.603
v 167.018 32.750 -263.236
v 167.005 32.750 -262.868
v 167.000 32.750 -262.500
v 167.005 32.750 -262.132
v 167.018 32.750 -261.764
v 167.041 32.750 -261.397
v 167.072 32.750 -261.030
v 167.113 32.750 -260.664
v 167.162 32.750 -260.299
v 167.221 32.750 -259.936
v 167.288 32.750 -259.574
v 167.364 32.750 -259.213
v 167.450 32.750 -258.855
v 167.543 32.750 -258.499
v 167.646 32.750 -258.146
v 167.757 32.750 -257.795
v 167.877 32.750 -257.447
v 168.005 32.750 -257.102
v 168.142 32.750 -256.760
v 168.287 32.750 -256.421
v 168.440 32.750 -256.087
v 168.602 32.750 -255.756
v 168.771 32.750 -255.429
v 168.949 32.750 -255.107
v 169.134 32.750 -254.788
v 169.327 32.750 -254.475
v 169.528 32.750 -254.166
v 169.736 32.750 -253.863
v 169.952 32.750 -253.565
v 170.175 32.750 -253.272
v 170.405 32.750 -252.984
v 170.642 32.750 -252.702
v 170.886 32.750 -252.427
v 171.136 32.750 -252.157
v 171.289 32.750 -252.000
v 190.000 32.750 -252.000
v 191.308 32.750 -251.957
v 192.547 32.750 -251.835
v 192.607 32.750 -251.893
v 192.864 32.750 -252.157
v 193.114 32.750 -252.427
v 193.358 32.750 -252.702
v 193.595 32.750 -252.984
v 193.825 32.750 -253.272
v 194.048 32.750 -253.565
v 194.264 32.750 -253.863
v 194.472 32.750 -254.166
v 194.673 32.750 -254.475
v 194.866 32.750 -254.788
v 195.051 32.750 -255.107
v 195.229 32.750 -255.429
v 195.398 32.750 -255.756
v 195.560 32.750 -256.087
v 195.713 32.750 -256.421
v 195.858 32.750 -256.760
v 195.995 32.750 -257.102
v 196.123 32.750 -257.447
v 196.243 32.750 -257.795
v 196.354 32.750 -258.146
v 196.457 32.750 -258.499
v 196.550 32.750 -258.855
v 196.636 32.750 -259.213
v 196.712 32.750 -259.574
v 196.779 32.750 -259.936
v 196.838 32.750 -260.299
v 196.887 32.750 -260.664
v 196.928 32.750 -261.030
v 196.959 32.750 -261.397
v 196.982 32.750 -261.764
usemtl m_E4E4E4
f 1543 1544 1545 1546 1547 1548 1549 1550 1551 1552 1553 1554 1555 1556 1557 1558 1559 1560 1561 1562 1563 1564 1565 1566 1567 1568 1569 1570 1571 1572 1573 1574 1575 1576 1577 1578 1579 1580 1581 1582 1583 1584 1585 1586 1587 1588 1589 1590 1591 1592 1593 1594 1595 1596 1597 1598 1599 1600 1601 1602 1603 1604 1605 1606 1607 1608 1609 1610 1611 1612 1613 1614 1615 1616 1617 1618 1619 1620 1621 1622 1623 1624 1625 1626 1627 1628 1629 1630 1631 1632 1633 1634 1635 1636 1637 1638 1639 1640 1641 1642 1643 1644 1645 1646 1647 1648 1649 1650 1651 1652 1653 1654 1655 1656 1657 1658 1659 1660 1661 1662 1663 1664 1665 1666 1667 1668 1669 1670 1671 1672 1673 1674 1675 1676 1677 1678 1679 1680 1681 1682 1683 1684 1685 1686 1687 1688 1689 1690 1691 1692 1693 1694 1695 1696 1697 1698 1699 1700 1701 1702 1703 1704 1705 1706 1707 1708 1709 1710 1711 1712 1713 1714 1715 1716 1717 1718 1719 1720 1721 1722 1723 1724 1725 1726 1727 1728 1729 1730 1731 1732 1733 1734 1735 1736 1737 1738
v 196.982 0.000 -261.764
v 196.959 0.000 -261.397
v 196.928 0.000 -261.030
v 196.887 0.000 -260.664
v 196.838 0.000 -260.299
v 196.779 0.000 -259.936
v 196.712 0.000 -259.574
v 196.636 0.000 -259.213
v 196.550 0.000 -258.855
v 196.457 0.000 -258.499
v 196.354 0.000 -258.146
v 196.243 0.000 -257.795
v 196.123 0.000 -257.447
v 195.995 0.000 -257.102
v 195.858 0.000 -256.760
v 195.713 0.000 -256.421
v 195.560 0.000 -256.087
v 195.398 0.000 -255.756
v 195.229 0.000 -255.429
v 195.051 0.000 -255.107
v 194.866 0.000 -254.788
v 194.673 0.000 -254.475
v 194.472 0.000 -254.166
v 194.264 0.000 -253.863
v 194.048 0.000 -253.565
v 193.825 0.000 -253.272
v 193.595 0.000 -252.984
v 193.358 0.000 -252.702
v 193.114 0.000 -252.427
v 192.864 0.000 -252.157
v 192.607 0.000 -251.893
v 192.547 0.000 -251.835
v 191.308 0.000 -251.957
v 190.000 0.000 -252.000
v 171.289 0.000 -252.000
v 171.136 0.000 -252.157
v 170.886 0.000 -252.427
v 170.642 0.000 -252.702
v 170.405 0.000 -252.984
v 170.175 0.000 -253.272
v 169.952 0.000 -253.565
v 169.736 0.000 -253.863
v 169.528 0.000 -254.166
v 169.327 0.000 -254.475
v 169.134 0.000 -254.788
v 168.949 0.000 -255.107
v 168.771 0.000 -255.429
v 168.602 0.000 -255.756
v 168.440 0.000 -256.087
v 168.287 0.000 -256.421
v 168.142 0.000 -256.760
v 168.005 0.000 -257.102
v 167.877 0.000 -257.447
v 167.757 0.000 -257.795
v 167.646 0.000 -258.146
v 167.543 0.000 -258.499
v 167.450 0.000 -258.855
v 167.364 0.000 -259.213
v 167.288 0.000 -259.574
v 167.221 0.000 -259.936
v 167.162 0.000 -260.299
v 167.113 0.000 -260.664
v 167.072 0.000 -261.030
v 167.041 0.000 -261.397
v 167.018 0.000 -261.764
v 167.005 0.000 -262.132
v 167.000 0.000 -262.500
v 167.005 0.000 -262.868
v 167.018 0.000 -263.236
v 167.041 0.000 -263.603
v 167.072 0.000 -263.970
v 167.113 0.000 -264.336
v 167.162 0.000 -264.701
v 167.221 0.000 -265.064
v 167.288 0.000 -265.426
v 167.364 0.000 -265.787
v 167.450 0.000 -266.145
v 167.543 0.000 -266.501
v 167.646 0.000 -266.854
v 167.757 0.000 -267.205
v 167.877 0.000 -267.553
v 168.005 0.000 -267.898
v 168.142 0.000 -268.240
v 168.287 0.000 -268.579
v 168.440 0.000 -268.913
v 168.602 0.000 -269.244
v 168.771 0.000 -269.571
v 168.949 0.000 -269.893
v 169.134 0.000 -270.212
v 169.327 0.000 -270.525
v 169.528 0.000 -270.834
v 169.736 0.000 -271.137
v 169.952 0.000 -271.435
v 170.175 0.000 -271.728
v 170.405 0.000 -272.016
v 170.642 0.000 -272.298
v 170.886 0.000 -272.573
v 171.136 0.000 -272.843
v 171.393 0.000 -273.107
v 171.657 0.000 -273.364
v 171.927 0.000 -273.614
v 172.202 0.000 -273.858
v 172.484 0.000 -274.095
v 172.772 0.000 -274.325
v 173.065 0.000 -274.548
v 173.363 0.000 -274.764
v 173.666 0.000 -274.972
v 173.975 0.000 -275.173
v 174.288 0.000 -275.366
v 174.607 0.000 -275.551
v 174.929 0.000 -275.729
v 175.256 0.000 -275.898
v 175.587 0.000 -276.060
v 175.921 0.000 -276.213
v 176.260 0.000 -276.358
v 176.602 0.000 -276.495
v 176.947 0.000 -276.623
v 177.295 0.000 -276.743
v 177.646 0.000 -276.854
v 177.999 0.000 -276.957
v 178.355 0.000 -277.050
v 178.713 0.000 -277.136
v 179.074 0.000 -277.212
v 179.436 0.000 -277.279
v 179.799 0.000 -277.338
v 180.164 0.000 -277.387
v 180.530 0.000 -277.428
v 180.897 0.000 -277.459
v 181.264 0.000 -277.482
v 181.632 0.000 -277.495
v 182.000 0.000 -277.500
v 182.368 0.000 -277.495
v 182.736 0.000 -277.482
v 183.103 0.000 -277.459
v 183.470 0.000 -277.428
v 183.836 0.000 -277.387
v 184.201 0.000 -277.338
v 184.564 0.000 -277.279
v 184.926 0.000 -277.212
v 185.287 0.000 -277.136
v 185.645 0.000 -277.050
v 186.001 0.000 -276.957
v 186.354 0.000 -276.854
v 186.705 0.000 -276.743
v 187.053 0.000 -276.623
v 187.398 0.000 -276.495
v 187.740 0.000 -276.358
v 188.079 0.000 -276.213
v 188.413 0.000 -276.060
v 188.744 0.000 -275.898
v 189.071 0.000 -275.729
v 189.393 0.000 -275.551
v 189.712 0.000 -275.366
v 190.025 0.000 -275.173
v 190.334 0.000 -274.972
v 190.637 0.000 -274.764
v 190.935 0.000 -274.548
v 191.228 0.000 -274.325
v 191.516 0.000 -274.095
v 191.798 0.000 -273.858
v 192.073 0.000 -273.614
v 192.343 0.000 -273.364
v 192.607 0.000 -273.107
v 192.864 0.000 -272.843
v 193.114 0.000 -272.573
v 193.358 0.000 -272.298
v 193.595 0.000 -272.016
v 193.825 0.000 -271.728
v 194.048 0.000 -271.435
v 194.264 0.000 -271.137
v 194.472 0.000 -270.834
v 194.673 0.000 -270.525
v 194.866 0.000 -270.212
v 195.051 0.000 -269.893
v 195.229 0.000 -269.571
v 195.398 0.000 -269.244
v 195.560 0.000 -268.913
v 195.713 0.000 -268.579
v 195.858 0.000 -268.240
v 195.995 0.000 -267.898
v 196.123 0.000 -267.553
v 196.243 0.000 -267.205
v 196.354 0.000 -266.854
v 196.457 0.000 -266.501
v 196.550 0.000 -266.145
v 196.636 0.000 -265.787
v 196.712 0.000 -265.426
v 196.779 0.000 -265.064
v 196.838 0.000 -264.701
v 196.887 0.000 -264.336
v 196.928 0.000 -263.970
v 196.959 0.000 -263.603
v 196.982 0.000 -263.236
v 196.995 0.000 -262.868
v 197.000 0.000 -262.500
v 196.995 0.000 -262.132
usemtl m_E4E4E4
f 1739 1740 1741 1742 1743 1744 1745 1746 1747 1748 1749 1750 1751 1752 1753 1754 1755 1756 1757 1758 1759 1760 1761 1762 1763 1764 1765 1766 1767 1768 1769 1770 1771 1772 1773 1774 1775 1776 1777 1778 1779 1780 1781 1782 1783 1784 1785 1786 1787 1788 1789 1790 1791 1792 1793 1794 1795 1796 1797 1798 1799 1800 1801 1802 1803 1804 1805 1806 1807 1808 1809 1810 1811 1812 1813 1814 1815 1816 1817 1818 1819 1820 1821 1822 1823 1824 1825 1826 1827 1828 1829 1830 1831 1832 1833 1834 1835 1836 1837 1838 1839 1840 1841 1842 1843 1844 1845 1846 1847 1848 1849 1850 1851 1852 1853 1854 1855 1856 1857 1858 1859 1860 1861 1862 1863 1864 1865 1866 1867 1868 1869 1870 1871 1872 1873 1874 1875 1876 1877 1878 1879 1880 1881 1882 1883 1884 1885 1886 1887 1888 1889 1890 1891 1892 1893 1894 1895 1896 1897 1898 1899 1900 1901 1902 1903 1904 1905 1906 1907 1908 1909 1910 1911 1912 1913 1914 1915 1916 1917 1918 1919 1920 1921 1922 1923 1924 1925 1926 1927 1928 1929 1930 1931 1932 1933 1934
o exterior_mech_elec_bay
v 134.000 0.000 -252.000
v 134.000 16.000 -252.000
v 134.000 0.000 -282.000
v 134.000 16.000 -282.000
v 164.000 0.000 -252.000
v 164.000 16.000 -252.000
v 164.000 0.000 -282.000
v 164.000 16.000 -282.000
usemtl m_E4E4E4
f 1936 1940 1942 1938
usemtl m_E4E4E4
f 1935 1937 1941 1939
usemtl m_E4E4E4
f 1935 1939 1940 1936
usemtl m_E4E4E4
f 1941 1937 1938 1942
usemtl m_E4E4E4
f 1937 1935 1936 1938
usemtl m_E4E4E4
f 1939 1941 1942 1940
o exterior_arena_volume
v 49.000 32.750 -34.000
v 49.000 42.000 -34.000
v 49.000 32.750 -246.000
v 49.000 42.000 -246.000
v 210.000 32.750 -34.000
v 210.000 42.000 -34.000
v 210.000 32.750 -246.000
v 210.000 42.000 -246.000
usemtl m_CDCDCD
f 1944 1948 1950 1946
usemtl m_CDCDCD
f 1943 1945 1949 1947
usemtl m_CDCDCD
f 1943 1947 1948 1944
usemtl m_CDCDCD
f 1949 1945 1946 1950
usemtl m_CDCDCD
f 1945 1943 1944 1946
usemtl m_CDCDCD
f 1947 1949 1950 1948
o exterior_ground_band_0
v 93.000 0.000 0.000
v 99.000 0.000 0.000
v 99.000 0.000 30.000
v 91.000 0.000 30.000
v 91.000 0.000 36.000
v 99.000 0.000 36.000
v 99.000 0.000 42.000
v 85.000 0.000 42.000
v 85.000 0.000 24.000
v 93.000 0.000 24.000
usemtl m_D9B79A
f 1951 1952 1953 1954 1955 1956 1957 1958 1959 1960
o exterior_ground_band_1
v 133.000 0.000 24.000
v 141.000 0.000 24.000
v 141.000 0.000 42.000
v 127.000 0.000 42.000
v 127.000 0.000 36.000
v 135.000 0.000 36.000
v 135.000 0.000 30.000
v 127.000 0.000 30.000
v 127.000 0.000 0.000
v 133.000 0.000 0.000
usemtl m_D9B79A
f 1961 1962 1963 1964 1965 1966 1967 1968 1969 1970
o exterior_ground_walk_2
v 99.000 0.000 30.000
v 127.000 0.000 30.000
v 127.000 0.000 0.000
v 99.000 0.000 0.000
usemtl m_B5654A
f 1971 1972 1973 1974
o cutaway_portal_pier_w
v 91.000 0.000 36.000
v 91.000 50.000 36.000
v 91.000 0.000 30.000
v 91.000 50.000 30.000
v 99.000 0.000 36.000
v 99.000 50.000 36.000
v 99.000 0.000 30.000
v 99.000 50.000 30.000
usemtl m_D8CCB0
f 1976 1980 1982 1978
usemtl m_D8CCB0
f 1975 1977 1981 1979
usemtl m_D8CCB0
f 1975 1979 1980 1976
usemtl m_D8CCB0
f 1981 1977 1978 1982
usemtl m_D8CCB0
f 1977 1975 1976 1978
usemtl m_D8CCB0
f 1979 1981 1982 1980
o cutaway_portal_pier_e
v 127.000 0.000 36.000
v 127.000 50.000 36.000
v 127.000 0.000 30.000
v 127.000 50.000 30.000
v 135.000 0.000 36.000
v 135.000 50.000 36.000
v 135.000 0.000 30.000
v 135.000 50.000 30.000
usemtl m_D8CCB0
f 1984 1988 1990 1986
usemtl m_D8CCB0
f 1983 1985 1989 1987
usemtl m_D8CCB0
f 1983 1987 1988 1984
usemtl m_D8CCB0
f 1989 1985 1986 1990
usemtl m_D8CCB0
f 1985 1983 1984 1986
usemtl m_D8CCB0
f 1987 1989 1990 1988
o cutaway_portal_spandrel
v 99.000 22.100 36.000
v 99.000 50.000 36.000
v 99.000 22.100 30.000
v 99.000 50.000 30.000
v 127.000 22.100 36.000
v 127.000 50.000 36.000
v 127.000 22.100 30.000
v 127.000 50.000 30.000
usemtl m_D8CCB0
f 1992 1996 1998 1994
v 99.000 22.100 36.000
v 99.500 25.252 36.000
v 100.000 26.517 36.000
v 100.500 27.459 36.000
v 101.000 28.229 36.000
v 101.500 28.887 36.000
v 102.000 29.461 36.000
v 102.500 29.971 36.000
v 103.000 30.428 36.000
v 103.500 30.841 36.000
v 104.000 31.215 36.000
v 104.500 31.556 36.000
v 105.000 31.866 36.000
v 105.500 32.148 36.000
v 106.000 32.406 36.000
v 106.500 32.640 36.000
v 107.000 32.852 36.000
v 107.500 33.043 36.000
v 108.000 33.215 36.000
v 108.500 33.369 36.000
v 109.000 33.504 36.000
v 109.500 33.622 36.000
v 110.000 33.724 36.000
v 110.500 33.809 36.000
v 111.000 33.878 36.000
v 111.500 33.931 36.000
v 112.000 33.970 36.000
v 112.500 33.992 36.000
v 113.000 34.000 36.000
v 113.500 33.992 36.000
v 114.000 33.970 36.000
v 114.500 33.931 36.000
v 115.000 33.878 36.000
v 115.500 33.809 36.000
v 116.000 33.724 36.000
v 116.500 33.622 36.000
v 117.000 33.504 36.000
v 117.500 33.369 36.000
v 118.000 33.215 36.000
v 118.500 33.043 36.000
v 119.000 32.852 36.000
v 119.500 32.640 36.000
v 120.000 32.406 36.000
v 120.500 32.148 36.000
v 121.000 31.866 36.000
v 121.500 31.556 36.000
v 122.000 31.215 36.000
v 122.500 30.841 36.000
v 123.000 30.428 36.000
v 123.500 29.971 36.000
v 124.000 29.461 36.000
v 124.500 28.887 36.000
v 125.000 28.229 36.000
v 125.500 27.459 36.000
v 126.000 26.517 36.000
v 126.500 25.252 36.000
v 127.000 22.100 36.000
v 127.000 50.000 36.000
v 99.000 50.000 36.000
usemtl m_D8CCB0
f 1999 2000 2001 2002 2003 2004 2005 2006 2007 2008 2009 2010 2011 2012 2013 2014 2015 2016 2017 2018 2019 2020 2021 2022 2023 2024 2025 2026 2027 2028 2029 2030 2031 2032 2033 2034 2035 2036 2037 2038 2039 2040 2041 2042 2043 2044 2045 2046 2047 2048 2049 2050 2051 2052 2053 2054 2055 2056 2057
v 127.000 22.100 30.000
v 126.500 25.252 30.000
v 126.000 26.517 30.000
v 125.500 27.459 30.000
v 125.000 28.229 30.000
v 124.500 28.887 30.000
v 124.000 29.461 30.000
v 123.500 29.971 30.000
v 123.000 30.428 30.000
v 122.500 30.841 30.000
v 122.000 31.215 30.000
v 121.500 31.556 30.000
v 121.000 31.866 30.000
v 120.500 32.148 30.000
v 120.000 32.406 30.000
v 119.500 32.640 30.000
v 119.000 32.852 30.000
v 118.500 33.043 30.000
v 118.000 33.215 30.000
v 117.500 33.369 30.000
v 117.000 33.504 30.000
v 116.500 33.622 30.000
v 116.000 33.724 30.000
v 115.500 33.809 30.000
v 115.000 33.878 30.000
v 114.500 33.931 30.000
v 114.000 33.970 30.000
v 113.500 33.992 30.000
v 113.000 34.000 30.000
v 112.500 33.992 30.000
v 112.000 33.970 30.000
v 111.500 33.931 30.000
v 111.000 33.878 30.000
v 110.500 33.809 30.000
v 110.000 33.724 30.000
v 109.500 33.622 30.000
v 109.000 33.504 30.000
v 108.500 33.369 30.000
v 108.000 33.215 30.000
v 107.500 33.043 30.000
v 107.000 32.852 30.000
v 106.500 32.640 30.000
v 106.000 32.406 30.000
v 105.500 32.148 30.000
v 105.000 31.866 30.000
v 104.500 31.556 30.000
v 104.000 31.215 30.000
v 103.500 30.841 30.000
v 103.000 30.428 30.000
v 102.500 29.971 30.000
v 102.000 29.461 30.000
v 101.500 28.887 30.000
v 101.000 28.229 30.000
v 100.500 27.459 30.000
v 100.000 26.517 30.000
v 99.500 25.252 30.000
v 99.000 22.100 30.000
v 99.000 50.000 30.000
v 127.000 50.000 30.000
usemtl m_D8CCB0
f 2058 2059 2060 2061 2062 2063 2064 2065 2066 2067 2068 2069 2070 2071 2072 2073 2074 2075 2076 2077 2078 2079 2080 2081 2082 2083 2084 2085 2086 2087 2088 2089 2090 2091 2092 2093 2094 2095 2096 2097 2098 2099 2100 2101 2102 2103 2104 2105 2106 2107 2108 2109 2110 2111 2112 2113 2114 2115 2116
o cutaway_storage_annex_cut
v 52.000 0.000 -252.000
v 52.000 16.000 -252.000
v 52.000 0.000 -282.000
v 52.000 16.000 -282.000
v 122.000 0.000 -252.000
v 122.000 16.000 -252.000
v 122.000 0.000 -282.000
v 122.000 16.000 -282.000
usemtl m_D6D6D6
f 2118 2122 2124 2120
usemtl m_D6D6D6
f 2117 2119 2123 2121
usemtl m_D6D6D6
f 2117 2121 2122 2118
usemtl m_D6D6D6
f 2123 2119 2120 2124
usemtl m_D6D6D6
f 2119 2117 2118 2120
usemtl m_D6D6D6
f 2121 2123 2124 2122
o cutaway_restroom_bumpout_cut
v 210.000 0.000 -119.090
v 210.000 16.000 -119.090
v 210.000 0.000 -175.090
v 210.000 16.000 -175.090
v 240.000 0.000 -119.090
v 240.000 16.000 -119.090
v 240.000 0.000 -175.090
v 240.000 16.000 -175.090
usemtl m_D6D6D6
f 2126 2130 2132 2128
usemtl m_D6D6D6
f 2125 2127 2131 2129
usemtl m_D6D6D6
f 2125 2129 2130 2126
usemtl m_D6D6D6
f 2131 2127 2128 2132
usemtl m_D6D6D6
f 2127 2125 2126 2128
usemtl m_D6D6D6
f 2129 2131 2132 2130
o cutaway_ring_cut_0
v 56.000 0.000 -0.000
v 56.000 0.000 -252.000
v 56.000 17.750 -252.000
v 56.000 17.750 -0.000
usemtl m_D6D6D6
f 2133 2134 2135 2136
v 56.000 0.000 -252.000
v 20.000 0.000 -252.000
v 20.000 17.750 -252.000
v 56.000 17.750 -252.000
usemtl m_D6D6D6
f 2137 2138 2139 2140
v 20.000 0.000 -252.000
v 18.692 0.000 -251.957
v 18.692 17.750 -251.957
v 20.000 17.750 -252.000
usemtl m_D6D6D6
f 2141 2142 2143 2144
v 18.692 0.000 -251.957
v 17.389 0.000 -251.829
v 17.389 17.750 -251.829
v 18.692 17.750 -251.957
usemtl m_D6D6D6
f 2145 2146 2147 2148
v 17.389 0.000 -251.829
v 16.098 0.000 -251.616
v 16.098 17.750 -251.616
v 17.389 17.750 -251.829
usemtl m_D6D6D6
f 2149 2150 2151 2152
v 16.098 0.000 -251.616
v 14.824 0.000 -251.319
v 14.824 17.750 -251.319
v 16.098 17.750 -251.616
usemtl m_D6D6D6
f 2153 2154 2155 2156
v 14.824 0.000 -251.319
v 13.571 0.000 -250.939
v 13.571 17.750 -250.939
v 14.824 17.750 -251.319
usemtl m_D6D6D6
f 2157 2158 2159 2160
v 13.571 0.000 -250.939
v 12.346 0.000 -250.478
v 12.346 17.750 -250.478
v 13.571 17.750 -250.939
usemtl m_D6D6D6
f 2161 2162 2163 2164
v 12.346 0.000 -250.478
v 11.154 0.000 -249.937
v 11.154 17.750 -249.937
v 12.346 17.750 -250.478
usemtl m_D6D6D6
f 2165 2166 2167 2168
v 11.154 0.000 -249.937
v 10.000 0.000 -249.321
v 10.000 17.750 -249.321
v 11.154 17.750 -249.937
usemtl m_D6D6D6
f 2169 2170 2171 2172
v 10.000 0.000 -249.321
v 8.889 0.000 -248.629
v 8.889 17.750 -248.629
v 10.000 17.750 -249.321
usemtl m_D6D6D6
f 2173 2174 2175 2176
v 8.889 0.000 -248.629
v 7.825 0.000 -247.867
v 7.825 17.750 -247.867
v 8.889 17.750 -248.629
usemtl m_D6D6D6
f 2177 2178 2179 2180
v 7.825 0.000 -247.867
v 6.813 0.000 -247.037
v 6.813 17.750 -247.037
v 7.825 17.750 -247.867
usemtl m_D6D6D6
f 2181 2182 2183 2184
v 6.813 0.000 -247.037
v 5.858 0.000 -246.142
v 5.858 17.750 -246.142
v 6.813 17.750 -247.037
usemtl m_D6D6D6
f 2185 2186 2187 2188
v 5.858 0.000 -246.142
v 4.963 0.000 -245.187
v 4.963 17.750 -245.187
v 5.858 17.750 -246.142
usemtl m_D6D6D6
f 2189 2190 2191 2192
v 4.963 0.000 -245.187
v 4.133 0.000 -244.175
v 4.133 17.750 -244.175
v 4.963 17.750 -245.187
usemtl m_D6D6D6
f 2193 2194 2195 2196
v 4.133 0.000 -244.175
v 3.371 0.000 -243.111
v 3.371 17.750 -243.111
v 4.133 17.750 -244.175
usemtl m_D6D6D6
f 2197 2198 2199 2200
v 3.371 0.000 -243.111
v 2.679 0.000 -242.000
v 2.679 17.750 -242.000
v 3.371 17.750 -243.111
usemtl m_D6D6D6
f 2201 2202 2203 2204
v 2.679 0.000 -242.000
v 2.063 0.000 -240.846
v 2.063 17.750 -240.846
v 2.679 17.750 -242.000
usemtl m_D6D6D6
f 2205 2206 2207 2208
v 2.063 0.000 -240.846
v 1.522 0.000 -239.654
v 1.522 17.750 -239.654
v 2.063 17.750 -240.846
usemtl m_D6D6D6
f 2209 2210 2211 2212
v 1.522 0.000 -239.654
v 1.061 0.000 -238.429
v 1.061 17.750 -238.429
v 1.522 17.750 -239.654
usemtl m_D6D6D6
f 2213 2214 2215 2216
v 1.061 0.000 -238.429
v 0.681 0.000 -237.176
v 0.681 17.750 -237.176
v 1.061 17.750 -238.429
usemtl m_D6D6D6
f 2217 2218 2219 2220
v 0.681 0.000 -237.176
v 0.384 0.000 -235.902
v 0.384 17.750 -235.902
v 0.681 17.750 -237.176
usemtl m_D6D6D6
f 2221 2222 2223 2224
v 0.384 0.000 -235.902
v 0.171 0.000 -234.611
v 0.171 17.750 -234.611
v 0.384 17.750 -235.902
usemtl m_D6D6D6
f 2225 2226 2227 2228
v 0.171 0.000 -234.611
v 0.043 0.000 -233.308
v 0.043 17.750 -233.308
v 0.171 17.750 -234.611
usemtl m_D6D6D6
f 2229 2230 2231 2232
v 0.043 0.000 -233.308
v 0.000 0.000 -232.000
v 0.000 17.750 -232.000
v 0.043 17.750 -233.308
usemtl m_D6D6D6
f 2233 2234 2235 2236
v 0.000 0.000 -232.000
v 0.000 0.000 -20.000
v 0.000 17.750 -20.000
v 0.000 17.750 -232.000
usemtl m_D6D6D6
f 2237 2238 2239 2240
v 0.000 0.000 -20.000
v 0.043 0.000 -18.692
v 0.043 17.750 -18.692
v 0.000 17.750 -20.000
usemtl m_D6D6D6
f 2241 2242 2243 2244
v 0.043 0.000 -18.692
v 0.171 0.000 -17.389
v 0.171 17.750 -17.389
v 0.043 17.750 -18.692
usemtl m_D6D6D6
f 2245 2246 2247 2248
v 0.171 0.000 -17.389
v 0.384 0.000 -16.098
v 0.384 17.750 -16.098
v 0.171 17.750 -17.389
usemtl m_D6D6D6
f 2249 2250 2251 2252
v 0.384 0.000 -16.098
v 0.681 0.000 -14.824
v 0.681 17.750 -14.824
v 0.384 17.750 -16.098
usemtl m_D6D6D6
f 2253 2254 2255 2256
v 0.681 0.000 -14.824
v 1.061 0.000 -13.571
v 1.061 17.750 -13.571
v 0.681 17.750 -14.824
usemtl m_D6D6D6
f 2257 2258 2259 2260
v 1.061 0.000 -13.571
v 1.522 0.000 -12.346
v 1.522 17.750 -12.346
v 1.061 17.750 -13.571
usemtl m_D6D6D6
f 2261 2262 2263 2264
v 1.522 0.000 -12.346
v 2.063 0.000 -11.154
v 2.063 17.750 -11.154
v 1.522 17.750 -12.346
usemtl m_D6D6D6
f 2265 2266 2267 2268
v 2.063 0.000 -11.154
v 2.679 0.000 -10.000
v 2.679 17.750 -10.000
v 2.063 17.750 -11.154
usemtl m_D6D6D6
f 2269 2270 2271 2272
v 2.679 0.000 -10.000
v 3.371 0.000 -8.889
v 3.371 17.750 -8.889
v 2.679 17.750 -10.000
usemtl m_D6D6D6
f 2273 2274 2275 2276
v 3.371 0.000 -8.889
v 4.133 0.000 -7.825
v 4.133 17.750 -7.825
v 3.371 17.750 -8.889
usemtl m_D6D6D6
f 2277 2278 2279 2280
v 4.133 0.000 -7.825
v 4.963 0.000 -6.813
v 4.963 17.750 -6.813
v 4.133 17.750 -7.825
usemtl m_D6D6D6
f 2281 2282 2283 2284
v 4.963 0.000 -6.813
v 5.858 0.000 -5.858
v 5.858 17.750 -5.858
v 4.963 17.750 -6.813
usemtl m_D6D6D6
f 2285 2286 2287 2288
v 5.858 0.000 -5.858
v 6.813 0.000 -4.963
v 6.813 17.750 -4.963
v 5.858 17.750 -5.858
usemtl m_D6D6D6
f 2289 2290 2291 2292
v 6.813 0.000 -4.963
v 7.825 0.000 -4.133
v 7.825 17.750 -4.133
v 6.813 17.750 -4.963
usemtl m_D6D6D6
f 2293 2294 2295 2296
v 7.825 0.000 -4.133
v 8.889 0.000 -3.371
v 8.889 17.750 -3.371
v 7.825 17.750 -4.133
usemtl m_D6D6D6
f 2297 2298 2299 2300
v 8.889 0.000 -3.371
v 10.000 0.000 -2.679
v 10.000 17.750 -2.679
v 8.889 17.750 -3.371
usemtl m_D6D6D6
f 2301 2302 2303 2304
v 10.000 0.000 -2.679
v 11.154 0.000 -2.063
v 11.154 17.750 -2.063
v 10.000 17.750 -2.679
usemtl m_D6D6D6
f 2305 2306 2307 2308
v 11.154 0.000 -2.063
v 12.346 0.000 -1.522
v 12.346 17.750 -1.522
v 11.154 17.750 -2.063
usemtl m_D6D6D6
f 2309 2310 2311 2312
v 12.346 0.000 -1.522
v 13.571 0.000 -1.061
v 13.571 17.750 -1.061
v 12.346 17.750 -1.522
usemtl m_D6D6D6
f 2313 2314 2315 2316
v 13.571 0.000 -1.061
v 14.824 0.000 -0.681
v 14.824 17.750 -0.681
v 13.571 17.750 -1.061
usemtl m_D6D6D6
f 2317 2318 2319 2320
v 14.824 0.000 -0.681
v 16.098 0.000 -0.384
v 16.098 17.750 -0.384
v 14.824 17.750 -0.681
usemtl m_D6D6D6
f 2321 2322 2323 2324
v 16.098 0.000 -0.384
v 17.389 0.000 -0.171
v 17.389 17.750 -0.171
v 16.098 17.750 -0.384
usemtl m_D6D6D6
f 2325 2326 2327 2328
v 17.389 0.000 -0.171
v 18.692 0.000 -0.043
v 18.692 17.750 -0.043
v 17.389 17.750 -0.171
usemtl m_D6D6D6
f 2329 2330 2331 2332
v 18.692 0.000 -0.043
v 20.000 0.000 -0.000
v 20.000 17.750 -0.000
v 18.692 17.750 -0.043
usemtl m_D6D6D6
f 2333 2334 2335 2336
v 20.000 0.000 -0.000
v 56.000 0.000 -0.000
v 56.000 17.750 -0.000
v 20.000 17.750 -0.000
usemtl m_D6D6D6
f 2337 2338 2339 2340
v 56.000 17.750 -0.000
v 56.000 17.750 -252.000
v 20.000 17.750 -252.000
v 18.692 17.750 -251.957
v 17.389 17.750 -251.829
v 16.098 17.750 -251.616
v 14.824 17.750 -251.319
v 13.571 17.750 -250.939
v 12.346 17.750 -250.478
v 11.154 17.750 -249.937
v 10.000 17.750 -249.321
v 8.889 17.750 -248.629
v 7.825 17.750 -247.867
v 6.813 17.750 -247.037
v 5.858 17.750 -246.142
v 4.963 17.750 -245.187
v 4.133 17.750 -244.175
v 3.371 17.750 -243.111
v 2.679 17.750 -242.000
v 2.063 17.750 -240.846
v 1.522 17.750 -239.654
v 1.061 17.750 -238.429
v 0.681 17.750 -237.176
v 0.384 17.750 -235.902
v 0.171 17.750 -234.611
v 0.043 17.750 -233.308
v 0.000 17.750 -232.000
v 0.000 17.750 -20.000
v 0.043 17.750 -18.692
v 0.171 17.750 -17.389
v 0.384 17.750 -16.098
v 0.681 17.750 -14.824
v 1.061 17.750 -13.571
v 1.522 17.750 -12.346
v 2.063 17.750 -11.154
v 2.679 17.750 -10.000
v 3.371 17.750 -8.889
v 4.133 17.750 -7.825
v 4.963 17.750 -6.813
v 5.858 17.750 -5.858
v 6.813 17.750 -4.963
v 7.825 17.750 -4.133
v 8.889 17.750 -3.371
v 10.000 17.750 -2.679
v 11.154 17.750 -2.063
v 12.346 17.750 -1.522
v 13.571 17.750 -1.061
v 14.824 17.750 -0.681
v 16.098 17.750 -0.384
v 17.389 17.750 -0.171
v 18.692 17.750 -0.043
v 20.000 17.750 -0.000
usemtl m_D6D6D6
f 2341 2342 2343 2344 2345 2346 2347 2348 2349 2350 2351 2352 2353 2354 2355 2356 2357 2358 2359 2360 2361 2362 2363 2364 2365 2366 2367 2368 2369 2370 2371 2372 2373 2374 2375 2376 2377 2378 2379 2380 2381 2382 2383 2384 2385 2386 2387 2388 2389 2390 2391 2392
v 20.000 0.000 -0.000
v 18.692 0.000 -0.043
v 17.389 0.000 -0.171
v 16.098 0.000 -0.384
v 14.824 0.000 -0.681
v 13.571 0.000 -1.061
v 12.346 0.000 -1.522
v 11.154 0.000 -2.063
v 10.000 0.000 -2.679
v 8.889 0.000 -3.371
v 7.825 0.000 -4.133
v 6.813 0.000 -4.963
v 5.858 0.000 -5.858
v 4.963 0.000 -6.813
v 4.133 0.000 -7.825
v 3.371 0.000 -8.889
v 2.679 0.000 -10.000
v 2.063 0.000 -11.154
v 1.522 0.000 -12.346
v 1.061 0.000 -13.571
v 0.681 0.000 -14.824
v 0.384 0.000 -16.098
v 0.171 0.000 -17.389
v 0.043 0.000 -18.692
v 0.000 0.000 -20.000
v 0.000 0.000 -232.000
v 0.043 0.000 -233.308
v 0.171 0.000 -234.611
v 0.384 0.000 -235.902
v 0.681 0.000 -237.176
v 1.061 0.000 -238.429
v 1.522 0.000 -239.654
v 2.063 0.000 -240.846
v 2.679 0.000 -242.000
v 3.371 0.000 -243.111
v 4.133 0.000 -244.175
v 4.963 0.000 -245.187
v 5.858 0.000 -246.142
v 6.813 0.000 -247.037
v 7.825 0.000 -247.867
v 8.889 0.000 -248.629
v 10.000 0.000 -249.321
v 11.154 0.000 -249.937
v 12.346 0.000 -250.478
v 13.571 0.000 -250.939
v 14.824 0.000 -251.319
v 16.098 0.000 -251.616
v 17.389 0.000 -251.829
v 18.692 0.000 -251.957
v 20.000 0.000 -252.000
v 56.000 0.000 -252.000
v 56.000 0.000 -0.000
usemtl m_D6D6D6
f 2393 2394 2395 2396 2397 2398 2399 2400 2401 2402 2403 2404 2405 2406 2407 2408 2409 2410 2411 2412 2413 2414 2415 2416 2417 2418 2419 2420 2421 2422 2423 2424 2425 2426 2427 2428 2429 2430 2431 2432 2433 2434 2435 2436 2437 2438 2439 2440 2441 2442 2443 2444
o cutaway_ring_cut_1
v 190.000 0.000 -252.000
v 56.000 0.000 -252.000
v 56.000 17.750 -252.000
v 190.000 17.750 -252.000
usemtl m_D6D6D6
f 2445 2446 2447 2448
v 56.000 0.000 -252.000
v 56.000 0.000 -239.000
v 56.000 17.750 -239.000
v 56.000 17.750 -252.000
usemtl m_D6D6D6
f 2449 2450 2451 2452
v 56.000 0.000 -239.000
v 208.724 0.000 -239.000
v 208.724 17.750 -239.000
v 56.000 17.750 -239.000
usemtl m_D6D6D6
f 2453 2454 2455 2456
v 208.724 0.000 -239.000
v 208.478 0.000 -239.654
v 208.478 17.750 -239.654
v 208.724 17.750 -239.000
usemtl m_D6D6D6
f 2457 2458 2459 2460
v 208.478 0.000 -239.654
v 207.937 0.000 -240.846
v 207.937 17.750 -240.846
v 208.478 17.750 -239.654
usemtl m_D6D6D6
f 2461 2462 2463 2464
v 207.937 0.000 -240.846
v 207.321 0.000 -242.000
v 207.321 17.750 -242.000
v 207.937 17.750 -240.846
usemtl m_D6D6D6
f 2465 2466 2467 2468
v 207.321 0.000 -242.000
v 206.629 0.000 -243.111
v 206.629 17.750 -243.111
v 207.321 17.750 -242.000
usemtl m_D6D6D6
f 2469 2470 2471 2472
v 206.629 0.000 -243.111
v 205.867 0.000 -244.175
v 205.867 17.750 -244.175
v 206.629 17.750 -243.111
usemtl m_D6D6D6
f 2473 2474 2475 2476
v 205.867 0.000 -244.175
v 205.037 0.000 -245.187
v 205.037 17.750 -245.187
v 205.867 17.750 -244.175
usemtl m_D6D6D6
f 2477 2478 2479 2480
v 205.037 0.000 -245.187
v 204.142 0.000 -246.142
v 204.142 17.750 -246.142
v 205.037 17.750 -245.187
usemtl m_D6D6D6
f 2481 2482 2483 2484
v 204.142 0.000 -246.142
v 203.187 0.000 -247.037
v 203.187 17.750 -247.037
v 204.142 17.750 -246.142
usemtl m_D6D6D6
f 2485 2486 2487 2488
v 203.187 0.000 -247.037
v 202.175 0.000 -247.867
v 202.175 17.750 -247.867
v 203.187 17.750 -247.037
usemtl m_D6D6D6
f 2489 2490 2491 2492
v 202.175 0.000 -247.867
v 201.111 0.000 -248.629
v 201.111 17.750 -248.629
v 202.175 17.750 -247.867
usemtl m_D6D6D6
f 2493 2494 2495 2496
v 201.111 0.000 -248.629
v 200.000 0.000 -249.321
v 200.000 17.750 -249.321
v 201.111 17.750 -248.629
usemtl m_D6D6D6
f 2497 2498 2499 2500
v 200.000 0.000 -249.321
v 198.846 0.000 -249.937
v 198.846 17.750 -249.937
v 200.000 17.750 -249.321
usemtl m_D6D6D6
f 2501 2502 2503 2504
v 198.846 0.000 -249.937
v 197.654 0.000 -250.478
v 197.654 17.750 -250.478
v 198.846 17.750 -249.937
usemtl m_D6D6D6
f 2505 2506 2507 2508
v 197.654 0.000 -250.478
v 196.429 0.000 -250.939
v 196.429 17.750 -250.939
v 197.654 17.750 -250.478
usemtl m_D6D6D6
f 2509 2510 2511 2512
v 196.429 0.000 -250.939
v 195.176 0.000 -251.319
v 195.176 17.750 -251.319
v 196.429 17.750 -250.939
usemtl m_D6D6D6
f 2513 2514 2515 2516
v 195.176 0.000 -251.319
v 193.902 0.000 -251.616
v 193.902 17.750 -251.616
v 195.176 17.750 -251.319
usemtl m_D6D6D6
f 2517 2518 2519 2520
v 193.902 0.000 -251.616
v 192.611 0.000 -251.829
v 192.611 17.750 -251.829
v 193.902 17.750 -251.616
usemtl m_D6D6D6
f 2521 2522 2523 2524
v 192.611 0.000 -251.829
v 191.308 0.000 -251.957
v 191.308 17.750 -251.957
v 192.611 17.750 -251.829
usemtl m_D6D6D6
f 2525 2526 2527 2528
v 191.308 0.000 -251.957
v 190.000 0.000 -252.000
v 190.000 17.750 -252.000
v 191.308 17.750 -251.957
usemtl m_D6D6D6
f 2529 2530 2531 2532
v 190.000 17.750 -252.000
v 56.000 17.750 -252.000
v 56.000 17.750 -239.000
v 208.724 17.750 -239.000
v 208.478 17.750 -239.654
v 207.937 17.750 -240.846
v 207.321 17.750 -242.000
v 206.629 17.750 -243.111
v 205.867 17.750 -244.175
v 205.037 17.750 -245.187
v 204.142 17.750 -246.142
v 203.187 17.750 -247.037
v 202.175 17.750 -247.867
v 201.111 17.750 -248.629
v 200.000 17.750 -249.321
v 198.846 17.750 -249.937
v 197.654 17.750 -250.478
v 196.429 17.750 -250.939
v 195.176 17.750 -251.319
v 193.902 17.750 -251.616
v 192.611 17.750 -251.829
v 191.308 17.750 -251.957
usemtl m_D6D6D6
f 2533 2534 2535 2536 2537 2538 2539 2540 2541 2542 2543 2544 2545 2546 2547 2548 2549 2550 2551 2552 2553 2554
v 191.308 0.000 -251.957
v 192.611 0.000 -251.829
v 193.902 0.000 -251.616
v 195.176 0.000 -251.319
v 196.429 0.000 -250.939
v 197.654 0.000 -250.478
v 198.846 0.000 -249.937
v 200.000 0.000 -249.321
v 201.111 0.000 -248.629
v 202.175 0.000 -247.867
v 203.187 0.000 -247.037
v 204.142 0.000 -246.142
v 205.037 0.000 -245.187
v 205.867 0.000 -244.175
v 206.629 0.000 -243.111
v 207.321 0.000 -242.000
v 207.937 0.000 -240.846
v 208.478 0.000 -239.654
v 208.724 0.000 -239.000
v 56.000 0.000 -239.000
v 56.000 0.000 -252.000
v 190.000 0.000 -252.000
usemtl m_D6D6D6
f 2555 2556 2557 2558 2559 2560 2561 2562 2563 2564 2565 2566 2567 2568 2569 2570 2571 2572 2573 2574 2575 2576
o cutaway_ring_cut_2
v 210.000 0.000 -20.000
v 210.000 0.000 -232.000
v 210.000 17.750 -232.000
v 210.000 17.750 -20.000
usemtl m_D6D6D6
f 2577 2578 2579 2580
v 210.000 0.000 -232.000
v 209.957 0.000 -233.308
v 209.957 17.750 -233.308
v 210.000 17.750 -232.000
usemtl m_D6D6D6
f 2581 2582 2583 2584
v 209.957 0.000 -233.308
v 209.829 0.000 -234.611
v 209.829 17.750 -234.611
v 209.957 17.750 -233.308
usemtl m_D6D6D6
f 2585 2586 2587 2588
v 209.829 0.000 -234.611
v 209.616 0.000 -235.902
v 209.616 17.750 -235.902
v 209.829 17.750 -234.611
usemtl m_D6D6D6
f 2589 2590 2591 2592
v 209.616 0.000 -235.902
v 209.319 0.000 -237.176
v 209.319 17.750 -237.176
v 209.616 17.750 -235.902
usemtl m_D6D6D6
f 2593 2594 2595 2596
v 209.319 0.000 -237.176
v 208.939 0.000 -238.429
v 208.939 17.750 -238.429
v 209.319 17.750 -237.176
usemtl m_D6D6D6
f 2597 2598 2599 2600
v 208.939 0.000 -238.429
v 208.724 0.000 -239.000
v 208.724 17.750 -239.000
v 208.939 17.750 -238.429
usemtl m_D6D6D6
f 2601 2602 2603 2604
v 208.724 0.000 -239.000
v 203.000 0.000 -239.000
v 203.000 17.750 -239.000
v 208.724 17.750 -239.000
usemtl m_D6D6D6
f 2605 2606 2607 2608
v 203.000 0.000 -239.000
v 203.000 0.000 -4.810
v 203.000 17.750 -4.810
v 203.000 17.750 -239.000
usemtl m_D6D6D6
f 2609 2610 2611 2612
v 203.000 0.000 -4.810
v 203.187 0.000 -4.963
v 203.187 17.750 -4.963
v 203.000 17.750 -4.810
usemtl m_D6D6D6
f 2613 2614 2615 2616
v 203.187 0.000 -4.963
v 204.142 0.000 -5.858
v 204.142 17.750 -5.858
v 203.187 17.750 -4.963
usemtl m_D6D6D6
f 2617 2618 2619 2620
v 204.142 0.000 -5.858
v 205.037 0.000 -6.813
v 205.037 17.750 -6.813
v 204.142 17.750 -5.858
usemtl m_D6D6D6
f 2621 2622 2623 2624
v 205.037 0.000 -6.813
v 205.867 0.000 -7.825
v 205.867 17.750 -7.825
v 205.037 17.750 -6.813
usemtl m_D6D6D6
f 2625 2626 2627 2628
v 205.867 0.000 -7.825
v 206.629 0.000 -8.889
v 206.629 17.750 -8.889
v 205.867 17.750 -7.825
usemtl m_D6D6D6
f 2629 2630 2631 2632
v 206.629 0.000 -8.889
v 207.321 0.000 -10.000
v 207.321 17.750 -10.000
v 206.629 17.750 -8.889
usemtl m_D6D6D6
f 2633 2634 2635 2636
v 207.321 0.000 -10.000
v 207.937 0.000 -11.154
v 207.937 17.750 -11.154
v 207.321 17.750 -10.000
usemtl m_D6D6D6
f 2637 2638 2639 2640
v 207.937 0.000 -11.154
v 208.478 0.000 -12.346
v 208.478 17.750 -12.346
v 207.937 17.750 -11.154
usemtl m_D6D6D6
f 2641 2642 2643 2644
v 208.478 0.000 -12.346
v 208.939 0.000 -13.571
v 208.939 17.750 -13.571
v 208.478 17.750 -12.346
usemtl m_D6D6D6
f 2645 2646 2647 2648
v 208.939 0.000 -13.571
v 209.319 0.000 -14.824
v 209.319 17.750 -14.824
v 208.939 17.750 -13.571
usemtl m_D6D6D6
f 2649 2650 2651 2652
v 209.319 0.000 -14.824
v 209.616 0.000 -16.098
v 209.616 17.750 -16.098
v 209.319 17.750 -14.824
usemtl m_D6D6D6
f 2653 2654 2655 2656
v 209.616 0.000 -16.098
v 209.829 0.000 -17.389
v 209.829 17.750 -17.389
v 209.616 17.750 -16.098
usemtl m_D6D6D6
f 2657 2658 2659 2660
v 209.829 0.000 -17.389
v 209.957 0.000 -18.692
v 209.957 17.750 -18.692
v 209.829 17.750 -17.389
usemtl m_D6D6D6
f 2661 2662 2663 2664
v 209.957 0.000 -18.692
v 210.000 0.000 -20.000
v 210.000 17.750 -20.000
v 209.957 17.750 -18.692
usemtl m_D6D6D6
f 2665 2666 2667 2668
v 210.000 17.750 -20.000
v 210.000 17.750 -232.000
v 209.957 17.750 -233.308
v 209.829 17.750 -234.611
v 209.616 17.750 -235.902
v 209.319 17.750 -237.176
v 208.939 17.750 -238.429
v 208.724 17.750 -239.000
v 203.000 17.750 -239.000
v 203.000 17.750 -4.810
v 203.187 17.750 -4.963
v 204.142 17.750 -5.858
v 205.037 17.750 -6.813
v 205.867 17.750 -7.825
v 206.629 17.750 -8.889
v 207.321 17.750 -10.000
v 207.937 17.750 -11.154
v 208.478 17.750 -12.346
v 208.939 17.750 -13.571
v 209.319 17.750 -14.824
v 209.616 17.750 -16.098
v 209.829 17.750 -17.389
v 209.957 17.750 -18.692
usemtl m_D6D6D6
f 2669 2670 2671 2672 2673 2674 2675 2676 2677 2678 2679 2680 2681 2682 2683 2684 2685 2686 2687 2688 2689 2690 2691
v 209.957 0.000 -18.692
v 209.829 0.000 -17.389
v 209.616 0.000 -16.098
v 209.319 0.000 -14.824
v 208.939 0.000 -13.571
v 208.478 0.000 -12.346
v 207.937 0.000 -11.154
v 207.321 0.000 -10.000
v 206.629 0.000 -8.889
v 205.867 0.000 -7.825
v 205.037 0.000 -6.813
v 204.142 0.000 -5.858
v 203.187 0.000 -4.963
v 203.000 0.000 -4.810
v 203.000 0.000 -239.000
v 208.724 0.000 -239.000
v 208.939 0.000 -238.429
v 209.319 0.000 -237.176
v 209.616 0.000 -235.902
v 209.829 0.000 -234.611
v 209.957 0.000 -233.308
v 210.000 0.000 -232.000
v 210.000 0.000 -20.000
usemtl m_D6D6D6
f 2692 2693 2694 2695 2696 2697 2698 2699 2700 2701 2702 2703 2704 2705 2706 2707 2708 2709 2710 2711 2712 2713 2714
o cutaway_ring_cut_3
v 56.000 0.000 -41.000
v 56.000 0.000 -0.000
v 56.000 17.750 -0.000
v 56.000 17.750 -41.000
usemtl m_D6D6D6
f 2715 2716 2717 2718
v 56.000 0.000 -0.000
v 84.000 0.000 -0.000
v 84.000 17.750 -0.000
v 56.000 17.750 -0.000
usemtl m_D6D6D6
f 2719 2720 2721 2722
v 84.000 0.000 -0.000
v 84.000 0.000 -41.000
v 84.000 17.750 -41.000
v 84.000 17.750 -0.000
usemtl m_D6D6D6
f 2723 2724 2725 2726
v 84.000 0.000 -41.000
v 56.000 0.000 -41.000
v 56.000 17.750 -41.000
v 84.000 17.750 -41.000
usemtl m_D6D6D6
f 2727 2728 2729 2730
v 56.000 17.750 -41.000
v 56.000 17.750 -0.000
v 84.000 17.750 -0.000
v 84.000 17.750 -41.000
usemtl m_D6D6D6
f 2731 2732 2733 2734
v 84.000 0.000 -41.000
v 84.000 0.000 -0.000
v 56.000 0.000 -0.000
v 56.000 0.000 -41.000
usemtl m_D6D6D6
f 2735 2736 2737 2738
o cutaway_ring_cut_4
v 142.000 0.000 -41.000
v 142.000 0.000 -0.000
v 142.000 17.750 -0.000
v 142.000 17.750 -41.000
usemtl m_D6D6D6
f 2739 2740 2741 2742
v 142.000 0.000 -0.000
v 190.000 0.000 -0.000
v 190.000 17.750 -0.000
v 142.000 17.750 -0.000
usemtl m_D6D6D6
f 2743 2744 2745 2746
v 190.000 0.000 -0.000
v 191.308 0.000 -0.043
v 191.308 17.750 -0.043
v 190.000 17.750 -0.000
usemtl m_D6D6D6
f 2747 2748 2749 2750
v 191.308 0.000 -0.043
v 192.611 0.000 -0.171
v 192.611 17.750 -0.171
v 191.308 17.750 -0.043
usemtl m_D6D6D6
f 2751 2752 2753 2754
v 192.611 0.000 -0.171
v 193.902 0.000 -0.384
v 193.902 17.750 -0.384
v 192.611 17.750 -0.171
usemtl m_D6D6D6
f 2755 2756 2757 2758
v 193.902 0.000 -0.384
v 195.176 0.000 -0.681
v 195.176 17.750 -0.681
v 193.902 17.750 -0.384
usemtl m_D6D6D6
f 2759 2760 2761 2762
v 195.176 0.000 -0.681
v 196.429 0.000 -1.061
v 196.429 17.750 -1.061
v 195.176 17.750 -0.681
usemtl m_D6D6D6
f 2763 2764 2765 2766
v 196.429 0.000 -1.061
v 197.654 0.000 -1.522
v 197.654 17.750 -1.522
v 196.429 17.750 -1.061
usemtl m_D6D6D6
f 2767 2768 2769 2770
v 197.654 0.000 -1.522
v 198.846 0.000 -2.063
v 198.846 17.750 -2.063
v 197.654 17.750 -1.522
usemtl m_D6D6D6
f 2771 2772 2773 2774
v 198.846 0.000 -2.063
v 200.000 0.000 -2.679
v 200.000 17.750 -2.679
v 198.846 17.750 -2.063
usemtl m_D6D6D6
f 2775 2776 2777 2778
v 200.000 0.000 -2.679
v 201.111 0.000 -3.371
v 201.111 17.750 -3.371
v 200.000 17.750 -2.679
usemtl m_D6D6D6
f 2779 2780 2781 2782
v 201.111 0.000 -3.371
v 202.175 0.000 -4.133
v 202.175 17.750 -4.133
v 201.111 17.750 -3.371
usemtl m_D6D6D6
f 2783 2784 2785 2786
v 202.175 0.000 -4.133
v 203.000 0.000 -4.810
v 203.000 17.750 -4.810
v 202.175 17.750 -4.133
usemtl m_D6D6D6
f 2787 2788 2789 2790
v 203.000 0.000 -4.810
v 203.000 0.000 -41.000
v 203.000 17.750 -41.000
v 203.000 17.750 -4.810
usemtl m_D6D6D6
f 2791 2792 2793 2794
v 203.000 0.000 -41.000
v 142.000 0.000 -41.000
v 142.000 17.750 -41.000
v 203.000 17.750 -41.000
usemtl m_D6D6D6
f 2795 2796 2797 2798
v 142.000 17.750 -41.000
v 142.000 17.750 -0.000
v 190.000 17.750 -0.000
v 191.308 17.750 -0.043
v 192.611 17.750 -0.171
v 193.902 17.750 -0.384
v 195.176 17.750 -0.681
v 196.429 17.750 -1.061
v 197.654 17.750 -1.522
v 198.846 17.750 -2.063
v 200.000 17.750 -2.679
v 201.111 17.750 -3.371
v 202.175 17.750 -4.133
v 203.000 17.750 -4.810
v 203.000 17.750 -41.000
usemtl m_D6D6D6
f 2799 2800 2801 2802 2803 2804 2805 2806 2807 2808 2809 2810 2811 2812 2813
v 203.000 0.000 -41.000
v 203.000 0.000 -4.810
v 202.175 0.000 -4.133
v 201.111 0.000 -3.371
v 200.000 0.000 -2.679
v 198.846 0.000 -2.063
v 197.654 0.000 -1.522
v 196.429 0.000 -1.061
v 195.176 0.000 -0.681
v 193.902 0.000 -0.384
v 192.611 0.000 -0.171
v 191.308 0.000 -0.043
v 190.000 0.000 -0.000
v 142.000 0.000 -0.000
v 142.000 0.000 -41.000
usemtl m_D6D6D6
f 2814 2815 2816 2817 2818 2819 2820 2821 2822 2823 2824 2825 2826 2827 2828
o cutaway_ring_cut_5
v 84.000 0.000 -34.000
v 142.000 0.000 -34.000
v 142.000 17.750 -34.000
v 84.000 17.750 -34.000
usemtl m_D6D6D6
f 2829 2830 2831 2832
v 142.000 0.000 -34.000
v 142.000 0.000 -41.000
v 142.000 17.750 -41.000
v 142.000 17.750 -34.000
usemtl m_D6D6D6
f 2833 2834 2835 2836
v 142.000 0.000 -41.000
v 84.000 0.000 -41.000
v 84.000 17.750 -41.000
v 142.000 17.750 -41.000
usemtl m_D6D6D6
f 2837 2838 2839 2840
v 84.000 0.000 -41.000
v 84.000 0.000 -34.000
v 84.000 17.750 -34.000
v 84.000 17.750 -41.000
usemtl m_D6D6D6
f 2841 2842 2843 2844
v 84.000 17.750 -34.000
v 142.000 17.750 -34.000
v 142.000 17.750 -41.000
v 84.000 17.750 -41.000
usemtl m_D6D6D6
f 2845 2846 2847 2848
v 84.000 0.000 -41.000
v 142.000 0.000 -41.000
v 142.000 0.000 -34.000
v 84.000 0.000 -34.000
usemtl m_D6D6D6
f 2849 2850 2851 2852
o cutaway_st2_drum_cut
v 196.995 0.000 -262.132
v 197.000 0.000 -262.500
v 197.000 17.750 -262.500
v 196.995 17.750 -262.132
usemtl m_D6D6D6
f 2853 2854 2855 2856
v 197.000 0.000 -262.500
v 196.995 0.000 -262.868
v 196.995 17.750 -262.868
v 197.000 17.750 -262.500
usemtl m_D6D6D6
f 2857 2858 2859 2860
v 196.995 0.000 -262.868
v 196.982 0.000 -263.236
v 196.982 17.750 -263.236
v 196.995 17.750 -262.868
usemtl m_D6D6D6
f 2861 2862 2863 2864
v 196.982 0.000 -263.236
v 196.959 0.000 -263.603
v 196.959 17.750 -263.603
v 196.982 17.750 -263.236
usemtl m_D6D6D6
f 2865 2866 2867 2868
v 196.959 0.000 -263.603
v 196.928 0.000 -263.970
v 196.928 17.750 -263.970
v 196.959 17.750 -263.603
usemtl m_D6D6D6
f 2869 2870 2871 2872
v 196.928 0.000 -263.970
v 196.887 0.000 -264.336
v 196.887 17.750 -264.336
v 196.928 17.750 -263.970
usemtl m_D6D6D6
f 2873 2874 2875 2876
v 196.887 0.000 -264.336
v 196.838 0.000 -264.701
v 196.838 17.750 -264.701
v 196.887 17.750 -264.336
usemtl m_D6D6D6
f 2877 2878 2879 2880
v 196.838 0.000 -264.701
v 196.779 0.000 -265.064
v 196.779 17.750 -265.064
v 196.838 17.750 -264.701
usemtl m_D6D6D6
f 2881 2882 2883 2884
v 196.779 0.000 -265.064
v 196.712 0.000 -265.426
v 196.712 17.750 -265.426
v 196.779 17.750 -265.064
usemtl m_D6D6D6
f 2885 2886 2887 2888
v 196.712 0.000 -265.426
v 196.636 0.000 -265.787
v 196.636 17.750 -265.787
v 196.712 17.750 -265.426
usemtl m_D6D6D6
f 2889 2890 2891 2892
v 196.636 0.000 -265.787
v 196.550 0.000 -266.145
v 196.550 17.750 -266.145
v 196.636 17.750 -265.787
usemtl m_D6D6D6
f 2893 2894 2895 2896
v 196.550 0.000 -266.145
v 196.457 0.000 -266.501
v 196.457 17.750 -266.501
v 196.550 17.750 -266.145
usemtl m_D6D6D6
f 2897 2898 2899 2900
v 196.457 0.000 -266.501
v 196.354 0.000 -266.854
v 196.354 17.750 -266.854
v 196.457 17.750 -266.501
usemtl m_D6D6D6
f 2901 2902 2903 2904
v 196.354 0.000 -266.854
v 196.243 0.000 -267.205
v 196.243 17.750 -267.205
v 196.354 17.750 -266.854
usemtl m_D6D6D6
f 2905 2906 2907 2908
v 196.243 0.000 -267.205
v 196.123 0.000 -267.553
v 196.123 17.750 -267.553
v 196.243 17.750 -267.205
usemtl m_D6D6D6
f 2909 2910 2911 2912
v 196.123 0.000 -267.553
v 195.995 0.000 -267.898
v 195.995 17.750 -267.898
v 196.123 17.750 -267.553
usemtl m_D6D6D6
f 2913 2914 2915 2916
v 195.995 0.000 -267.898
v 195.858 0.000 -268.240
v 195.858 17.750 -268.240
v 195.995 17.750 -267.898
usemtl m_D6D6D6
f 2917 2918 2919 2920
v 195.858 0.000 -268.240
v 195.713 0.000 -268.579
v 195.713 17.750 -268.579
v 195.858 17.750 -268.240
usemtl m_D6D6D6
f 2921 2922 2923 2924
v 195.713 0.000 -268.579
v 195.560 0.000 -268.913
v 195.560 17.750 -268.913
v 195.713 17.750 -268.579
usemtl m_D6D6D6
f 2925 2926 2927 2928
v 195.560 0.000 -268.913
v 195.398 0.000 -269.244
v 195.398 17.750 -269.244
v 195.560 17.750 -268.913
usemtl m_D6D6D6
f 2929 2930 2931 2932
v 195.398 0.000 -269.244
v 195.229 0.000 -269.571
v 195.229 17.750 -269.571
v 195.398 17.750 -269.244
usemtl m_D6D6D6
f 2933 2934 2935 2936
v 195.229 0.000 -269.571
v 195.051 0.000 -269.893
v 195.051 17.750 -269.893
v 195.229 17.750 -269.571
usemtl m_D6D6D6
f 2937 2938 2939 2940
v 195.051 0.000 -269.893
v 194.866 0.000 -270.212
v 194.866 17.750 -270.212
v 195.051 17.750 -269.893
usemtl m_D6D6D6
f 2941 2942 2943 2944
v 194.866 0.000 -270.212
v 194.673 0.000 -270.525
v 194.673 17.750 -270.525
v 194.866 17.750 -270.212
usemtl m_D6D6D6
f 2945 2946 2947 2948
v 194.673 0.000 -270.525
v 194.472 0.000 -270.834
v 194.472 17.750 -270.834
v 194.673 17.750 -270.525
usemtl m_D6D6D6
f 2949 2950 2951 2952
v 194.472 0.000 -270.834
v 194.264 0.000 -271.137
v 194.264 17.750 -271.137
v 194.472 17.750 -270.834
usemtl m_D6D6D6
f 2953 2954 2955 2956
v 194.264 0.000 -271.137
v 194.048 0.000 -271.435
v 194.048 17.750 -271.435
v 194.264 17.750 -271.137
usemtl m_D6D6D6
f 2957 2958 2959 2960
v 194.048 0.000 -271.435
v 193.825 0.000 -271.728
v 193.825 17.750 -271.728
v 194.048 17.750 -271.435
usemtl m_D6D6D6
f 2961 2962 2963 2964
v 193.825 0.000 -271.728
v 193.595 0.000 -272.016
v 193.595 17.750 -272.016
v 193.825 17.750 -271.728
usemtl m_D6D6D6
f 2965 2966 2967 2968
v 193.595 0.000 -272.016
v 193.358 0.000 -272.298
v 193.358 17.750 -272.298
v 193.595 17.750 -272.016
usemtl m_D6D6D6
f 2969 2970 2971 2972
v 193.358 0.000 -272.298
v 193.114 0.000 -272.573
v 193.114 17.750 -272.573
v 193.358 17.750 -272.298
usemtl m_D6D6D6
f 2973 2974 2975 2976
v 193.114 0.000 -272.573
v 192.864 0.000 -272.843
v 192.864 17.750 -272.843
v 193.114 17.750 -272.573
usemtl m_D6D6D6
f 2977 2978 2979 2980
v 192.864 0.000 -272.843
v 192.607 0.000 -273.107
v 192.607 17.750 -273.107
v 192.864 17.750 -272.843
usemtl m_D6D6D6
f 2981 2982 2983 2984
v 192.607 0.000 -273.107
v 192.343 0.000 -273.364
v 192.343 17.750 -273.364
v 192.607 17.750 -273.107
usemtl m_D6D6D6
f 2985 2986 2987 2988
v 192.343 0.000 -273.364
v 192.073 0.000 -273.614
v 192.073 17.750 -273.614
v 192.343 17.750 -273.364
usemtl m_D6D6D6
f 2989 2990 2991 2992
v 192.073 0.000 -273.614
v 191.798 0.000 -273.858
v 191.798 17.750 -273.858
v 192.073 17.750 -273.614
usemtl m_D6D6D6
f 2993 2994 2995 2996
v 191.798 0.000 -273.858
v 191.516 0.000 -274.095
v 191.516 17.750 -274.095
v 191.798 17.750 -273.858
usemtl m_D6D6D6
f 2997 2998 2999 3000
v 191.516 0.000 -274.095
v 191.228 0.000 -274.325
v 191.228 17.750 -274.325
v 191.516 17.750 -274.095
usemtl m_D6D6D6
f 3001 3002 3003 3004
v 191.228 0.000 -274.325
v 190.935 0.000 -274.548
v 190.935 17.750 -274.548
v 191.228 17.750 -274.325
usemtl m_D6D6D6
f 3005 3006 3007 3008
v 190.935 0.000 -274.548
v 190.637 0.000 -274.764
v 190.637 17.750 -274.764
v 190.935 17.750 -274.548
usemtl m_D6D6D6
f 3009 3010 3011 3012
v 190.637 0.000 -274.764
v 190.334 0.000 -274.972
v 190.334 17.750 -274.972
v 190.637 17.750 -274.764
usemtl m_D6D6D6
f 3013 3014 3015 3016
v 190.334 0.000 -274.972
v 190.025 0.000 -275.173
v 190.025 17.750 -275.173
v 190.334 17.750 -274.972
usemtl m_D6D6D6
f 3017 3018 3019 3020
v 190.025 0.000 -275.173
v 189.712 0.000 -275.366
v 189.712 17.750 -275.366
v 190.025 17.750 -275.173
usemtl m_D6D6D6
f 3021 3022 3023 3024
v 189.712 0.000 -275.366
v 189.393 0.000 -275.551
v 189.393 17.750 -275.551
v 189.712 17.750 -275.366
usemtl m_D6D6D6
f 3025 3026 3027 3028
v 189.393 0.000 -275.551
v 189.071 0.000 -275.729
v 189.071 17.750 -275.729
v 189.393 17.750 -275.551
usemtl m_D6D6D6
f 3029 3030 3031 3032
v 189.071 0.000 -275.729
v 188.744 0.000 -275.898
v 188.744 17.750 -275.898
v 189.071 17.750 -275.729
usemtl m_D6D6D6
f 3033 3034 3035 3036
v 188.744 0.000 -275.898
v 188.413 0.000 -276.060
v 188.413 17.750 -276.060
v 188.744 17.750 -275.898
usemtl m_D6D6D6
f 3037 3038 3039 3040
v 188.413 0.000 -276.060
v 188.079 0.000 -276.213
v 188.079 17.750 -276.213
v 188.413 17.750 -276.060
usemtl m_D6D6D6
f 3041 3042 3043 3044
v 188.079 0.000 -276.213
v 187.740 0.000 -276.358
v 187.740 17.750 -276.358
v 188.079 17.750 -276.213
usemtl m_D6D6D6
f 3045 3046 3047 3048
v 187.740 0.000 -276.358
v 187.398 0.000 -276.495
v 187.398 17.750 -276.495
v 187.740 17.750 -276.358
usemtl m_D6D6D6
f 3049 3050 3051 3052
v 187.398 0.000 -276.495
v 187.053 0.000 -276.623
v 187.053 17.750 -276.623
v 187.398 17.750 -276.495
usemtl m_D6D6D6
f 3053 3054 3055 3056
v 187.053 0.000 -276.623
v 186.705 0.000 -276.743
v 186.705 17.750 -276.743
v 187.053 17.750 -276.623
usemtl m_D6D6D6
f 3057 3058 3059 3060
v 186.705 0.000 -276.743
v 186.354 0.000 -276.854
v 186.354 17.750 -276.854
v 186.705 17.750 -276.743
usemtl m_D6D6D6
f 3061 3062 3063 3064
v 186.354 0.000 -276.854
v 186.001 0.000 -276.957
v 186.001 17.750 -276.957
v 186.354 17.750 -276.854
usemtl m_D6D6D6
f 3065 3066 3067 3068
v 186.001 0.000 -276.957
v 185.645 0.000 -277.050
v 185.645 17.750 -277.050
v 186.001 17.750 -276.957
usemtl m_D6D6D6
f 3069 3070 3071 3072
v 185.645 0.000 -277.050
v 185.287 0.000 -277.136
v 185.287 17.750 -277.136
v 185.645 17.750 -277.050
usemtl m_D6D6D6
f 3073 3074 3075 3076
v 185.287 0.000 -277.136
v 184.926 0.000 -277.212
v 184.926 17.750 -277.212
v 185.287 17.750 -277.136
usemtl m_D6D6D6
f 3077 3078 3079 3080
v 184.926 0.000 -277.212
v 184.564 0.000 -277.279
v 184.564 17.750 -277.279
v 184.926 17.750 -277.212
usemtl m_D6D6D6
f 3081 3082 3083 3084
v 184.564 0.000 -277.279
v 184.201 0.000 -277.338
v 184.201 17.750 -277.338
v 184.564 17.750 -277.279
usemtl m_D6D6D6
f 3085 3086 3087 3088
v 184.201 0.000 -277.338
v 183.836 0.000 -277.387
v 183.836 17.750 -277.387
v 184.201 17.750 -277.338
usemtl m_D6D6D6
f 3089 3090 3091 3092
v 183.836 0.000 -277.387
v 183.470 0.000 -277.428
v 183.470 17.750 -277.428
v 183.836 17.750 -277.387
usemtl m_D6D6D6
f 3093 3094 3095 3096
v 183.470 0.000 -277.428
v 183.103 0.000 -277.459
v 183.103 17.750 -277.459
v 183.470 17.750 -277.428
usemtl m_D6D6D6
f 3097 3098 3099 3100
v 183.103 0.000 -277.459
v 182.736 0.000 -277.482
v 182.736 17.750 -277.482
v 183.103 17.750 -277.459
usemtl m_D6D6D6
f 3101 3102 3103 3104
v 182.736 0.000 -277.482
v 182.368 0.000 -277.495
v 182.368 17.750 -277.495
v 182.736 17.750 -277.482
usemtl m_D6D6D6
f 3105 3106 3107 3108
v 182.368 0.000 -277.495
v 182.000 0.000 -277.500
v 182.000 17.750 -277.500
v 182.368 17.750 -277.495
usemtl m_D6D6D6
f 3109 3110 3111 3112
v 182.000 0.000 -277.500
v 181.632 0.000 -277.495
v 181.632 17.750 -277.495
v 182.000 17.750 -277.500
usemtl m_D6D6D6
f 3113 3114 3115 3116
v 181.632 0.000 -277.495
v 181.264 0.000 -277.482
v 181.264 17.750 -277.482
v 181.632 17.750 -277.495
usemtl m_D6D6D6
f 3117 3118 3119 3120
v 181.264 0.000 -277.482
v 180.897 0.000 -277.459
v 180.897 17.750 -277.459
v 181.264 17.750 -277.482
usemtl m_D6D6D6
f 3121 3122 3123 3124
v 180.897 0.000 -277.459
v 180.530 0.000 -277.428
v 180.530 17.750 -277.428
v 180.897 17.750 -277.459
usemtl m_D6D6D6
f 3125 3126 3127 3128
v 180.530 0.000 -277.428
v 180.164 0.000 -277.387
v 180.164 17.750 -277.387
v 180.530 17.750 -277.428
usemtl m_D6D6D6
f 3129 3130 3131 3132
v 180.164 0.000 -277.387
v 179.799 0.000 -277.338
v 179.799 17.750 -277.338
v 180.164 17.750 -277.387
usemtl m_D6D6D6
f 3133 3134 3135 3136
v 179.799 0.000 -277.338
v 179.436 0.000 -277.279
v 179.436 17.750 -277.279
v 179.799 17.750 -277.338
usemtl m_D6D6D6
f 3137 3138 3139 3140
v 179.436 0.000 -277.279
v 179.074 0.000 -277.212
v 179.074 17.750 -277.212
v 179.436 17.750 -277.279
usemtl m_D6D6D6
f 3141 3142 3143 3144
v 179.074 0.000 -277.212
v 178.713 0.000 -277.136
v 178.713 17.750 -277.136
v 179.074 17.750 -277.212
usemtl m_D6D6D6
f 3145 3146 3147 3148
v 178.713 0.000 -277.136
v 178.355 0.000 -277.050
v 178.355 17.750 -277.050
v 178.713 17.750 -277.136
usemtl m_D6D6D6
f 3149 3150 3151 3152
v 178.355 0.000 -277.050
v 177.999 0.000 -276.957
v 177.999 17.750 -276.957
v 178.355 17.750 -277.050
usemtl m_D6D6D6
f 3153 3154 3155 3156
v 177.999 0.000 -276.957
v 177.646 0.000 -276.854
v 177.646 17.750 -276.854
v 177.999 17.750 -276.957
usemtl m_D6D6D6
f 3157 3158 3159 3160
v 177.646 0.000 -276.854
v 177.295 0.000 -276.743
v 177.295 17.750 -276.743
v 177.646 17.750 -276.854
usemtl m_D6D6D6
f 3161 3162 3163 3164
v 177.295 0.000 -276.743
v 176.947 0.000 -276.623
v 176.947 17.750 -276.623
v 177.295 17.750 -276.743
usemtl m_D6D6D6
f 3165 3166 3167 3168
v 176.947 0.000 -276.623
v 176.602 0.000 -276.495
v 176.602 17.750 -276.495
v 176.947 17.750 -276.623
usemtl m_D6D6D6
f 3169 3170 3171 3172
v 176.602 0.000 -276.495
v 176.260 0.000 -276.358
v 176.260 17.750 -276.358
v 176.602 17.750 -276.495
usemtl m_D6D6D6
f 3173 3174 3175 3176
v 176.260 0.000 -276.358
v 175.921 0.000 -276.213
v 175.921 17.750 -276.213
v 176.260 17.750 -276.358
usemtl m_D6D6D6
f 3177 3178 3179 3180
v 175.921 0.000 -276.213
v 175.587 0.000 -276.060
v 175.587 17.750 -276.060
v 175.921 17.750 -276.213
usemtl m_D6D6D6
f 3181 3182 3183 3184
v 175.587 0.000 -276.060
v 175.256 0.000 -275.898
v 175.256 17.750 -275.898
v 175.587 17.750 -276.060
usemtl m_D6D6D6
f 3185 3186 3187 3188
v 175.256 0.000 -275.898
v 174.929 0.000 -275.729
v 174.929 17.750 -275.729
v 175.256 17.750 -275.898
usemtl m_D6D6D6
f 3189 3190 3191 3192
v 174.929 0.000 -275.729
v 174.607 0.000 -275.551
v 174.607 17.750 -275.551
v 174.929 17.750 -275.729
usemtl m_D6D6D6
f 3193 3194 3195 3196
v 174.607 0.000 -275.551
v 174.288 0.000 -275.366
v 174.288 17.750 -275.366
v 174.607 17.750 -275.551
usemtl m_D6D6D6
f 3197 3198 3199 3200
v 174.288 0.000 -275.366
v 173.975 0.000 -275.173
v 173.975 17.750 -275.173
v 174.288 17.750 -275.366
usemtl m_D6D6D6
f 3201 3202 3203 3204
v 173.975 0.000 -275.173
v 173.666 0.000 -274.972
v 173.666 17.750 -274.972
v 173.975 17.750 -275.173
usemtl m_D6D6D6
f 3205 3206 3207 3208
v 173.666 0.000 -274.972
v 173.363 0.000 -274.764
v 173.363 17.750 -274.764
v 173.666 17.750 -274.972
usemtl m_D6D6D6
f 3209 3210 3211 3212
v 173.363 0.000 -274.764
v 173.065 0.000 -274.548
v 173.065 17.750 -274.548
v 173.363 17.750 -274.764
usemtl m_D6D6D6
f 3213 3214 3215 3216
v 173.065 0.000 -274.548
v 172.772 0.000 -274.325
v 172.772 17.750 -274.325
v 173.065 17.750 -274.548
usemtl m_D6D6D6
f 3217 3218 3219 3220
v 172.772 0.000 -274.325
v 172.484 0.000 -274.095
v 172.484 17.750 -274.095
v 172.772 17.750 -274.325
usemtl m_D6D6D6
f 3221 3222 3223 3224
v 172.484 0.000 -274.095
v 172.202 0.000 -273.858
v 172.202 17.750 -273.858
v 172.484 17.750 -274.095
usemtl m_D6D6D6
f 3225 3226 3227 3228
v 172.202 0.000 -273.858
v 171.927 0.000 -273.614
v 171.927 17.750 -273.614
v 172.202 17.750 -273.858
usemtl m_D6D6D6
f 3229 3230 3231 3232
v 171.927 0.000 -273.614
v 171.657 0.000 -273.364
v 171.657 17.750 -273.364
v 171.927 17.750 -273.614
usemtl m_D6D6D6
f 3233 3234 3235 3236
v 171.657 0.000 -273.364
v 171.393 0.000 -273.107
v 171.393 17.750 -273.107
v 171.657 17.750 -273.364
usemtl m_D6D6D6
f 3237 3238 3239 3240
v 171.393 0.000 -273.107
v 171.136 0.000 -272.843
v 171.136 17.750 -272.843
v 171.393 17.750 -273.107
usemtl m_D6D6D6
f 3241 3242 3243 3244
v 171.136 0.000 -272.843
v 170.886 0.000 -272.573
v 170.886 17.750 -272.573
v 171.136 17.750 -272.843
usemtl m_D6D6D6
f 3245 3246 3247 3248
v 170.886 0.000 -272.573
v 170.642 0.000 -272.298
v 170.642 17.750 -272.298
v 170.886 17.750 -272.573
usemtl m_D6D6D6
f 3249 3250 3251 3252
v 170.642 0.000 -272.298
v 170.405 0.000 -272.016
v 170.405 17.750 -272.016
v 170.642 17.750 -272.298
usemtl m_D6D6D6
f 3253 3254 3255 3256
v 170.405 0.000 -272.016
v 170.175 0.000 -271.728
v 170.175 17.750 -271.728
v 170.405 17.750 -272.016
usemtl m_D6D6D6
f 3257 3258 3259 3260
v 170.175 0.000 -271.728
v 169.952 0.000 -271.435
v 169.952 17.750 -271.435
v 170.175 17.750 -271.728
usemtl m_D6D6D6
f 3261 3262 3263 3264
v 169.952 0.000 -271.435
v 169.736 0.000 -271.137
v 169.736 17.750 -271.137
v 169.952 17.750 -271.435
usemtl m_D6D6D6
f 3265 3266 3267 3268
v 169.736 0.000 -271.137
v 169.528 0.000 -270.834
v 169.528 17.750 -270.834
v 169.736 17.750 -271.137
usemtl m_D6D6D6
f 3269 3270 3271 3272
v 169.528 0.000 -270.834
v 169.327 0.000 -270.525
v 169.327 17.750 -270.525
v 169.528 17.750 -270.834
usemtl m_D6D6D6
f 3273 3274 3275 3276
v 169.327 0.000 -270.525
v 169.134 0.000 -270.212
v 169.134 17.750 -270.212
v 169.327 17.750 -270.525
usemtl m_D6D6D6
f 3277 3278 3279 3280
v 169.134 0.000 -270.212
v 168.949 0.000 -269.893
v 168.949 17.750 -269.893
v 169.134 17.750 -270.212
usemtl m_D6D6D6
f 3281 3282 3283 3284
v 168.949 0.000 -269.893
v 168.771 0.000 -269.571
v 168.771 17.750 -269.571
v 168.949 17.750 -269.893
usemtl m_D6D6D6
f 3285 3286 3287 3288
v 168.771 0.000 -269.571
v 168.602 0.000 -269.244
v 168.602 17.750 -269.244
v 168.771 17.750 -269.571
usemtl m_D6D6D6
f 3289 3290 3291 3292
v 168.602 0.000 -269.244
v 168.440 0.000 -268.913
v 168.440 17.750 -268.913
v 168.602 17.750 -269.244
usemtl m_D6D6D6
f 3293 3294 3295 3296
v 168.440 0.000 -268.913
v 168.287 0.000 -268.579
v 168.287 17.750 -268.579
v 168.440 17.750 -268.913
usemtl m_D6D6D6
f 3297 3298 3299 3300
v 168.287 0.000 -268.579
v 168.142 0.000 -268.240
v 168.142 17.750 -268.240
v 168.287 17.750 -268.579
usemtl m_D6D6D6
f 3301 3302 3303 3304
v 168.142 0.000 -268.240
v 168.005 0.000 -267.898
v 168.005 17.750 -267.898
v 168.142 17.750 -268.240
usemtl m_D6D6D6
f 3305 3306 3307 3308
v 168.005 0.000 -267.898
v 167.877 0.000 -267.553
v 167.877 17.750 -267.553
v 168.005 17.750 -267.898
usemtl m_D6D6D6
f 3309 3310 3311 3312
v 167.877 0.000 -267.553
v 167.757 0.000 -267.205
v 167.757 17.750 -267.205
v 167.877 17.750 -267.553
usemtl m_D6D6D6
f 3313 3314 3315 3316
v 167.757 0.000 -267.205
v 167.646 0.000 -266.854
v 167.646 17.750 -266.854
v 167.757 17.750 -267.205
usemtl m_D6D6D6
f 3317 3318 3319 3320
v 167.646 0.000 -266.854
v 167.543 0.000 -266.501
v 167.543 17.750 -266.501
v 167.646 17.750 -266.854
usemtl m_D6D6D6
f 3321 3322 3323 3324
v 167.543 0.000 -266.501
v 167.450 0.000 -266.145
v 167.450 17.750 -266.145
v 167.543 17.750 -266.501
usemtl m_D6D6D6
f 3325 3326 3327 3328
v 167.450 0.000 -266.145
v 167.364 0.000 -265.787
v 167.364 17.750 -265.787
v 167.450 17.750 -266.145
usemtl m_D6D6D6
f 3329 3330 3331 3332
v 167.364 0.000 -265.787
v 167.288 0.000 -265.426
v 167.288 17.750 -265.426
v 167.364 17.750 -265.787
usemtl m_D6D6D6
f 3333 3334 3335 3336
v 167.288 0.000 -265.426
v 167.221 0.000 -265.064
v 167.221 17.750 -265.064
v 167.288 17.750 -265.426
usemtl m_D6D6D6
f 3337 3338 3339 3340
v 167.221 0.000 -265.064
v 167.162 0.000 -264.701
v 167.162 17.750 -264.701
v 167.221 17.750 -265.064
usemtl m_D6D6D6
f 3341 3342 3343 3344
v 167.162 0.000 -264.701
v 167.113 0.000 -264.336
v 167.113 17.750 -264.336
v 167.162 17.750 -264.701
usemtl m_D6D6D6
f 3345 3346 3347 3348
v 167.113 0.000 -264.336
v 167.072 0.000 -263.970
v 167.072 17.750 -263.970
v 167.113 17.750 -264.336
usemtl m_D6D6D6
f 3349 3350 3351 3352
v 167.072 0.000 -263.970
v 167.041 0.000 -263.603
v 167.041 17.750 -263.603
v 167.072 17.750 -263.970
usemtl m_D6D6D6
f 3353 3354 3355 3356
v 167.041 0.000 -263.603
v 167.018 0.000 -263.236
v 167.018 17.750 -263.236
v 167.041 17.750 -263.603
usemtl m_D6D6D6
f 3357 3358 3359 3360
v 167.018 0.000 -263.236
v 167.005 0.000 -262.868
v 167.005 17.750 -262.868
v 167.018 17.750 -263.236
usemtl m_D6D6D6
f 3361 3362 3363 3364
v 167.005 0.000 -262.868
v 167.000 0.000 -262.500
v 167.000 17.750 -262.500
v 167.005 17.750 -262.868
usemtl m_D6D6D6
f 3365 3366 3367 3368
v 167.000 0.000 -262.500
v 167.005 0.000 -262.132
v 167.005 17.750 -262.132
v 167.000 17.750 -262.500
usemtl m_D6D6D6
f 3369 3370 3371 3372
v 167.005 0.000 -262.132
v 167.018 0.000 -261.764
v 167.018 17.750 -261.764
v 167.005 17.750 -262.132
usemtl m_D6D6D6
f 3373 3374 3375 3376
v 167.018 0.000 -261.764
v 167.041 0.000 -261.397
v 167.041 17.750 -261.397
v 167.018 17.750 -261.764
usemtl m_D6D6D6
f 3377 3378 3379 3380
v 167.041 0.000 -261.397
v 167.072 0.000 -261.030
v 167.072 17.750 -261.030
v 167.041 17.750 -261.397
usemtl m_D6D6D6
f 3381 3382 3383 3384
v 167.072 0.000 -261.030
v 167.113 0.000 -260.664
v 167.113 17.750 -260.664
v 167.072 17.750 -261.030
usemtl m_D6D6D6
f 3385 3386 3387 3388
v 167.113 0.000 -260.664
v 167.162 0.000 -260.299
v 167.162 17.750 -260.299
v 167.113 17.750 -260.664
usemtl m_D6D6D6
f 3389 3390 3391 3392
v 167.162 0.000 -260.299
v 167.221 0.000 -259.936
v 167.221 17.750 -259.936
v 167.162 17.750 -260.299
usemtl m_D6D6D6
f 3393 3394 3395 3396
v 167.221 0.000 -259.936
v 167.288 0.000 -259.574
v 167.288 17.750 -259.574
v 167.221 17.750 -259.936
usemtl m_D6D6D6
f 3397 3398 3399 3400
v 167.288 0.000 -259.574
v 167.364 0.000 -259.213
v 167.364 17.750 -259.213
v 167.288 17.750 -259.574
usemtl m_D6D6D6
f 3401 3402 3403 3404
v 167.364 0.000 -259.213
v 167.450 0.000 -258.855
v 167.450 17.750 -258.855
v 167.364 17.750 -259.213
usemtl m_D6D6D6
f 3405 3406 3407 3408
v 167.450 0.000 -258.855
v 167.543 0.000 -258.499
v 167.543 17.750 -258.499
v 167.450 17.750 -258.855
usemtl m_D6D6D6
f 3409 3410 3411 3412
v 167.543 0.000 -258.499
v 167.646 0.000 -258.146
v 167.646 17.750 -258.146
v 167.543 17.750 -258.499
usemtl m_D6D6D6
f 3413 3414 3415 3416
v 167.646 0.000 -258.146
v 167.757 0.000 -257.795
v 167.757 17.750 -257.795
v 167.646 17.750 -258.146
usemtl m_D6D6D6
f 3417 3418 3419 3420
v 167.757 0.000 -257.795
v 167.877 0.000 -257.447
v 167.877 17.750 -257.447
v 167.757 17.750 -257.795
usemtl m_D6D6D6
f 3421 3422 3423 3424
v 167.877 0.000 -257.447
v 168.005 0.000 -257.102
v 168.005 17.750 -257.102
v 167.877 17.750 -257.447
usemtl m_D6D6D6
f 3425 3426 3427 3428
v 168.005 0.000 -257.102
v 168.142 0.000 -256.760
v 168.142 17.750 -256.760
v 168.005 17.750 -257.102
usemtl m_D6D6D6
f 3429 3430 3431 3432
v 168.142 0.000 -256.760
v 168.287 0.000 -256.421
v 168.287 17.750 -256.421
v 168.142 17.750 -256.760
usemtl m_D6D6D6
f 3433 3434 3435 3436
v 168.287 0.000 -256.421
v 168.440 0.000 -256.087
v 168.440 17.750 -256.087
v 168.287 17.750 -256.421
usemtl m_D6D6D6
f 3437 3438 3439 3440
v 168.440 0.000 -256.087
v 168.602 0.000 -255.756
v 168.602 17.750 -255.756
v 168.440 17.750 -256.087
usemtl m_D6D6D6
f 3441 3442 3443 3444
v 168.602 0.000 -255.756
v 168.771 0.000 -255.429
v 168.771 17.750 -255.429
v 168.602 17.750 -255.756
usemtl m_D6D6D6
f 3445 3446 3447 3448
v 168.771 0.000 -255.429
v 168.949 0.000 -255.107
v 168.949 17.750 -255.107
v 168.771 17.750 -255.429
usemtl m_D6D6D6
f 3449 3450 3451 3452
v 168.949 0.000 -255.107
v 169.134 0.000 -254.788
v 169.134 17.750 -254.788
v 168.949 17.750 -255.107
usemtl m_D6D6D6
f 3453 3454 3455 3456
v 169.134 0.000 -254.788
v 169.327 0.000 -254.475
v 169.327 17.750 -254.475
v 169.134 17.750 -254.788
usemtl m_D6D6D6
f 3457 3458 3459 3460
v 169.327 0.000 -254.475
v 169.528 0.000 -254.166
v 169.528 17.750 -254.166
v 169.327 17.750 -254.475
usemtl m_D6D6D6
f 3461 3462 3463 3464
v 169.528 0.000 -254.166
v 169.736 0.000 -253.863
v 169.736 17.750 -253.863
v 169.528 17.750 -254.166
usemtl m_D6D6D6
f 3465 3466 3467 3468
v 169.736 0.000 -253.863
v 169.952 0.000 -253.565
v 169.952 17.750 -253.565
v 169.736 17.750 -253.863
usemtl m_D6D6D6
f 3469 3470 3471 3472
v 169.952 0.000 -253.565
v 170.175 0.000 -253.272
v 170.175 17.750 -253.272
v 169.952 17.750 -253.565
usemtl m_D6D6D6
f 3473 3474 3475 3476
v 170.175 0.000 -253.272
v 170.405 0.000 -252.984
v 170.405 17.750 -252.984
v 170.175 17.750 -253.272
usemtl m_D6D6D6
f 3477 3478 3479 3480
v 170.405 0.000 -252.984
v 170.642 0.000 -252.702
v 170.642 17.750 -252.702
v 170.405 17.750 -252.984
usemtl m_D6D6D6
f 3481 3482 3483 3484
v 170.642 0.000 -252.702
v 170.886 0.000 -252.427
v 170.886 17.750 -252.427
v 170.642 17.750 -252.702
usemtl m_D6D6D6
f 3485 3486 3487 3488
v 170.886 0.000 -252.427
v 171.136 0.000 -252.157
v 171.136 17.750 -252.157
v 170.886 17.750 -252.427
usemtl m_D6D6D6
f 3489 3490 3491 3492
v 171.136 0.000 -252.157
v 171.289 0.000 -252.000
v 171.289 17.750 -252.000
v 171.136 17.750 -252.157
usemtl m_D6D6D6
f 3493 3494 3495 3496
v 171.289 0.000 -252.000
v 190.000 0.000 -252.000
v 190.000 17.750 -252.000
v 171.289 17.750 -252.000
usemtl m_D6D6D6
f 3497 3498 3499 3500
v 190.000 0.000 -252.000
v 191.308 0.000 -251.957
v 191.308 17.750 -251.957
v 190.000 17.750 -252.000
usemtl m_D6D6D6
f 3501 3502 3503 3504
v 191.308 0.000 -251.957
v 192.547 0.000 -251.835
v 192.547 17.750 -251.835
v 191.308 17.750 -251.957
usemtl m_D6D6D6
f 3505 3506 3507 3508
v 192.547 0.000 -251.835
v 192.607 0.000 -251.893
v 192.607 17.750 -251.893
v 192.547 17.750 -251.835
usemtl m_D6D6D6
f 3509 3510 3511 3512
v 192.607 0.000 -251.893
v 192.864 0.000 -252.157
v 192.864 17.750 -252.157
v 192.607 17.750 -251.893
usemtl m_D6D6D6
f 3513 3514 3515 3516
v 192.864 0.000 -252.157
v 193.114 0.000 -252.427
v 193.114 17.750 -252.427
v 192.864 17.750 -252.157
usemtl m_D6D6D6
f 3517 3518 3519 3520
v 193.114 0.000 -252.427
v 193.358 0.000 -252.702
v 193.358 17.750 -252.702
v 193.114 17.750 -252.427
usemtl m_D6D6D6
f 3521 3522 3523 3524
v 193.358 0.000 -252.702
v 193.595 0.000 -252.984
v 193.595 17.750 -252.984
v 193.358 17.750 -252.702
usemtl m_D6D6D6
f 3525 3526 3527 3528
v 193.595 0.000 -252.984
v 193.825 0.000 -253.272
v 193.825 17.750 -253.272
v 193.595 17.750 -252.984
usemtl m_D6D6D6
f 3529 3530 3531 3532
v 193.825 0.000 -253.272
v 194.048 0.000 -253.565
v 194.048 17.750 -253.565
v 193.825 17.750 -253.272
usemtl m_D6D6D6
f 3533 3534 3535 3536
v 194.048 0.000 -253.565
v 194.264 0.000 -253.863
v 194.264 17.750 -253.863
v 194.048 17.750 -253.565
usemtl m_D6D6D6
f 3537 3538 3539 3540
v 194.264 0.000 -253.863
v 194.472 0.000 -254.166
v 194.472 17.750 -254.166
v 194.264 17.750 -253.863
usemtl m_D6D6D6
f 3541 3542 3543 3544
v 194.472 0.000 -254.166
v 194.673 0.000 -254.475
v 194.673 17.750 -254.475
v 194.472 17.750 -254.166
usemtl m_D6D6D6
f 3545 3546 3547 3548
v 194.673 0.000 -254.475
v 194.866 0.000 -254.788
v 194.866 17.750 -254.788
v 194.673 17.750 -254.475
usemtl m_D6D6D6
f 3549 3550 3551 3552
v 194.866 0.000 -254.788
v 195.051 0.000 -255.107
v 195.051 17.750 -255.107
v 194.866 17.750 -254.788
usemtl m_D6D6D6
f 3553 3554 3555 3556
v 195.051 0.000 -255.107
v 195.229 0.000 -255.429
v 195.229 17.750 -255.429
v 195.051 17.750 -255.107
usemtl m_D6D6D6
f 3557 3558 3559 3560
v 195.229 0.000 -255.429
v 195.398 0.000 -255.756
v 195.398 17.750 -255.756
v 195.229 17.750 -255.429
usemtl m_D6D6D6
f 3561 3562 3563 3564
v 195.398 0.000 -255.756
v 195.560 0.000 -256.087
v 195.560 17.750 -256.087
v 195.398 17.750 -255.756
usemtl m_D6D6D6
f 3565 3566 3567 3568
v 195.560 0.000 -256.087
v 195.713 0.000 -256.421
v 195.713 17.750 -256.421
v 195.560 17.750 -256.087
usemtl m_D6D6D6
f 3569 3570 3571 3572
v 195.713 0.000 -256.421
v 195.858 0.000 -256.760
v 195.858 17.750 -256.760
v 195.713 17.750 -256.421
usemtl m_D6D6D6
f 3573 3574 3575 3576
v 195.858 0.000 -256.760
v 195.995 0.000 -257.102
v 195.995 17.750 -257.102
v 195.858 17.750 -256.760
usemtl m_D6D6D6
f 3577 3578 3579 3580
v 195.995 0.000 -257.102
v 196.123 0.000 -257.447
v 196.123 17.750 -257.447
v 195.995 17.750 -257.102
usemtl m_D6D6D6
f 3581 3582 3583 3584
v 196.123 0.000 -257.447
v 196.243 0.000 -257.795
v 196.243 17.750 -257.795
v 196.123 17.750 -257.447
usemtl m_D6D6D6
f 3585 3586 3587 3588
v 196.243 0.000 -257.795
v 196.354 0.000 -258.146
v 196.354 17.750 -258.146
v 196.243 17.750 -257.795
usemtl m_D6D6D6
f 3589 3590 3591 3592
v 196.354 0.000 -258.146
v 196.457 0.000 -258.499
v 196.457 17.750 -258.499
v 196.354 17.750 -258.146
usemtl m_D6D6D6
f 3593 3594 3595 3596
v 196.457 0.000 -258.499
v 196.550 0.000 -258.855
v 196.550 17.750 -258.855
v 196.457 17.750 -258.499
usemtl m_D6D6D6
f 3597 3598 3599 3600
v 196.550 0.000 -258.855
v 196.636 0.000 -259.213
v 196.636 17.750 -259.213
v 196.550 17.750 -258.855
usemtl m_D6D6D6
f 3601 3602 3603 3604
v 196.636 0.000 -259.213
v 196.712 0.000 -259.574
v 196.712 17.750 -259.574
v 196.636 17.750 -259.213
usemtl m_D6D6D6
f 3605 3606 3607 3608
v 196.712 0.000 -259.574
v 196.779 0.000 -259.936
v 196.779 17.750 -259.936
v 196.712 17.750 -259.574
usemtl m_D6D6D6
f 3609 3610 3611 3612
v 196.779 0.000 -259.936
v 196.838 0.000 -260.299
v 196.838 17.750 -260.299
v 196.779 17.750 -259.936
usemtl m_D6D6D6
f 3613 3614 3615 3616
v 196.838 0.000 -260.299
v 196.887 0.000 -260.664
v 196.887 17.750 -260.664
v 196.838 17.750 -260.299
usemtl m_D6D6D6
f 3617 3618 3619 3620
v 196.887 0.000 -260.664
v 196.928 0.000 -261.030
v 196.928 17.750 -261.030
v 196.887 17.750 -260.664
usemtl m_D6D6D6
f 3621 3622 3623 3624
v 196.928 0.000 -261.030
v 196.959 0.000 -261.397
v 196.959 17.750 -261.397
v 196.928 17.750 -261.030
usemtl m_D6D6D6
f 3625 3626 3627 3628
v 196.959 0.000 -261.397
v 196.982 0.000 -261.764
v 196.982 17.750 -261.764
v 196.959 17.750 -261.397
usemtl m_D6D6D6
f 3629 3630 3631 3632
v 196.982 0.000 -261.764
v 196.995 0.000 -262.132
v 196.995 17.750 -262.132
v 196.982 17.750 -261.764
usemtl m_D6D6D6
f 3633 3634 3635 3636
v 196.995 17.750 -262.132
v 197.000 17.750 -262.500
v 196.995 17.750 -262.868
v 196.982 17.750 -263.236
v 196.959 17.750 -263.603
v 196.928 17.750 -263.970
v 196.887 17.750 -264.336
v 196.838 17.750 -264.701
v 196.779 17.750 -265.064
v 196.712 17.750 -265.426
v 196.636 17.750 -265.787
v 196.550 17.750 -266.145
v 196.457 17.750 -266.501
v 196.354 17.750 -266.854
v 196.243 17.750 -267.205
v 196.123 17.750 -267.553
v 195.995 17.750 -267.898
v 195.858 17.750 -268.240
v 195.713 17.750 -268.579
v 195.560 17.750 -268.913
v 195.398 17.750 -269.244
v 195.229 17.750 -269.571
v 195.051 17.750 -269.893
v 194.866 17.750 -270.212
v 194.673 17.750 -270.525
v 194.472 17.750 -270.834
v 194.264 17.750 -271.137
v 194.048 17.750 -271.435
v 193.825 17.750 -271.728
v 193.595 17.750 -272.016
v 193.358 17.750 -272.298
v 193.114 17.750 -272.573
v 192.864 17.750 -272.843
v 192.607 17.750 -273.107
v 192.343 17.750 -273.364
v 192.073 17.750 -273.614
v 191.798 17.750 -273.858
v 191.516 17.750 -274.095
v 191.228 17.750 -274.325
v 190.935 17.750 -274.548
v 190.637 17.750 -274.764
v 190.334 17.750 -274.972
v 190.025 17.750 -275.173
v 189.712 17.750 -275.366
v 189.393 17.750 -275.551
v 189.071 17.750 -275.729
v 188.744 17.750 -275.898
v 188.413 17.750 -276.060
v 188.079 17.750 -276.213
v 187.740 17.750 -276.358
v 187.398 17.750 -276.495
v 187.053 17.750 -276.623
v 186.705 17.750 -276.743
v 186.354 17.750 -276.854
v 186.001 17.750 -276.957
v 185.645 17.750 -277.050
v 185.287 17.750 -277.136
v 184.926 17.750 -277.212
v 184.564 17.750 -277.279
v 184.201 17.750 -277.338
v 183.836 17.750 -277.387
v 183.470 17.750 -277.428
v 183.103 17.750 -277.459
v 182.736 17.750 -277.482
v 182.368 17.750 -277.495
v 182.000 17.750 -277.500
v 181.632 17.750 -277.495
v 181.264 17.750 -277.482
v 180.897 17.750 -277.459
v 180.530 17.750 -277.428
v 180.164 17.750 -277.387
v 179.799 17.750 -277.338
v 179.436 17.750 -277.279
v 179.074 17.750 -277.212
v 178.713 17.750 -277.136
v 178.355 17.750 -277.050
v 177.999 17.750 -276.957
v 177.646 17.750 -276.854
v 177.295 17.750 -276.743
v 176.947 17.750 -276.623
v 176.602 17.750 -276.495
v 176.260 17.750 -276.358
v 175.921 17.750 -276.213
v 175.587 17.750 -276.060
v 175.256 17.750 -275.898
v 174.929 17.750 -275.729
v 174.607 17.750 -275.551
v 174.288 17.750 -275.366
v 173.975 17.750 -275.173
v 173.666 17.750 -274.972
v 173.363 17.750 -274.764
v 173.065 17.750 -274.548
v 172.772 17.750 -274.325
v 172.484 17.750 -274.095
v 172.202 17.750 -273.858
v 171.927 17.750 -273.614
v 171.657 17.750 -273.364
v 171.393 17.750 -273.107
v 171.136 17.750 -272.843
v 170.886 17.750 -272.573
v 170.642 17.750 -272.298
v 170.405 17.750 -272.016
v 170.175 17.750 -271.728
v 169.952 17.750 -271.435
v 169.736 17.750 -271.137
v 169.528 17.750 -270.834
v 169.327 17.750 -270.525
v 169.134 17.750 -270.212
v 168.949 17.750 -269.893
v 168.771 17.750 -269.571
v 168.602 17.750 -269.244
v 168.440 17.750 -268.913
v 168.287 17.750 -268.579
v 168.142 17.750 -268.240
v 168.005 17.750 -267.898
v 167.877 17.750 -267.553
v 167.757 17.750 -267.205
v 167.646 17.750 -266.854
v 167.543 17.750 -266.501
v 167.450 17.750 -266.145
v 167.364 17.750 -265.787
v 167.288 17.750 -265.426
v 167.221 17.750 -265.064
v 167.162 17.750 -264.701
v 167.113 17.750 -264.336
v 167.072 17.750 -263.970
v 167.041 17.750 -263.603
v 167.018 17.750 -263.236
v 167.005 17.750 -262.868
v 167.000 17.750 -262.500
v 167.005 17.750 -262.132
v 167.018 17.750 -261.764
v 167.041 17.750 -261.397
v 167.072 17.750 -261.030
v 167.113 17.750 -260.664
v 167.162 17.750 -260.299
v 167.221 17.750 -259.936
v 167.288 17.750 -259.574
v 167.364 17.750 -259.213
v 167.450 17.750 -258.855
v 167.543 17.750 -258.499
v 167.646 17.750 -258.146
v 167.757 17.750 -257.795
v 167.877 17.750 -257.447
v 168.005 17.750 -257.102
v 168.142 17.750 -256.760
v 168.287 17.750 -256.421
v 168.440 17.750 -256.087
v 168.602 17.750 -255.756
v 168.771 17.750 -255.429
v 168.949 17.750 -255.107
v 169.134 17.750 -254.788
v 169.327 17.750 -254.475
v 169.528 17.750 -254.166
v 169.736 17.750 -253.863
v 169.952 17.750 -253.565
v 170.175 17.750 -253.272
v 170.405 17.750 -252.984
v 170.642 17.750 -252.702
v 170.886 17.750 -252.427
v 171.136 17.750 -252.157
v 171.289 17.750 -252.000
v 190.000 17.750 -252.000
v 191.308 17.750 -251.957
v 192.547 17.750 -251.835
v 192.607 17.750 -251.893
v 192.864 17.750 -252.157
v 193.114 17.750 -252.427
v 193.358 17.750 -252.702
v 193.595 17.750 -252.984
v 193.825 17.750 -253.272
v 194.048 17.750 -253.565
v 194.264 17.750 -253.863
v 194.472 17.750 -254.166
v 194.673 17.750 -254.475
v 194.866 17.750 -254.788
v 195.051 17.750 -255.107
v 195.229 17.750 -255.429
v 195.398 17.750 -255.756
v 195.560 17.750 -256.087
v 195.713 17.750 -256.421
v 195.858 17.750 -256.760
v 195.995 17.750 -257.102
v 196.123 17.750 -257.447
v 196.243 17.750 -257.795
v 196.354 17.750 -258.146
v 196.457 17.750 -258.499
v 196.550 17.750 -258.855
v 196.636 17.750 -259.213
v 196.712 17.750 -259.574
v 196.779 17.750 -259.936
v 196.838 17.750 -260.299
v 196.887 17.750 -260.664
v 196.928 17.750 -261.030
v 196.959 17.750 -261.397
v 196.982 17.750 -261.764
usemtl m_D6D6D6
f 3637 3638 3639 3640 3641 3642 3643 3644 3645 3646 3647 3648 3649 3650 3651 3652 3653 3654 3655 3656 3657 3658 3659 3660 3661 3662 3663 3664 3665 3666 3667 3668 3669 3670 3671 3672 3673 3674 3675 3676 3677 3678 3679 3680 3681 3682 3683 3684 3685 3686 3687 3688 3689 3690 3691 3692 3693 3694 3695 3696 3697 3698 3699 3700 3701 3702 3703 3704 3705 3706 3707 3708 3709 3710 3711 3712 3713 3714 3715 3716 3717 3718 3719 3720 3721 3722 3723 3724 3725 3726 3727 3728 3729 3730 3731 3732 3733 3734 3735 3736 3737 3738 3739 3740 3741 3742 3743 3744 3745 3746 3747 3748 3749 3750 3751 3752 3753 3754 3755 3756 3757 3758 3759 3760 3761 3762 3763 3764 3765 3766 3767 3768 3769 3770 3771 3772 3773 3774 3775 3776 3777 3778 3779 3780 3781 3782 3783 3784 3785 3786 3787 3788 3789 3790 3791 3792 3793 3794 3795 3796 3797 3798 3799 3800 3801 3802 3803 3804 3805 3806 3807 3808 3809 3810 3811 3812 3813 3814 3815 3816 3817 3818 3819 3820 3821 3822 3823 3824 3825 3826 3827 3828 3829 3830 3831 3832
v 196.982 0.000 -261.764
v 196.959 0.000 -261.397
v 196.928 0.000 -261.030
v 196.887 0.000 -260.664
v 196.838 0.000 -260.299
v 196.779 0.000 -259.936
v 196.712 0.000 -259.574
v 196.636 0.000 -259.213
v 196.550 0.000 -258.855
v 196.457 0.000 -258.499
v 196.354 0.000 -258.146
v 196.243 0.000 -257.795
v 196.123 0.000 -257.447
v 195.995 0.000 -257.102
v 195.858 0.000 -256.760
v 195.713 0.000 -256.421
v 195.560 0.000 -256.087
v 195.398 0.000 -255.756
v 195.229 0.000 -255.429
v 195.051 0.000 -255.107
v 194.866 0.000 -254.788
v 194.673 0.000 -254.475
v 194.472 0.000 -254.166
v 194.264 0.000 -253.863
v 194.048 0.000 -253.565
v 193.825 0.000 -253.272
v 193.595 0.000 -252.984
v 193.358 0.000 -252.702
v 193.114 0.000 -252.427
v 192.864 0.000 -252.157
v 192.607 0.000 -251.893
v 192.547 0.000 -251.835
v 191.308 0.000 -251.957
v 190.000 0.000 -252.000
v 171.289 0.000 -252.000
v 171.136 0.000 -252.157
v 170.886 0.000 -252.427
v 170.642 0.000 -252.702
v 170.405 0.000 -252.984
v 170.175 0.000 -253.272
v 169.952 0.000 -253.565
v 169.736 0.000 -253.863
v 169.528 0.000 -254.166
v 169.327 0.000 -254.475
v 169.134 0.000 -254.788
v 168.949 0.000 -255.107
v 168.771 0.000 -255.429
v 168.602 0.000 -255.756
v 168.440 0.000 -256.087
v 168.287 0.000 -256.421
v 168.142 0.000 -256.760
v 168.005 0.000 -257.102
v 167.877 0.000 -257.447
v 167.757 0.000 -257.795
v 167.646 0.000 -258.146
v 167.543 0.000 -258.499
v 167.450 0.000 -258.855
v 167.364 0.000 -259.213
v 167.288 0.000 -259.574
v 167.221 0.000 -259.936
v 167.162 0.000 -260.299
v 167.113 0.000 -260.664
v 167.072 0.000 -261.030
v 167.041 0.000 -261.397
v 167.018 0.000 -261.764
v 167.005 0.000 -262.132
v 167.000 0.000 -262.500
v 167.005 0.000 -262.868
v 167.018 0.000 -263.236
v 167.041 0.000 -263.603
v 167.072 0.000 -263.970
v 167.113 0.000 -264.336
v 167.162 0.000 -264.701
v 167.221 0.000 -265.064
v 167.288 0.000 -265.426
v 167.364 0.000 -265.787
v 167.450 0.000 -266.145
v 167.543 0.000 -266.501
v 167.646 0.000 -266.854
v 167.757 0.000 -267.205
v 167.877 0.000 -267.553
v 168.005 0.000 -267.898
v 168.142 0.000 -268.240
v 168.287 0.000 -268.579
v 168.440 0.000 -268.913
v 168.602 0.000 -269.244
v 168.771 0.000 -269.571
v 168.949 0.000 -269.893
v 169.134 0.000 -270.212
v 169.327 0.000 -270.525
v 169.528 0.000 -270.834
v 169.736 0.000 -271.137
v 169.952 0.000 -271.435
v 170.175 0.000 -271.728
v 170.405 0.000 -272.016
v 170.642 0.000 -272.298
v 170.886 0.000 -272.573
v 171.136 0.000 -272.843
v 171.393 0.000 -273.107
v 171.657 0.000 -273.364
v 171.927 0.000 -273.614
v 172.202 0.000 -273.858
v 172.484 0.000 -274.095
v 172.772 0.000 -274.325
v 173.065 0.000 -274.548
v 173.363 0.000 -274.764
v 173.666 0.000 -274.972
v 173.975 0.000 -275.173
v 174.288 0.000 -275.366
v 174.607 0.000 -275.551
v 174.929 0.000 -275.729
v 175.256 0.000 -275.898
v 175.587 0.000 -276.060
v 175.921 0.000 -276.213
v 176.260 0.000 -276.358
v 176.602 0.000 -276.495
v 176.947 0.000 -276.623
v 177.295 0.000 -276.743
v 177.646 0.000 -276.854
v 177.999 0.000 -276.957
v 178.355 0.000 -277.050
v 178.713 0.000 -277.136
v 179.074 0.000 -277.212
v 179.436 0.000 -277.279
v 179.799 0.000 -277.338
v 180.164 0.000 -277.387
v 180.530 0.000 -277.428
v 180.897 0.000 -277.459
v 181.264 0.000 -277.482
v 181.632 0.000 -277.495
v 182.000 0.000 -277.500
v 182.368 0.000 -277.495
v 182.736 0.000 -277.482
v 183.103 0.000 -277.459
v 183.470 0.000 -277.428
v 183.836 0.000 -277.387
v 184.201 0.000 -277.338
v 184.564 0.000 -277.279
v 184.926 0.000 -277.212
v 185.287 0.000 -277.136
v 185.645 0.000 -277.050
v 186.001 0.000 -276.957
v 186.354 0.000 -276.854
v 186.705 0.000 -276.743
v 187.053 0.000 -276.623
v 187.398 0.000 -276.495
v 187.740 0.000 -276.358
v 188.079 0.000 -276.213
v 188.413 0.000 -276.060
v 188.744 0.000 -275.898
v 189.071 0.000 -275.729
v 189.393 0.000 -275.551
v 189.712 0.000 -275.366
v 190.025 0.000 -275.173
v 190.334 0.000 -274.972
v 190.637 0.000 -274.764
v 190.935 0.000 -274.548
v 191.228 0.000 -274.325
v 191.516 0.000 -274.095
v 191.798 0.000 -273.858
v 192.073 0.000 -273.614
v 192.343 0.000 -273.364
v 192.607 0.000 -273.107
v 192.864 0.000 -272.843
v 193.114 0.000 -272.573
v 193.358 0.000 -272.298
v 193.595 0.000 -272.016
v 193.825 0.000 -271.728
v 194.048 0.000 -271.435
v 194.264 0.000 -271.137
v 194.472 0.000 -270.834
v 194.673 0.000 -270.525
v 194.866 0.000 -270.212
v 195.051 0.000 -269.893
v 195.229 0.000 -269.571
v 195.398 0.000 -269.244
v 195.560 0.000 -268.913
v 195.713 0.000 -268.579
v 195.858 0.000 -268.240
v 195.995 0.000 -267.898
v 196.123 0.000 -267.553
v 196.243 0.000 -267.205
v 196.354 0.000 -266.854
v 196.457 0.000 -266.501
v 196.550 0.000 -266.145
v 196.636 0.000 -265.787
v 196.712 0.000 -265.426
v 196.779 0.000 -265.064
v 196.838 0.000 -264.701
v 196.887 0.000 -264.336
v 196.928 0.000 -263.970
v 196.959 0.000 -263.603
v 196.982 0.000 -263.236
v 196.995 0.000 -262.868
v 197.000 0.000 -262.500
v 196.995 0.000 -262.132
usemtl m_D6D6D6
f 3833 3834 3835 3836 3837 3838 3839 3840 3841 3842 3843 3844 3845 3846 3847 3848 3849 3850 3851 3852 3853 3854 3855 3856 3857 3858 3859 3860 3861 3862 3863 3864 3865 3866 3867 3868 3869 3870 3871 3872 3873 3874 3875 3876 3877 3878 3879 3880 3881 3882 3883 3884 3885 3886 3887 3888 3889 3890 3891 3892 3893 3894 3895 3896 3897 3898 3899 3900 3901 3902 3903 3904 3905 3906 3907 3908 3909 3910 3911 3912 3913 3914 3915 3916 3917 3918 3919 3920 3921 3922 3923 3924 3925 3926 3927 3928 3929 3930 3931 3932 3933 3934 3935 3936 3937 3938 3939 3940 3941 3942 3943 3944 3945 3946 3947 3948 3949 3950 3951 3952 3953 3954 3955 3956 3957 3958 3959 3960 3961 3962 3963 3964 3965 3966 3967 3968 3969 3970 3971 3972 3973 3974 3975 3976 3977 3978 3979 3980 3981 3982 3983 3984 3985 3986 3987 3988 3989 3990 3991 3992 3993 3994 3995 3996 3997 3998 3999 4000 4001 4002 4003 4004 4005 4006 4007 4008 4009 4010 4011 4012 4013 4014 4015 4016 4017 4018 4019 4020 4021 4022 4023 4024 4025 4026 4027 4028
o cutaway_mech_elec_bay_cut
v 134.000 0.000 -252.000
v 134.000 16.000 -252.000
v 134.000 0.000 -282.000
v 134.000 16.000 -282.000
v 164.000 0.000 -252.000
v 164.000 16.000 -252.000
v 164.000 0.000 -282.000
v 164.000 16.000 -282.000
usemtl m_D6D6D6
f 4030 4034 4036 4032
usemtl m_D6D6D6
f 4029 4031 4035 4033
usemtl m_D6D6D6
f 4029 4033 4034 4030
usemtl m_D6D6D6
f 4035 4031 4032 4036
usemtl m_D6D6D6
f 4031 4029 4030 4032
usemtl m_D6D6D6
f 4033 4035 4036 4034
o cutaway_lower_N_2_0
v 56.000 0.000 -214.000
v 56.000 0.969 -214.000
v 56.000 0.000 -216.000
v 56.000 0.969 -216.000
v 123.850 0.000 -214.000
v 123.850 0.969 -214.000
v 123.850 0.000 -216.000
v 123.850 0.969 -216.000
usemtl m_B8B8B8
f 4038 4042 4044 4040
usemtl m_B8B8B8
f 4037 4039 4043 4041
usemtl m_B8B8B8
f 4037 4041 4042 4038
usemtl m_B8B8B8
f 4043 4039 4040 4044
usemtl m_B8B8B8
f 4039 4037 4038 4040
usemtl m_B8B8B8
f 4041 4043 4044 4042
o cutaway_lower_N_2_1
v 131.850 0.000 -214.000
v 131.850 0.969 -214.000
v 131.850 0.000 -216.000
v 131.850 0.969 -216.000
v 188.000 0.000 -214.000
v 188.000 0.969 -214.000
v 188.000 0.000 -216.000
v 188.000 0.969 -216.000
usemtl m_B8B8B8
f 4046 4050 4052 4048
usemtl m_B8B8B8
f 4045 4047 4051 4049
usemtl m_B8B8B8
f 4045 4049 4050 4046
usemtl m_B8B8B8
f 4051 4047 4048 4052
usemtl m_B8B8B8
f 4047 4045 4046 4048
usemtl m_B8B8B8
f 4049 4051 4052 4050
o cutaway_lower_N_3_0
v 56.000 0.000 -216.000
v 56.000 1.938 -216.000
v 56.000 0.000 -218.000
v 56.000 1.938 -218.000
v 123.850 0.000 -216.000
v 123.850 1.938 -216.000
v 123.850 0.000 -218.000
v 123.850 1.938 -218.000
usemtl m_B8B8B8
f 4054 4058 4060 4056
usemtl m_B8B8B8
f 4053 4055 4059 4057
usemtl m_B8B8B8
f 4053 4057 4058 4054
usemtl m_B8B8B8
f 4059 4055 4056 4060
usemtl m_B8B8B8
f 4055 4053 4054 4056
usemtl m_B8B8B8
f 4057 4059 4060 4058
o cutaway_lower_N_3_1
v 131.850 0.000 -216.000
v 131.850 1.938 -216.000
v 131.850 0.000 -218.000
v 131.850 1.938 -218.000
v 188.000 0.000 -216.000
v 188.000 1.938 -216.000
v 188.000 0.000 -218.000
v 188.000 1.938 -218.000
usemtl m_B8B8B8
f 4062 4066 4068 4064
usemtl m_B8B8B8
f 4061 4063 4067 4065
usemtl m_B8B8B8
f 4061 4065 4066 4062
usemtl m_B8B8B8
f 4067 4063 4064 4068
usemtl m_B8B8B8
f 4063 4061 4062 4064
usemtl m_B8B8B8
f 4065 4067 4068 4066
o cutaway_lower_N_4_0
v 56.000 0.000 -218.000
v 56.000 2.906 -218.000
v 56.000 0.000 -220.000
v 56.000 2.906 -220.000
v 123.850 0.000 -218.000
v 123.850 2.906 -218.000
v 123.850 0.000 -220.000
v 123.850 2.906 -220.000
usemtl m_B8B8B8
f 4070 4074 4076 4072
usemtl m_B8B8B8
f 4069 4071 4075 4073
usemtl m_B8B8B8
f 4069 4073 4074 4070
usemtl m_B8B8B8
f 4075 4071 4072 4076
usemtl m_B8B8B8
f 4071 4069 4070 4072
usemtl m_B8B8B8
f 4073 4075 4076 4074
o cutaway_lower_N_4_1
v 131.850 0.000 -218.000
v 131.850 2.906 -218.000
v 131.850 0.000 -220.000
v 131.850 2.906 -220.000
v 188.000 0.000 -218.000
v 188.000 2.906 -218.000
v 188.000 0.000 -220.000
v 188.000 2.906 -220.000
usemtl m_B8B8B8
f 4078 4082 4084 4080
usemtl m_B8B8B8
f 4077 4079 4083 4081
usemtl m_B8B8B8
f 4077 4081 4082 4078
usemtl m_B8B8B8
f 4083 4079 4080 4084
usemtl m_B8B8B8
f 4079 4077 4078 4080
usemtl m_B8B8B8
f 4081 4083 4084 4082
o cutaway_lower_N_5_0
v 56.000 0.000 -220.000
v 56.000 3.875 -220.000
v 56.000 0.000 -222.000
v 56.000 3.875 -222.000
v 123.850 0.000 -220.000
v 123.850 3.875 -220.000
v 123.850 0.000 -222.000
v 123.850 3.875 -222.000
usemtl m_B8B8B8
f 4086 4090 4092 4088
usemtl m_B8B8B8
f 4085 4087 4091 4089
usemtl m_B8B8B8
f 4085 4089 4090 4086
usemtl m_B8B8B8
f 4091 4087 4088 4092
usemtl m_B8B8B8
f 4087 4085 4086 4088
usemtl m_B8B8B8
f 4089 4091 4092 4090
o cutaway_lower_N_5_1
v 131.850 0.000 -220.000
v 131.850 3.875 -220.000
v 131.850 0.000 -222.000
v 131.850 3.875 -222.000
v 188.000 0.000 -220.000
v 188.000 3.875 -220.000
v 188.000 0.000 -222.000
v 188.000 3.875 -222.000
usemtl m_B8B8B8
f 4094 4098 4100 4096
usemtl m_B8B8B8
f 4093 4095 4099 4097
usemtl m_B8B8B8
f 4093 4097 4098 4094
usemtl m_B8B8B8
f 4099 4095 4096 4100
usemtl m_B8B8B8
f 4095 4093 4094 4096
usemtl m_B8B8B8
f 4097 4099 4100 4098
o cutaway_lower_N_6_0
v 56.000 0.000 -222.000
v 56.000 4.844 -222.000
v 56.000 0.000 -224.000
v 56.000 4.844 -224.000
v 123.850 0.000 -222.000
v 123.850 4.844 -222.000
v 123.850 0.000 -224.000
v 123.850 4.844 -224.000
usemtl m_B8B8B8
f 4102 4106 4108 4104
usemtl m_B8B8B8
f 4101 4103 4107 4105
usemtl m_B8B8B8
f 4101 4105 4106 4102
usemtl m_B8B8B8
f 4107 4103 4104 4108
usemtl m_B8B8B8
f 4103 4101 4102 4104
usemtl m_B8B8B8
f 4105 4107 4108 4106
o cutaway_lower_N_6_1
v 131.850 0.000 -222.000
v 131.850 4.844 -222.000
v 131.850 0.000 -224.000
v 131.850 4.844 -224.000
v 188.000 0.000 -222.000
v 188.000 4.844 -222.000
v 188.000 0.000 -224.000
v 188.000 4.844 -224.000
usemtl m_B8B8B8
f 4110 4114 4116 4112
usemtl m_B8B8B8
f 4109 4111 4115 4113
usemtl m_B8B8B8
f 4109 4113 4114 4110
usemtl m_B8B8B8
f 4115 4111 4112 4116
usemtl m_B8B8B8
f 4111 4109 4110 4112
usemtl m_B8B8B8
f 4113 4115 4116 4114
o cutaway_lower_S_2_0
v 56.000 0.000 -64.000
v 56.000 0.969 -64.000
v 56.000 0.000 -66.000
v 56.000 0.969 -66.000
v 107.000 0.000 -64.000
v 107.000 0.969 -64.000
v 107.000 0.000 -66.000
v 107.000 0.969 -66.000
usemtl m_B8B8B8
f 4118 4122 4124 4120
usemtl m_B8B8B8
f 4117 4119 4123 4121
usemtl m_B8B8B8
f 4117 4121 4122 4118
usemtl m_B8B8B8
f 4123 4119 4120 4124
usemtl m_B8B8B8
f 4119 4117 4118 4120
usemtl m_B8B8B8
f 4121 4123 4124 4122
o cutaway_lower_S_2_1
v 119.000 0.000 -64.000
v 119.000 0.969 -64.000
v 119.000 0.000 -66.000
v 119.000 0.969 -66.000
v 188.000 0.000 -64.000
v 188.000 0.969 -64.000
v 188.000 0.000 -66.000
v 188.000 0.969 -66.000
usemtl m_B8B8B8
f 4126 4130 4132 4128
usemtl m_B8B8B8
f 4125 4127 4131 4129
usemtl m_B8B8B8
f 4125 4129 4130 4126
usemtl m_B8B8B8
f 4131 4127 4128 4132
usemtl m_B8B8B8
f 4127 4125 4126 4128
usemtl m_B8B8B8
f 4129 4131 4132 4130
o cutaway_lower_S_3_0
v 56.000 0.000 -62.000
v 56.000 1.938 -62.000
v 56.000 0.000 -64.000
v 56.000 1.938 -64.000
v 107.000 0.000 -62.000
v 107.000 1.938 -62.000
v 107.000 0.000 -64.000
v 107.000 1.938 -64.000
usemtl m_B8B8B8
f 4134 4138 4140 4136
usemtl m_B8B8B8
f 4133 4135 4139 4137
usemtl m_B8B8B8
f 4133 4137 4138 4134
usemtl m_B8B8B8
f 4139 4135 4136 4140
usemtl m_B8B8B8
f 4135 4133 4134 4136
usemtl m_B8B8B8
f 4137 4139 4140 4138
o cutaway_lower_S_3_1
v 119.000 0.000 -62.000
v 119.000 1.938 -62.000
v 119.000 0.000 -64.000
v 119.000 1.938 -64.000
v 188.000 0.000 -62.000
v 188.000 1.938 -62.000
v 188.000 0.000 -64.000
v 188.000 1.938 -64.000
usemtl m_B8B8B8
f 4142 4146 4148 4144
usemtl m_B8B8B8
f 4141 4143 4147 4145
usemtl m_B8B8B8
f 4141 4145 4146 4142
usemtl m_B8B8B8
f 4147 4143 4144 4148
usemtl m_B8B8B8
f 4143 4141 4142 4144
usemtl m_B8B8B8
f 4145 4147 4148 4146
o cutaway_lower_S_4_0
v 56.000 0.000 -60.000
v 56.000 2.906 -60.000
v 56.000 0.000 -62.000
v 56.000 2.906 -62.000
v 107.000 0.000 -60.000
v 107.000 2.906 -60.000
v 107.000 0.000 -62.000
v 107.000 2.906 -62.000
usemtl m_B8B8B8
f 4150 4154 4156 4152
usemtl m_B8B8B8
f 4149 4151 4155 4153
usemtl m_B8B8B8
f 4149 4153 4154 4150
usemtl m_B8B8B8
f 4155 4151 4152 4156
usemtl m_B8B8B8
f 4151 4149 4150 4152
usemtl m_B8B8B8
f 4153 4155 4156 4154
o cutaway_lower_S_4_1
v 119.000 0.000 -60.000
v 119.000 2.906 -60.000
v 119.000 0.000 -62.000
v 119.000 2.906 -62.000
v 188.000 0.000 -60.000
v 188.000 2.906 -60.000
v 188.000 0.000 -62.000
v 188.000 2.906 -62.000
usemtl m_B8B8B8
f 4158 4162 4164 4160
usemtl m_B8B8B8
f 4157 4159 4163 4161
usemtl m_B8B8B8
f 4157 4161 4162 4158
usemtl m_B8B8B8
f 4163 4159 4160 4164
usemtl m_B8B8B8
f 4159 4157 4158 4160
usemtl m_B8B8B8
f 4161 4163 4164 4162
o cutaway_lower_S_5_0
v 56.000 0.000 -58.000
v 56.000 3.875 -58.000
v 56.000 0.000 -60.000
v 56.000 3.875 -60.000
v 107.000 0.000 -58.000
v 107.000 3.875 -58.000
v 107.000 0.000 -60.000
v 107.000 3.875 -60.000
usemtl m_B8B8B8
f 4166 4170 4172 4168
usemtl m_B8B8B8
f 4165 4167 4171 4169
usemtl m_B8B8B8
f 4165 4169 4170 4166
usemtl m_B8B8B8
f 4171 4167 4168 4172
usemtl m_B8B8B8
f 4167 4165 4166 4168
usemtl m_B8B8B8
f 4169 4171 4172 4170
o cutaway_lower_S_5_1
v 119.000 0.000 -58.000
v 119.000 3.875 -58.000
v 119.000 0.000 -60.000
v 119.000 3.875 -60.000
v 188.000 0.000 -58.000
v 188.000 3.875 -58.000
v 188.000 0.000 -60.000
v 188.000 3.875 -60.000
usemtl m_B8B8B8
f 4174 4178 4180 4176
usemtl m_B8B8B8
f 4173 4175 4179 4177
usemtl m_B8B8B8
f 4173 4177 4178 4174
usemtl m_B8B8B8
f 4179 4175 4176 4180
usemtl m_B8B8B8
f 4175 4173 4174 4176
usemtl m_B8B8B8
f 4177 4179 4180 4178
o cutaway_lower_S_6_0
v 56.000 0.000 -56.000
v 56.000 4.844 -56.000
v 56.000 0.000 -58.000
v 56.000 4.844 -58.000
v 107.000 0.000 -56.000
v 107.000 4.844 -56.000
v 107.000 0.000 -58.000
v 107.000 4.844 -58.000
usemtl m_B8B8B8
f 4182 4186 4188 4184
usemtl m_B8B8B8
f 4181 4183 4187 4185
usemtl m_B8B8B8
f 4181 4185 4186 4182
usemtl m_B8B8B8
f 4187 4183 4184 4188
usemtl m_B8B8B8
f 4183 4181 4182 4184
usemtl m_B8B8B8
f 4185 4187 4188 4186
o cutaway_lower_S_6_1
v 119.000 0.000 -56.000
v 119.000 4.844 -56.000
v 119.000 0.000 -58.000
v 119.000 4.844 -58.000
v 188.000 0.000 -56.000
v 188.000 4.844 -56.000
v 188.000 0.000 -58.000
v 188.000 4.844 -58.000
usemtl m_B8B8B8
f 4190 4194 4196 4192
usemtl m_B8B8B8
f 4189 4191 4195 4193
usemtl m_B8B8B8
f 4189 4193 4194 4190
usemtl m_B8B8B8
f 4195 4191 4192 4196
usemtl m_B8B8B8
f 4191 4189 4190 4192
usemtl m_B8B8B8
f 4193 4195 4196 4194
o cutaway_lower_E_2_0
v 178.000 0.000 -68.000
v 178.000 0.969 -68.000
v 178.000 0.000 -175.090
v 178.000 0.969 -175.090
v 180.000 0.000 -68.000
v 180.000 0.969 -68.000
v 180.000 0.000 -175.090
v 180.000 0.969 -175.090
usemtl m_B8B8B8
f 4198 4202 4204 4200
usemtl m_B8B8B8
f 4197 4199 4203 4201
usemtl m_B8B8B8
f 4197 4201 4202 4198
usemtl m_B8B8B8
f 4203 4199 4200 4204
usemtl m_B8B8B8
f 4199 4197 4198 4200
usemtl m_B8B8B8
f 4201 4203 4204 4202
o cutaway_lower_E_2_1
v 178.000 0.000 -183.090
v 178.000 0.969 -183.090
v 178.000 0.000 -212.000
v 178.000 0.969 -212.000
v 180.000 0.000 -183.090
v 180.000 0.969 -183.090
v 180.000 0.000 -212.000
v 180.000 0.969 -212.000
usemtl m_B8B8B8
f 4206 4210 4212 4208
usemtl m_B8B8B8
f 4205 4207 4211 4209
usemtl m_B8B8B8
f 4205 4209 4210 4206
usemtl m_B8B8B8
f 4211 4207 4208 4212
usemtl m_B8B8B8
f 4207 4205 4206 4208
usemtl m_B8B8B8
f 4209 4211 4212 4210
o cutaway_lower_E_3_0
v 180.000 0.000 -68.000
v 180.000 1.938 -68.000
v 180.000 0.000 -175.090
v 180.000 1.938 -175.090
v 182.000 0.000 -68.000
v 182.000 1.938 -68.000
v 182.000 0.000 -175.090
v 182.000 1.938 -175.090
usemtl m_B8B8B8
f 4214 4218 4220 4216
usemtl m_B8B8B8
f 4213 4215 4219 4217
usemtl m_B8B8B8
f 4213 4217 4218 4214
usemtl m_B8B8B8
f 4219 4215 4216 4220
usemtl m_B8B8B8
f 4215 4213 4214 4216
usemtl m_B8B8B8
f 4217 4219 4220 4218
o cutaway_lower_E_3_1
v 180.000 0.000 -183.090
v 180.000 1.938 -183.090
v 180.000 0.000 -212.000
v 180.000 1.938 -212.000
v 182.000 0.000 -183.090
v 182.000 1.938 -183.090
v 182.000 0.000 -212.000
v 182.000 1.938 -212.000
usemtl m_B8B8B8
f 4222 4226 4228 4224
usemtl m_B8B8B8
f 4221 4223 4227 4225
usemtl m_B8B8B8
f 4221 4225 4226 4222
usemtl m_B8B8B8
f 4227 4223 4224 4228
usemtl m_B8B8B8
f 4223 4221 4222 4224
usemtl m_B8B8B8
f 4225 4227 4228 4226
o cutaway_lower_E_4_0
v 182.000 0.000 -68.000
v 182.000 2.906 -68.000
v 182.000 0.000 -175.090
v 182.000 2.906 -175.090
v 184.000 0.000 -68.000
v 184.000 2.906 -68.000
v 184.000 0.000 -175.090
v 184.000 2.906 -175.090
usemtl m_B8B8B8
f 4230 4234 4236 4232
usemtl m_B8B8B8
f 4229 4231 4235 4233
usemtl m_B8B8B8
f 4229 4233 4234 4230
usemtl m_B8B8B8
f 4235 4231 4232 4236
usemtl m_B8B8B8
f 4231 4229 4230 4232
usemtl m_B8B8B8
f 4233 4235 4236 4234
o cutaway_lower_E_4_1
v 182.000 0.000 -183.090
v 182.000 2.906 -183.090
v 182.000 0.000 -212.000
v 182.000 2.906 -212.000
v 184.000 0.000 -183.090
v 184.000 2.906 -183.090
v 184.000 0.000 -212.000
v 184.000 2.906 -212.000
usemtl m_B8B8B8
f 4238 4242 4244 4240
usemtl m_B8B8B8
f 4237 4239 4243 4241
usemtl m_B8B8B8
f 4237 4241 4242 4238
usemtl m_B8B8B8
f 4243 4239 4240 4244
usemtl m_B8B8B8
f 4239 4237 4238 4240
usemtl m_B8B8B8
f 4241 4243 4244 4242
o cutaway_lower_E_5_0
v 184.000 0.000 -68.000
v 184.000 3.875 -68.000
v 184.000 0.000 -175.090
v 184.000 3.875 -175.090
v 186.000 0.000 -68.000
v 186.000 3.875 -68.000
v 186.000 0.000 -175.090
v 186.000 3.875 -175.090
usemtl m_B8B8B8
f 4246 4250 4252 4248
usemtl m_B8B8B8
f 4245 4247 4251 4249
usemtl m_B8B8B8
f 4245 4249 4250 4246
usemtl m_B8B8B8
f 4251 4247 4248 4252
usemtl m_B8B8B8
f 4247 4245 4246 4248
usemtl m_B8B8B8
f 4249 4251 4252 4250
o cutaway_lower_E_5_1
v 184.000 0.000 -183.090
v 184.000 3.875 -183.090
v 184.000 0.000 -212.000
v 184.000 3.875 -212.000
v 186.000 0.000 -183.090
v 186.000 3.875 -183.090
v 186.000 0.000 -212.000
v 186.000 3.875 -212.000
usemtl m_B8B8B8
f 4254 4258 4260 4256
usemtl m_B8B8B8
f 4253 4255 4259 4257
usemtl m_B8B8B8
f 4253 4257 4258 4254
usemtl m_B8B8B8
f 4259 4255 4256 4260
usemtl m_B8B8B8
f 4255 4253 4254 4256
usemtl m_B8B8B8
f 4257 4259 4260 4258
o cutaway_lower_E_6_0
v 186.000 0.000 -68.000
v 186.000 4.844 -68.000
v 186.000 0.000 -175.090
v 186.000 4.844 -175.090
v 188.000 0.000 -68.000
v 188.000 4.844 -68.000
v 188.000 0.000 -175.090
v 188.000 4.844 -175.090
usemtl m_B8B8B8
f 4262 4266 4268 4264
usemtl m_B8B8B8
f 4261 4263 4267 4265
usemtl m_B8B8B8
f 4261 4265 4266 4262
usemtl m_B8B8B8
f 4267 4263 4264 4268
usemtl m_B8B8B8
f 4263 4261 4262 4264
usemtl m_B8B8B8
f 4265 4267 4268 4266
o cutaway_lower_E_6_1
v 186.000 0.000 -183.090
v 186.000 4.844 -183.090
v 186.000 0.000 -212.000
v 186.000 4.844 -212.000
v 188.000 0.000 -183.090
v 188.000 4.844 -183.090
v 188.000 0.000 -212.000
v 188.000 4.844 -212.000
usemtl m_B8B8B8
f 4270 4274 4276 4272
usemtl m_B8B8B8
f 4269 4271 4275 4273
usemtl m_B8B8B8
f 4269 4273 4274 4270
usemtl m_B8B8B8
f 4275 4271 4272 4276
usemtl m_B8B8B8
f 4271 4269 4270 4272
usemtl m_B8B8B8
f 4273 4275 4276 4274
o cutaway_upper_N_1
v 56.000 0.000 -224.000
v 56.000 9.000 -224.000
v 56.000 0.000 -227.000
v 56.000 9.000 -227.000
v 188.000 0.000 -224.000
v 188.000 9.000 -224.000
v 188.000 0.000 -227.000
v 188.000 9.000 -227.000
usemtl m_9C9C9C
f 4278 4282 4284 4280
usemtl m_9C9C9C
f 4277 4279 4283 4281
usemtl m_9C9C9C
f 4277 4281 4282 4278
usemtl m_9C9C9C
f 4283 4279 4280 4284
usemtl m_9C9C9C
f 4279 4277 4278 4280
usemtl m_9C9C9C
f 4281 4283 4284 4282
o cutaway_upper_N_2
v 56.000 0.000 -227.000
v 56.000 10.750 -227.000
v 56.000 0.000 -230.000
v 56.000 10.750 -230.000
v 188.000 0.000 -227.000
v 188.000 10.750 -227.000
v 188.000 0.000 -230.000
v 188.000 10.750 -230.000
usemtl m_9C9C9C
f 4286 4290 4292 4288
usemtl m_9C9C9C
f 4285 4287 4291 4289
usemtl m_9C9C9C
f 4285 4289 4290 4286
usemtl m_9C9C9C
f 4291 4287 4288 4292
usemtl m_9C9C9C
f 4287 4285 4286 4288
usemtl m_9C9C9C
f 4289 4291 4292 4290
o cutaway_upper_N_3
v 56.000 0.000 -230.000
v 56.000 12.500 -230.000
v 56.000 0.000 -233.000
v 56.000 12.500 -233.000
v 188.000 0.000 -230.000
v 188.000 12.500 -230.000
v 188.000 0.000 -233.000
v 188.000 12.500 -233.000
usemtl m_9C9C9C
f 4294 4298 4300 4296
usemtl m_9C9C9C
f 4293 4295 4299 4297
usemtl m_9C9C9C
f 4293 4297 4298 4294
usemtl m_9C9C9C
f 4299 4295 4296 4300
usemtl m_9C9C9C
f 4295 4293 4294 4296
usemtl m_9C9C9C
f 4297 4299 4300 4298
o cutaway_upper_N_4
v 56.000 0.000 -233.000
v 56.000 14.250 -233.000
v 56.000 0.000 -236.000
v 56.000 14.250 -236.000
v 188.000 0.000 -233.000
v 188.000 14.250 -233.000
v 188.000 0.000 -236.000
v 188.000 14.250 -236.000
usemtl m_9C9C9C
f 4302 4306 4308 4304
usemtl m_9C9C9C
f 4301 4303 4307 4305
usemtl m_9C9C9C
f 4301 4305 4306 4302
usemtl m_9C9C9C
f 4307 4303 4304 4308
usemtl m_9C9C9C
f 4303 4301 4302 4304
usemtl m_9C9C9C
f 4305 4307 4308 4306
o cutaway_upper_N_5
v 56.000 0.000 -236.000
v 56.000 16.000 -236.000
v 56.000 0.000 -239.000
v 56.000 16.000 -239.000
v 188.000 0.000 -236.000
v 188.000 16.000 -236.000
v 188.000 0.000 -239.000
v 188.000 16.000 -239.000
usemtl m_9C9C9C
f 4310 4314 4316 4312
usemtl m_9C9C9C
f 4309 4311 4315 4313
usemtl m_9C9C9C
f 4309 4313 4314 4310
usemtl m_9C9C9C
f 4315 4311 4312 4316
usemtl m_9C9C9C
f 4311 4309 4310 4312
usemtl m_9C9C9C
f 4313 4315 4316 4314
o cutaway_upper_S_1
v 56.000 0.000 -53.000
v 56.000 9.000 -53.000
v 56.000 0.000 -56.000
v 56.000 9.000 -56.000
v 188.000 0.000 -53.000
v 188.000 9.000 -53.000
v 188.000 0.000 -56.000
v 188.000 9.000 -56.000
usemtl m_9C9C9C
f 4318 4322 4324 4320
usemtl m_9C9C9C
f 4317 4319 4323 4321
usemtl m_9C9C9C
f 4317 4321 4322 4318
usemtl m_9C9C9C
f 4323 4319 4320 4324
usemtl m_9C9C9C
f 4319 4317 4318 4320
usemtl m_9C9C9C
f 4321 4323 4324 4322
o cutaway_upper_S_2
v 56.000 0.000 -50.000
v 56.000 10.750 -50.000
v 56.000 0.000 -53.000
v 56.000 10.750 -53.000
v 188.000 0.000 -50.000
v 188.000 10.750 -50.000
v 188.000 0.000 -53.000
v 188.000 10.750 -53.000
usemtl m_9C9C9C
f 4326 4330 4332 4328
usemtl m_9C9C9C
f 4325 4327 4331 4329
usemtl m_9C9C9C
f 4325 4329 4330 4326
usemtl m_9C9C9C
f 4331 4327 4328 4332
usemtl m_9C9C9C
f 4327 4325 4326 4328
usemtl m_9C9C9C
f 4329 4331 4332 4330
o cutaway_upper_S_3
v 56.000 0.000 -47.000
v 56.000 12.500 -47.000
v 56.000 0.000 -50.000
v 56.000 12.500 -50.000
v 188.000 0.000 -47.000
v 188.000 12.500 -47.000
v 188.000 0.000 -50.000
v 188.000 12.500 -50.000
usemtl m_9C9C9C
f 4334 4338 4340 4336
usemtl m_9C9C9C
f 4333 4335 4339 4337
usemtl m_9C9C9C
f 4333 4337 4338 4334
usemtl m_9C9C9C
f 4339 4335 4336 4340
usemtl m_9C9C9C
f 4335 4333 4334 4336
usemtl m_9C9C9C
f 4337 4339 4340 4338
o cutaway_upper_S_4
v 56.000 0.000 -44.000
v 56.000 14.250 -44.000
v 56.000 0.000 -47.000
v 56.000 14.250 -47.000
v 188.000 0.000 -44.000
v 188.000 14.250 -44.000
v 188.000 0.000 -47.000
v 188.000 14.250 -47.000
usemtl m_9C9C9C
f 4342 4346 4348 4344
usemtl m_9C9C9C
f 4341 4343 4347 4345
usemtl m_9C9C9C
f 4341 4345 4346 4342
usemtl m_9C9C9C
f 4347 4343 4344 4348
usemtl m_9C9C9C
f 4343 4341 4342 4344
usemtl m_9C9C9C
f 4345 4347 4348 4346
o cutaway_upper_S_5
v 56.000 0.000 -41.000
v 56.000 16.000 -41.000
v 56.000 0.000 -44.000
v 56.000 16.000 -44.000
v 188.000 0.000 -41.000
v 188.000 16.000 -41.000
v 188.000 0.000 -44.000
v 188.000 16.000 -44.000
usemtl m_9C9C9C
f 4350 4354 4356 4352
usemtl m_9C9C9C
f 4349 4351 4355 4353
usemtl m_9C9C9C
f 4349 4353 4354 4350
usemtl m_9C9C9C
f 4355 4351 4352 4356
usemtl m_9C9C9C
f 4351 4349 4350 4352
usemtl m_9C9C9C
f 4353 4355 4356 4354
o cutaway_upper_E_1
v 188.000 0.000 -41.000
v 188.000 9.000 -41.000
v 188.000 0.000 -239.000
v 188.000 9.000 -239.000
v 191.000 0.000 -41.000
v 191.000 9.000 -41.000
v 191.000 0.000 -239.000
v 191.000 9.000 -239.000
usemtl m_9C9C9C
f 4358 4362 4364 4360
usemtl m_9C9C9C
f 4357 4359 4363 4361
usemtl m_9C9C9C
f 4357 4361 4362 4358
usemtl m_9C9C9C
f 4363 4359 4360 4364
usemtl m_9C9C9C
f 4359 4357 4358 4360
usemtl m_9C9C9C
f 4361 4363 4364 4362
o cutaway_upper_E_2
v 191.000 0.000 -41.000
v 191.000 10.750 -41.000
v 191.000 0.000 -239.000
v 191.000 10.750 -239.000
v 194.000 0.000 -41.000
v 194.000 10.750 -41.000
v 194.000 0.000 -239.000
v 194.000 10.750 -239.000
usemtl m_9C9C9C
f 4366 4370 4372 4368
usemtl m_9C9C9C
f 4365 4367 4371 4369
usemtl m_9C9C9C
f 4365 4369 4370 4366
usemtl m_9C9C9C
f 4371 4367 4368 4372
usemtl m_9C9C9C
f 4367 4365 4366 4368
usemtl m_9C9C9C
f 4369 4371 4372 4370
o cutaway_upper_E_3
v 194.000 0.000 -41.000
v 194.000 12.500 -41.000
v 194.000 0.000 -239.000
v 194.000 12.500 -239.000
v 197.000 0.000 -41.000
v 197.000 12.500 -41.000
v 197.000 0.000 -239.000
v 197.000 12.500 -239.000
usemtl m_9C9C9C
f 4374 4378 4380 4376
usemtl m_9C9C9C
f 4373 4375 4379 4377
usemtl m_9C9C9C
f 4373 4377 4378 4374
usemtl m_9C9C9C
f 4379 4375 4376 4380
usemtl m_9C9C9C
f 4375 4373 4374 4376
usemtl m_9C9C9C
f 4377 4379 4380 4378
o cutaway_upper_E_4
v 197.000 0.000 -41.000
v 197.000 14.250 -41.000
v 197.000 0.000 -239.000
v 197.000 14.250 -239.000
v 200.000 0.000 -41.000
v 200.000 14.250 -41.000
v 200.000 0.000 -239.000
v 200.000 14.250 -239.000
usemtl m_9C9C9C
f 4382 4386 4388 4384
usemtl m_9C9C9C
f 4381 4383 4387 4385
usemtl m_9C9C9C
f 4381 4385 4386 4382
usemtl m_9C9C9C
f 4387 4383 4384 4388
usemtl m_9C9C9C
f 4383 4381 4382 4384
usemtl m_9C9C9C
f 4385 4387 4388 4386
o cutaway_upper_E_5
v 200.000 0.000 -41.000
v 200.000 16.000 -41.000
v 200.000 0.000 -239.000
v 200.000 16.000 -239.000
v 203.000 0.000 -41.000
v 203.000 16.000 -41.000
v 203.000 0.000 -239.000
v 203.000 16.000 -239.000
usemtl m_9C9C9C
f 4390 4394 4396 4392
usemtl m_9C9C9C
f 4389 4391 4395 4393
usemtl m_9C9C9C
f 4389 4393 4394 4390
usemtl m_9C9C9C
f 4395 4391 4392 4396
usemtl m_9C9C9C
f 4391 4389 4390 4392
usemtl m_9C9C9C
f 4393 4395 4396 4394
o cutaway_ground_band_0
v 93.000 0.000 0.000
v 99.000 0.000 0.000
v 99.000 0.000 30.000
v 91.000 0.000 30.000
v 91.000 0.000 36.000
v 99.000 0.000 36.000
v 99.000 0.000 42.000
v 85.000 0.000 42.000
v 85.000 0.000 24.000
v 93.000 0.000 24.000
usemtl m_D9B79A
f 4397 4398 4399 4400 4401 4402 4403 4404 4405 4406
o cutaway_ground_band_1
v 133.000 0.000 24.000
v 141.000 0.000 24.000
v 141.000 0.000 42.000
v 127.000 0.000 42.000
v 127.000 0.000 36.000
v 135.000 0.000 36.000
v 135.000 0.000 30.000
v 127.000 0.000 30.000
v 127.000 0.000 0.000
v 133.000 0.000 0.000
usemtl m_D9B79A
f 4407 4408 4409 4410 4411 4412 4413 4414 4415 4416
o cutaway_ground_walk_2
v 99.000 0.000 30.000
v 127.000 0.000 30.000
v 127.000 0.000 0.000
v 99.000 0.000 0.000
usemtl m_B5654A
f 4417 4418 4419 4420
o cutaway_ground_lobby_3
v 84.000 0.000 0.000
v 142.000 0.000 0.000
v 142.000 0.000 -34.000
v 84.000 0.000 -34.000
usemtl m_EFEFEF
f 4421 4422 4423 4424
o cutaway_ground_screening_4
v 123.000 0.000 -24.000
v 142.000 0.000 -24.000
v 142.000 0.000 -34.000
v 123.000 0.000 -34.000
usemtl m_CFE3D2
f 4425 4426 4427 4428
o cutaway_ground_arena_floor_5
v 56.000 0.000 -56.000
v 188.000 0.000 -56.000
v 188.000 0.000 -224.000
v 56.000 0.000 -224.000
usemtl m_F2EBDD
f 4429 4430 4431 4432
o cutaway_ground_mat_6
v 66.000 0.000 -145.000
v 108.000 0.000 -145.000
v 108.000 0.000 -187.000
v 66.000 0.000 -187.000
usemtl m_E9D3A6
f 4433 4434 4435 4436
o cutaway_ground_mat_7
v 118.000 0.000 -145.000
v 160.000 0.000 -145.000
v 160.000 0.000 -187.000
v 118.000 0.000 -187.000
usemtl m_E9D3A6
f 4437 4438 4439 4440
o cutaway_ground_mat_8
v 66.000 0.000 -93.000
v 108.000 0.000 -93.000
v 108.000 0.000 -135.000
v 66.000 0.000 -135.000
usemtl m_E9D3A6
f 4441 4442 4443 4444
o cutaway_ground_mat_9
v 118.000 0.000 -93.000
v 160.000 0.000 -93.000
v 160.000 0.000 -135.000
v 118.000 0.000 -135.000
usemtl m_E9D3A6
f 4445 4446 4447 4448
