  0
SECTION
  2
HEADER
  9
$ACADVER
  1
AC1024
  9
$ACADMAINTVER
 70
6
  9
$DWGCODEPAGE
  3
ANSI_1252
  9
$LASTSAVEDBY
  1
ezdxf
  9
$INSBASE
 10
0.0
 20
0.0
 30
0.0
  9
$EXTMIN
 10
1e+20
 20
1e+20
 30
1e+20
  9
$EXTMAX
 10
-1e+20
 20
-1e+20
 30
-1e+20
  9
$LIMMIN
 10
0.0
 20
0.0
  9
$LIMMAX
 10
420.0
 20
297.0
  9
$ORTHOMODE
 70
0
  9
$REGENMODE
 70
1
  9
$FILLMODE
 70
1
  9
$QTEXTMODE
 70
0
  9
$MIRRTEXT
 70
1
  9
$LTSCALE
 40
1.0
  9
$ATTMODE
 70
1
  9
$TEXTSIZE
 40
2.5
  9
$TRACEWID
 40
1.0
  9
$TEXTSTYLE
  7
Standard
  9
$CLAYER
  8
0
  9
$CELTYPE
  6
ByLayer
  9
$CECOLOR
 62
256
  9
$CELTSCALE
 40
1.0
  9
$DISPSILH
 70
0
  9
$DIMSCALE
 40
1.0
  9
$DIMASZ
 40
2.5
  9
$DIMEXO
 40
0.625
  9
$DIMDLI
 40
3.75
  9
$DIMRND
 40
0.0
  9
$DIMDLE
 40
0.0
  9
$DIMEXE
 40
1.25
  9
$DIMTP
 40
0.0
  9
$DIMTM
 40
0.0
  9
$DIMTXT
 40
2.5
  9
$DIMCEN
 40
2.5
  9
$DIMTSZ
 40
0.0
  9
$DIMTOL
 70
0
  9
$DIMLIM
 70
0
  9
$DIMTIH
 70
0
  9
$DIMTOH
 70
0
  9
$DIMSE1
 70
0
  9
$DIMSE2
 70
0
  9
$DIMTAD
 70
1
  9
$DIMZIN
 70
8
  9
$DIMBLK
  1

  9
$DIMASO
 70
1
  9
$DIMSHO
 70
1
  9
$DIMPOST
  1

  9
$DIMAPOST
  1

  9
$DIMALT
 70
0
  9
$DIMALTD
 70
3
  9
$DIMALTF
 40
0.03937007874
  9
$DIMLFAC
 40
1.0
  9
$DIMTOFL
 70
1
  9
$DIMTVP
 40
0.0
  9
$DIMTIX
 70
0
  9
$DIMSOXD
 70
0
  9
$DIMSAH
 70
0
  9
$DIMBLK1
  1

  9
$DIMBLK2
  1

  9
$DIMSTYLE
  2
ISO-25
  9
$DIMCLRD
 70
0
  9
$DIMCLRE
 70
0
  9
$DIMCLRT
 70
0
  9
$DIMTFAC
 40
1.0
  9
$DIMGAP
 40
0.625
  9
$DIMJUST
 70
0
  9
$DIMSD1
 70
0
  9
$DIMSD2
 70
0
  9
$DIMTOLJ
 70
0
  9
$DIMTZIN
 70
8
  9
$DIMALTZ
 70
0
  9
$DIMALTTZ
 70
0
  9
$DIMUPT
 70
0
  9
$DIMDEC
 70
2
  9
$DIMTDEC
 70
2
  9
$DIMALTU
 70
2
  9
$DIMALTTD
 70
3
  9
$DIMTXSTY
  7
Standard
  9
$DIMAUNIT
 70
0
  9
$DIMADEC
 70
0
  9
$DIMALTRND
 40
0.0
  9
$DIMAZIN
 70
0
  9
$DIMDSEP
 70
44
  9
$DIMATFIT
 70
3
  9
$DIMFRAC
 70
0
  9
$DIMLDRBLK
  1

  9
$DIMLUNIT
 70
2
  9
$DIMLWD
 70
-2
  9
$DIMLWE
 70
-2
  9
$DIMTMOVE
 70
0
  9
$DIMFXL
 40
1.0
  9
$DIMFXLON
 70
0
  9
$DIMJOGANG
 40
0.785398163397
  9
$DIMTFILL
 70
0
  9
$DIMTFILLCLR
 70
0
  9
$DIMARCSYM
 70
0
  9
$DIMLTYPE
  6

  9
$DIMLTEX1
  6

  9
$DIMLTEX2
  6

  9
$DIMTXTDIRECTION
 70
0
  9
$LUNITS
 70
2
  9
$LUPREC
 70
4
  9
$SKETCHINC
 40
1.0
  9
$FILLETRAD
 40
10.0
  9
$AUNITS
 70
0
  9
$AUPREC
 70
2
  9
$MENU
  1
.
  9
$ELEVATION
 40
0.0
  9
$PELEVATION
 40
0.0
  9
$THICKNESS
 40
0.0
  9
$LIMCHECK
 70
0
  9
$CHAMFERA
 40
0.0
  9
$CHAMFERB
 40
0.0
  9
$CHAMFERC
 40
0.0
  9
$CHAMFERD
 40
0.0
  9
$SKPOLY
 70
0
  9
$TDCREATE
 40
2461323.351527778
  9
$TDUCREATE
 40
2458532.153996898
  9
$TDUPDATE
 40
2461323.351527778
  9
$TDUUPDATE
 40
2458532.1544311
  9
$TDINDWG
 40
0.0
  9
$TDUSRTIMER
 40
0.0
  9
$USRTIMER
 70
1
  9
$ANGBASE
 50
0.0
  9
$ANGDIR
 70
0
  9
$PDMODE
 70
0
  9
$PDSIZE
 40
0.0
  9
$PLINEWID
 40
0.0
  9
$SPLFRAME
 70
0
  9
$SPLINETYPE
 70
6
  9
$SPLINESEGS
 70
8
  9
$HANDSEED
  5
3B5
  9
$SURFTAB1
 70
6
  9
$SURFTAB2
 70
6
  9
$SURFTYPE
 70
6
  9
$SURFU
 70
6
  9
$SURFV
 70
6
  9
$UCSBASE
  2

  9
$UCSNAME
  2

  9
$UCSORG
 10
0.0
 20
0.0
 30
0.0
  9
$UCSXDIR
 10
1.0
 20
0.0
 30
0.0
  9
$UCSYDIR
 10
0.0
 20
1.0
 30
0.0
  9
$UCSORTHOREF
  2

  9
$UCSORTHOVIEW
 70
0
  9
$UCSORGTOP
 10
0.0
 20
0.0
 30
0.0
  9
$UCSORGBOTTOM
 10
0.0
 20
0.0
 30
0.0
  9
$UCSORGLEFT
 10
0.0
 20
0.0
 30
0.0
  9
$UCSORGRIGHT
 10
0.0
 20
0.0
 30
0.0
  9
$UCSORGFRONT
 10
0.0
 20
0.0
 30
0.0
  9
$UCSORGBACK
 10
0.0
 20
0.0
 30
0.0
  9
$PUCSBASE
  2

  9
$PUCSNAME
  2

  9
$PUCSORG
 10
0.0
 20
0.0
 30
0.0
  9
$PUCSXDIR
 10
1.0
 20
0.0
 30
0.0
  9
$PUCSYDIR
 10
0.0
 20
1.0
 30
0.0
  9
$PUCSORTHOREF
  2

  9
$PUCSORTHOVIEW
 70
0
  9
$PUCSORGTOP
 10
0.0
 20
0.0
 30
0.0
  9
$PUCSORGBOTTOM
 10
0.0
 20
0.0
 30
0.0
  9
$PUCSORGLEFT
 10
0.0
 20
0.0
 30
0.0
  9
$PUCSORGRIGHT
 10
0.0
 20
0.0
 30
0.0
  9
$PUCSORGFRONT
 10
0.0
 20
0.0
 30
0.0
  9
$PUCSORGBACK
 10
0.0
 20
0.0
 30
0.0
  9
$USERI1
 70
0
  9
$USERI2
 70
0
  9
$USERI3
 70
0
  9
$USERI4
 70
0
  9
$USERI5
 70
0
  9
$USERR1
 40
0.0
  9
$USERR2
 40
0.0
  9
$USERR3
 40
0.0
  9
$USERR4
 40
0.0
  9
$USERR5
 40
0.0
  9
$WORLDVIEW
 70
1
  9
$SHADEDGE
 70
3
  9
$SHADEDIF
 70
70
  9
$TILEMODE
 70
1
  9
$MAXACTVP
 70
64
  9
$PINSBASE
 10
0.0
 20
0.0
 30
0.0
  9
$PLIMCHECK
 70
0
  9
$PEXTMIN
 10
1e+20
 20
1e+20
 30
1e+20
  9
$PEXTMAX
 10
-1e+20
 20
-1e+20
 30
-1e+20
  9
$PLIMMIN
 10
0.0
 20
0.0
  9
$PLIMMAX
 10
420.0
 20
297.0
  9
$UNITMODE
 70
0
  9
$VISRETAIN
 70
1
  9
$PLINEGEN
 70
0
  9
$PSLTSCALE
 70
1
  9
$TREEDEPTH
 70
3020
  9
$CMLSTYLE
  2
Standard
  9
$CMLJUST
 70
0
  9
$CMLSCALE
 40
20.0
  9
$PROXYGRAPHICS
 70
1
  9
$MEASUREMENT
 70
0
  9
$CELWEIGHT
370
-1
  9
$ENDCAPS
280
0
  9
$JOINSTYLE
280
0
  9
$LWDISPLAY
290
0
  9
$INSUNITS
 70
1
  9
$HYPERLINKBASE
  1

  9
$STYLESHEET
  1

  9
$XEDIT
290
1
  9
$CEPSNTYPE
380
0
  9
$PSTYLEMODE
290
1
  9
$FINGERPRINTGUID
  2
{C862E0E6-A3FA-4AA4-B50E-757706933AC5}
  9
$VERSIONGUID
  2
{F37F87BB-FC3F-4B12-BF65-22DC91C472C8}
  9
$EXTNAMES
290
1
  9
$PSVPSCALE
 40
0.0
  9
$OLESTARTUP
290
0
  9
$SORTENTS
280
127
  9
$INDEXCTL
280
0
  9
$HIDETEXT
280
1
  9
$XCLIPFRAME
280
1
  9
$HALOGAP
280
0
  9
$OBSCOLOR
 70
257
  9
$OBSLTYPE
280
0
  9
$INTERSECTIONDISPLAY
280
0
  9
$INTERSECTIONCOLOR
 70
257
  9
$DIMASSOC
280
2
  9
$PROJECTNAME
  1

  9
$CAMERADISPLAY
290
0
  9
$LENSLENGTH
 40
50.0
  9
$CAMERAHEIGHT
 40
0.0
  9
$STEPSPERSEC
 40
24.0
  9
$STEPSIZE
 40
100.0
  9
$3DDWFPREC
 40
2.0
  9
$PSOLWIDTH
 40
0.005
  9
$PSOLHEIGHT
 40
0.08
  9
$LOFTANG1
 40
1.570796326795
  9
$LOFTANG2
 40
1.570796326795
  9
$LOFTMAG1
 40
0.0
  9
$LOFTMAG2
 40
0.0
  9
$LOFTPARAM
 70
7
  9
$LOFTNORMALS
280
1
  9
$LATITUDE
 40
37.795
  9
$LONGITUDE
 40
-122.394
  9
$NORTHDIRECTION
 40
0.0
  9
$TIMEZONE
 70
-8000
  9
$LIGHTGLYPHDISPLAY
280
1
  9
$TILEMODELIGHTSYNCH
280
1
  9
$CMATERIAL
347
20
  9
$SOLIDHIST
280
0
  9
$SHOWHIST
280
1
  9
$DWFFRAME
280
2
  9
$DGNFRAME
280
2
  9
$REALWORLDSCALE
290
1
  9
$INTERFERECOLOR
 62
256
  9
$CSHADOW
280
0
  9
$SHADOWPLANELOCATION
 40
0.0
  0
ENDSEC
  0
SECTION
  2
CLASSES
  0
CLASS
  1
ACDBDICTIONARYWDFLT
  2
AcDbDictionaryWithDefault
  3
ObjectDBX Classes
 90
0
 91
0
280
0
281
0
  0
CLASS
  1
SUN
  2
AcDbSun
  3
SCENEOE
 90
1153
 91
0
280
0
281
0
  0
CLASS
  1
VISUALSTYLE
  2
AcDbVisualStyle
  3
ObjectDBX Classes
 90
4095
 91
0
280
0
281
0
  0
CLASS
  1
MATERIAL
  2
AcDbMaterial
  3
ObjectDBX Classes
 90
1153
 91
0
280
0
281
0
  0
CLASS
  1
SCALE
  2
AcDbScale
  3
ObjectDBX Classes
 90
1153
 91
0
280
0
281
0
  0
CLASS
  1
TABLESTYLE
  2
AcDbTableStyle
  3
ObjectDBX Classes
 90
4095
 91
0
280
0
281
0
  0
CLASS
  1
MLEADERSTYLE
  2
AcDbMLeaderStyle
  3
ACDB_MLEADERSTYLE_CLASS
 90
4095
 91
0
280
0
281
0
  0
CLASS
  1
DICTIONARYVAR
  2
AcDbDictionaryVar
  3
ObjectDBX Classes
 90
0
 91
0
280
0
281
0
  0
CLASS
  1
CELLSTYLEMAP
  2
AcDbCellStyleMap
  3
ObjectDBX Classes
 90
1152
 91
0
280
0
281
0
  0
CLASS
  1
MENTALRAYRENDERSETTINGS
  2
AcDbMentalRayRenderSettings
  3
SCENEOE
 90
1024
 91
0
280
0
281
0
  0
CLASS
  1
ACDBDETAILVIEWSTYLE
  2
AcDbDetailViewStyle
  3
ObjectDBX Classes
 90
1025
 91
0
280
0
281
0
  0
CLASS
  1
ACDBSECTIONVIEWSTYLE
  2
AcDbSectionViewStyle
  3
ObjectDBX Classes
 90
1025
 91
0
280
0
281
0
  0
CLASS
  1
RASTERVARIABLES
  2
AcDbRasterVariables
  3
ISM
 90
0
 91
0
280
0
281
0
  0
CLASS
  1
ACDBPLACEHOLDER
  2
AcDbPlaceHolder
  3
ObjectDBX Classes
 90
0
 91
0
280
0
281
0
  0
CLASS
  1
LAYOUT
  2
AcDbLayout
  3
ObjectDBX Classes
 90
0
 91
0
280
0
281
0
  0
ENDSEC
  0
SECTION
  2
TABLES
  0
TABLE
  2
VPORT
  5
8
330
0
100
AcDbSymbolTable
 70
1
  0
VPORT
  5
23
330
8
100
AcDbSymbolTableRecord
100
AcDbViewportTableRecord
  2
*Active
 70
0
 10
0.0
 20
0.0
 11
1.0
 21
1.0
 12
0.0
 22
0.0
 13
0.0
 23
0.0
 14
0.5
 24
0.5
 15
0.5
 25
0.5
 16
0.0
 26
0.0
 36
1.0
 17
0.0
 27
0.0
 37
0.0
 40
1000.0
 41
1.34
 42
50.0
 43
0.0
 44
0.0
 50
0.0
 51
0.0
 71
0
 72
1000
 73
1
 74
3
 75
0
 76
0
 77
0
 78
0
281
0
 65
0
146
0.0
  0
ENDTAB
  0
TABLE
  2
LTYPE
  5
2
330
0
100
AcDbSymbolTable
 70
3
  0
LTYPE
  5
24
330
2
100
AcDbSymbolTableRecord
100
AcDbLinetypeTableRecord
  2
ByBlock
 70
0
  3

 72
65
 73
0
 40
0.0
  0
LTYPE
  5
25
330
2
100
AcDbSymbolTableRecord
100
AcDbLinetypeTableRecord
  2
ByLayer
 70
0
  3

 72
65
 73
0
 40
0.0
  0
LTYPE
  5
26
330
2
100
AcDbSymbolTableRecord
100
AcDbLinetypeTableRecord
  2
Continuous
 70
0
  3

 72
65
 73
0
 40
0.0
  0
ENDTAB
  0
TABLE
  2
LAYER
  5
1
330
0
100
AcDbSymbolTable
 70
11
  0
LAYER
  5
27
330
1
100
AcDbSymbolTableRecord
100
AcDbLayerTableRecord
  2
0
 70
0
 62
7
  6
Continuous
370
-3
390
13
347
21
  0
LAYER
  5
28
330
1
100
AcDbSymbolTableRecord
100
AcDbLayerTableRecord
  2
Defpoints
 70
0
 62
7
  6
Continuous
290
0
370
-3
390
13
347
21
  0
LAYER
  5
31
330
1
100
AcDbSymbolTableRecord
100
AcDbLayerTableRecord
  2
G-ANNO-TTLB
 70
0
 62
7
  6
Continuous
370
-3
390
13
347
21
  0
LAYER
  5
32
330
1
100
AcDbSymbolTableRecord
100
AcDbLayerTableRecord
  2
A-ANNO-TEXT
 70
0
 62
7
  6
Continuous
370
-3
390
13
347
21
  0
LAYER
  5
33
330
1
100
AcDbSymbolTableRecord
100
AcDbLayerTableRecord
  2
A-ROOM
 70
0
 62
7
  6
Continuous
370
-3
390
13
347
21
  0
LAYER
  5
34
330
1
100
AcDbSymbolTableRecord
100
AcDbLayerTableRecord
  2
A-ANNO-GHOST
 70
0
 62
7
  6
Continuous
370
-3
390
13
347
21
  0
LAYER
  5
35
330
1
100
AcDbSymbolTableRecord
100
AcDbLayerTableRecord
  2
A-STAIR
 70
0
 62
7
  6
Continuous
370
-3
390
13
347
21
  0
LAYER
  5
36
330
1
100
AcDbSymbolTableRecord
100
AcDbLayerTableRecord
  2
A-ANNEX
 70
0
 62
7
  6
Continuous
370
-3
390
13
347
21
  0
LAYER
  5
37
330
1
100
AcDbSymbolTableRecord
100
AcDbLayerTableRecord
  2
A-WALL-EXT
 70
0
 62
7
  6
Continuous
370
-3
390
13
347
21
  0
LAYER
  5
38
330
1
100
AcDbSymbolTableRecord
100
AcDbLayerTableRecord
  2
A-EXIT
 70
0
 62
7
  6
Continuous
370
-3
390
13
347
21
  0
LAYER
  5
39
330
1
100
AcDbSymbolTableRecord
100
AcDbLayerTableRecord
  2
A-ANNO-DIMS
 70
0
 62
7
  6
Continuous
370
-3
390
13
347
21
  0
ENDTAB
  0
TABLE
  2
STYLE
  5
5
330
0
100
AcDbSymbolTable
 70
3
  0
STYLE
  5
29
330
5
100
AcDbSymbolTableRecord
100
AcDbTextStyleTableRecord
  2
Standard
 70
0
 40
0.0
 41
1.0
 50
0.0
 71
0
 42
2.5
  3
txt
  4

  0
STYLE
  5
2F
330
5
100
AcDbSymbolTableRecord
100
AcDbTextStyleTableRecord
  2
KS-REG
 70
0
 40
0.0
 41
1.0
 50
0.0
 71
0
 42
2.5
  3
DejaVuSans.ttf
  4

  0
STYLE
  5
30
330
5
100
AcDbSymbolTableRecord
100
AcDbTextStyleTableRecord
  2
KS-BOLD
 70
0
 40
0.0
 41
1.0
 50
0.0
 71
0
 42
2.5
  3
DejaVuSans-Bold.ttf
  4

  0
ENDTAB
  0
TABLE
  2
VIEW
  5
7
330
0
100
AcDbSymbolTable
 70
0
  0
ENDTAB
  0
TABLE
  2
UCS
  5
6
330
0
100
AcDbSymbolTable
 70
0
  0
ENDTAB
  0
TABLE
  2
APPID
  5
3
330
0
100
AcDbSymbolTable
 70
3
  0
APPID
  5
2A
330
3
100
AcDbSymbolTableRecord
100
AcDbRegAppTableRecord
  2
ACAD
 70
0
  0
APPID
  5
3AF
330
3
100
AcDbSymbolTableRecord
100
AcDbRegAppTableRecord
  2
HATCHBACKGROUNDCOLOR
 70
0
  0
APPID
  5
3B0
330
3
100
AcDbSymbolTableRecord
100
AcDbRegAppTableRecord
  2
EZDXF
 70
0
  0
ENDTAB
  0
TABLE
  2
DIMSTYLE
  5
4
330
0
100
AcDbSymbolTable
 70
1
100
AcDbDimStyleTable
  0
DIMSTYLE
105
2B
330
4
100
AcDbSymbolTableRecord
100
AcDbDimStyleTableRecord
  2
Standard
 70
0
 40
1.0
 41
2.5
 42
0.625
 43
3.75
 44
1.25
 45
0.0
 46
0.0
 47
0.0
 48
0.0
 49
2.5
140
2.5
141
2.5
142
0.0
143
0.03937007874
144
1.0
145
0.0
146
1.0
147
0.625
148
0.0
 69
0
 70
0
 71
0
 72
0
 73
0
 74
0
 75
0
 76
0
 77
1
 78
8
 79
3
170
0
171
3
172
1
173
0
174
0
175
0
176
0
177
0
178
0
179
2
271
2
272
2
273
2
274
3
275
0
276
0
277
2
278
44
279
0
280
0
281
0
282
0
283
0
284
8
285
0
286
0
288
0
289
3
290
0
371
-2
372
-2
  0
ENDTAB
  0
TABLE
  2
BLOCK_RECORD
  5
9
330
0
100
AcDbSymbolTable
 70
2
  0
BLOCK_RECORD
  5
17
330
9
100
AcDbSymbolTableRecord
100
AcDbBlockTableRecord
  2
*Model_Space
340
1A
 70
0
280
1
281
0
  0
BLOCK_RECORD
  5
1B
330
9
100
AcDbSymbolTableRecord
100
AcDbBlockTableRecord
  2
*Paper_Space
340
1E
 70
0
280
1
281
0
  0
ENDTAB
  0
ENDSEC
  0
SECTION
  2
BLOCKS
  0
BLOCK
  5
18
330
17
100
AcDbEntity
  8
0
100
AcDbBlockBegin
  2
*Model_Space
 70
0
 10
0.0
 20
0.0
 30
0.0
  3
*Model_Space
  1

  0
ENDBLK
  5
19
330
17
100
AcDbEntity
  8
0
100
AcDbBlockEnd
  0
BLOCK
  5
1C
330
1B
100
AcDbEntity
  8
0
100
AcDbBlockBegin
  2
*Paper_Space
 70
0
 10
0.0
 20
0.0
 30
0.0
  3
*Paper_Space
  1

  0
ENDBLK
  5
1D
330
1B
100
AcDbEntity
  8
0
100
AcDbBlockEnd
  0
ENDSEC
  0
SECTION
  2
ENTITIES
  0
LWPOLYLINE
  5
3A
330
17
100
AcDbEntity
  8
G-ANNO-TTLB
100
AcDbPolyline
 90
4
 70
1
 10
0.5
 20
0.5
 10
16.5
 20
0.5
 10
16.5
 20
10.5
 10
0.5
 20
10.5
  0
LWPOLYLINE
  5
3B
330
17
100
AcDbEntity
  8
G-ANNO-TTLB
100
AcDbPolyline
 90
4
 70
1
 10
0.5
 20
1.85
 10
16.5
 20
1.85
 10
16.5
 20
2.35
 10
0.5
 20
2.35
  0
TEXT
  5
3C
330
17
100
AcDbEntity
  8
G-ANNO-TTLB
100
AcDbText
 10
8.5
 20
2.02
 30
0.0
 40
0.16999999999999998
  1
PRELIMINARY — CONCEPTUAL DESIGN — NOT FOR CONSTRUCTION
  7
KS-BOLD
 72
1
 11
8.5
 21
2.02
 31
0.0
100
AcDbText
  0
LINE
  5
3D
330
17
100
AcDbEntity
  8
G-ANNO-TTLB
100
AcDbLine
 10
0.5
 20
1.85
 30
0.0
 11
16.5
 21
1.85
 31
0.0
  0
TEXT
  5
3E
330
17
100
AcDbEntity
  8
G-ANNO-TTLB
100
AcDbText
 10
0.58
 20
1.6800000000000002
 30
0.0
 40
0.06999999999999999
  1
PROJECT
  7
KS-REG
 11
0.58
 21
1.6800000000000002
 31
0.0
100
AcDbText
  0
TEXT
  5
3F
330
17
100
AcDbEntity
  8
G-ANNO-TTLB
100
AcDbText
 10
0.58
 20
1.3991666666666667
 30
0.0
 40
0.11499999999999999
  1
Hazel Green Regional Athletic Complex
  7
KS-BOLD
 11
0.58
 21
1.3991666666666667
 31
0.0
100
AcDbText
  0
TEXT
  5
40
330
17
100
AcDbEntity
  8
G-ANNO-TTLB
100
AcDbText
 10
0.58
 20
1.1883333333333332
 30
0.0
 40
0.11499999999999999
  1
Trojan Horse Arena · Hazel Green area, Madison
  7
KS-BOLD
 11
0.58
 21
1.1883333333333332
 31
0.0
100
AcDbText
  0
TEXT
  5
41
330
17
100
AcDbEntity
  8
G-ANNO-TTLB
100
AcDbText
 10
0.58
 20
0.9774999999999999
 30
0.0
 40
0.11499999999999999
  1
County, Alabama (site TBD, D-006)
  7
KS-BOLD
 11
0.58
 21
0.9774999999999999
 31
0.0
100
AcDbText
  0
LINE
  5
42
330
17
100
AcDbEntity
  8
G-ANNO-TTLB
100
AcDbLine
 10
5.2
 20
0.5
 30
0.0
 11
5.2
 21
1.85
 31
0.0
  0
TEXT
  5
43
330
17
100
AcDbEntity
  8
G-ANNO-TTLB
100
AcDbText
 10
5.28
 20
1.6800000000000002
 30
0.0
 40
0.06999999999999999
  1
PHASE
  7
KS-REG
 11
5.28
 21
1.6800000000000002
 31
0.0
100
AcDbText
  0
TEXT
  5
44
330
17
100
AcDbEntity
  8
G-ANNO-TTLB
100
AcDbText
 10
5.28
 20
1.3716666666666668
 30
0.0
 40
0.13
  1
PHASE 2
  7
KS-BOLD
 11
5.28
 21
1.3716666666666668
 31
0.0
100
AcDbText
  0
LINE
  5
45
330
17
100
AcDbEntity
  8
G-ANNO-TTLB
100
AcDbLine
 10
6.7
 20
0.5
 30
0.0
 11
6.7
 21
1.85
 31
0.0
  0
TEXT
  5
46
330
17
100
AcDbEntity
  8
G-ANNO-TTLB
100
AcDbText
 10
6.78
 20
1.6800000000000002
 30
0.0
 40
0.06999999999999999
  1
SHEET TITLE
  7
KS-REG
 11
6.78
 21
1.6800000000000002
 31
0.0
100
AcDbText
  0
TEXT
  5
47
330
17
100
AcDbEntity
  8
G-ANNO-TTLB
100
AcDbText
 10
6.78
 20
1.3991666666666667
 30
0.0
 40
0.11499999999999999
  1
OVERALL FLOOR PLAN
  7
KS-BOLD
 11
6.78
 21
1.3991666666666667
 31
0.0
100
AcDbText
  0
TEXT
  5
48
330
17
100
AcDbEntity
  8
G-ANNO-TTLB
100
AcDbText
 10
6.78
 20
1.1883333333333332
 30
0.0
 40
0.11499999999999999
  1
LEVEL 1 · BLOCK PLAN
  7
KS-BOLD
 11
6.78
 21
1.1883333333333332
 31
0.0
100
AcDbText
  0
LINE
  5
49
330
17
100
AcDbEntity
  8
G-ANNO-TTLB
100
AcDbLine
 10
9.8
 20
0.5
 30
0.0
 11
9.8
 21
1.85
 31
0.0
  0
TEXT
  5
4A
330
17
100
AcDbEntity
  8
G-ANNO-TTLB
100
AcDbText
 10
9.88
 20
1.6800000000000002
 30
0.0
 40
0.06999999999999999
  1
SCALE
  7
KS-REG
 11
9.88
 21
1.6800000000000002
 31
0.0
100
AcDbText
  0
TEXT
  5
4B
330
17
100
AcDbEntity
  8
G-ANNO-TTLB
100
AcDbText
 10
9.88
 20
1.3716666666666668
 30
0.0
 40
0.13
  1
1" =
  7
KS-BOLD
 11
9.88
 21
1.3716666666666668
 31
0.0
100
AcDbText
  0
TEXT
  5
4C
330
17
100
AcDbEntity
  8
G-ANNO-TTLB
100
AcDbText
 10
9.88
 20
1.1333333333333335
 30
0.0
 40
0.13
  1
40'-0"
  7
KS-BOLD
 11
9.88
 21
1.1333333333333335
 31
0.0
100
AcDbText
  0
LINE
  5
4D
330
17
100
AcDbEntity
  8
G-ANNO-TTLB
100
AcDbLine
 10
10.700000000000001
 20
0.5
 30
0.0
 11
10.700000000000001
 21
1.85
 31
0.0
  0
TEXT
  5
4E
330
17
100
AcDbEntity
  8
G-ANNO-TTLB
100
AcDbText
 10
10.780000000000001
 20
1.6800000000000002
 30
0.0
 40
0.06999999999999999
  1
DATE
  7
KS-REG
 11
10.780000000000001
 21
1.6800000000000002
 31
0.0
100
AcDbText
  0
TEXT
  5
4F
330
17
100
AcDbEntity
  8
G-ANNO-TTLB
100
AcDbText
 10
10.780000000000001
 20
1.3716666666666668
 30
0.0
 40
0.13
  1
October
  7
KS-BOLD
 11
10.780000000000001
 21
1.3716666666666668
 31
0.0
100
AcDbText
  0
TEXT
  5
50
330
17
100
AcDbEntity
  8
G-ANNO-TTLB
100
AcDbText
 10
10.780000000000001
 20
1.1333333333333335
 30
0.0
 40
0.13
  1
2026
  7
KS-BOLD
 11
10.780000000000001
 21
1.1333333333333335
 31
0.0
100
AcDbText
  0
LINE
  5
51
330
17
100
AcDbEntity
  8
G-ANNO-TTLB
100
AcDbLine
 10
12.15
 20
0.5
 30
0.0
 11
12.15
 21
1.85
 31
0.0
  0
TEXT
  5
52
330
17
100
AcDbEntity
  8
G-ANNO-TTLB
100
AcDbText
 10
12.23
 20
1.6800000000000002
 30
0.0
 40
0.06999999999999999
  1
REV
  7
KS-REG
 11
12.23
 21
1.6800000000000002
 31
0.0
100
AcDbText
  0
TEXT
  5
53
330
17
100
AcDbEntity
  8
G-ANNO-TTLB
100
AcDbText
 10
12.23
 20
1.3716666666666668
 30
0.0
 40
0.13
  1
L
  7
KS-BOLD
 11
12.23
 21
1.3716666666666668
 31
0.0
100
AcDbText
  0
LINE
  5
54
330
17
100
AcDbEntity
  8
G-ANNO-TTLB
100
AcDbLine
 10
12.9
 20
0.5
 30
0.0
 11
12.9
 21
1.85
 31
0.0
  0
TEXT
  5
55
330
17
100
AcDbEntity
  8
G-ANNO-TTLB
100
AcDbText
 10
12.98
 20
1.6800000000000002
 30
0.0
 40
0.06999999999999999
  1
DRAWN BY
  7
KS-REG
 11
12.98
 21
1.6800000000000002
 31
0.0
100
AcDbText
  0
TEXT
  5
56
330
17
100
AcDbEntity
  8
G-ANNO-TTLB
100
AcDbText
 10
12.98
 20
1.4358333333333335
 30
0.0
 40
0.095
  1
Drawn by KEYSTONE (AI) for
  7
KS-REG
 11
12.98
 21
1.4358333333333335
 31
0.0
100
AcDbText
  0
TEXT
  5
57
330
17
100
AcDbEntity
  8
G-ANNO-TTLB
100
AcDbText
 10
12.98
 20
1.2616666666666667
 30
0.0
 40
0.095
  1
Shane Brazelton
  7
KS-REG
 11
12.98
 21
1.2616666666666667
 31
0.0
100
AcDbText
  0
LINE
  5
58
330
17
100
AcDbEntity
  8
G-ANNO-TTLB
100
AcDbLine
 10
15.0
 20
0.5
 30
0.0
 11
15.0
 21
1.85
 31
0.0
  0
TEXT
  5
59
330
17
100
AcDbEntity
  8
G-ANNO-TTLB
100
AcDbText
 10
15.08
 20
1.6800000000000002
 30
0.0
 40
0.06999999999999999
  1
SHEET
  7
KS-REG
 11
15.08
 21
1.6800000000000002
 31
0.0
100
AcDbText
  0
TEXT
  5
5A
330
17
100
AcDbEntity
  8
G-ANNO-TTLB
100
AcDbText
 10
15.75
 20
0.9700000000000001
 30
0.0
 40
0.18
  1
P2-A-101
  7
KS-BOLD
 72
1
 11
15.75
 21
0.9700000000000001
 31
0.0
100
AcDbText
  0
HATCH
  5
5B
330
17
100
AcDbEntity
  8
A-ROOM
 62
7
420
15724006
100
AcDbHatch
 10
0.0
 20
0.0
 30
0.0
210
0.0
220
0.0
230
1.0
  2
SOLID
 70
1
 71
0
 91
1
 92
3
 72
0
 73
1
 93
5
 10
4.6000000000000005
 20
4.300000000000001
 10
4.6000000000000005
 20
2.9000000000000004
 10
3.1500000000000004
 20
2.9000000000000004
 10
3.1500000000000004
 20
4.300000000000001
 10
4.6000000000000005
 20
4.300000000000001
 97
0
 75
0
 76
1
 98
0
  0
LWPOLYLINE
  5
5C
330
17
100
AcDbEntity
  8
A-ROOM
100
AcDbPolyline
 90
5
 70
1
 10
4.6000000000000005
 20
4.300000000000001
 10
4.6000000000000005
 20
2.9000000000000004
 10
3.1500000000000004
 20
2.9000000000000004
 10
3.1500000000000004
 20
4.300000000000001
 10
4.6000000000000005
 20
4.300000000000001
  0
HATCH
  5
5D
330
17
100
AcDbEntity
  8
A-ROOM
 62
7
420
15724006
100
AcDbHatch
 10
0.0
 20
0.0
 30
0.0
210
0.0
220
0.0
230
1.0
  2
SOLID
 70
1
 71
0
 91
1
 92
3
 72
0
 73
1
 93
5
 10
2.09375
 20
8.5
 10
2.45
 20
8.5
 10
2.45
 20
4.300000000000001
 10
2.09375
 20
4.300000000000001
 10
2.09375
 20
8.5
 97
0
 75
0
 76
1
 98
0
  0
LWPOLYLINE
  5
5E
330
17
100
AcDbEntity
  8
A-ROOM
100
AcDbPolyline
 90
5
 70
1
 10
2.09375
 20
8.5
 10
2.45
 20
8.5
 10
2.45
 20
4.300000000000001
 10
2.09375
 20
4.300000000000001
 10
2.09375
 20
8.5
  0
HATCH
  5
5F
330
17
100
AcDbEntity
  8
A-ROOM
 62
7
420
15724006
100
AcDbHatch
 10
0.0
 20
0.0
 30
0.0
210
0.0
220
0.0
230
1.0
  2
SOLID
 70
1
 71
0
 91
1
 92
3
 72
0
 73
1
 93
9
 10
2.45
 20
3.3750000000000004
 10
1.0508184152603244
 20
3.3750000000000004
 10
1.05
 20
3.4000000000000004
 10
1.366675
 20
3.4000000000000004
 10
1.366675
 20
4.0020750000000005
 10
1.05
 20
4.0020750000000005
 10
1.05
 20
4.300000000000001
 10
2.45
 20
4.300000000000001
 10
2.45
 20
3.3750000000000004
 97
0
 75
0
 76
1
 98
0
  0
LWPOLYLINE
  5
60
330
17
100
AcDbEntity
  8
A-ROOM
100
AcDbPolyline
 90
9
 70
1
 10
2.45
 20
3.3750000000000004
 10
1.0508184152603244
 20
3.3750000000000004
 10
1.05
 20
3.4000000000000004
 10
1.366675
 20
3.4000000000000004
 10
1.366675
 20
4.0020750000000005
 10
1.05
 20
4.0020750000000005
 10
1.05
 20
4.300000000000001
 10
2.45
 20
4.300000000000001
 10
2.45
 20
3.3750000000000004
  0
HATCH
  5
61
330
17
100
AcDbEntity
  8
A-ROOM
 62
7
420
15724006
100
AcDbHatch
 10
0.0
 20
0.0
 30
0.0
210
0.0
220
0.0
230
1.0
  2
SOLID
 70
1
 71
0
 91
1
 92
3
 72
0
 73
1
 93
5
 10
2.45
 20
4.300000000000001
 10
3.1500000000000004
 20
4.300000000000001
 10
3.1500000000000004
 20
4.1000000000000005
 10
2.45
 20
4.1000000000000005
 10
2.45
 20
4.300000000000001
 97
0
 75
0
 76
1
 98
0
  0
LWPOLYLINE
  5
62
330
17
100
AcDbEntity
  8
A-ROOM
100
AcDbPolyline
 90
5
 70
1
 10
2.45
 20
4.300000000000001
 10
3.1500000000000004
 20
4.300000000000001
 10
3.1500000000000004
 20
4.1000000000000005
 10
2.45
 20
4.1000000000000005
 10
2.45
 20
4.300000000000001
  0
HATCH
  5
63
330
17
100
AcDbEntity
  8
A-ROOM
 62
7
420
15724006
100
AcDbHatch
 10
0.0
 20
0.0
 30
0.0
210
0.0
220
0.0
230
1.0
  2
SOLID
 70
1
 71
0
 91
1
 92
3
 72
0
 73
1
 93
5
 10
2.45
 20
4.1000000000000005
 10
3.1500000000000004
 20
4.1000000000000005
 10
3.1500000000000004
 20
3.7500000000000004
 10
2.45
 20
3.7500000000000004
 10
2.45
 20
4.1000000000000005
 97
0
 75
0
 76
1
 98
0
  0
LWPOLYLINE
  5
64
330
17
100
AcDbEntity
  8
A-ROOM
100
AcDbPolyline
 90
5
 70
1
 10
2.45
 20
4.1000000000000005
 10
3.1500000000000004
 20
4.1000000000000005
 10
3.1500000000000004
 20
3.7500000000000004
 10
2.45
 20
3.7500000000000004
 10
2.45
 20
4.1000000000000005
  0
HATCH
  5
65
330
17
100
AcDbEntity
  8
A-ROOM
 62
7
420
15724006
100
AcDbHatch
 10
0.0
 20
0.0
 30
0.0
210
0.0
220
0.0
230
1.0
  2
SOLID
 70
1
 71
0
 91
1
 92
3
 72
0
 73
1
 93
5
 10
4.14625
 20
8.5
 10
4.14625
 20
9.200000000000001
 10
4.34625
 20
9.200000000000001
 10
4.34625
 20
8.5
 10
4.14625
 20
8.5
 97
0
 75
0
 76
1
 98
0
  0
LWPOLYLINE
  5
66
330
17
100
AcDbEntity
  8
A-ROOM
100
AcDbPolyline
 90
5
 70
1
 10
4.14625
 20
8.5
 10
4.14625
 20
9.200000000000001
 10
4.34625
 20
9.200000000000001
 10
4.34625
 20
8.5
 10
4.14625
 20
8.5
  0
HATCH
  5
67
330
17
100
AcDbEntity
  8
A-ROOM
 62
7
420
15724006
100
AcDbHatch
 10
0.0
 20
0.0
 30
0.0
210
0.0
220
0.0
230
1.0
  2
SOLID
 70
1
 71
0
 91
1
 92
3
 72
0
 73
1
 93
5
 10
5.75
 20
7.477250000000001
 10
6.3
 20
7.477250000000001
 10
6.3
 20
7.27725
 10
5.75
 20
7.27725
 10
5.75
 20
7.477250000000001
 97
0
 75
0
 76
1
 98
0
  0
LWPOLYLINE
  5
68
330
17
100
AcDbEntity
  8
A-ROOM
100
AcDbPolyline
 90
5
 70
1
 10
5.75
 20
7.477250000000001
 10
6.3
 20
7.477250000000001
 10
6.3
 20
7.27725
 10
5.75
 20
7.27725
 10
5.75
 20
7.477250000000001
  0
HATCH
  5
69
330
17
100
AcDbEntity
  8
A-ROOM
 62
7
420
15724006
100
AcDbHatch
 10
0.0
 20
0.0
 30
0.0
210
0.0
220
0.0
230
1.0
  2
SOLID
 70
1
 71
0
 91
1
 92
3
 72
0
 73
1
 93
32
 10
6.298929461619302
 20
3.367298435384929
 10
6.295722430686905
 20
3.334736903889975
 10
6.290392640201616
 20
3.302454838991936
 10
6.282962913144535
 20
3.27059047744874
 10
6.273465064747553
 20
3.2392802673484193
 10
6.261939766255644
 20
3.2086582838174555
 10
6.248436370766345
 20
3.1788556548904996
 10
6.2330127018922195
 20
3.1500000000000004
 10
6.215734806151273
 20
3.1222148834901993
 10
6.196676670145617
 20
3.0956192854956397
 10
6.175919903739489
 20
3.070327092449966
 10
6.153553390593274
 20
3.0464466094067264
 10
6.1296729075500345
 20
3.0240800962605117
 10
6.1043807145043605
 20
3.003323329854383
 10
6.0777851165098005
 20
2.9842651938487275
 10
6.05
 20
2.966987298107781
 10
6.021144345109501
 20
2.951563629233656
 10
5.9913417161825455
 20
2.938060233744357
 10
5.960719732651581
 20
2.9265349352524477
 10
5.92940952255126
 20
2.917037086855466
 10
5.897545161008064
 20
2.909607359798385
 10
5.865263096110026
 20
2.904277569313095
 10
5.832701564615071
 20
2.9010705383806985
 10
5.8
 20
2.9000000000000004
 10
5.8
 20
3.5020750000000005
 10
5.483325
 20
3.5020750000000005
 10
5.483325
 20
2.9000000000000004
 10
5.175
 20
2.9000000000000004
 10
5.175
 20
4.300000000000001
 10
6.3
 20
4.300000000000001
 10
6.3
 20
3.4000000000000004
 10
6.298929461619302
 20
3.367298435384929
 97
0
 75
0
 76
1
 98
0
  0
LWPOLYLINE
  5
6A
330
17
100
AcDbEntity
  8
A-ROOM
100
AcDbPolyline
 90
32
 70
1
 10
6.298929461619302
 20
3.367298435384929
 10
6.295722430686905
 20
3.334736903889975
 10
6.290392640201616
 20
3.302454838991936
 10
6.282962913144535
 20
3.27059047744874
 10
6.273465064747553
 20
3.2392802673484193
 10
6.261939766255644
 20
3.2086582838174555
 10
6.248436370766345
 20
3.1788556548904996
 10
6.2330127018922195
 20
3.1500000000000004
 10
6.215734806151273
 20
3.1222148834901993
 10
6.196676670145617
 20
3.0956192854956397
 10
6.175919903739489
 20
3.070327092449966
 10
6.153553390593274
 20
3.0464466094067264
 10
6.1296729075500345
 20
3.0240800962605117
 10
6.1043807145043605
 20
3.003323329854383
 10
6.0777851165098005
 20
2.9842651938487275
 10
6.05
 20
2.966987298107781
 10
6.021144345109501
 20
2.951563629233656
 10
5.9913417161825455
 20
2.938060233744357
 10
5.960719732651581
 20
2.9265349352524477
 10
5.92940952255126
 20
2.917037086855466
 10
5.897545161008064
 20
2.909607359798385
 10
5.865263096110026
 20
2.904277569313095
 10
5.832701564615071
 20
2.9010705383806985
 10
5.8
 20
2.9000000000000004
 10
5.8
 20
3.5020750000000005
 10
5.483325
 20
3.5020750000000005
 10
5.483325
 20
2.9000000000000004
 10
5.175
 20
2.9000000000000004
 10
5.175
 20
4.300000000000001
 10
6.3
 20
4.300000000000001
 10
6.3
 20
3.4000000000000004
 10
6.298929461619302
 20
3.367298435384929
  0
HATCH
  5
6B
330
17
100
AcDbEntity
  8
A-ROOM
 62
7
420
14341833
100
AcDbHatch
 10
0.0
 20
0.0
 30
0.0
210
0.0
220
0.0
230
1.0
  2
SOLID
 70
1
 71
0
 91
1
 92
3
 72
0
 73
1
 93
5
 10
2.09375
 20
6.4
 10
1.05
 20
6.4
 10
1.05
 20
8.5
 10
2.09375
 20
8.5
 10
2.09375
 20
6.4
 97
0
 75
0
 76
1
 98
0
  0
LWPOLYLINE
  5
6C
330
17
100
AcDbEntity
  8
A-ROOM
100
AcDbPolyline
 90
5
 70
1
 10
2.09375
 20
6.4
 10
1.05
 20
6.4
 10
1.05
 20
8.5
 10
2.09375
 20
8.5
 10
2.09375
 20
6.4
  0
HATCH
  5
6D
330
17
100
AcDbEntity
  8
A-ROOM
 62
7
420
14341833
100
AcDbHatch
 10
0.0
 20
0.0
 30
0.0
210
0.0
220
0.0
230
1.0
  2
SOLID
 70
1
 71
0
 91
1
 92
3
 72
0
 73
1
 93
5
 10
2.09375
 20
4.300000000000001
 10
1.05
 20
4.300000000000001
 10
1.05
 20
6.4
 10
2.09375
 20
6.4
 10
2.09375
 20
4.300000000000001
 97
0
 75
0
 76
1
 98
0
  0
LWPOLYLINE
  5
6E
330
17
100
AcDbEntity
  8
A-ROOM
100
AcDbPolyline
 90
5
 70
1
 10
2.09375
 20
4.300000000000001
 10
1.05
 20
4.300000000000001
 10
1.05
 20
6.4
 10
2.09375
 20
6.4
 10
2.09375
 20
4.300000000000001
  0
HATCH
  5
6F
330
17
100
AcDbEntity
  8
A-ROOM
 62
7
420
14341833
100
AcDbHatch
 10
0.0
 20
0.0
 30
0.0
210
0.0
220
0.0
230
1.0
  2
SOLID
 70
1
 71
0
 91
1
 92
3
 72
0
 73
1
 93
30
 10
1.05
 20
8.5
 10
1.05
 20
8.700000000000001
 10
1.0510705383806982
 20
8.732701564615072
 10
1.0542775693130948
 20
8.765263096110026
 10
1.0596073597983848
 20
8.797545161008065
 10
1.067037086855466
 20
8.829409522551261
 10
1.0765349352524474
 20
8.860719732651582
 10
1.0880602337443566
 20
8.891341716182545
 10
1.101563629233656
 20
8.921144345109502
 10
1.1169872981077806
 20
8.950000000000001
 10
1.1342651938487274
 20
8.977785116509802
 10
1.1533233298543826
 20
9.00438071450436
 10
1.1740800962605114
 20
9.029672907550035
 10
1.1964466094067263
 20
9.053553390593274
 10
1.2203270924499656
 20
9.07591990373949
 10
1.2456192854956398
 20
9.096676670145618
 10
1.272214883490199
 20
9.115734806151274
 10
1.3000000000000003
 20
9.13301270189222
 10
1.3288556548904995
 20
9.148436370766344
 10
1.3586582838174552
 20
9.161939766255644
 10
1.3892802673484193
 20
9.173465064747553
 10
1.4205904774487397
 20
9.182962913144536
 10
1.452454838991936
 20
9.190392640201615
 10
1.4847369038899743
 20
9.195722430686907
 10
1.5172984353849286
 20
9.198929461619302
 10
1.55
 20
9.200000000000001
 10
1.958325
 20
9.200000000000001
 10
1.958325
 20
8.597925
 10
1.958325
 20
8.5
 10
1.05
 20
8.5
 97
0
 75
0
 76
1
 98
0
  0
LWPOLYLINE
  5
70
330
17
100
AcDbEntity
  8
A-ROOM
100
AcDbPolyline
 90
30
 70
1
 10
1.05
 20
8.5
 10
1.05
 20
8.700000000000001
 10
1.0510705383806982
 20
8.732701564615072
 10
1.0542775693130948
 20
8.765263096110026
 10
1.0596073597983848
 20
8.797545161008065
 10
1.067037086855466
 20
8.829409522551261
 10
1.0765349352524474
 20
8.860719732651582
 10
1.0880602337443566
 20
8.891341716182545
 10
1.101563629233656
 20
8.921144345109502
 10
1.1169872981077806
 20
8.950000000000001
 10
1.1342651938487274
 20
8.977785116509802
 10
1.1533233298543826
 20
9.00438071450436
 10
1.1740800962605114
 20
9.029672907550035
 10
1.1964466094067263
 20
9.053553390593274
 10
1.2203270924499656
 20
9.07591990373949
 10
1.2456192854956398
 20
9.096676670145618
 10
1.272214883490199
 20
9.115734806151274
 10
1.3000000000000003
 20
9.13301270189222
 10
1.3288556548904995
 20
9.148436370766344
 10
1.3586582838174552
 20
9.161939766255644
 10
1.3892802673484193
 20
9.173465064747553
 10
1.4205904774487397
 20
9.182962913144536
 10
1.452454838991936
 20
9.190392640201615
 10
1.4847369038899743
 20
9.195722430686907
 10
1.5172984353849286
 20
9.198929461619302
 10
1.55
 20
9.200000000000001
 10
1.958325
 20
9.200000000000001
 10
1.958325
 20
8.597925
 10
1.958325
 20
8.5
 10
1.05
 20
8.5
  0
HATCH
  5
71
330
17
100
AcDbEntity
  8
A-ROOM
 62
7
420
14341833
100
AcDbHatch
 10
0.0
 20
0.0
 30
0.0
210
0.0
220
0.0
230
1.0
  2
SOLID
 70
1
 71
0
 91
1
 92
3
 72
0
 73
1
 93
5
 10
3.1500000000000004
 20
3.7750000000000004
 10
3.1500000000000004
 20
2.9000000000000004
 10
2.6500000000000004
 20
2.9000000000000004
 10
2.6500000000000004
 20
3.7750000000000004
 10
3.1500000000000004
 20
3.7750000000000004
 97
0
 75
0
 76
1
 98
0
  0
LWPOLYLINE
  5
72
330
17
100
AcDbEntity
  8
A-ROOM
100
AcDbPolyline
 90
5
 70
1
 10
3.1500000000000004
 20
3.7750000000000004
 10
3.1500000000000004
 20
2.9000000000000004
 10
2.6500000000000004
 20
2.9000000000000004
 10
2.6500000000000004
 20
3.7750000000000004
 10
3.1500000000000004
 20
3.7750000000000004
  0
HATCH
  5
73
330
17
100
AcDbEntity
  8
A-ROOM
 62
7
420
14341833
100
AcDbHatch
 10
0.0
 20
0.0
 30
0.0
210
0.0
220
0.0
230
1.0
  2
SOLID
 70
1
 71
0
 91
1
 92
3
 72
0
 73
1
 93
5
 10
5.175
 20
4.15
 10
5.175
 20
2.9000000000000004
 10
4.6000000000000005
 20
2.9000000000000004
 10
4.6000000000000005
 20
4.15
 10
5.175
 20
4.15
 97
0
 75
0
 76
1
 98
0
  0
LWPOLYLINE
  5
74
330
17
100
AcDbEntity
  8
A-ROOM
100
AcDbPolyline
 90
5
 70
1
 10
5.175
 20
4.15
 10
5.175
 20
2.9000000000000004
 10
4.6000000000000005
 20
2.9000000000000004
 10
4.6000000000000005
 20
4.15
 10
5.175
 20
4.15
  0
HATCH
  5
75
330
17
100
AcDbEntity
  8
A-ROOM
 62
7
420
14341833
100
AcDbHatch
 10
0.0
 20
0.0
 30
0.0
210
0.0
220
0.0
230
1.0
  2
SOLID
 70
1
 71
0
 91
1
 92
3
 72
0
 73
1
 93
5
 10
6.0
 20
3.825
 10
6.0
 20
4.075
 10
6.3
 20
4.075
 10
6.3
 20
3.825
 10
6.0
 20
3.825
 97
0
 75
0
 76
1
 98
0
  0
LWPOLYLINE
  5
76
330
17
100
AcDbEntity
  8
A-ROOM
100
AcDbPolyline
 90
5
 70
1
 10
6.0
 20
3.825
 10
6.0
 20
4.075
 10
6.3
 20
4.075
 10
6.3
 20
3.825
 10
6.0
 20
3.825
  0
HATCH
  5
77
330
17
100
AcDbEntity
  8
A-ROOM
 62
7
420
14341833
100
AcDbHatch
 10
0.0
 20
0.0
 30
0.0
210
0.0
220
0.0
230
1.0
  2
SOLID
 70
1
 71
0
 91
1
 92
3
 72
0
 73
1
 93
5
 10
4.525
 20
3.1500000000000004
 10
4.525
 20
2.9000000000000004
 10
3.2250000000000005
 20
2.9000000000000004
 10
3.2250000000000005
 20
3.1500000000000004
 10
4.525
 20
3.1500000000000004
 97
0
 75
0
 76
1
 98
0
  0
LWPOLYLINE
  5
78
330
17
100
AcDbEntity
  8
A-ROOM
100
AcDbPolyline
 90
5
 70
1
 10
4.525
 20
3.1500000000000004
 10
4.525
 20
2.9000000000000004
 10
3.2250000000000005
 20
2.9000000000000004
 10
3.2250000000000005
 20
3.1500000000000004
 10
4.525
 20
3.1500000000000004
  0
HATCH
  5
79
330
17
100
AcDbEntity
  8
A-ROOM
 62
7
420
14341833
100
AcDbHatch
 10
0.0
 20
0.0
 30
0.0
210
0.0
220
0.0
230
1.0
  2
SOLID
 70
1
 71
0
 91
1
 92
3
 72
0
 73
1
 93
5
 10
5.175
 20
4.300000000000001
 10
5.55
 20
4.300000000000001
 10
5.55
 20
3.84175
 10
5.175
 20
3.84175
 10
5.175
 20
4.300000000000001
 97
0
 75
0
 76
1
 98
0
  0
LWPOLYLINE
  5
7A
330
17
100
AcDbEntity
  8
A-ROOM
100
AcDbPolyline
 90
5
 70
1
 10
5.175
 20
4.300000000000001
 10
5.55
 20
4.300000000000001
 10
5.55
 20
3.84175
 10
5.175
 20
3.84175
 10
5.175
 20
4.300000000000001
  0
HATCH
  5
7B
330
17
100
AcDbEntity
  8
A-ROOM
 62
7
420
14341833
100
AcDbHatch
 10
0.0
 20
0.0
 30
0.0
210
0.0
220
0.0
230
1.0
  2
SOLID
 70
1
 71
0
 91
1
 92
3
 72
0
 73
1
 93
5
 10
2.45
 20
8.5
 10
2.45
 20
9.200000000000001
 10
3.075
 20
9.200000000000001
 10
3.075
 20
8.5
 10
2.45
 20
8.5
 97
0
 75
0
 76
1
 98
0
  0
LWPOLYLINE
  5
7C
330
17
100
AcDbEntity
  8
A-ROOM
100
AcDbPolyline
 90
5
 70
1
 10
2.45
 20
8.5
 10
2.45
 20
9.200000000000001
 10
3.075
 20
9.200000000000001
 10
3.075
 20
8.5
 10
2.45
 20
8.5
  0
HATCH
  5
7D
330
17
100
AcDbEntity
  8
A-ROOM
 62
7
420
14341833
100
AcDbHatch
 10
0.0
 20
0.0
 30
0.0
210
0.0
220
0.0
230
1.0
  2
SOLID
 70
1
 71
0
 91
1
 92
3
 72
0
 73
1
 93
5
 10
3.075
 20
8.5
 10
3.075
 20
9.200000000000001
 10
3.3427499999999997
 20
9.200000000000001
 10
3.3427499999999997
 20
8.5
 10
3.075
 20
8.5
 97
0
 75
0
 76
1
 98
0
  0
LWPOLYLINE
  5
7E
330
17
100
AcDbEntity
  8
A-ROOM
100
AcDbPolyline
 90
5
 70
1
 10
3.075
 20
8.5
 10
3.075
 20
9.200000000000001
 10
3.3427499999999997
 20
9.200000000000001
 10
3.3427499999999997
 20
8.5
 10
3.075
 20
8.5
  0
HATCH
  5
7F
330
17
100
AcDbEntity
  8
A-ROOM
 62
7
420
14341833
100
AcDbHatch
 10
0.0
 20
0.0
 30
0.0
210
0.0
220
0.0
230
1.0
  2
SOLID
 70
1
 71
0
 91
1
 92
3
 72
0
 73
1
 93
5
 10
3.3427499999999997
 20
8.5
 10
3.3427499999999997
 20
9.200000000000001
 10
4.14625
 20
9.200000000000001
 10
4.14625
 20
8.5
 10
3.3427499999999997
 20
8.5
 97
0
 75
0
 76
1
 98
0
  0
LWPOLYLINE
  5
80
330
17
100
AcDbEntity
  8
A-ROOM
100
AcDbPolyline
 90
5
 70
1
 10
3.3427499999999997
 20
8.5
 10
3.3427499999999997
 20
9.200000000000001
 10
4.14625
 20
9.200000000000001
 10
4.14625
 20
8.5
 10
3.3427499999999997
 20
8.5
  0
HATCH
  5
81
330
17
100
AcDbEntity
  8
A-ROOM
 62
7
420
14341833
100
AcDbHatch
 10
0.0
 20
0.0
 30
0.0
210
0.0
220
0.0
230
1.0
  2
SOLID
 70
1
 71
0
 91
1
 92
3
 72
0
 73
1
 93
5
 10
4.34625
 20
8.5
 10
4.34625
 20
9.200000000000001
 10
5.14975
 20
9.200000000000001
 10
5.14975
 20
8.5
 10
4.34625
 20
8.5
 97
0
 75
0
 76
1
 98
0
  0
LWPOLYLINE
  5
82
330
17
100
AcDbEntity
  8
A-ROOM
100
AcDbPolyline
 90
5
 70
1
 10
4.34625
 20
8.5
 10
4.34625
 20
9.200000000000001
 10
5.14975
 20
9.200000000000001
 10
5.14975
 20
8.5
 10
4.34625
 20
8.5
  0
HATCH
  5
83
330
17
100
AcDbEntity
  8
A-ROOM
 62
7
420
14341833
100
AcDbHatch
 10
0.0
 20
0.0
 30
0.0
210
0.0
220
0.0
230
1.0
  2
SOLID
 70
1
 71
0
 91
1
 92
3
 72
0
 73
1
 93
5
 10
5.75
 20
7.477250000000001
 10
5.75
 20
8.5
 10
6.3
 20
8.5
 10
6.3
 20
7.477250000000001
 10
5.75
 20
7.477250000000001
 97
0
 75
0
 76
1
 98
0
  0
LWPOLYLINE
  5
84
330
17
100
AcDbEntity
  8
A-ROOM
100
AcDbPolyline
 90
5
 70
1
 10
5.75
 20
7.477250000000001
 10
5.75
 20
8.5
 10
6.3
 20
8.5
 10
6.3
 20
7.477250000000001
 10
5.75
 20
7.477250000000001
  0
HATCH
  5
85
330
17
100
AcDbEntity
  8
A-ROOM
 62
7
420
14341833
100
AcDbHatch
 10
0.0
 20
0.0
 30
0.0
210
0.0
220
0.0
230
1.0
  2
SOLID
 70
1
 71
0
 91
1
 92
3
 72
0
 73
1
 93
5
 10
5.75
 20
6.2545
 10
5.75
 20
7.27725
 10
6.3
 20
7.27725
 10
6.3
 20
6.2545
 10
5.75
 20
6.2545
 97
0
 75
0
 76
1
 98
0
  0
LWPOLYLINE
  5
86
330
17
100
AcDbEntity
  8
A-ROOM
100
AcDbPolyline
 90
5
 70
1
 10
5.75
 20
6.2545
 10
5.75
 20
7.27725
 10
6.3
 20
7.27725
 10
6.3
 20
6.2545
 10
5.75
 20
6.2545
  0
HATCH
  5
87
330
17
100
AcDbEntity
  8
A-ROOM
 62
7
420
14341833
100
AcDbHatch
 10
0.0
 20
0.0
 30
0.0
210
0.0
220
0.0
230
1.0
  2
SOLID
 70
1
 71
0
 91
1
 92
3
 72
0
 73
1
 93
49
 10
5.697925
 20
8.5
 10
5.14975
 20
8.5
 10
5.14975
 20
9.200000000000001
 10
5.350001001712982
 20
9.200000000000001
 10
5.350041552532813
 20
9.199960432430094
 10
5.356559878867956
 20
9.193905217058829
 10
5.363224844429256
 20
9.1880117931414
 10
5.370032434490678
 20
9.182283710656009
 10
5.376978548414523
 20
9.176724419985355
 10
5.384059002121493
 20
9.171337269838267
 10
5.391269530611031
 20
9.166125505232552
 10
5.398605790530395
 20
9.161092265540328
 10
5.406063362790928
 20
9.156240582596983
 10
5.413637755229957
 20
9.151573378874902
 10
5.421324405316703
 20
9.147093465723092
 10
5.429118682900576
 20
9.142803541673722
 10
5.437015893000205
 20
9.138706190816627
 10
5.445011278631523
 20
9.134803881242753
 10
5.4531000236731915
 20
9.13109896355747
 10
5.461277255767655
 20
9.127593669464659
 10
5.469538049256067
 20
9.124290110422407
 10
5.47787742814532
 20
9.121190276371156
 10
5.486290369105402
 20
9.118296034535025
 10
5.494771804495257
 20
9.115609128297075
 10
5.50331662541535
 20
9.113131176149153
 10
5.511919684785067
 20
9.110863670716979
 10
5.520575800443135
 20
9.108807977861034
 10
5.529279758269153
 20
9.106965335853829
 10
5.538026315324391
 20
9.10533685463401
 10
5.546810203009931
 20
9.103923515137767
 10
5.555626130240284
 20
9.102726168707969
 10
5.564468786630534
 20
9.10174553658133
 10
5.573332845695121
 20
9.100982209453976
 10
5.582212968056311
 20
9.100436647125626
 10
5.591103804660444
 20
9.100109178222628
 10
5.6
 20
9.100000000000001
 10
5.608896195339556
 20
9.100109178222628
 10
5.617787031943689
 20
9.100436647125626
 10
5.626667154304879
 20
9.100982209453976
 10
5.635531213369466
 20
9.10174553658133
 10
5.6443738697597166
 20
9.102726168707969
 10
5.653189796990068
 20
9.103923515137767
 10
5.661973684675609
 20
9.10533685463401
 10
5.670720241730846
 20
9.106965335853829
 10
5.679424199556865
 20
9.108807977861034
 10
5.6880803152149335
 20
9.110863670716979
 10
5.696683374584651
 20
9.113131176149153
 10
5.697925
 20
9.11349124084725
 10
5.697925
 20
8.5
 97
0
 75
0
 76
1
 98
0
  0
LWPOLYLINE
  5
88
330
17
100
AcDbEntity
  8
A-ROOM
100
AcDbPolyline
 90
49
 70
1
 10
5.697925
 20
8.5
 10
5.14975
 20
8.5
 10
5.14975
 20
9.200000000000001
 10
5.350001001712982
 20
9.200000000000001
 10
5.350041552532813
 20
9.199960432430094
 10
5.356559878867956
 20
9.193905217058829
 10
5.363224844429256
 20
9.1880117931414
 10
5.370032434490678
 20
9.182283710656009
 10
5.376978548414523
 20
9.176724419985355
 10
5.384059002121493
 20
9.171337269838267
 10
5.391269530611031
 20
9.166125505232552
 10
5.398605790530395
 20
9.161092265540328
 10
5.406063362790928
 20
9.156240582596983
 10
5.413637755229957
 20
9.151573378874902
 10
5.421324405316703
 20
9.147093465723092
 10
5.429118682900576
 20
9.142803541673722
 10
5.437015893000205
 20
9.138706190816627
 10
5.445011278631523
 20
9.134803881242753
 10
5.4531000236731915
 20
9.13109896355747
 10
5.461277255767655
 20
9.127593669464659
 10
5.469538049256067
 20
9.124290110422407
 10
5.47787742814532
 20
9.121190276371156
 10
5.486290369105402
 20
9.118296034535025
 10
5.494771804495257
 20
9.115609128297075
 10
5.50331662541535
 20
9.113131176149153
 10
5.511919684785067
 20
9.110863670716979
 10
5.520575800443135
 20
9.108807977861034
 10
5.529279758269153
 20
9.106965335853829
 10
5.538026315324391
 20
9.10533685463401
 10
5.546810203009931
 20
9.103923515137767
 10
5.555626130240284
 20
9.102726168707969
 10
5.564468786630534
 20
9.10174553658133
 10
5.573332845695121
 20
9.100982209453976
 10
5.582212968056311
 20
9.100436647125626
 10
5.591103804660444
 20
9.100109178222628
 10
5.6
 20
9.100000000000001
 10
5.608896195339556
 20
9.100109178222628
 10
5.617787031943689
 20
9.100436647125626
 10
5.626667154304879
 20
9.100982209453976
 10
5.635531213369466
 20
9.10174553658133
 10
5.6443738697597166
 20
9.102726168707969
 10
5.653189796990068
 20
9.103923515137767
 10
5.661973684675609
 20
9.10533685463401
 10
5.670720241730846
 20
9.106965335853829
 10
5.679424199556865
 20
9.108807977861034
 10
5.6880803152149335
 20
9.110863670716979
 10
5.696683374584651
 20
9.113131176149153
 10
5.697925
 20
9.11349124084725
 10
5.697925
 20
8.5
  0
HATCH
  5
89
330
17
100
AcDbEntity
  8
A-ROOM
 62
7
420
14341833
100
AcDbHatch
 10
0.0
 20
0.0
 30
0.0
210
0.0
220
0.0
230
1.0
  2
SOLID
 70
1
 71
0
 91
1
 92
3
 72
0
 73
1
 93
5
 10
5.75
 20
4.300000000000001
 10
5.75
 20
6.2545
 10
6.3
 20
6.2545
 10
6.3
 20
4.300000000000001
 10
5.75
 20
4.300000000000001
 97
0
 75
0
 76
1
 98
0
  0
LWPOLYLINE
  5
8A
330
17
100
AcDbEntity
  8
A-ROOM
100
AcDbPolyline
 90
5
 70
1
 10
5.75
 20
4.300000000000001
 10
5.75
 20
6.2545
 10
6.3
 20
6.2545
 10
6.3
 20
4.300000000000001
 10
5.75
 20
4.300000000000001
  0
HATCH
  5
8B
330
17
100
AcDbEntity
  8
A-ROOM
 62
7
420
14341833
100
AcDbHatch
 10
0.0
 20
0.0
 30
0.0
210
0.0
220
0.0
230
1.0
  2
SOLID
 70
1
 71
0
 91
1
 92
3
 72
0
 73
1
 93
17
 10
5.697925
 20
8.5
 10
5.697925
 20
9.05
 10
6.156881504068792
 20
9.05
 10
6.175919903739489
 20
9.029672907550035
 10
6.196676670145617
 20
9.00438071450436
 10
6.215734806151273
 20
8.977785116509802
 10
6.2330127018922195
 20
8.950000000000001
 10
6.248436370766345
 20
8.921144345109502
 10
6.261939766255644
 20
8.891341716182545
 10
6.273465064747553
 20
8.860719732651582
 10
6.282962913144535
 20
8.829409522551261
 10
6.290392640201616
 20
8.797545161008065
 10
6.295722430686905
 20
8.765263096110026
 10
6.298929461619302
 20
8.732701564615072
 10
6.3
 20
8.700000000000001
 10
6.3
 20
8.5
 10
5.697925
 20
8.5
 97
0
 75
0
 76
1
 98
0
  0
LWPOLYLINE
  5
8C
330
17
100
AcDbEntity
  8
A-ROOM
100
AcDbPolyline
 90
17
 70
1
 10
5.697925
 20
8.5
 10
5.697925
 20
9.05
 10
6.156881504068792
 20
9.05
 10
6.175919903739489
 20
9.029672907550035
 10
6.196676670145617
 20
9.00438071450436
 10
6.215734806151273
 20
8.977785116509802
 10
6.2330127018922195
 20
8.950000000000001
 10
6.248436370766345
 20
8.921144345109502
 10
6.261939766255644
 20
8.891341716182545
 10
6.273465064747553
 20
8.860719732651582
 10
6.282962913144535
 20
8.829409522551261
 10
6.290392640201616
 20
8.797545161008065
 10
6.295722430686905
 20
8.765263096110026
 10
6.298929461619302
 20
8.732701564615072
 10
6.3
 20
8.700000000000001
 10
6.3
 20
8.5
 10
5.697925
 20
8.5
  0
HATCH
  5
8D
330
17
100
AcDbEntity
  8
A-ROOM
 62
7
420
14341833
100
AcDbHatch
 10
0.0
 20
0.0
 30
0.0
210
0.0
220
0.0
230
1.0
  2
SOLID
 70
1
 71
0
 91
1
 92
3
 72
0
 73
1
 93
11
 10
2.6500000000000004
 20
3.3750000000000004
 10
2.6500000000000004
 20
2.9000000000000004
 10
1.55
 20
2.9000000000000004
 10
1.5172984353849288
 20
2.9010705383806985
 10
1.4847369038899743
 20
2.9042775693130953
 10
1.4524548389919358
 20
2.909607359798385
 10
1.4205904774487397
 20
2.917037086855466
 10
1.3892802673484193
 20
2.9265349352524477
 10
1.366675
 20
2.935042955427447
 10
1.366675
 20
3.3750000000000004
 10
2.6500000000000004
 20
3.3750000000000004
 97
0
 75
0
 76
1
 98
0
  0
LWPOLYLINE
  5
8E
330
17
100
AcDbEntity
  8
A-ROOM
100
AcDbPolyline
 90
11
 70
1
 10
2.6500000000000004
 20
3.3750000000000004
 10
2.6500000000000004
 20
2.9000000000000004
 10
1.55
 20
2.9000000000000004
 10
1.5172984353849288
 20
2.9010705383806985
 10
1.4847369038899743
 20
2.9042775693130953
 10
1.4524548389919358
 20
2.909607359798385
 10
1.4205904774487397
 20
2.917037086855466
 10
1.3892802673484193
 20
2.9265349352524477
 10
1.366675
 20
2.935042955427447
 10
1.366675
 20
3.3750000000000004
 10
2.6500000000000004
 20
3.3750000000000004
  0
HATCH
  5
8F
330
17
100
AcDbEntity
  8
A-ROOM
 62
7
420
15316148
100
AcDbHatch
 10
0.0
 20
0.0
 30
0.0
210
0.0
220
0.0
230
1.0
  2
SOLID
 70
1
 71
0
 91
1
 92
3
 72
0
 73
1
 93
5
 10
5.75
 20
8.200000000000001
 10
5.75
 20
8.5
 10
2.45
 20
8.5
 10
2.45
 20
8.200000000000001
 10
5.75
 20
8.200000000000001
 97
0
 75
0
 76
1
 98
0
  0
LWPOLYLINE
  5
90
330
17
100
AcDbEntity
  8
A-ROOM
100
AcDbPolyline
 90
5
 70
1
 10
5.75
 20
8.200000000000001
 10
5.75
 20
8.5
 10
2.45
 20
8.5
 10
2.45
 20
8.200000000000001
 10
5.75
 20
8.200000000000001
  0
HATCH
  5
91
330
17
100
AcDbEntity
  8
A-ROOM
 62
7
420
15316148
100
AcDbHatch
 10
0.0
 20
0.0
 30
0.0
210
0.0
220
0.0
230
1.0
  2
SOLID
 70
1
 71
0
 91
1
 92
3
 72
0
 73
1
 93
5
 10
5.75
 20
4.300000000000001
 10
5.75
 20
4.6000000000000005
 10
2.45
 20
4.6000000000000005
 10
2.45
 20
4.300000000000001
 10
5.75
 20
4.300000000000001
 97
0
 75
0
 76
1
 98
0
  0
LWPOLYLINE
  5
92
330
17
100
AcDbEntity
  8
A-ROOM
100
AcDbPolyline
 90
5
 70
1
 10
5.75
 20
4.300000000000001
 10
5.75
 20
4.6000000000000005
 10
2.45
 20
4.6000000000000005
 10
2.45
 20
4.300000000000001
 10
5.75
 20
4.300000000000001
  0
HATCH
  5
93
330
17
100
AcDbEntity
  8
A-ROOM
 62
7
420
15316148
100
AcDbHatch
 10
0.0
 20
0.0
 30
0.0
210
0.0
220
0.0
230
1.0
  2
SOLID
 70
1
 71
0
 91
1
 92
3
 72
0
 73
1
 93
5
 10
5.75
 20
4.6000000000000005
 10
5.75
 20
8.200000000000001
 10
5.45
 20
8.200000000000001
 10
5.45
 20
4.6000000000000005
 10
5.75
 20
4.6000000000000005
 97
0
 75
0
 76
1
 98
0
  0
LWPOLYLINE
  5
94
330
17
100
AcDbEntity
  8
A-ROOM
100
AcDbPolyline
 90
5
 70
1
 10
5.75
 20
4.6000000000000005
 10
5.75
 20
8.200000000000001
 10
5.45
 20
8.200000000000001
 10
5.45
 20
4.6000000000000005
 10
5.75
 20
4.6000000000000005
  0
HATCH
  5
95
330
17
100
AcDbEntity
  8
A-ROOM
 62
7
420
15391157
100
AcDbHatch
 10
0.0
 20
0.0
 30
0.0
210
0.0
220
0.0
230
1.0
  2
SOLID
 70
1
 71
0
 91
1
 92
3
 72
0
 73
1
 93
5
 10
5.45
 20
4.6000000000000005
 10
5.45
 20
8.200000000000001
 10
2.45
 20
8.200000000000001
 10
2.45
 20
4.6000000000000005
 10
5.45
 20
4.6000000000000005
 97
0
 75
0
 76
1
 98
0
  0
LWPOLYLINE
  5
96
330
17
100
AcDbEntity
  8
A-ROOM
100
AcDbPolyline
 90
5
 70
1
 10
5.45
 20
4.6000000000000005
 10
5.45
 20
8.200000000000001
 10
2.45
 20
8.200000000000001
 10
2.45
 20
4.6000000000000005
 10
5.45
 20
4.6000000000000005
  0
HATCH
  5
97
330
17
100
AcDbEntity
  8
A-ROOM
 62
7
420
16051408
100
AcDbHatch
 10
0.0
 20
0.0
 30
0.0
210
0.0
220
0.0
230
1.0
  2
SOLID
 70
1
 71
0
 91
1
 92
3
 72
0
 73
1
 93
5
 10
3.75
 20
6.525
 10
3.75
 20
7.575
 10
2.7
 20
7.575
 10
2.7
 20
6.525
 10
3.75
 20
6.525
 97
0
 75
0
 76
1
 98
0
  0
LWPOLYLINE
  5
98
330
17
100
AcDbEntity
  8
A-ROOM
100
AcDbPolyline
 90
5
 70
1
 10
3.75
 20
6.525
 10
3.75
 20
7.575
 10
2.7
 20
7.575
 10
2.7
 20
6.525
 10
3.75
 20
6.525
  0
HATCH
  5
99
330
17
100
AcDbEntity
  8
A-ROOM
 62
7
420
13187642
100
AcDbHatch
 10
0.0
 20
0.0
 30
0.0
210
0.0
220
0.0
230
1.0
  2
SOLID
 70
1
 71
0
 91
1
 92
3
 72
0
 73
1
 93
129
 10
3.575
 20
7.050000000000001
 10
3.574578409671811
 20
7.032826313985404
 10
3.5733146543352694
 20
7.015694000884655
 10
3.5712117784876733
 20
6.998644333940624
 10
3.5682748481411304
 20
6.981718387294356
 10
3.564510938618091
 20
6.964956937033858
 10
3.5599291175062735
 20
6.948400362960939
 10
3.554540422814058
 20
6.932088551312724
 10
3.5483578363789503
 20
6.916060798672219
 10
3.5413962525932057
 20
6.900355717299402
 10
3.533672442521924
 20
6.885011142110901
 10
3.525205013500096
 20
6.870064039532373
 10
3.5160143643058914
 20
6.85555041844314
 10
3.506122636018226
 20
6.841505243427649
 10
3.4955536586769584
 20
6.827962350542725
 10
3.484332893874236
 20
6.814954365803544
 10
3.4724873734152917
 20
6.80251262658471
 10
3.4600456341964563
 20
6.790667106125765
 10
3.4470376494572763
 20
6.779446341323043
 10
3.433494756572352
 20
6.768877363981774
 10
3.4194495815568606
 20
6.75898563569411
 10
3.404935960467628
 20
6.749794986499905
 10
3.389988857889099
 20
6.741327557478076
 10
3.374644282700599
 20
6.733603747406796
 10
3.3589392013277815
 20
6.72664216362105
 10
3.3429114486872775
 20
6.7204595771859434
 10
3.3265996370390623
 20
6.715070882493727
 10
3.310043062966143
 20
6.71048906138191
 10
3.293281612705645
 20
6.706725151858869
 10
3.276355666059377
 20
6.703788221512328
 10
3.2593059991153464
 20
6.701685345664732
 10
3.2421736860145964
 20
6.70042159032819
 10
3.2250000000000005
 20
6.700000000000001
 10
3.2078263139854037
 20
6.70042159032819
 10
3.190694000884654
 20
6.701685345664732
 10
3.173644333940624
 20
6.703788221512328
 10
3.1567183872943554
 20
6.706725151858869
 10
3.1399569370338574
 20
6.71048906138191
 10
3.123400362960939
 20
6.715070882493727
 10
3.1070885513127235
 20
6.7204595771859434
 10
3.0910607986722187
 20
6.72664216362105
 10
3.0753557172994013
 20
6.733603747406796
 10
3.060011142110901
 20
6.741327557478076
 10
3.0450640395323725
 20
6.749794986499905
 10
3.0305504184431395
 20
6.75898563569411
 10
3.0165052434276483
 20
6.768877363981774
 10
3.0029623505427243
 20
6.779446341323043
 10
2.9899543658035435
 20
6.790667106125765
 10
2.9775126265847085
 20
6.80251262658471
 10
2.9656671061257645
 20
6.814954365803544
 10
2.954446341323042
 20
6.827962350542725
 10
2.943877363981774
 20
6.841505243427649
 10
2.933985635694109
 20
6.85555041844314
 10
2.9247949864999048
 20
6.870064039532373
 10
2.916327557478076
 20
6.885011142110901
 10
2.9086037474067945
 20
6.900355717299402
 10
2.90164216362105
 20
6.916060798672219
 10
2.895459577185943
 20
6.932088551312724
 10
2.8900708824937267
 20
6.948400362960939
 10
2.8854890613819095
 20
6.964956937033858
 10
2.88172515185887
 20
6.981718387294356
 10
2.878788221512327
 20
6.998644333940624
 10
2.876685345664731
 20
7.015694000884655
 10
2.8754215903281897
 20
7.032826313985404
 10
2.875
 20
7.050000000000001
 10
2.8754215903281897
 20
7.067173686014597
 10
2.876685345664731
 20
7.0843059991153465
 10
2.878788221512327
 20
7.101355666059377
 10
2.88172515185887
 20
7.118281612705645
 10
2.8854890613819095
 20
7.135043062966143
 10
2.8900708824937267
 20
7.151599637039062
 10
2.895459577185943
 20
7.167911448687278
 10
2.90164216362105
 20
7.1839392013277825
 10
2.9086037474067945
 20
7.199644282700599
 10
2.916327557478076
 20
7.2149888578891
 10
2.9247949864999048
 20
7.229935960467628
 10
2.933985635694109
 20
7.244449581556862
 10
2.943877363981774
 20
7.258494756572352
 10
2.954446341323042
 20
7.2720376494572765
 10
2.9656671061257645
 20
7.285045634196457
 10
2.9775126265847085
 20
7.297487373415292
 10
2.9899543658035435
 20
7.3093328938742355
 10
3.002962350542724
 20
7.320553658676958
 10
3.0165052434276483
 20
7.331122636018226
 10
3.0305504184431395
 20
7.341014364305892
 10
3.0450640395323725
 20
7.350205013500095
 10
3.060011142110901
 20
7.358672442521925
 10
3.0753557172994013
 20
7.366396252593206
 10
3.0910607986722187
 20
7.373357836378951
 10
3.1070885513127235
 20
7.379540422814057
 10
3.123400362960939
 20
7.384929117506274
 10
3.1399569370338574
 20
7.389510938618091
 10
3.1567183872943554
 20
7.3932748481411315
 10
3.173644333940623
 20
7.3962117784876735
 10
3.190694000884654
 20
7.39831465433527
 10
3.2078263139854037
 20
7.399578409671811
 10
3.2250000000000005
 20
7.4
 10
3.2421736860145964
 20
7.399578409671811
 10
3.2593059991153464
 20
7.39831465433527
 10
3.276355666059377
 20
7.3962117784876735
 10
3.293281612705645
 20
7.3932748481411315
 10
3.310043062966143
 20
7.389510938618091
 10
3.3265996370390623
 20
7.384929117506274
 10
3.3429114486872775
 20
7.379540422814058
 10
3.3589392013277815
 20
7.373357836378951
 10
3.374644282700599
 20
7.366396252593206
 10
3.389988857889099
 20
7.358672442521925
 10
3.404935960467628
 20
7.350205013500095
 10
3.4194495815568606
 20
7.341014364305892
 10
3.433494756572352
 20
7.331122636018226
 10
3.4470376494572763
 20
7.320553658676959
 10
3.4600456341964563
 20
7.309332893874236
 10
3.4724873734152917
 20
7.297487373415292
 10
3.484332893874236
 20
7.285045634196457
 10
3.4955536586769584
 20
7.2720376494572765
 10
3.506122636018226
 20
7.258494756572352
 10
3.5160143643058914
 20
7.244449581556862
 10
3.525205013500096
 20
7.229935960467628
 10
3.533672442521924
 20
7.2149888578891
 10
3.541396252593205
 20
7.199644282700599
 10
3.5483578363789503
 20
7.1839392013277825
 10
3.554540422814058
 20
7.167911448687278
 10
3.5599291175062735
 20
7.151599637039062
 10
3.564510938618091
 20
7.135043062966143
 10
3.5682748481411304
 20
7.118281612705645
 10
3.5712117784876733
 20
7.101355666059377
 10
3.5733146543352694
 20
7.0843059991153465
 10
3.574578409671811
 20
7.067173686014597
 10
3.575
 20
7.050000000000001
 97
0
 75
0
 76
1
 98
0
  0
LWPOLYLINE
  5
9A
330
17
100
AcDbEntity
  8
A-ROOM
100
AcDbPolyline
 90
129
 70
1
 10
3.575
 20
7.050000000000001
 10
3.574578409671811
 20
7.032826313985404
 10
3.5733146543352694
 20
7.015694000884655
 10
3.5712117784876733
 20
6.998644333940624
 10
3.5682748481411304
 20
6.981718387294356
 10
3.564510938618091
 20
6.964956937033858
 10
3.5599291175062735
 20
6.948400362960939
 10
3.554540422814058
 20
6.932088551312724
 10
3.5483578363789503
 20
6.916060798672219
 10
3.5413962525932057
 20
6.900355717299402
 10
3.533672442521924
 20
6.885011142110901
 10
3.525205013500096
 20
6.870064039532373
 10
3.5160143643058914
 20
6.85555041844314
 10
3.506122636018226
 20
6.841505243427649
 10
3.4955536586769584
 20
6.827962350542725
 10
3.484332893874236
 20
6.814954365803544
 10
3.4724873734152917
 20
6.80251262658471
 10
3.4600456341964563
 20
6.790667106125765
 10
3.4470376494572763
 20
6.779446341323043
 10
3.433494756572352
 20
6.768877363981774
 10
3.4194495815568606
 20
6.75898563569411
 10
3.404935960467628
 20
6.749794986499905
 10
3.389988857889099
 20
6.741327557478076
 10
3.374644282700599
 20
6.733603747406796
 10
3.3589392013277815
 20
6.72664216362105
 10
3.3429114486872775
 20
6.7204595771859434
 10
3.3265996370390623
 20
6.715070882493727
 10
3.310043062966143
 20
6.71048906138191
 10
3.293281612705645
 20
6.706725151858869
 10
3.276355666059377
 20
6.703788221512328
 10
3.2593059991153464
 20
6.701685345664732
 10
3.2421736860145964
 20
6.70042159032819
 10
3.2250000000000005
 20
6.700000000000001
 10
3.2078263139854037
 20
6.70042159032819
 10
3.190694000884654
 20
6.701685345664732
 10
3.173644333940624
 20
6.703788221512328
 10
3.1567183872943554
 20
6.706725151858869
 10
3.1399569370338574
 20
6.71048906138191
 10
3.123400362960939
 20
6.715070882493727
 10
3.1070885513127235
 20
6.7204595771859434
 10
3.0910607986722187
 20
6.72664216362105
 10
3.0753557172994013
 20
6.733603747406796
 10
3.060011142110901
 20
6.741327557478076
 10
3.0450640395323725
 20
6.749794986499905
 10
3.0305504184431395
 20
6.75898563569411
 10
3.0165052434276483
 20
6.768877363981774
 10
3.0029623505427243
 20
6.779446341323043
 10
2.9899543658035435
 20
6.790667106125765
 10
2.9775126265847085
 20
6.80251262658471
 10
2.9656671061257645
 20
6.814954365803544
 10
2.954446341323042
 20
6.827962350542725
 10
2.943877363981774
 20
6.841505243427649
 10
2.933985635694109
 20
6.85555041844314
 10
2.9247949864999048
 20
6.870064039532373
 10
2.916327557478076
 20
6.885011142110901
 10
2.9086037474067945
 20
6.900355717299402
 10
2.90164216362105
 20
6.916060798672219
 10
2.895459577185943
 20
6.932088551312724
 10
2.8900708824937267
 20
6.948400362960939
 10
2.8854890613819095
 20
6.964956937033858
 10
2.88172515185887
 20
6.981718387294356
 10
2.878788221512327
 20
6.998644333940624
 10
2.876685345664731
 20
7.015694000884655
 10
2.8754215903281897
 20
7.032826313985404
 10
2.875
 20
7.050000000000001
 10
2.8754215903281897
 20
7.067173686014597
 10
2.876685345664731
 20
7.0843059991153465
 10
2.878788221512327
 20
7.101355666059377
 10
2.88172515185887
 20
7.118281612705645
 10
2.8854890613819095
 20
7.135043062966143
 10
2.8900708824937267
 20
7.151599637039062
 10
2.895459577185943
 20
7.167911448687278
 10
2.90164216362105
 20
7.1839392013277825
 10
2.9086037474067945
 20
7.199644282700599
 10
2.916327557478076
 20
7.2149888578891
 10
2.9247949864999048
 20
7.229935960467628
 10
2.933985635694109
 20
7.244449581556862
 10
2.943877363981774
 20
7.258494756572352
 10
2.954446341323042
 20
7.2720376494572765
 10
2.9656671061257645
 20
7.285045634196457
 10
2.9775126265847085
 20
7.297487373415292
 10
2.9899543658035435
 20
7.3093328938742355
 10
3.002962350542724
 20
7.320553658676958
 10
3.0165052434276483
 20
7.331122636018226
 10
3.0305504184431395
 20
7.341014364305892
 10
3.0450640395323725
 20
7.350205013500095
 10
3.060011142110901
 20
7.358672442521925
 10
3.0753557172994013
 20
7.366396252593206
 10
3.0910607986722187
 20
7.373357836378951
 10
3.1070885513127235
 20
7.379540422814057
 10
3.123400362960939
 20
7.384929117506274
 10
3.1399569370338574
 20
7.389510938618091
 10
3.1567183872943554
 20
7.3932748481411315
 10
3.173644333940623
 20
7.3962117784876735
 10
3.190694000884654
 20
7.39831465433527
 10
3.2078263139854037
 20
7.399578409671811
 10
3.2250000000000005
 20
7.4
 10
3.2421736860145964
 20
7.399578409671811
 10
3.2593059991153464
 20
7.39831465433527
 10
3.276355666059377
 20
7.3962117784876735
 10
3.293281612705645
 20
7.3932748481411315
 10
3.310043062966143
 20
7.389510938618091
 10
3.3265996370390623
 20
7.384929117506274
 10
3.3429114486872775
 20
7.379540422814058
 10
3.3589392013277815
 20
7.373357836378951
 10
3.374644282700599
 20
7.366396252593206
 10
3.389988857889099
 20
7.358672442521925
 10
3.404935960467628
 20
7.350205013500095
 10
3.4194495815568606
 20
7.341014364305892
 10
3.433494756572352
 20
7.331122636018226
 10
3.4470376494572763
 20
7.320553658676959
 10
3.4600456341964563
 20
7.309332893874236
 10
3.4724873734152917
 20
7.297487373415292
 10
3.484332893874236
 20
7.285045634196457
 10
3.4955536586769584
 20
7.2720376494572765
 10
3.506122636018226
 20
7.258494756572352
 10
3.5160143643058914
 20
7.244449581556862
 10
3.525205013500096
 20
7.229935960467628
 10
3.533672442521924
 20
7.2149888578891
 10
3.541396252593205
 20
7.199644282700599
 10
3.5483578363789503
 20
7.1839392013277825
 10
3.554540422814058
 20
7.167911448687278
 10
3.5599291175062735
 20
7.151599637039062
 10
3.564510938618091
 20
7.135043062966143
 10
3.5682748481411304
 20
7.118281612705645
 10
3.5712117784876733
 20
7.101355666059377
 10
3.5733146543352694
 20
7.0843059991153465
 10
3.574578409671811
 20
7.067173686014597
 10
3.575
 20
7.050000000000001
  0
HATCH
  5
9B
330
17
100
AcDbEntity
  8
A-ROOM
 62
7
420
16051408
100
AcDbHatch
 10
0.0
 20
0.0
 30
0.0
210
0.0
220
0.0
230
1.0
  2
SOLID
 70
1
 71
0
 91
1
 92
3
 72
0
 73
1
 93
5
 10
5.05
 20
6.525
 10
5.05
 20
7.575
 10
4.0
 20
7.575
 10
4.0
 20
6.525
 10
5.05
 20
6.525
 97
0
 75
0
 76
1
 98
0
  0
LWPOLYLINE
  5
9C
330
17
100
AcDbEntity
  8
A-ROOM
100
AcDbPolyline
 90
5
 70
1
 10
5.05
 20
6.525
 10
5.05
 20
7.575
 10
4.0
 20
7.575
 10
4.0
 20
6.525
 10
5.05
 20
6.525
  0
HATCH
  5
9D
330
17
100
AcDbEntity
  8
A-ROOM
 62
7
420
13187642
100
AcDbHatch
 10
0.0
 20
0.0
 30
0.0
210
0.0
220
0.0
230
1.0
  2
SOLID
 70
1
 71
0
 91
1
 92
3
 72
0
 73
1
 93
129
 10
4.875
 20
7.050000000000001
 10
4.874578409671811
 20
7.032826313985404
 10
4.873314654335269
 20
7.015694000884655
 10
4.871211778487673
 20
6.998644333940624
 10
4.868274848141131
 20
6.981718387294356
 10
4.864510938618091
 20
6.964956937033858
 10
4.859929117506273
 20
6.948400362960939
 10
4.854540422814057
 20
6.932088551312724
 10
4.848357836378951
 20
6.916060798672219
 10
4.8413962525932055
 20
6.900355717299402
 10
4.833672442521925
 20
6.885011142110901
 10
4.825205013500095
 20
6.870064039532373
 10
4.816014364305891
 20
6.85555041844314
 10
4.806122636018226
 20
6.841505243427649
 10
4.795553658676958
 20
6.827962350542725
 10
4.784332893874236
 20
6.814954365803544
 10
4.7724873734152915
 20
6.80251262658471
 10
4.760045634196457
 20
6.790667106125765
 10
4.747037649457276
 20
6.779446341323043
 10
4.733494756572352
 20
6.768877363981774
 10
4.719449581556861
 20
6.75898563569411
 10
4.704935960467628
 20
6.749794986499905
 10
4.6899888578891
 20
6.741327557478076
 10
4.674644282700599
 20
6.733603747406796
 10
4.658939201327782
 20
6.72664216362105
 10
4.642911448687277
 20
6.7204595771859434
 10
4.626599637039062
 20
6.715070882493727
 10
4.610043062966143
 20
6.71048906138191
 10
4.593281612705645
 20
6.706725151858869
 10
4.576355666059377
 20
6.703788221512328
 10
4.559305999115346
 20
6.701685345664732
 10
4.542173686014596
 20
6.70042159032819
 10
4.525
 20
6.700000000000001
 10
4.507826313985404
 20
6.70042159032819
 10
4.4906940008846545
 20
6.701685345664732
 10
4.473644333940624
 20
6.703788221512328
 10
4.456718387294355
 20
6.706725151858869
 10
4.439956937033858
 20
6.71048906138191
 10
4.423400362960939
 20
6.715070882493727
 10
4.407088551312723
 20
6.7204595771859434
 10
4.3910607986722185
 20
6.72664216362105
 10
4.375355717299402
 20
6.733603747406796
 10
4.360011142110901
 20
6.741327557478076
 10
4.345064039532373
 20
6.749794986499905
 10
4.330550418443139
 20
6.75898563569411
 10
4.316505243427648
 20
6.768877363981774
 10
4.302962350542724
 20
6.779446341323043
 10
4.289954365803544
 20
6.790667106125765
 10
4.277512626584708
 20
6.80251262658471
 10
4.265667106125765
 20
6.814954365803544
 10
4.254446341323042
 20
6.827962350542725
 10
4.243877363981775
 20
6.841505243427649
 10
4.2339856356941095
 20
6.85555041844314
 10
4.224794986499905
 20
6.870064039532373
 10
4.216327557478076
 20
6.885011142110901
 10
4.208603747406795
 20
6.900355717299402
 10
4.20164216362105
 20
6.916060798672219
 10
4.195459577185943
 20
6.932088551312724
 10
4.190070882493727
 20
6.948400362960939
 10
4.18548906138191
 20
6.964956937033858
 10
4.18172515185887
 20
6.981718387294356
 10
4.178788221512327
 20
6.998644333940624
 10
4.1766853456647315
 20
7.015694000884655
 10
4.17542159032819
 20
7.032826313985404
 10
4.175
 20
7.050000000000001
 10
4.17542159032819
 20
7.067173686014597
 10
4.1766853456647315
 20
7.0843059991153465
 10
4.178788221512327
 20
7.101355666059377
 10
4.18172515185887
 20
7.118281612705645
 10
4.18548906138191
 20
7.135043062966143
 10
4.190070882493727
 20
7.151599637039062
 10
4.195459577185943
 20
7.167911448687278
 10
4.20164216362105
 20
7.1839392013277825
 10
4.208603747406795
 20
7.199644282700599
 10
4.216327557478076
 20
7.2149888578891
 10
4.224794986499905
 20
7.229935960467628
 10
4.2339856356941095
 20
7.244449581556862
 10
4.243877363981775
 20
7.258494756572352
 10
4.254446341323042
 20
7.2720376494572765
 10
4.265667106125764
 20
7.285045634196457
 10
4.277512626584708
 20
7.297487373415292
 10
4.289954365803544
 20
7.3093328938742355
 10
4.302962350542724
 20
7.320553658676958
 10
4.316505243427648
 20
7.331122636018226
 10
4.330550418443139
 20
7.341014364305892
 10
4.345064039532373
 20
7.350205013500095
 10
4.360011142110901
 20
7.358672442521925
 10
4.375355717299402
 20
7.366396252593206
 10
4.3910607986722185
 20
7.373357836378951
 10
4.407088551312723
 20
7.379540422814057
 10
4.423400362960939
 20
7.384929117506274
 10
4.439956937033858
 20
7.389510938618091
 10
4.456718387294355
 20
7.3932748481411315
 10
4.473644333940623
 20
7.3962117784876735
 10
4.4906940008846545
 20
7.39831465433527
 10
4.507826313985404
 20
7.399578409671811
 10
4.525
 20
7.4
 10
4.542173686014596
 20
7.399578409671811
 10
4.559305999115346
 20
7.39831465433527
 10
4.576355666059377
 20
7.3962117784876735
 10
4.593281612705645
 20
7.3932748481411315
 10
4.610043062966143
 20
7.389510938618091
 10
4.626599637039062
 20
7.384929117506274
 10
4.642911448687277
 20
7.379540422814058
 10
4.658939201327782
 20
7.373357836378951
 10
4.674644282700599
 20
7.366396252593206
 10
4.6899888578891
 20
7.358672442521925
 10
4.704935960467628
 20
7.350205013500095
 10
4.719449581556861
 20
7.341014364305892
 10
4.733494756572352
 20
7.331122636018226
 10
4.747037649457276
 20
7.320553658676959
 10
4.760045634196457
 20
7.309332893874236
 10
4.7724873734152915
 20
7.297487373415292
 10
4.784332893874235
 20
7.285045634196457
 10
4.795553658676957
 20
7.2720376494572765
 10
4.806122636018226
 20
7.258494756572352
 10
4.816014364305891
 20
7.244449581556862
 10
4.825205013500095
 20
7.229935960467628
 10
4.833672442521925
 20
7.2149888578891
 10
4.8413962525932055
 20
7.199644282700599
 10
4.848357836378951
 20
7.1839392013277825
 10
4.854540422814057
 20
7.167911448687278
 10
4.859929117506273
 20
7.151599637039062
 10
4.864510938618091
 20
7.135043062966143
 10
4.868274848141131
 20
7.118281612705645
 10
4.871211778487673
 20
7.101355666059377
 10
4.873314654335269
 20
7.0843059991153465
 10
4.874578409671811
 20
7.067173686014597
 10
4.875
 20
7.050000000000001
 97
0
 75
0
 76
1
 98
0
  0
LWPOLYLINE
  5
9E
330
17
100
AcDbEntity
  8
A-ROOM
100
AcDbPolyline
 90
129
 70
1
 10
4.875
 20
7.050000000000001
 10
4.874578409671811
 20
7.032826313985404
 10
4.873314654335269
 20
7.015694000884655
 10
4.871211778487673
 20
6.998644333940624
 10
4.868274848141131
 20
6.981718387294356
 10
4.864510938618091
 20
6.964956937033858
 10
4.859929117506273
 20
6.948400362960939
 10
4.854540422814057
 20
6.932088551312724
 10
4.848357836378951
 20
6.916060798672219
 10
4.8413962525932055
 20
6.900355717299402
 10
4.833672442521925
 20
6.885011142110901
 10
4.825205013500095
 20
6.870064039532373
 10
4.816014364305891
 20
6.85555041844314
 10
4.806122636018226
 20
6.841505243427649
 10
4.795553658676958
 20
6.827962350542725
 10
4.784332893874236
 20
6.814954365803544
 10
4.7724873734152915
 20
6.80251262658471
 10
4.760045634196457
 20
6.790667106125765
 10
4.747037649457276
 20
6.779446341323043
 10
4.733494756572352
 20
6.768877363981774
 10
4.719449581556861
 20
6.75898563569411
 10
4.704935960467628
 20
6.749794986499905
 10
4.6899888578891
 20
6.741327557478076
 10
4.674644282700599
 20
6.733603747406796
 10
4.658939201327782
 20
6.72664216362105
 10
4.642911448687277
 20
6.7204595771859434
 10
4.626599637039062
 20
6.715070882493727
 10
4.610043062966143
 20
6.71048906138191
 10
4.593281612705645
 20
6.706725151858869
 10
4.576355666059377
 20
6.703788221512328
 10
4.559305999115346
 20
6.701685345664732
 10
4.542173686014596
 20
6.70042159032819
 10
4.525
 20
6.700000000000001
 10
4.507826313985404
 20
6.70042159032819
 10
4.4906940008846545
 20
6.701685345664732
 10
4.473644333940624
 20
6.703788221512328
 10
4.456718387294355
 20
6.706725151858869
 10
4.439956937033858
 20
6.71048906138191
 10
4.423400362960939
 20
6.715070882493727
 10
4.407088551312723
 20
6.7204595771859434
 10
4.3910607986722185
 20
6.72664216362105
 10
4.375355717299402
 20
6.733603747406796
 10
4.360011142110901
 20
6.741327557478076
 10
4.345064039532373
 20
6.749794986499905
 10
4.330550418443139
 20
6.75898563569411
 10
4.316505243427648
 20
6.768877363981774
 10
4.302962350542724
 20
6.779446341323043
 10
4.289954365803544
 20
6.790667106125765
 10
4.277512626584708
 20
6.80251262658471
 10
4.265667106125765
 20
6.814954365803544
 10
4.254446341323042
 20
6.827962350542725
 10
4.243877363981775
 20
6.841505243427649
 10
4.2339856356941095
 20
6.85555041844314
 10
4.224794986499905
 20
6.870064039532373
 10
4.216327557478076
 20
6.885011142110901
 10
4.208603747406795
 20
6.900355717299402
 10
4.20164216362105
 20
6.916060798672219
 10
4.195459577185943
 20
6.932088551312724
 10
4.190070882493727
 20
6.948400362960939
 10
4.18548906138191
 20
6.964956937033858
 10
4.18172515185887
 20
6.981718387294356
 10
4.178788221512327
 20
6.998644333940624
 10
4.1766853456647315
 20
7.015694000884655
 10
4.17542159032819
 20
7.032826313985404
 10
4.175
 20
7.050000000000001
 10
4.17542159032819
 20
7.067173686014597
 10
4.1766853456647315
 20
7.0843059991153465
 10
4.178788221512327
 20
7.101355666059377
 10
4.18172515185887
 20
7.118281612705645
 10
4.18548906138191
 20
7.135043062966143
 10
4.190070882493727
 20
7.151599637039062
 10
4.195459577185943
 20
7.167911448687278
 10
4.20164216362105
 20
7.1839392013277825
 10
4.208603747406795
 20
7.199644282700599
 10
4.216327557478076
 20
7.2149888578891
 10
4.224794986499905
 20
7.229935960467628
 10
4.2339856356941095
 20
7.244449581556862
 10
4.243877363981775
 20
7.258494756572352
 10
4.254446341323042
 20
7.2720376494572765
 10
4.265667106125764
 20
7.285045634196457
 10
4.277512626584708
 20
7.297487373415292
 10
4.289954365803544
 20
7.3093328938742355
 10
4.302962350542724
 20
7.320553658676958
 10
4.316505243427648
 20
7.331122636018226
 10
4.330550418443139
 20
7.341014364305892
 10
4.345064039532373
 20
7.350205013500095
 10
4.360011142110901
 20
7.358672442521925
 10
4.375355717299402
 20
7.366396252593206
 10
4.3910607986722185
 20
7.373357836378951
 10
4.407088551312723
 20
7.379540422814057
 10
4.423400362960939
 20
7.384929117506274
 10
4.439956937033858
 20
7.389510938618091
 10
4.456718387294355
 20
7.3932748481411315
 10
4.473644333940623
 20
7.3962117784876735
 10
4.4906940008846545
 20
7.39831465433527
 10
4.507826313985404
 20
7.399578409671811
 10
4.525
 20
7.4
 10
4.542173686014596
 20
7.399578409671811
 10
4.559305999115346
 20
7.39831465433527
 10
4.576355666059377
 20
7.3962117784876735
 10
4.593281612705645
 20
7.3932748481411315
 10
4.610043062966143
 20
7.389510938618091
 10
4.626599637039062
 20
7.384929117506274
 10
4.642911448687277
 20
7.379540422814058
 10
4.658939201327782
 20
7.373357836378951
 10
4.674644282700599
 20
7.366396252593206
 10
4.6899888578891
 20
7.358672442521925
 10
4.704935960467628
 20
7.350205013500095
 10
4.719449581556861
 20
7.341014364305892
 10
4.733494756572352
 20
7.331122636018226
 10
4.747037649457276
 20
7.320553658676959
 10
4.760045634196457
 20
7.309332893874236
 10
4.7724873734152915
 20
7.297487373415292
 10
4.784332893874235
 20
7.285045634196457
 10
4.795553658676957
 20
7.2720376494572765
 10
4.806122636018226
 20
7.258494756572352
 10
4.816014364305891
 20
7.244449581556862
 10
4.825205013500095
 20
7.229935960467628
 10
4.833672442521925
 20
7.2149888578891
 10
4.8413962525932055
 20
7.199644282700599
 10
4.848357836378951
 20
7.1839392013277825
 10
4.854540422814057
 20
7.167911448687278
 10
4.859929117506273
 20
7.151599637039062
 10
4.864510938618091
 20
7.135043062966143
 10
4.868274848141131
 20
7.118281612705645
 10
4.871211778487673
 20
7.101355666059377
 10
4.873314654335269
 20
7.0843059991153465
 10
4.874578409671811
 20
7.067173686014597
 10
4.875
 20
7.050000000000001
  0
HATCH
  5
9F
330
17
100
AcDbEntity
  8
A-ROOM
 62
7
420
16051408
100
AcDbHatch
 10
0.0
 20
0.0
 30
0.0
210
0.0
220
0.0
230
1.0
  2
SOLID
 70
1
 71
0
 91
1
 92
3
 72
0
 73
1
 93
5
 10
3.75
 20
5.2250000000000005
 10
3.75
 20
6.275
 10
2.7
 20
6.275
 10
2.7
 20
5.2250000000000005
 10
3.75
 20
5.2250000000000005
 97
0
 75
0
 76
1
 98
0
  0
LWPOLYLINE
  5
A0
330
17
100
AcDbEntity
  8
A-ROOM
100
AcDbPolyline
 90
5
 70
1
 10
3.75
 20
5.2250000000000005
 10
3.75
 20
6.275
 10
2.7
 20
6.275
 10
2.7
 20
5.2250000000000005
 10
3.75
 20
5.2250000000000005
  0
HATCH
  5
A1
330
17
100
AcDbEntity
  8
A-ROOM
 62
7
420
13187642
100
AcDbHatch
 10
0.0
 20
0.0
 30
0.0
210
0.0
220
0.0
230
1.0
  2
SOLID
 70
1
 71
0
 91
1
 92
3
 72
0
 73
1
 93
129
 10
3.575
 20
5.75
 10
3.574578409671811
 20
5.732826313985404
 10
3.5733146543352694
 20
5.715694000884654
 10
3.5712117784876733
 20
5.698644333940624
 10
3.5682748481411304
 20
5.681718387294356
 10
3.564510938618091
 20
5.664956937033859
 10
3.5599291175062735
 20
5.648400362960938
 10
3.554540422814058
 20
5.632088551312723
 10
3.5483578363789503
 20
5.616060798672219
 10
3.5413962525932057
 20
5.6003557172994025
 10
3.533672442521924
 20
5.585011142110901
 10
3.525205013500096
 20
5.570064039532372
 10
3.5160143643058914
 20
5.55555041844314
 10
3.506122636018226
 20
5.541505243427649
 10
3.4955536586769584
 20
5.527962350542724
 10
3.484332893874236
 20
5.514954365803544
 10
3.4724873734152917
 20
5.502512626584709
 10
3.4600456341964563
 20
5.490667106125764
 10
3.4470376494572763
 20
5.479446341323042
 10
3.433494756572352
 20
5.468877363981775
 10
3.4194495815568606
 20
5.458985635694109
 10
3.404935960467628
 20
5.449794986499905
 10
3.389988857889099
 20
5.441327557478076
 10
3.374644282700599
 20
5.433603747406796
 10
3.3589392013277815
 20
5.42664216362105
 10
3.3429114486872775
 20
5.420459577185943
 10
3.3265996370390623
 20
5.415070882493728
 10
3.310043062966143
 20
5.410489061381909
 10
3.293281612705645
 20
5.40672515185887
 10
3.276355666059377
 20
5.403788221512327
 10
3.2593059991153464
 20
5.401685345664731
 10
3.2421736860145964
 20
5.40042159032819
 10
3.2250000000000005
 20
5.4
 10
3.2078263139854037
 20
5.40042159032819
 10
3.190694000884654
 20
5.401685345664731
 10
3.173644333940624
 20
5.403788221512327
 10
3.1567183872943554
 20
5.40672515185887
 10
3.1399569370338574
 20
5.410489061381909
 10
3.123400362960939
 20
5.415070882493728
 10
3.1070885513127235
 20
5.420459577185943
 10
3.0910607986722187
 20
5.42664216362105
 10
3.0753557172994013
 20
5.433603747406796
 10
3.060011142110901
 20
5.441327557478076
 10
3.0450640395323725
 20
5.449794986499905
 10
3.0305504184431395
 20
5.458985635694109
 10
3.0165052434276483
 20
5.468877363981775
 10
3.0029623505427243
 20
5.479446341323042
 10
2.9899543658035435
 20
5.490667106125764
 10
2.9775126265847085
 20
5.502512626584709
 10
2.9656671061257645
 20
5.514954365803543
 10
2.954446341323042
 20
5.527962350542724
 10
2.943877363981774
 20
5.541505243427649
 10
2.933985635694109
 20
5.55555041844314
 10
2.9247949864999048
 20
5.570064039532372
 10
2.916327557478076
 20
5.585011142110901
 10
2.9086037474067945
 20
5.6003557172994025
 10
2.90164216362105
 20
5.616060798672219
 10
2.895459577185943
 20
5.632088551312723
 10
2.8900708824937267
 20
5.648400362960938
 10
2.8854890613819095
 20
5.664956937033859
 10
2.88172515185887
 20
5.681718387294355
 10
2.878788221512327
 20
5.698644333940624
 10
2.876685345664731
 20
5.715694000884654
 10
2.8754215903281897
 20
5.732826313985404
 10
2.875
 20
5.75
 10
2.8754215903281897
 20
5.767173686014597
 10
2.876685345664731
 20
5.784305999115347
 10
2.878788221512327
 20
5.8013556660593775
 10
2.88172515185887
 20
5.818281612705645
 10
2.8854890613819095
 20
5.835043062966143
 10
2.8900708824937267
 20
5.851599637039062
 10
2.895459577185943
 20
5.867911448687277
 10
2.90164216362105
 20
5.883939201327782
 10
2.9086037474067945
 20
5.899644282700599
 10
2.916327557478076
 20
5.9149888578890994
 10
2.9247949864999048
 20
5.929935960467628
 10
2.933985635694109
 20
5.944449581556862
 10
2.943877363981774
 20
5.958494756572352
 10
2.954446341323042
 20
5.972037649457276
 10
2.9656671061257645
 20
5.985045634196457
 10
2.9775126265847085
 20
5.997487373415292
 10
2.9899543658035435
 20
6.009332893874236
 10
3.002962350542724
 20
6.020553658676958
 10
3.0165052434276483
 20
6.031122636018226
 10
3.0305504184431395
 20
6.041014364305891
 10
3.0450640395323725
 20
6.050205013500095
 10
3.060011142110901
 20
6.0586724425219245
 10
3.0753557172994013
 20
6.066396252593206
 10
3.0910607986722187
 20
6.0733578363789515
 10
3.1070885513127235
 20
6.079540422814057
 10
3.123400362960939
 20
6.084929117506274
 10
3.1399569370338574
 20
6.089510938618091
 10
3.1567183872943554
 20
6.093274848141132
 10
3.173644333940623
 20
6.096211778487674
 10
3.190694000884654
 20
6.098314654335269
 10
3.2078263139854037
 20
6.09957840967181
 10
3.2250000000000005
 20
6.1000000000000005
 10
3.2421736860145964
 20
6.09957840967181
 10
3.2593059991153464
 20
6.098314654335269
 10
3.276355666059377
 20
6.096211778487674
 10
3.293281612705645
 20
6.093274848141132
 10
3.310043062966143
 20
6.089510938618091
 10
3.3265996370390623
 20
6.084929117506274
 10
3.3429114486872775
 20
6.079540422814057
 10
3.3589392013277815
 20
6.0733578363789515
 10
3.374644282700599
 20
6.066396252593206
 10
3.389988857889099
 20
6.0586724425219245
 10
3.404935960467628
 20
6.050205013500095
 10
3.4194495815568606
 20
6.041014364305891
 10
3.433494756572352
 20
6.031122636018226
 10
3.4470376494572763
 20
6.020553658676958
 10
3.4600456341964563
 20
6.009332893874236
 10
3.4724873734152917
 20
5.997487373415292
 10
3.484332893874236
 20
5.985045634196457
 10
3.4955536586769584
 20
5.972037649457277
 10
3.506122636018226
 20
5.958494756572352
 10
3.5160143643058914
 20
5.944449581556862
 10
3.525205013500096
 20
5.929935960467628
 10
3.533672442521924
 20
5.9149888578890994
 10
3.541396252593205
 20
5.899644282700599
 10
3.5483578363789503
 20
5.883939201327783
 10
3.554540422814058
 20
5.867911448687277
 10
3.5599291175062735
 20
5.851599637039062
 10
3.564510938618091
 20
5.835043062966143
 10
3.5682748481411304
 20
5.818281612705645
 10
3.5712117784876733
 20
5.8013556660593775
 10
3.5733146543352694
 20
5.784305999115347
 10
3.574578409671811
 20
5.767173686014597
 10
3.575
 20
5.75
 97
0
 75
0
 76
1
 98
0
  0
LWPOLYLINE
  5
A2
330
17
100
AcDbEntity
  8
A-ROOM
100
AcDbPolyline
 90
129
 70
1
 10
3.575
 20
5.75
 10
3.574578409671811
 20
5.732826313985404
 10
3.5733146543352694
 20
5.715694000884654
 10
3.5712117784876733
 20
5.698644333940624
 10
3.5682748481411304
 20
5.681718387294356
 10
3.564510938618091
 20
5.664956937033859
 10
3.5599291175062735
 20
5.648400362960938
 10
3.554540422814058
 20
5.632088551312723
 10
3.5483578363789503
 20
5.616060798672219
 10
3.5413962525932057
 20
5.6003557172994025
 10
3.533672442521924
 20
5.585011142110901
 10
3.525205013500096
 20
5.570064039532372
 10
3.5160143643058914
 20
5.55555041844314
 10
3.506122636018226
 20
5.541505243427649
 10
3.4955536586769584
 20
5.527962350542724
 10
3.484332893874236
 20
5.514954365803544
 10
3.4724873734152917
 20
5.502512626584709
 10
3.4600456341964563
 20
5.490667106125764
 10
3.4470376494572763
 20
5.479446341323042
 10
3.433494756572352
 20
5.468877363981775
 10
3.4194495815568606
 20
5.458985635694109
 10
3.404935960467628
 20
5.449794986499905
 10
3.389988857889099
 20
5.441327557478076
 10
3.374644282700599
 20
5.433603747406796
 10
3.3589392013277815
 20
5.42664216362105
 10
3.3429114486872775
 20
5.420459577185943
 10
3.3265996370390623
 20
5.415070882493728
 10
3.310043062966143
 20
5.410489061381909
 10
3.293281612705645
 20
5.40672515185887
 10
3.276355666059377
 20
5.403788221512327
 10
3.2593059991153464
 20
5.401685345664731
 10
3.2421736860145964
 20
5.40042159032819
 10
3.2250000000000005
 20
5.4
 10
3.2078263139854037
 20
5.40042159032819
 10
3.190694000884654
 20
5.401685345664731
 10
3.173644333940624
 20
5.403788221512327
 10
3.1567183872943554
 20
5.40672515185887
 10
3.1399569370338574
 20
5.410489061381909
 10
3.123400362960939
 20
5.415070882493728
 10
3.1070885513127235
 20
5.420459577185943
 10
3.0910607986722187
 20
5.42664216362105
 10
3.0753557172994013
 20
5.433603747406796
 10
3.060011142110901
 20
5.441327557478076
 10
3.0450640395323725
 20
5.449794986499905
 10
3.0305504184431395
 20
5.458985635694109
 10
3.0165052434276483
 20
5.468877363981775
 10
3.0029623505427243
 20
5.479446341323042
 10
2.9899543658035435
 20
5.490667106125764
 10
2.9775126265847085
 20
5.502512626584709
 10
2.9656671061257645
 20
5.514954365803543
 10
2.954446341323042
 20
5.527962350542724
 10
2.943877363981774
 20
5.541505243427649
 10
2.933985635694109
 20
5.55555041844314
 10
2.9247949864999048
 20
5.570064039532372
 10
2.916327557478076
 20
5.585011142110901
 10
2.9086037474067945
 20
5.6003557172994025
 10
2.90164216362105
 20
5.616060798672219
 10
2.895459577185943
 20
5.632088551312723
 10
2.8900708824937267
 20
5.648400362960938
 10
2.8854890613819095
 20
5.664956937033859
 10
2.88172515185887
 20
5.681718387294355
 10
2.878788221512327
 20
5.698644333940624
 10
2.876685345664731
 20
5.715694000884654
 10
2.8754215903281897
 20
5.732826313985404
 10
2.875
 20
5.75
 10
2.8754215903281897
 20
5.767173686014597
 10
2.876685345664731
 20
5.784305999115347
 10
2.878788221512327
 20
5.8013556660593775
 10
2.88172515185887
 20
5.818281612705645
 10
2.8854890613819095
 20
5.835043062966143
 10
2.8900708824937267
 20
5.851599637039062
 10
2.895459577185943
 20
5.867911448687277
 10
2.90164216362105
 20
5.883939201327782
 10
2.9086037474067945
 20
5.899644282700599
 10
2.916327557478076
 20
5.9149888578890994
 10
2.9247949864999048
 20
5.929935960467628
 10
2.933985635694109
 20
5.944449581556862
 10
2.943877363981774
 20
5.958494756572352
 10
2.954446341323042
 20
5.972037649457276
 10
2.9656671061257645
 20
5.985045634196457
 10
2.9775126265847085
 20
5.997487373415292
 10
2.9899543658035435
 20
6.009332893874236
 10
3.002962350542724
 20
6.020553658676958
 10
3.0165052434276483
 20
6.031122636018226
 10
3.0305504184431395
 20
6.041014364305891
 10
3.0450640395323725
 20
6.050205013500095
 10
3.060011142110901
 20
6.0586724425219245
 10
3.0753557172994013
 20
6.066396252593206
 10
3.0910607986722187
 20
6.0733578363789515
 10
3.1070885513127235
 20
6.079540422814057
 10
3.123400362960939
 20
6.084929117506274
 10
3.1399569370338574
 20
6.089510938618091
 10
3.1567183872943554
 20
6.093274848141132
 10
3.173644333940623
 20
6.096211778487674
 10
3.190694000884654
 20
6.098314654335269
 10
3.2078263139854037
 20
6.09957840967181
 10
3.2250000000000005
 20
6.1000000000000005
 10
3.2421736860145964
 20
6.09957840967181
 10
3.2593059991153464
 20
6.098314654335269
 10
3.276355666059377
 20
6.096211778487674
 10
3.293281612705645
 20
6.093274848141132
 10
3.310043062966143
 20
6.089510938618091
 10
3.3265996370390623
 20
6.084929117506274
 10
3.3429114486872775
 20
6.079540422814057
 10
3.3589392013277815
 20
6.0733578363789515
 10
3.374644282700599
 20
6.066396252593206
 10
3.389988857889099
 20
6.0586724425219245
 10
3.404935960467628
 20
6.050205013500095
 10
3.4194495815568606
 20
6.041014364305891
 10
3.433494756572352
 20
6.031122636018226
 10
3.4470376494572763
 20
6.020553658676958
 10
3.4600456341964563
 20
6.009332893874236
 10
3.4724873734152917
 20
5.997487373415292
 10
3.484332893874236
 20
5.985045634196457
 10
3.4955536586769584
 20
5.972037649457277
 10
3.506122636018226
 20
5.958494756572352
 10
3.5160143643058914
 20
5.944449581556862
 10
3.525205013500096
 20
5.929935960467628
 10
3.533672442521924
 20
5.9149888578890994
 10
3.541396252593205
 20
5.899644282700599
 10
3.5483578363789503
 20
5.883939201327783
 10
3.554540422814058
 20
5.867911448687277
 10
3.5599291175062735
 20
5.851599637039062
 10
3.564510938618091
 20
5.835043062966143
 10
3.5682748481411304
 20
5.818281612705645
 10
3.5712117784876733
 20
5.8013556660593775
 10
3.5733146543352694
 20
5.784305999115347
 10
3.574578409671811
 20
5.767173686014597
 10
3.575
 20
5.75
  0
HATCH
  5
A3
330
17
100
AcDbEntity
  8
A-ROOM
 62
7
420
16051408
100
AcDbHatch
 10
0.0
 20
0.0
 30
0.0
210
0.0
220
0.0
230
1.0
  2
SOLID
 70
1
 71
0
 91
1
 92
3
 72
0
 73
1
 93
5
 10
5.05
 20
5.2250000000000005
 10
5.05
 20
6.275
 10
4.0
 20
6.275
 10
4.0
 20
5.2250000000000005
 10
5.05
 20
5.2250000000000005
 97
0
 75
0
 76
1
 98
0
  0
LWPOLYLINE
  5
A4
330
17
100
AcDbEntity
  8
A-ROOM
100
AcDbPolyline
 90
5
 70
1
 10
5.05
 20
5.2250000000000005
 10
5.05
 20
6.275
 10
4.0
 20
6.275
 10
4.0
 20
5.2250000000000005
 10
5.05
 20
5.2250000000000005
  0
HATCH
  5
A5
330
17
100
AcDbEntity
  8
A-ROOM
 62
7
420
13187642
100
AcDbHatch
 10
0.0
 20
0.0
 30
0.0
210
0.0
220
0.0
230
1.0
  2
SOLID
 70
1
 71
0
 91
1
 92
3
 72
0
 73
1
 93
129
 10
4.875
 20
5.75
 10
4.874578409671811
 20
5.732826313985404
 10
4.873314654335269
 20
5.715694000884654
 10
4.871211778487673
 20
5.698644333940624
 10
4.868274848141131
 20
5.681718387294356
 10
4.864510938618091
 20
5.664956937033859
 10
4.859929117506273
 20
5.648400362960938
 10
4.854540422814057
 20
5.632088551312723
 10
4.848357836378951
 20
5.616060798672219
 10
4.8413962525932055
 20
5.6003557172994025
 10
4.833672442521925
 20
5.585011142110901
 10
4.825205013500095
 20
5.570064039532372
 10
4.816014364305891
 20
5.55555041844314
 10
4.806122636018226
 20
5.541505243427649
 10
4.795553658676958
 20
5.527962350542724
 10
4.784332893874236
 20
5.514954365803544
 10
4.7724873734152915
 20
5.502512626584709
 10
4.760045634196457
 20
5.490667106125764
 10
4.747037649457276
 20
5.479446341323042
 10
4.733494756572352
 20
5.468877363981775
 10
4.719449581556861
 20
5.458985635694109
 10
4.704935960467628
 20
5.449794986499905
 10
4.6899888578891
 20
5.441327557478076
 10
4.674644282700599
 20
5.433603747406796
 10
4.658939201327782
 20
5.42664216362105
 10
4.642911448687277
 20
5.420459577185943
 10
4.626599637039062
 20
5.415070882493728
 10
4.610043062966143
 20
5.410489061381909
 10
4.593281612705645
 20
5.40672515185887
 10
4.576355666059377
 20
5.403788221512327
 10
4.559305999115346
 20
5.401685345664731
 10
4.542173686014596
 20
5.40042159032819
 10
4.525
 20
5.4
 10
4.507826313985404
 20
5.40042159032819
 10
4.4906940008846545
 20
5.401685345664731
 10
4.473644333940624
 20
5.403788221512327
 10
4.456718387294355
 20
5.40672515185887
 10
4.439956937033858
 20
5.410489061381909
 10
4.423400362960939
 20
5.415070882493728
 10
4.407088551312723
 20
5.420459577185943
 10
4.3910607986722185
 20
5.42664216362105
 10
4.375355717299402
 20
5.433603747406796
 10
4.360011142110901
 20
5.441327557478076
 10
4.345064039532373
 20
5.449794986499905
 10
4.330550418443139
 20
5.458985635694109
 10
4.316505243427648
 20
5.468877363981775
 10
4.302962350542724
 20
5.479446341323042
 10
4.289954365803544
 20
5.490667106125764
 10
4.277512626584708
 20
5.502512626584709
 10
4.265667106125765
 20
5.514954365803543
 10
4.254446341323042
 20
5.527962350542724
 10
4.243877363981775
 20
5.541505243427649
 10
4.2339856356941095
 20
5.55555041844314
 10
4.224794986499905
 20
5.570064039532372
 10
4.216327557478076
 20
5.585011142110901
 10
4.208603747406795
 20
5.6003557172994025
 10
4.20164216362105
 20
5.616060798672219
 10
4.195459577185943
 20
5.632088551312723
 10
4.190070882493727
 20
5.648400362960938
 10
4.18548906138191
 20
5.664956937033859
 10
4.18172515185887
 20
5.681718387294355
 10
4.178788221512327
 20
5.698644333940624
 10
4.1766853456647315
 20
5.715694000884654
 10
4.17542159032819
 20
5.732826313985404
 10
4.175
 20
5.75
 10
4.17542159032819
 20
5.767173686014597
 10
4.1766853456647315
 20
5.784305999115347
 10
4.178788221512327
 20
5.8013556660593775
 10
4.18172515185887
 20
5.818281612705645
 10
4.18548906138191
 20
5.835043062966143
 10
4.190070882493727
 20
5.851599637039062
 10
4.195459577185943
 20
5.867911448687277
 10
4.20164216362105
 20
5.883939201327782
 10
4.208603747406795
 20
5.899644282700599
 10
4.216327557478076
 20
5.9149888578890994
 10
4.224794986499905
 20
5.929935960467628
 10
4.2339856356941095
 20
5.944449581556862
 10
4.243877363981775
 20
5.958494756572352
 10
4.254446341323042
 20
5.972037649457276
 10
4.265667106125764
 20
5.985045634196457
 10
4.277512626584708
 20
5.997487373415292
 10
4.289954365803544
 20
6.009332893874236
 10
4.302962350542724
 20
6.020553658676958
 10
4.316505243427648
 20
6.031122636018226
 10
4.330550418443139
 20
6.041014364305891
 10
4.345064039532373
 20
6.050205013500095
 10
4.360011142110901
 20
6.0586724425219245
 10
4.375355717299402
 20
6.066396252593206
 10
4.3910607986722185
 20
6.0733578363789515
 10
4.407088551312723
 20
6.079540422814057
 10
4.423400362960939
 20
6.084929117506274
 10
4.439956937033858
 20
6.089510938618091
 10
4.456718387294355
 20
6.093274848141132
 10
4.473644333940623
 20
6.096211778487674
 10
4.4906940008846545
 20
6.098314654335269
 10
4.507826313985404
 20
6.09957840967181
 10
4.525
 20
6.1000000000000005
 10
4.542173686014596
 20
6.09957840967181
 10
4.559305999115346
 20
6.098314654335269
 10
4.576355666059377
 20
6.096211778487674
 10
4.593281612705645
 20
6.093274848141132
 10
4.610043062966143
 20
6.089510938618091
 10
4.626599637039062
 20
6.084929117506274
 10
4.642911448687277
 20
6.079540422814057
 10
4.658939201327782
 20
6.0733578363789515
 10
4.674644282700599
 20
6.066396252593206
 10
4.6899888578891
 20
6.0586724425219245
 10
4.704935960467628
 20
6.050205013500095
 10
4.719449581556861
 20
6.041014364305891
 10
4.733494756572352
 20
6.031122636018226
 10
4.747037649457276
 20
6.020553658676958
 10
4.760045634196457
 20
6.009332893874236
 10
4.7724873734152915
 20
5.997487373415292
 10
4.784332893874235
 20
5.985045634196457
 10
4.795553658676957
 20
5.972037649457277
 10
4.806122636018226
 20
5.958494756572352
 10
4.816014364305891
 20
5.944449581556862
 10
4.825205013500095
 20
5.929935960467628
 10
4.833672442521925
 20
5.9149888578890994
 10
4.8413962525932055
 20
5.899644282700599
 10
4.848357836378951
 20
5.883939201327783
 10
4.854540422814057
 20
5.867911448687277
 10
4.859929117506273
 20
5.851599637039062
 10
4.864510938618091
 20
5.835043062966143
 10
4.868274848141131
 20
5.818281612705645
 10
4.871211778487673
 20
5.8013556660593775
 10
4.873314654335269
 20
5.784305999115347
 10
4.874578409671811
 20
5.767173686014597
 10
4.875
 20
5.75
 97
0
 75
0
 76
1
 98
0
  0
LWPOLYLINE
  5
A6
330
17
100
AcDbEntity
  8
A-ROOM
100
AcDbPolyline
 90
129
 70
1
 10
4.875
 20
5.75
 10
4.874578409671811
 20
5.732826313985404
 10
4.873314654335269
 20
5.715694000884654
 10
4.871211778487673
 20
5.698644333940624
 10
4.868274848141131
 20
5.681718387294356
 10
4.864510938618091
 20
5.664956937033859
 10
4.859929117506273
 20
5.648400362960938
 10
4.854540422814057
 20
5.632088551312723
 10
4.848357836378951
 20
5.616060798672219
 10
4.8413962525932055
 20
5.6003557172994025
 10
4.833672442521925
 20
5.585011142110901
 10
4.825205013500095
 20
5.570064039532372
 10
4.816014364305891
 20
5.55555041844314
 10
4.806122636018226
 20
5.541505243427649
 10
4.795553658676958
 20
5.527962350542724
 10
4.784332893874236
 20
5.514954365803544
 10
4.7724873734152915
 20
5.502512626584709
 10
4.760045634196457
 20
5.490667106125764
 10
4.747037649457276
 20
5.479446341323042
 10
4.733494756572352
 20
5.468877363981775
 10
4.719449581556861
 20
5.458985635694109
 10
4.704935960467628
 20
5.449794986499905
 10
4.6899888578891
 20
5.441327557478076
 10
4.674644282700599
 20
5.433603747406796
 10
4.658939201327782
 20
5.42664216362105
 10
4.642911448687277
 20
5.420459577185943
 10
4.626599637039062
 20
5.415070882493728
 10
4.610043062966143
 20
5.410489061381909
 10
4.593281612705645
 20
5.40672515185887
 10
4.576355666059377
 20
5.403788221512327
 10
4.559305999115346
 20
5.401685345664731
 10
4.542173686014596
 20
5.40042159032819
 10
4.525
 20
5.4
 10
4.507826313985404
 20
5.40042159032819
 10
4.4906940008846545
 20
5.401685345664731
 10
4.473644333940624
 20
5.403788221512327
 10
4.456718387294355
 20
5.40672515185887
 10
4.439956937033858
 20
5.410489061381909
 10
4.423400362960939
 20
5.415070882493728
 10
4.407088551312723
 20
5.420459577185943
 10
4.3910607986722185
 20
5.42664216362105
 10
4.375355717299402
 20
5.433603747406796
 10
4.360011142110901
 20
5.441327557478076
 10
4.345064039532373
 20
5.449794986499905
 10
4.330550418443139
 20
5.458985635694109
 10
4.316505243427648
 20
5.468877363981775
 10
4.302962350542724
 20
5.479446341323042
 10
4.289954365803544
 20
5.490667106125764
 10
4.277512626584708
 20
5.502512626584709
 10
4.265667106125765
 20
5.514954365803543
 10
4.254446341323042
 20
5.527962350542724
 10
4.243877363981775
 20
5.541505243427649
 10
4.2339856356941095
 20
5.55555041844314
 10
4.224794986499905
 20
5.570064039532372
 10
4.216327557478076
 20
5.585011142110901
 10
4.208603747406795
 20
5.6003557172994025
 10
4.20164216362105
 20
5.616060798672219
 10
4.195459577185943
 20
5.632088551312723
 10
4.190070882493727
 20
5.648400362960938
 10
4.18548906138191
 20
5.664956937033859
 10
4.18172515185887
 20
5.681718387294355
 10
4.178788221512327
 20
5.698644333940624
 10
4.1766853456647315
 20
5.715694000884654
 10
4.17542159032819
 20
5.732826313985404
 10
4.175
 20
5.75
 10
4.17542159032819
 20
5.767173686014597
 10
4.1766853456647315
 20
5.784305999115347
 10
4.178788221512327
 20
5.8013556660593775
 10
4.18172515185887
 20
5.818281612705645
 10
4.18548906138191
 20
5.835043062966143
 10
4.190070882493727
 20
5.851599637039062
 10
4.195459577185943
 20
5.867911448687277
 10
4.20164216362105
 20
5.883939201327782
 10
4.208603747406795
 20
5.899644282700599
 10
4.216327557478076
 20
5.9149888578890994
 10
4.224794986499905
 20
5.929935960467628
 10
4.2339856356941095
 20
5.944449581556862
 10
4.243877363981775
 20
5.958494756572352
 10
4.254446341323042
 20
5.972037649457276
 10
4.265667106125764
 20
5.985045634196457
 10
4.277512626584708
 20
5.997487373415292
 10
4.289954365803544
 20
6.009332893874236
 10
4.302962350542724
 20
6.020553658676958
 10
4.316505243427648
 20
6.031122636018226
 10
4.330550418443139
 20
6.041014364305891
 10
4.345064039532373
 20
6.050205013500095
 10
4.360011142110901
 20
6.0586724425219245
 10
4.375355717299402
 20
6.066396252593206
 10
4.3910607986722185
 20
6.0733578363789515
 10
4.407088551312723
 20
6.079540422814057
 10
4.423400362960939
 20
6.084929117506274
 10
4.439956937033858
 20
6.089510938618091
 10
4.456718387294355
 20
6.093274848141132
 10
4.473644333940623
 20
6.096211778487674
 10
4.4906940008846545
 20
6.098314654335269
 10
4.507826313985404
 20
6.09957840967181
 10
4.525
 20
6.1000000000000005
 10
4.542173686014596
 20
6.09957840967181
 10
4.559305999115346
 20
6.098314654335269
 10
4.576355666059377
 20
6.096211778487674
 10
4.593281612705645
 20
6.093274848141132
 10
4.610043062966143
 20
6.089510938618091
 10
4.626599637039062
 20
6.084929117506274
 10
4.642911448687277
 20
6.079540422814057
 10
4.658939201327782
 20
6.0733578363789515
 10
4.674644282700599
 20
6.066396252593206
 10
4.6899888578891
 20
6.0586724425219245
 10
4.704935960467628
 20
6.050205013500095
 10
4.719449581556861
 20
6.041014364305891
 10
4.733494756572352
 20
6.031122636018226
 10
4.747037649457276
 20
6.020553658676958
 10
4.760045634196457
 20
6.009332893874236
 10
4.7724873734152915
 20
5.997487373415292
 10
4.784332893874235
 20
5.985045634196457
 10
4.795553658676957
 20
5.972037649457277
 10
4.806122636018226
 20
5.958494756572352
 10
4.816014364305891
 20
5.944449581556862
 10
4.825205013500095
 20
5.929935960467628
 10
4.833672442521925
 20
5.9149888578890994
 10
4.8413962525932055
 20
5.899644282700599
 10
4.848357836378951
 20
5.883939201327783
 10
4.854540422814057
 20
5.867911448687277
 10
4.859929117506273
 20
5.851599637039062
 10
4.864510938618091
 20
5.835043062966143
 10
4.868274848141131
 20
5.818281612705645
 10
4.871211778487673
 20
5.8013556660593775
 10
4.873314654335269
 20
5.784305999115347
 10
4.874578409671811
 20
5.767173686014597
 10
4.875
 20
5.75
  0
LINE
  5
A7
330
17
100
AcDbEntity
  8
A-ANNO-GHOST
100
AcDbLine
 10
5.75
 20
9.342500000000001
 30
0.0
 11
5.749924704674051
 21
9.336364692869273
 31
0.0
  0
LINE
  5
A8
330
17
100
AcDbEntity
  8
A-ANNO-GHOST
100
AcDbLine
 10
5.749924704674051
 20
9.336364692869273
 30
0.0
 11
5.749698864051293
 21
9.330233081418145
 31
0.0
  0
LINE
  5
A9
330
17
100
AcDbEntity
  8
A-ANNO-GHOST
100
AcDbLine
 10
5.749698864051293
 20
9.330233081418145
 30
0.0
 11
5.749322614169673
 21
9.324108859100084
 31
0.0
  0
LINE
  5
AA
330
17
100
AcDbEntity
  8
A-ANNO-GHOST
100
AcDbLine
 10
5.749322614169673
 20
9.324108859100084
 30
0.0
 11
5.74879618166805
 21
9.31799571491761
 31
0.0
  0
LINE
  5
AB
330
17
100
AcDbEntity
  8
A-ANNO-GHOST
100
AcDbLine
 10
5.74879618166805
 20
9.31799571491761
 30
0.0
 11
5.748119883649677
 21
9.311897331200196
 31
0.0
  0
LINE
  5
AC
330
17
100
AcDbEntity
  8
A-ANNO-GHOST
100
AcDbLine
 10
5.748119883649677
 20
9.311897331200196
 30
0.0
 11
5.7472941274911955
 21
9.30581738138616
 31
0.0
  0
LINE
  5
AD
330
17
100
AcDbEntity
  8
A-ANNO-GHOST
100
AcDbLine
 10
5.7472941274911955
 20
9.30581738138616
 30
0.0
 11
5.746319410597236
 21
9.299759527809925
 31
0.0
  0
LINE
  5
AE
330
17
100
AcDbEntity
  8
A-ANNO-GHOST
100
AcDbLine
 10
5.746319410597236
 20
9.299759527809925
 30
0.0
 11
5.745196320100808
 21
9.29372741949597
 31
0.0
  0
LINE
  5
AF
330
17
100
AcDbEntity
  8
A-ANNO-GHOST
100
AcDbLine
 10
5.745196320100808
 20
9.29372741949597
 30
0.0
 11
5.743925532509632
 21
9.287724689960783
 31
0.0
  0
LINE
  5
B0
330
17
100
AcDbEntity
  8
A-ANNO-GHOST
100
AcDbLine
 10
5.743925532509632
 20
9.287724689960783
 30
0.0
 11
5.742507813298635
 21
9.281754955024184
 31
0.0
  0
LINE
  5
B1
330
17
100
AcDbEntity
  8
A-ANNO-GHOST
100
AcDbLine
 10
5.742507813298635
 20
9.281754955024184
 30
0.0
 11
5.74094401644886
 21
9.275821810631276
 31
0.0
  0
LINE
  5
B2
330
17
100
AcDbEntity
  8
A-ANNO-GHOST
100
AcDbLine
 10
5.74094401644886
 20
9.275821810631276
 30
0.0
 11
5.7392350839330515
 21
9.269928830686386
 31
0.0
  0
LINE
  5
B3
330
17
100
AcDbEntity
  8
A-ANNO-GHOST
100
AcDbLine
 10
5.7392350839330515
 20
9.269928830686386
 30
0.0
 11
5.73738204514826
 21
9.264079564900278
 31
0.0
  0
LINE
  5
B4
330
17
100
AcDbEntity
  8
A-ANNO-GHOST
100
AcDbLine
 10
5.73738204514826
 20
9.264079564900278
 30
0.0
 11
5.735386016295755
 21
9.258277536651946
 31
0.0
  0
LINE
  5
B5
330
17
100
AcDbEntity
  8
A-ANNO-GHOST
100
AcDbLine
 10
5.735386016295755
 20
9.258277536651946
 30
0.0
 11
5.733248199708685
 21
9.252526240866253
 31
0.0
  0
LINE
  5
B6
330
17
100
AcDbEntity
  8
A-ANNO-GHOST
100
AcDbLine
 10
5.733248199708685
 20
9.252526240866253
 30
0.0
 11
5.7309698831278215
 21
9.246829141908728
 31
0.0
  0
LINE
  5
B7
330
17
100
AcDbEntity
  8
A-ANNO-GHOST
100
AcDbLine
 10
5.7309698831278215
 20
9.246829141908728
 30
0.0
 11
5.728552438925883
 21
9.241189671498752
 31
0.0
  0
LINE
  5
B8
330
17
100
AcDbEntity
  8
A-ANNO-GHOST
100
AcDbLine
 10
5.728552438925883
 20
9.241189671498752
 30
0.0
 11
5.72599732328086
 21
9.23561122664243
 31
0.0
  0
LINE
  5
B9
330
17
100
AcDbEntity
  8
A-ANNO-GHOST
100
AcDbLine
 10
5.72599732328086
 20
9.23561122664243
 30
0.0
 11
5.723306075298879
 21
9.230097167586349
 31
0.0
  0
LINE
  5
BA
330
17
100
AcDbEntity
  8
A-ANNO-GHOST
100
AcDbLine
 10
5.723306075298879
 20
9.230097167586349
 30
0.0
 11
5.720480316087089
 21
9.2246508157935
 31
0.0
  0
LINE
  5
BB
330
17
100
AcDbEntity
  8
A-ANNO-GHOST
100
AcDbLine
 10
5.720480316087089
 20
9.2246508157935
 30
0.0
 11
5.7175217477771785
 21
9.219275451942554
 31
0.0
  0
LINE
  5
BC
330
17
100
AcDbEntity
  8
A-ANNO-GHOST
100
AcDbLine
 10
5.7175217477771785
 20
9.219275451942554
 30
0.0
 11
5.714432152500068
 21
9.213974313951695
 31
0.0
  0
LINE
  5
BD
330
17
100
AcDbEntity
  8
A-ANNO-GHOST
100
AcDbLine
 10
5.714432152500068
 20
9.213974313951695
 30
0.0
 11
5.711213391312427
 21
9.208750595028226
 31
0.0
  0
LINE
  5
BE
330
17
100
AcDbEntity
  8
A-ANNO-GHOST
100
AcDbLine
 10
5.711213391312427
 20
9.208750595028226
 30
0.0
 11
5.707867403075636
 21
9.203607441745099
 31
0.0
  0
LINE
  5
BF
330
17
100
AcDbEntity
  8
A-ANNO-GHOST
100
AcDbLine
 10
5.707867403075636
 20
9.203607441745099
 30
0.0
 11
5.704396203287896
 21
9.198547952145539
 31
0.0
  0
LINE
  5
C0
330
17
100
AcDbEntity
  8
A-ANNO-GHOST
100
AcDbLine
 10
5.704396203287896
 20
9.198547952145539
 30
0.0
 11
5.700801882870161
 21
9.193575173876892
 31
0.0
  0
LINE
  5
C1
330
17
100
AcDbEntity
  8
A-ANNO-GHOST
100
AcDbLine
 10
5.700801882870161
 20
9.193575173876892
 30
0.0
 11
5.697086606906652
 21
9.188692102354844
 31
0.0
  0
LINE
  5
C2
330
17
100
AcDbEntity
  8
A-ANNO-GHOST
100
AcDbLine
 10
5.697086606906652
 20
9.188692102354844
 30
0.0
 11
5.693252613340684
 21
9.183901678959089
 31
0.0
  0
LINE
  5
C3
330
17
100
AcDbEntity
  8
A-ANNO-GHOST
100
AcDbLine
 10
5.693252613340684
 20
9.183901678959089
 30
0.0
 11
5.689302211626621
 21
9.179206789261556
 31
0.0
  0
LINE
  5
C4
330
17
100
AcDbEntity
  8
A-ANNO-GHOST
100
AcDbLine
 10
5.689302211626621
 20
9.179206789261556
 30
0.0
 11
5.68523778133874
 21
9.174610261288246
 31
0.0
  0
LINE
  5
C5
330
17
100
AcDbEntity
  8
A-ANNO-GHOST
100
AcDbLine
 10
5.68523778133874
 20
9.174610261288246
 30
0.0
 11
5.681061770737867
 21
9.170114863815733
 31
0.0
  0
LINE
  5
C6
330
17
100
AcDbEntity
  8
A-ANNO-GHOST
100
AcDbLine
 10
5.681061770737867
 20
9.170114863815733
 30
0.0
 11
5.6767766952966365
 21
9.165723304703363
 31
0.0
  0
LINE
  5
C7
330
17
100
AcDbEntity
  8
A-ANNO-GHOST
100
AcDbLine
 10
5.6767766952966365
 20
9.165723304703363
 30
0.0
 11
5.672385136184267
 21
9.161438229262133
 31
0.0
  0
LINE
  5
C8
330
17
100
AcDbEntity
  8
A-ANNO-GHOST
100
AcDbLine
 10
5.672385136184267
 20
9.161438229262133
 30
0.0
 11
5.667889738711755
 21
9.157262218661261
 31
0.0
  0
LINE
  5
C9
330
17
100
AcDbEntity
  8
A-ANNO-GHOST
100
AcDbLine
 10
5.667889738711755
 20
9.157262218661261
 30
0.0
 11
5.663293210738444
 21
9.15319778837338
 31
0.0
  0
LINE
  5
CA
330
17
100
AcDbEntity
  8
A-ANNO-GHOST
100
AcDbLine
 10
5.663293210738444
 20
9.15319778837338
 30
0.0
 11
5.658598321040911
 21
9.149247386659315
 31
0.0
  0
LINE
  5
CB
330
17
100
AcDbEntity
  8
A-ANNO-GHOST
100
AcDbLine
 10
5.658598321040911
 20
9.149247386659315
 30
0.0
 11
5.653807897645157
 21
9.14541339309335
 31
0.0
  0
LINE
  5
CC
330
17
100
AcDbEntity
  8
A-ANNO-GHOST
100
AcDbLine
 10
5.653807897645157
 20
9.14541339309335
 30
0.0
 11
5.648924826123109
 21
9.14169811712984
 31
0.0
  0
LINE
  5
CD
330
17
100
AcDbEntity
  8
A-ANNO-GHOST
100
AcDbLine
 10
5.648924826123109
 20
9.14169811712984
 30
0.0
 11
5.643952047854461
 21
9.138103796712105
 31
0.0
  0
LINE
  5
CE
330
17
100
AcDbEntity
  8
A-ANNO-GHOST
100
AcDbLine
 10
5.643952047854461
 20
9.138103796712105
 30
0.0
 11
5.6388925582549
 21
9.134632596924364
 31
0.0
  0
LINE
  5
CF
330
17
100
AcDbEntity
  8
A-ANNO-GHOST
100
AcDbLine
 10
5.6388925582549
 20
9.134632596924364
 30
0.0
 11
5.633749404971774
 21
9.131286608687574
 31
0.0
  0
LINE
  5
D0
330
17
100
AcDbEntity
  8
A-ANNO-GHOST
100
AcDbLine
 10
5.633749404971774
 20
9.131286608687574
 30
0.0
 11
5.628525686048305
 21
9.128067847499933
 31
0.0
  0
LINE
  5
D1
330
17
100
AcDbEntity
  8
A-ANNO-GHOST
100
AcDbLine
 10
5.628525686048305
 20
9.128067847499933
 30
0.0
 11
5.623224548057446
 21
9.124978252222823
 31
0.0
  0
LINE
  5
D2
330
17
100
AcDbEntity
  8
A-ANNO-GHOST
100
AcDbLine
 10
5.623224548057446
 20
9.124978252222823
 30
0.0
 11
5.6178491842064995
 21
9.122019683912912
 31
0.0
  0
LINE
  5
D3
330
17
100
AcDbEntity
  8
A-ANNO-GHOST
100
AcDbLine
 10
5.6178491842064995
 20
9.122019683912912
 30
0.0
 11
5.612402832413652
 21
9.119193924701122
 31
0.0
  0
LINE
  5
D4
330
17
100
AcDbEntity
  8
A-ANNO-GHOST
100
AcDbLine
 10
5.612402832413652
 20
9.119193924701122
 30
0.0
 11
5.6068887733575705
 21
9.11650267671914
 31
0.0
  0
LINE
  5
D5
330
17
100
AcDbEntity
  8
A-ANNO-GHOST
100
AcDbLine
 10
5.6068887733575705
 20
9.11650267671914
 30
0.0
 11
5.601310328501247
 21
9.113947561074118
 31
0.0
  0
LINE
  5
D6
330
17
100
AcDbEntity
  8
A-ANNO-GHOST
100
AcDbLine
 10
5.601310328501247
 20
9.113947561074118
 30
0.0
 11
5.595670858091273
 21
9.111530116872178
 31
0.0
  0
LINE
  5
D7
330
17
100
AcDbEntity
  8
A-ANNO-GHOST
100
AcDbLine
 10
5.595670858091273
 20
9.111530116872178
 30
0.0
 11
5.589973759133747
 21
9.109251800291316
 31
0.0
  0
LINE
  5
D8
330
17
100
AcDbEntity
  8
A-ANNO-GHOST
100
AcDbLine
 10
5.589973759133747
 20
9.109251800291316
 30
0.0
 11
5.584222463348055
 21
9.107113983704245
 31
0.0
  0
LINE
  5
D9
330
17
100
AcDbEntity
  8
A-ANNO-GHOST
100
AcDbLine
 10
5.584222463348055
 20
9.107113983704245
 30
0.0
 11
5.578420435099723
 21
9.10511795485174
 31
0.0
  0
LINE
  5
DA
330
17
100
AcDbEntity
  8
A-ANNO-GHOST
100
AcDbLine
 10
5.578420435099723
 20
9.10511795485174
 30
0.0
 11
5.5725711693136155
 21
9.103264916066948
 31
0.0
  0
LINE
  5
DB
330
17
100
AcDbEntity
  8
A-ANNO-GHOST
100
AcDbLine
 10
5.5725711693136155
 20
9.103264916066948
 30
0.0
 11
5.566678189368725
 21
9.10155598355114
 31
0.0
  0
LINE
  5
DC
330
17
100
AcDbEntity
  8
A-ANNO-GHOST
100
AcDbLine
 10
5.566678189368725
 20
9.10155598355114
 30
0.0
 11
5.560745044975816
 21
9.099992186701364
 31
0.0
  0
LINE
  5
DD
330
17
100
AcDbEntity
  8
A-ANNO-GHOST
100
AcDbLine
 10
5.560745044975816
 20
9.099992186701364
 30
0.0
 11
5.554775310039217
 21
9.09857446749037
 31
0.0
  0
LINE
  5
DE
330
17
100
AcDbEntity
  8
A-ANNO-GHOST
100
AcDbLine
 10
5.554775310039217
 20
9.09857446749037
 30
0.0
 11
5.548772580504032
 21
9.097303679899193
 31
0.0
  0
LINE
  5
DF
330
17
100
AcDbEntity
  8
A-ANNO-GHOST
100
AcDbLine
 10
5.548772580504032
 20
9.097303679899193
 30
0.0
 11
5.542740472190075
 21
9.096180589402765
 31
0.0
  0
LINE
  5
E0
330
17
100
AcDbEntity
  8
A-ANNO-GHOST
100
AcDbLine
 10
5.542740472190075
 20
9.096180589402765
 30
0.0
 11
5.53668261861384
 21
9.095205872508805
 31
0.0
  0
LINE
  5
E1
330
17
100
AcDbEntity
  8
A-ANNO-GHOST
100
AcDbLine
 10
5.53668261861384
 20
9.095205872508805
 30
0.0
 11
5.530602668799804
 21
9.094380116350322
 31
0.0
  0
LINE
  5
E2
330
17
100
AcDbEntity
  8
A-ANNO-GHOST
100
AcDbLine
 10
5.530602668799804
 20
9.094380116350322
 30
0.0
 11
5.52450428508239
 21
9.093703818331951
 31
0.0
  0
LINE
  5
E3
330
17
100
AcDbEntity
  8
A-ANNO-GHOST
100
AcDbLine
 10
5.52450428508239
 20
9.093703818331951
 30
0.0
 11
5.518391140899917
 21
9.093177385830328
 31
0.0
  0
LINE
  5
E4
330
17
100
AcDbEntity
  8
A-ANNO-GHOST
100
AcDbLine
 10
5.518391140899917
 20
9.093177385830328
 30
0.0
 11
5.5122669185818545
 21
9.092801135948708
 31
0.0
  0
LINE
  5
E5
330
17
100
AcDbEntity
  8
A-ANNO-GHOST
100
AcDbLine
 10
5.5122669185818545
 20
9.092801135948708
 30
0.0
 11
5.506135307130728
 21
9.09257529532595
 31
0.0
  0
LINE
  5
E6
330
17
100
AcDbEntity
  8
A-ANNO-GHOST
100
AcDbLine
 10
5.506135307130728
 20
9.09257529532595
 30
0.0
 11
5.5
 21
9.092500000000001
 31
0.0
  0
LINE
  5
E7
330
17
100
AcDbEntity
  8
A-ANNO-GHOST
100
AcDbLine
 10
5.5
 20
9.092500000000001
 30
0.0
 11
5.493864692869272
 21
9.09257529532595
 31
0.0
  0
LINE
  5
E8
330
17
100
AcDbEntity
  8
A-ANNO-GHOST
100
AcDbLine
 10
5.493864692869272
 20
9.09257529532595
 30
0.0
 11
5.4877330814181455
 21
9.092801135948708
 31
0.0
  0
LINE
  5
E9
330
17
100
AcDbEntity
  8
A-ANNO-GHOST
100
AcDbLine
 10
5.4877330814181455
 20
9.092801135948708
 30
0.0
 11
5.481608859100083
 21
9.093177385830328
 31
0.0
  0
LINE
  5
EA
330
17
100
AcDbEntity
  8
A-ANNO-GHOST
100
AcDbLine
 10
5.481608859100083
 20
9.093177385830328
 30
0.0
 11
5.47549571491761
 21
9.093703818331951
 31
0.0
  0
LINE
  5
EB
330
17
100
AcDbEntity
  8
A-ANNO-GHOST
100
AcDbLine
 10
5.47549571491761
 20
9.093703818331951
 30
0.0
 11
5.469397331200196
 21
9.094380116350322
 31
0.0
  0
LINE
  5
EC
330
17
100
AcDbEntity
  8
A-ANNO-GHOST
100
AcDbLine
 10
5.469397331200196
 20
9.094380116350322
 30
0.0
 11
5.46331738138616
 21
9.095205872508805
 31
0.0
  0
LINE
  5
ED
330
17
100
AcDbEntity
  8
A-ANNO-GHOST
100
AcDbLine
 10
5.46331738138616
 20
9.095205872508805
 30
0.0
 11
5.457259527809925
 21
9.096180589402765
 31
0.0
  0
LINE
  5
EE
330
17
100
AcDbEntity
  8
A-ANNO-GHOST
100
AcDbLine
 10
5.457259527809925
 20
9.096180589402765
 30
0.0
 11
5.451227419495968
 21
9.097303679899193
 31
0.0
  0
LINE
  5
EF
330
17
100
AcDbEntity
  8
A-ANNO-GHOST
100
AcDbLine
 10
5.451227419495968
 20
9.097303679899193
 30
0.0
 11
5.445224689960783
 21
9.09857446749037
 31
0.0
  0
LINE
  5
F0
330
17
100
AcDbEntity
  8
A-ANNO-GHOST
100
AcDbLine
 10
5.445224689960783
 20
9.09857446749037
 30
0.0
 11
5.439254955024184
 21
9.099992186701364
 31
0.0
  0
LINE
  5
F1
330
17
100
AcDbEntity
  8
A-ANNO-GHOST
100
AcDbLine
 10
5.439254955024184
 20
9.099992186701364
 30
0.0
 11
5.433321810631275
 21
9.10155598355114
 31
0.0
  0
LINE
  5
F2
330
17
100
AcDbEntity
  8
A-ANNO-GHOST
100
AcDbLine
 10
5.433321810631275
 20
9.10155598355114
 30
0.0
 11
5.4274288306863845
 21
9.103264916066948
 31
0.0
  0
LINE
  5
F3
330
17
100
AcDbEntity
  8
A-ANNO-GHOST
100
AcDbLine
 10
5.4274288306863845
 20
9.103264916066948
 30
0.0
 11
5.421579564900277
 21
9.10511795485174
 31
0.0
  0
LINE
  5
F4
330
17
100
AcDbEntity
  8
A-ANNO-GHOST
100
AcDbLine
 10
5.421579564900277
 20
9.10511795485174
 30
0.0
 11
5.415777536651945
 21
9.107113983704245
 31
0.0
  0
LINE
  5
F5
330
17
100
AcDbEntity
  8
A-ANNO-GHOST
100
AcDbLine
 10
5.415777536651945
 20
9.107113983704245
 30
0.0
 11
5.410026240866253
 21
9.109251800291316
 31
0.0
  0
LINE
  5
F6
330
17
100
AcDbEntity
  8
A-ANNO-GHOST
100
AcDbLine
 10
5.410026240866253
 20
9.109251800291316
 30
0.0
 11
5.404329141908727
 21
9.111530116872178
 31
0.0
  0
LINE
  5
F7
330
17
100
AcDbEntity
  8
A-ANNO-GHOST
100
AcDbLine
 10
5.404329141908727
 20
9.111530116872178
 30
0.0
 11
5.398689671498753
 21
9.113947561074118
 31
0.0
  0
LINE
  5
F8
330
17
100
AcDbEntity
  8
A-ANNO-GHOST
100
AcDbLine
 10
5.398689671498753
 20
9.113947561074118
 30
0.0
 11
5.3931112266424295
 21
9.11650267671914
 31
0.0
  0
LINE
  5
F9
330
17
100
AcDbEntity
  8
A-ANNO-GHOST
100
AcDbLine
 10
5.3931112266424295
 20
9.11650267671914
 30
0.0
 11
5.387597167586348
 21
9.119193924701122
 31
0.0
  0
LINE
  5
FA
330
17
100
AcDbEntity
  8
A-ANNO-GHOST
100
AcDbLine
 10
5.387597167586348
 20
9.119193924701122
 30
0.0
 11
5.3821508157935005
 21
9.122019683912912
 31
0.0
  0
LINE
  5
FB
330
17
100
AcDbEntity
  8
A-ANNO-GHOST
100
AcDbLine
 10
5.3821508157935005
 20
9.122019683912912
 30
0.0
 11
5.376775451942554
 21
9.124978252222823
 31
0.0
  0
LINE
  5
FC
330
17
100
AcDbEntity
  8
A-ANNO-GHOST
100
AcDbLine
 10
5.376775451942554
 20
9.124978252222823
 30
0.0
 11
5.371474313951695
 21
9.128067847499933
 31
0.0
  0
LINE
  5
FD
330
17
100
AcDbEntity
  8
A-ANNO-GHOST
100
AcDbLine
 10
5.371474313951695
 20
9.128067847499933
 30
0.0
 11
5.366250595028226
 21
9.131286608687574
 31
0.0
  0
LINE
  5
FE
330
17
100
AcDbEntity
  8
A-ANNO-GHOST
100
AcDbLine
 10
5.366250595028226
 20
9.131286608687574
 30
0.0
 11
5.3611074417451
 21
9.134632596924364
 31
0.0
  0
LINE
  5
FF
330
17
100
AcDbEntity
  8
A-ANNO-GHOST
100
AcDbLine
 10
5.3611074417451
 20
9.134632596924364
 30
0.0
 11
5.356047952145539
 21
9.138103796712105
 31
0.0
  0
LINE
  5
100
330
17
100
AcDbEntity
  8
A-ANNO-GHOST
100
AcDbLine
 10
5.356047952145539
 20
9.138103796712105
 30
0.0
 11
5.351075173876891
 21
9.141698117129838
 31
0.0
  0
LINE
  5
101
330
17
100
AcDbEntity
  8
A-ANNO-GHOST
100
AcDbLine
 10
5.351075173876891
 20
9.141698117129838
 30
0.0
 11
5.346192102354843
 21
9.14541339309335
 31
0.0
  0
LINE
  5
102
330
17
100
AcDbEntity
  8
A-ANNO-GHOST
100
AcDbLine
 10
5.346192102354843
 20
9.14541339309335
 30
0.0
 11
5.341401678959089
 21
9.149247386659315
 31
0.0
  0
LINE
  5
103
330
17
100
AcDbEntity
  8
A-ANNO-GHOST
100
AcDbLine
 10
5.341401678959089
 20
9.149247386659315
 30
0.0
 11
5.336706789261556
 21
9.15319778837338
 31
0.0
  0
LINE
  5
104
330
17
100
AcDbEntity
  8
A-ANNO-GHOST
100
AcDbLine
 10
5.336706789261556
 20
9.15319778837338
 30
0.0
 11
5.332110261288245
 21
9.157262218661261
 31
0.0
  0
LINE
  5
105
330
17
100
AcDbEntity
  8
A-ANNO-GHOST
100
AcDbLine
 10
5.332110261288245
 20
9.157262218661261
 30
0.0
 11
5.327614863815733
 21
9.161438229262133
 31
0.0
  0
LINE
  5
106
330
17
100
AcDbEntity
  8
A-ANNO-GHOST
100
AcDbLine
 10
5.327614863815733
 20
9.161438229262133
 30
0.0
 11
5.3232233047033635
 21
9.165723304703363
 31
0.0
  0
LINE
  5
107
330
17
100
AcDbEntity
  8
A-ANNO-GHOST
100
AcDbLine
 10
5.3232233047033635
 20
9.165723304703363
 30
0.0
 11
5.318938229262133
 21
9.170114863815733
 31
0.0
  0
LINE
  5
108
330
17
100
AcDbEntity
  8
A-ANNO-GHOST
100
AcDbLine
 10
5.318938229262133
 20
9.170114863815733
 30
0.0
 11
5.31476221866126
 21
9.174610261288246
 31
0.0
  0
LINE
  5
109
330
17
100
AcDbEntity
  8
A-ANNO-GHOST
100
AcDbLine
 10
5.31476221866126
 20
9.174610261288246
 30
0.0
 11
5.310697788373379
 21
9.179206789261556
 31
0.0
  0
LINE
  5
10A
330
17
100
AcDbEntity
  8
A-ANNO-GHOST
100
AcDbLine
 10
5.310697788373379
 20
9.179206789261556
 30
0.0
 11
5.306747386659316
 21
9.183901678959089
 31
0.0
  0
LINE
  5
10B
330
17
100
AcDbEntity
  8
A-ANNO-GHOST
100
AcDbLine
 10
5.306747386659316
 20
9.183901678959089
 30
0.0
 11
5.302913393093348
 21
9.188692102354844
 31
0.0
  0
LINE
  5
10C
330
17
100
AcDbEntity
  8
A-ANNO-GHOST
100
AcDbLine
 10
5.302913393093348
 20
9.188692102354844
 30
0.0
 11
5.299198117129839
 21
9.193575173876892
 31
0.0
  0
LINE
  5
10D
330
17
100
AcDbEntity
  8
A-ANNO-GHOST
100
AcDbLine
 10
5.299198117129839
 20
9.193575173876892
 30
0.0
 11
5.295603796712104
 21
9.198547952145539
 31
0.0
  0
LINE
  5
10E
330
17
100
AcDbEntity
  8
A-ANNO-GHOST
100
AcDbLine
 10
5.295603796712104
 20
9.198547952145539
 30
0.0
 11
5.292132596924364
 21
9.203607441745099
 31
0.0
  0
LINE
  5
10F
330
17
100
AcDbEntity
  8
A-ANNO-GHOST
100
AcDbLine
 10
5.292132596924364
 20
9.203607441745099
 30
0.0
 11
5.288786608687573
 21
9.208750595028226
 31
0.0
  0
LINE
  5
110
330
17
100
AcDbEntity
  8
A-ANNO-GHOST
100
AcDbLine
 10
5.288786608687573
 20
9.208750595028226
 30
0.0
 11
5.285567847499932
 21
9.213974313951695
 31
0.0
  0
LINE
  5
111
330
17
100
AcDbEntity
  8
A-ANNO-GHOST
100
AcDbLine
 10
5.285567847499932
 20
9.213974313951695
 30
0.0
 11
5.2824782522228215
 21
9.219275451942554
 31
0.0
  0
LINE
  5
112
330
17
100
AcDbEntity
  8
A-ANNO-GHOST
100
AcDbLine
 10
5.2824782522228215
 20
9.219275451942554
 30
0.0
 11
5.279519683912911
 21
9.2246508157935
 31
0.0
  0
LINE
  5
113
330
17
100
AcDbEntity
  8
A-ANNO-GHOST
100
AcDbLine
 10
5.279519683912911
 20
9.2246508157935
 30
0.0
 11
5.276693924701121
 21
9.230097167586349
 31
0.0
  0
LINE
  5
114
330
17
100
AcDbEntity
  8
A-ANNO-GHOST
100
AcDbLine
 10
5.276693924701121
 20
9.230097167586349
 30
0.0
 11
5.27400267671914
 21
9.23561122664243
 31
0.0
  0
LINE
  5
115
330
17
100
AcDbEntity
  8
A-ANNO-GHOST
100
AcDbLine
 10
5.27400267671914
 20
9.23561122664243
 30
0.0
 11
5.271447561074117
 21
9.241189671498752
 31
0.0
  0
LINE
  5
116
330
17
100
AcDbEntity
  8
A-ANNO-GHOST
100
AcDbLine
 10
5.271447561074117
 20
9.241189671498752
 30
0.0
 11
5.2690301168721785
 21
9.246829141908728
 31
0.0
  0
LINE
  5
117
330
17
100
AcDbEntity
  8
A-ANNO-GHOST
100
AcDbLine
 10
5.2690301168721785
 20
9.246829141908728
 30
0.0
 11
5.266751800291315
 21
9.252526240866253
 31
0.0
  0
LINE
  5
118
330
17
100
AcDbEntity
  8
A-ANNO-GHOST
100
AcDbLine
 10
5.266751800291315
 20
9.252526240866253
 30
0.0
 11
5.264613983704245
 21
9.258277536651946
 31
0.0
  0
LINE
  5
119
330
17
100
AcDbEntity
  8
A-ANNO-GHOST
100
AcDbLine
 10
5.264613983704245
 20
9.258277536651946
 30
0.0
 11
5.26261795485174
 21
9.264079564900278
 31
0.0
  0
LINE
  5
11A
330
17
100
AcDbEntity
  8
A-ANNO-GHOST
100
AcDbLine
 10
5.26261795485174
 20
9.264079564900278
 30
0.0
 11
5.2607649160669485
 21
9.269928830686386
 31
0.0
  0
LINE
  5
11B
330
17
100
AcDbEntity
  8
A-ANNO-GHOST
100
AcDbLine
 10
5.2607649160669485
 20
9.269928830686386
 30
0.0
 11
5.25905598355114
 21
9.275821810631276
 31
0.0
  0
LINE
  5
11C
330
17
100
AcDbEntity
  8
A-ANNO-GHOST
100
AcDbLine
 10
5.25905598355114
 20
9.275821810631276
 30
0.0
 11
5.257492186701365
 21
9.281754955024184
 31
0.0
  0
LINE
  5
11D
330
17
100
AcDbEntity
  8
A-ANNO-GHOST
100
AcDbLine
 10
5.257492186701365
 20
9.281754955024184
 30
0.0
 11
5.256074467490368
 21
9.287724689960783
 31
0.0
  0
LINE
  5
11E
330
17
100
AcDbEntity
  8
A-ANNO-GHOST
100
AcDbLine
 10
5.256074467490368
 20
9.287724689960783
 30
0.0
 11
5.254803679899192
 21
9.29372741949597
 31
0.0
  0
LINE
  5
11F
330
17
100
AcDbEntity
  8
A-ANNO-GHOST
100
AcDbLine
 10
5.254803679899192
 20
9.29372741949597
 30
0.0
 11
5.253680589402764
 21
9.299759527809925
 31
0.0
  0
LINE
  5
120
330
17
100
AcDbEntity
  8
A-ANNO-GHOST
100
AcDbLine
 10
5.253680589402764
 20
9.299759527809925
 30
0.0
 11
5.2527058725088045
 21
9.30581738138616
 31
0.0
  0
LINE
  5
121
330
17
100
AcDbEntity
  8
A-ANNO-GHOST
100
AcDbLine
 10
5.2527058725088045
 20
9.30581738138616
 30
0.0
 11
5.251880116350323
 21
9.311897331200196
 31
0.0
  0
LINE
  5
122
330
17
100
AcDbEntity
  8
A-ANNO-GHOST
100
AcDbLine
 10
5.251880116350323
 20
9.311897331200196
 30
0.0
 11
5.251203818331951
 21
9.31799571491761
 31
0.0
  0
LINE
  5
123
330
17
100
AcDbEntity
  8
A-ANNO-GHOST
100
AcDbLine
 10
5.251203818331951
 20
9.31799571491761
 30
0.0
 11
5.250677385830327
 21
9.324108859100084
 31
0.0
  0
LINE
  5
124
330
17
100
AcDbEntity
  8
A-ANNO-GHOST
100
AcDbLine
 10
5.250677385830327
 20
9.324108859100084
 30
0.0
 11
5.250301135948707
 21
9.330233081418145
 31
0.0
  0
LINE
  5
125
330
17
100
AcDbEntity
  8
A-ANNO-GHOST
100
AcDbLine
 10
5.250301135948707
 20
9.330233081418145
 30
0.0
 11
5.250075295325949
 21
9.336364692869273
 31
0.0
  0
LINE
  5
126
330
17
100
AcDbEntity
  8
A-ANNO-GHOST
100
AcDbLine
 10
5.250075295325949
 20
9.336364692869273
 30
0.0
 11
5.25
 21
9.342500000000001
 31
0.0
  0
LINE
  5
127
330
17
100
AcDbEntity
  8
A-ANNO-GHOST
100
AcDbLine
 10
5.25
 20
9.342500000000001
 30
0.0
 11
5.250075295325949
 21
9.348635307130728
 31
0.0
  0
LINE
  5
128
330
17
100
AcDbEntity
  8
A-ANNO-GHOST
100
AcDbLine
 10
5.250075295325949
 20
9.348635307130728
 30
0.0
 11
5.250301135948707
 21
9.354766918581854
 31
0.0
  0
LINE
  5
129
330
17
100
AcDbEntity
  8
A-ANNO-GHOST
100
AcDbLine
 10
5.250301135948707
 20
9.354766918581854
 30
0.0
 11
5.250677385830327
 21
9.360891140899916
 31
0.0
  0
LINE
  5
12A
330
17
100
AcDbEntity
  8
A-ANNO-GHOST
100
AcDbLine
 10
5.250677385830327
 20
9.360891140899916
 30
0.0
 11
5.25120381833195
 21
9.367004285082391
 31
0.0
  0
LINE
  5
12B
330
17
100
AcDbEntity
  8
A-ANNO-GHOST
100
AcDbLine
 10
5.25120381833195
 20
9.367004285082391
 30
0.0
 11
5.251880116350323
 21
9.373102668799804
 31
0.0
  0
LINE
  5
12C
330
17
100
AcDbEntity
  8
A-ANNO-GHOST
100
AcDbLine
 10
5.251880116350323
 20
9.373102668799804
 30
0.0
 11
5.2527058725088045
 21
9.379182618613841
 31
0.0
  0
LINE
  5
12D
330
17
100
AcDbEntity
  8
A-ANNO-GHOST
100
AcDbLine
 10
5.2527058725088045
 20
9.379182618613841
 30
0.0
 11
5.253680589402764
 21
9.385240472190077
 31
0.0
  0
LINE
  5
12E
330
17
100
AcDbEntity
  8
A-ANNO-GHOST
100
AcDbLine
 10
5.253680589402764
 20
9.385240472190077
 30
0.0
 11
5.254803679899192
 21
9.391272580504033
 31
0.0
  0
LINE
  5
12F
330
17
100
AcDbEntity
  8
A-ANNO-GHOST
100
AcDbLine
 10
5.254803679899192
 20
9.391272580504033
 30
0.0
 11
5.256074467490368
 21
9.397275310039218
 31
0.0
  0
LINE
  5
130
330
17
100
AcDbEntity
  8
A-ANNO-GHOST
100
AcDbLine
 10
5.256074467490368
 20
9.397275310039218
 30
0.0
 11
5.257492186701365
 21
9.403245044975817
 31
0.0
  0
LINE
  5
131
330
17
100
AcDbEntity
  8
A-ANNO-GHOST
100
AcDbLine
 10
5.257492186701365
 20
9.403245044975817
 30
0.0
 11
5.25905598355114
 21
9.409178189368724
 31
0.0
  0
LINE
  5
132
330
17
100
AcDbEntity
  8
A-ANNO-GHOST
100
AcDbLine
 10
5.25905598355114
 20
9.409178189368724
 30
0.0
 11
5.260764916066948
 21
9.415071169313617
 31
0.0
  0
LINE
  5
133
330
17
100
AcDbEntity
  8
A-ANNO-GHOST
100
AcDbLine
 10
5.260764916066948
 20
9.415071169313617
 30
0.0
 11
5.26261795485174
 21
9.420920435099724
 31
0.0
  0
LINE
  5
134
330
17
100
AcDbEntity
  8
A-ANNO-GHOST
100
AcDbLine
 10
5.26261795485174
 20
9.420920435099724
 30
0.0
 11
5.264613983704245
 21
9.426722463348057
 31
0.0
  0
LINE
  5
135
330
17
100
AcDbEntity
  8
A-ANNO-GHOST
100
AcDbLine
 10
5.264613983704245
 20
9.426722463348057
 30
0.0
 11
5.266751800291315
 21
9.432473759133748
 31
0.0
  0
LINE
  5
136
330
17
100
AcDbEntity
  8
A-ANNO-GHOST
100
AcDbLine
 10
5.266751800291315
 20
9.432473759133748
 30
0.0
 11
5.2690301168721785
 21
9.438170858091272
 31
0.0
  0
LINE
  5
137
330
17
100
AcDbEntity
  8
A-ANNO-GHOST
100
AcDbLine
 10
5.2690301168721785
 20
9.438170858091272
 30
0.0
 11
5.271447561074117
 21
9.443810328501248
 31
0.0
  0
LINE
  5
138
330
17
100
AcDbEntity
  8
A-ANNO-GHOST
100
AcDbLine
 10
5.271447561074117
 20
9.443810328501248
 30
0.0
 11
5.27400267671914
 21
9.44938877335757
 31
0.0
  0
LINE
  5
139
330
17
100
AcDbEntity
  8
A-ANNO-GHOST
100
AcDbLine
 10
5.27400267671914
 20
9.44938877335757
 30
0.0
 11
5.276693924701121
 21
9.454902832413651
 31
0.0
  0
LINE
  5
13A
330
17
100
AcDbEntity
  8
A-ANNO-GHOST
100
AcDbLine
 10
5.276693924701121
 20
9.454902832413651
 30
0.0
 11
5.279519683912911
 21
9.4603491842065
 31
0.0
  0
LINE
  5
13B
330
17
100
AcDbEntity
  8
A-ANNO-GHOST
100
AcDbLine
 10
5.279519683912911
 20
9.4603491842065
 30
0.0
 11
5.2824782522228215
 21
9.465724548057446
 31
0.0
  0
LINE
  5
13C
330
17
100
AcDbEntity
  8
A-ANNO-GHOST
100
AcDbLine
 10
5.2824782522228215
 20
9.465724548057446
 30
0.0
 11
5.285567847499932
 21
9.471025686048307
 31
0.0
  0
LINE
  5
13D
330
17
100
AcDbEntity
  8
A-ANNO-GHOST
100
AcDbLine
 10
5.285567847499932
 20
9.471025686048307
 30
0.0
 11
5.288786608687573
 21
9.476249404971774
 31
0.0
  0
LINE
  5
13E
330
17
100
AcDbEntity
  8
A-ANNO-GHOST
100
AcDbLine
 10
5.288786608687573
 20
9.476249404971774
 30
0.0
 11
5.292132596924364
 21
9.481392558254901
 31
0.0
  0
LINE
  5
13F
330
17
100
AcDbEntity
  8
A-ANNO-GHOST
100
AcDbLine
 10
5.292132596924364
 20
9.481392558254901
 30
0.0
 11
5.295603796712104
 21
9.486452047854462
 31
0.0
  0
LINE
  5
140
330
17
100
AcDbEntity
  8
A-ANNO-GHOST
100
AcDbLine
 10
5.295603796712104
 20
9.486452047854462
 30
0.0
 11
5.299198117129839
 21
9.491424826123108
 31
0.0
  0
LINE
  5
141
330
17
100
AcDbEntity
  8
A-ANNO-GHOST
100
AcDbLine
 10
5.299198117129839
 20
9.491424826123108
 30
0.0
 11
5.302913393093348
 21
9.496307897645158
 31
0.0
  0
LINE
  5
142
330
17
100
AcDbEntity
  8
A-ANNO-GHOST
100
AcDbLine
 10
5.302913393093348
 20
9.496307897645158
 30
0.0
 11
5.306747386659316
 21
9.501098321040912
 31
0.0
  0
LINE
  5
143
330
17
100
AcDbEntity
  8
A-ANNO-GHOST
100
AcDbLine
 10
5.306747386659316
 20
9.501098321040912
 30
0.0
 11
5.310697788373379
 21
9.505793210738446
 31
0.0
  0
LINE
  5
144
330
17
100
AcDbEntity
  8
A-ANNO-GHOST
100
AcDbLine
 10
5.310697788373379
 20
9.505793210738446
 30
0.0
 11
5.31476221866126
 21
9.510389738711755
 31
0.0
  0
LINE
  5
145
330
17
100
AcDbEntity
  8
A-ANNO-GHOST
100
AcDbLine
 10
5.31476221866126
 20
9.510389738711755
 30
0.0
 11
5.318938229262133
 21
9.514885136184267
 31
0.0
  0
LINE
  5
146
330
17
100
AcDbEntity
  8
A-ANNO-GHOST
100
AcDbLine
 10
5.318938229262133
 20
9.514885136184267
 30
0.0
 11
5.3232233047033635
 21
9.519276695296638
 31
0.0
  0
LINE
  5
147
330
17
100
AcDbEntity
  8
A-ANNO-GHOST
100
AcDbLine
 10
5.3232233047033635
 20
9.519276695296638
 30
0.0
 11
5.327614863815733
 21
9.523561770737867
 31
0.0
  0
LINE
  5
148
330
17
100
AcDbEntity
  8
A-ANNO-GHOST
100
AcDbLine
 10
5.327614863815733
 20
9.523561770737867
 30
0.0
 11
5.332110261288245
 21
9.52773778133874
 31
0.0
  0
LINE
  5
149
330
17
100
AcDbEntity
  8
A-ANNO-GHOST
100
AcDbLine
 10
5.332110261288245
 20
9.52773778133874
 30
0.0
 11
5.336706789261556
 21
9.531802211626621
 31
0.0
  0
LINE
  5
14A
330
17
100
AcDbEntity
  8
A-ANNO-GHOST
100
AcDbLine
 10
5.336706789261556
 20
9.531802211626621
 30
0.0
 11
5.341401678959089
 21
9.535752613340684
 31
0.0
  0
LINE
  5
14B
330
17
100
AcDbEntity
  8
A-ANNO-GHOST
100
AcDbLine
 10
5.341401678959089
 20
9.535752613340684
 30
0.0
 11
5.346192102354843
 21
9.539586606906653
 31
0.0
  0
LINE
  5
14C
330
17
100
AcDbEntity
  8
A-ANNO-GHOST
100
AcDbLine
 10
5.346192102354843
 20
9.539586606906653
 30
0.0
 11
5.351075173876891
 21
9.54330188287016
 31
0.0
  0
LINE
  5
14D
330
17
100
AcDbEntity
  8
A-ANNO-GHOST
100
AcDbLine
 10
5.351075173876891
 20
9.54330188287016
 30
0.0
 11
5.356047952145539
 21
9.546896203287897
 31
0.0
  0
LINE
  5
14E
330
17
100
AcDbEntity
  8
A-ANNO-GHOST
100
AcDbLine
 10
5.356047952145539
 20
9.546896203287897
 30
0.0
 11
5.3611074417451
 21
9.550367403075636
 31
0.0
  0
LINE
  5
14F
330
17
100
AcDbEntity
  8
A-ANNO-GHOST
100
AcDbLine
 10
5.3611074417451
 20
9.550367403075636
 30
0.0
 11
5.366250595028226
 21
9.553713391312428
 31
0.0
  0
LINE
  5
150
330
17
100
AcDbEntity
  8
A-ANNO-GHOST
100
AcDbLine
 10
5.366250595028226
 20
9.553713391312428
 30
0.0
 11
5.371474313951695
 21
9.556932152500067
 31
0.0
  0
LINE
  5
151
330
17
100
AcDbEntity
  8
A-ANNO-GHOST
100
AcDbLine
 10
5.371474313951695
 20
9.556932152500067
 30
0.0
 11
5.376775451942554
 21
9.560021747777178
 31
0.0
  0
LINE
  5
152
330
17
100
AcDbEntity
  8
A-ANNO-GHOST
100
AcDbLine
 10
5.376775451942554
 20
9.560021747777178
 30
0.0
 11
5.3821508157935005
 21
9.562980316087089
 31
0.0
  0
LINE
  5
153
330
17
100
AcDbEntity
  8
A-ANNO-GHOST
100
AcDbLine
 10
5.3821508157935005
 20
9.562980316087089
 30
0.0
 11
5.387597167586348
 21
9.56580607529888
 31
0.0
  0
LINE
  5
154
330
17
100
AcDbEntity
  8
A-ANNO-GHOST
100
AcDbLine
 10
5.387597167586348
 20
9.56580607529888
 30
0.0
 11
5.3931112266424295
 21
9.56849732328086
 31
0.0
  0
LINE
  5
155
330
17
100
AcDbEntity
  8
A-ANNO-GHOST
100
AcDbLine
 10
5.3931112266424295
 20
9.56849732328086
 30
0.0
 11
5.398689671498753
 21
9.571052438925882
 31
0.0
  0
LINE
  5
156
330
17
100
AcDbEntity
  8
A-ANNO-GHOST
100
AcDbLine
 10
5.398689671498753
 20
9.571052438925882
 30
0.0
 11
5.404329141908727
 21
9.57346988312782
 31
0.0
  0
LINE
  5
157
330
17
100
AcDbEntity
  8
A-ANNO-GHOST
100
AcDbLine
 10
5.404329141908727
 20
9.57346988312782
 30
0.0
 11
5.410026240866253
 21
9.575748199708684
 31
0.0
  0
LINE
  5
158
330
17
100
AcDbEntity
  8
A-ANNO-GHOST
100
AcDbLine
 10
5.410026240866253
 20
9.575748199708684
 30
0.0
 11
5.415777536651945
 21
9.577886016295755
 31
0.0
  0
LINE
  5
159
330
17
100
AcDbEntity
  8
A-ANNO-GHOST
100
AcDbLine
 10
5.415777536651945
 20
9.577886016295755
 30
0.0
 11
5.421579564900277
 21
9.57988204514826
 31
0.0
  0
LINE
  5
15A
330
17
100
AcDbEntity
  8
A-ANNO-GHOST
100
AcDbLine
 10
5.421579564900277
 20
9.57988204514826
 30
0.0
 11
5.4274288306863845
 21
9.581735083933053
 31
0.0
  0
LINE
  5
15B
330
17
100
AcDbEntity
  8
A-ANNO-GHOST
100
AcDbLine
 10
5.4274288306863845
 20
9.581735083933053
 30
0.0
 11
5.433321810631275
 21
9.58344401644886
 31
0.0
  0
LINE
  5
15C
330
17
100
AcDbEntity
  8
A-ANNO-GHOST
100
AcDbLine
 10
5.433321810631275
 20
9.58344401644886
 30
0.0
 11
5.439254955024184
 21
9.585007813298636
 31
0.0
  0
LINE
  5
15D
330
17
100
AcDbEntity
  8
A-ANNO-GHOST
100
AcDbLine
 10
5.439254955024184
 20
9.585007813298636
 30
0.0
 11
5.445224689960782
 21
9.586425532509633
 31
0.0
  0
LINE
  5
15E
330
17
100
AcDbEntity
  8
A-ANNO-GHOST
100
AcDbLine
 10
5.445224689960782
 20
9.586425532509633
 30
0.0
 11
5.451227419495968
 21
9.587696320100807
 31
0.0
  0
LINE
  5
15F
330
17
100
AcDbEntity
  8
A-ANNO-GHOST
100
AcDbLine
 10
5.451227419495968
 20
9.587696320100807
 30
0.0
 11
5.457259527809924
 21
9.588819410597235
 31
0.0
  0
LINE
  5
160
330
17
100
AcDbEntity
  8
A-ANNO-GHOST
100
AcDbLine
 10
5.457259527809924
 20
9.588819410597235
 30
0.0
 11
5.46331738138616
 21
9.589794127491196
 31
0.0
  0
LINE
  5
161
330
17
100
AcDbEntity
  8
A-ANNO-GHOST
100
AcDbLine
 10
5.46331738138616
 20
9.589794127491196
 30
0.0
 11
5.469397331200196
 21
9.590619883649678
 31
0.0
  0
LINE
  5
162
330
17
100
AcDbEntity
  8
A-ANNO-GHOST
100
AcDbLine
 10
5.469397331200196
 20
9.590619883649678
 30
0.0
 11
5.47549571491761
 21
9.59129618166805
 31
0.0
  0
LINE
  5
163
330
17
100
AcDbEntity
  8
A-ANNO-GHOST
100
AcDbLine
 10
5.47549571491761
 20
9.59129618166805
 30
0.0
 11
5.481608859100083
 21
9.591822614169672
 31
0.0
  0
LINE
  5
164
330
17
100
AcDbEntity
  8
A-ANNO-GHOST
100
AcDbLine
 10
5.481608859100083
 20
9.591822614169672
 30
0.0
 11
5.4877330814181455
 21
9.592198864051293
 31
0.0
  0
LINE
  5
165
330
17
100
AcDbEntity
  8
A-ANNO-GHOST
100
AcDbLine
 10
5.4877330814181455
 20
9.592198864051293
 30
0.0
 11
5.493864692869272
 21
9.592424704674052
 31
0.0
  0
LINE
  5
166
330
17
100
AcDbEntity
  8
A-ANNO-GHOST
100
AcDbLine
 10
5.493864692869272
 20
9.592424704674052
 30
0.0
 11
5.5
 21
9.592500000000001
 31
0.0
  0
LINE
  5
167
330
17
100
AcDbEntity
  8
A-ANNO-GHOST
100
AcDbLine
 10
5.5
 20
9.592500000000001
 30
0.0
 11
5.506135307130728
 21
9.592424704674052
 31
0.0
  0
LINE
  5
168
330
17
100
AcDbEntity
  8
A-ANNO-GHOST
100
AcDbLine
 10
5.506135307130728
 20
9.592424704674052
 30
0.0
 11
5.5122669185818545
 21
9.592198864051293
 31
0.0
  0
LINE
  5
169
330
17
100
AcDbEntity
  8
A-ANNO-GHOST
100
AcDbLine
 10
5.5122669185818545
 20
9.592198864051293
 30
0.0
 11
5.518391140899917
 21
9.591822614169672
 31
0.0
  0
LINE
  5
16A
330
17
100
AcDbEntity
  8
A-ANNO-GHOST
100
AcDbLine
 10
5.518391140899917
 20
9.591822614169672
 30
0.0
 11
5.52450428508239
 21
9.59129618166805
 31
0.0
  0
LINE
  5
16B
330
17
100
AcDbEntity
  8
A-ANNO-GHOST
100
AcDbLine
 10
5.52450428508239
 20
9.59129618166805
 30
0.0
 11
5.530602668799804
 21
9.590619883649678
 31
0.0
  0
LINE
  5
16C
330
17
100
AcDbEntity
  8
A-ANNO-GHOST
100
AcDbLine
 10
5.530602668799804
 20
9.590619883649678
 30
0.0
 11
5.53668261861384
 21
9.589794127491196
 31
0.0
  0
LINE
  5
16D
330
17
100
AcDbEntity
  8
A-ANNO-GHOST
100
AcDbLine
 10
5.53668261861384
 20
9.589794127491196
 30
0.0
 11
5.542740472190075
 21
9.588819410597235
 31
0.0
  0
LINE
  5
16E
330
17
100
AcDbEntity
  8
A-ANNO-GHOST
100
AcDbLine
 10
5.542740472190075
 20
9.588819410597235
 30
0.0
 11
5.548772580504032
 21
9.587696320100807
 31
0.0
  0
LINE
  5
16F
330
17
100
AcDbEntity
  8
A-ANNO-GHOST
100
AcDbLine
 10
5.548772580504032
 20
9.587696320100807
 30
0.0
 11
5.554775310039217
 21
9.586425532509633
 31
0.0
  0
LINE
  5
170
330
17
100
AcDbEntity
  8
A-ANNO-GHOST
100
AcDbLine
 10
5.554775310039217
 20
9.586425532509633
 30
0.0
 11
5.560745044975816
 21
9.585007813298636
 31
0.0
  0
LINE
  5
171
330
17
100
AcDbEntity
  8
A-ANNO-GHOST
100
AcDbLine
 10
5.560745044975816
 20
9.585007813298636
 30
0.0
 11
5.566678189368725
 21
9.58344401644886
 31
0.0
  0
LINE
  5
172
330
17
100
AcDbEntity
  8
A-ANNO-GHOST
100
AcDbLine
 10
5.566678189368725
 20
9.58344401644886
 30
0.0
 11
5.5725711693136155
 21
9.581735083933053
 31
0.0
  0
LINE
  5
173
330
17
100
AcDbEntity
  8
A-ANNO-GHOST
100
AcDbLine
 10
5.5725711693136155
 20
9.581735083933053
 30
0.0
 11
5.578420435099723
 21
9.57988204514826
 31
0.0
  0
LINE
  5
174
330
17
100
AcDbEntity
  8
A-ANNO-GHOST
100
AcDbLine
 10
5.578420435099723
 20
9.57988204514826
 30
0.0
 11
5.584222463348055
 21
9.577886016295757
 31
0.0
  0
LINE
  5
175
330
17
100
AcDbEntity
  8
A-ANNO-GHOST
100
AcDbLine
 10
5.584222463348055
 20
9.577886016295757
 30
0.0
 11
5.589973759133747
 21
9.575748199708684
 31
0.0
  0
LINE
  5
176
330
17
100
AcDbEntity
  8
A-ANNO-GHOST
100
AcDbLine
 10
5.589973759133747
 20
9.575748199708684
 30
0.0
 11
5.595670858091273
 21
9.57346988312782
 31
0.0
  0
LINE
  5
177
330
17
100
AcDbEntity
  8
A-ANNO-GHOST
100
AcDbLine
 10
5.595670858091273
 20
9.57346988312782
 30
0.0
 11
5.601310328501247
 21
9.571052438925882
 31
0.0
  0
LINE
  5
178
330
17
100
AcDbEntity
  8
A-ANNO-GHOST
100
AcDbLine
 10
5.601310328501247
 20
9.571052438925882
 30
0.0
 11
5.6068887733575705
 21
9.56849732328086
 31
0.0
  0
LINE
  5
179
330
17
100
AcDbEntity
  8
A-ANNO-GHOST
100
AcDbLine
 10
5.6068887733575705
 20
9.56849732328086
 30
0.0
 11
5.612402832413652
 21
9.56580607529888
 31
0.0
  0
LINE
  5
17A
330
17
100
AcDbEntity
  8
A-ANNO-GHOST
100
AcDbLine
 10
5.612402832413652
 20
9.56580607529888
 30
0.0
 11
5.6178491842064995
 21
9.562980316087089
 31
0.0
  0
LINE
  5
17B
330
17
100
AcDbEntity
  8
A-ANNO-GHOST
100
AcDbLine
 10
5.6178491842064995
 20
9.562980316087089
 30
0.0
 11
5.623224548057446
 21
9.560021747777178
 31
0.0
  0
LINE
  5
17C
330
17
100
AcDbEntity
  8
A-ANNO-GHOST
100
AcDbLine
 10
5.623224548057446
 20
9.560021747777178
 30
0.0
 11
5.628525686048305
 21
9.556932152500067
 31
0.0
  0
LINE
  5
17D
330
17
100
AcDbEntity
  8
A-ANNO-GHOST
100
AcDbLine
 10
5.628525686048305
 20
9.556932152500067
 30
0.0
 11
5.633749404971774
 21
9.553713391312428
 31
0.0
  0
LINE
  5
17E
330
17
100
AcDbEntity
  8
A-ANNO-GHOST
100
AcDbLine
 10
5.633749404971774
 20
9.553713391312428
 30
0.0
 11
5.6388925582549
 21
9.550367403075636
 31
0.0
  0
LINE
  5
17F
330
17
100
AcDbEntity
  8
A-ANNO-GHOST
100
AcDbLine
 10
5.6388925582549
 20
9.550367403075636
 30
0.0
 11
5.643952047854461
 21
9.546896203287897
 31
0.0
  0
LINE
  5
180
330
17
100
AcDbEntity
  8
A-ANNO-GHOST
100
AcDbLine
 10
5.643952047854461
 20
9.546896203287897
 30
0.0
 11
5.648924826123109
 21
9.54330188287016
 31
0.0
  0
LINE
  5
181
330
17
100
AcDbEntity
  8
A-ANNO-GHOST
100
AcDbLine
 10
5.648924826123109
 20
9.54330188287016
 30
0.0
 11
5.653807897645157
 21
9.539586606906653
 31
0.0
  0
LINE
  5
182
330
17
100
AcDbEntity
  8
A-ANNO-GHOST
100
AcDbLine
 10
5.653807897645157
 20
9.539586606906653
 30
0.0
 11
5.658598321040911
 21
9.535752613340684
 31
0.0
  0
LINE
  5
183
330
17
100
AcDbEntity
  8
A-ANNO-GHOST
100
AcDbLine
 10
5.658598321040911
 20
9.535752613340684
 30
0.0
 11
5.663293210738444
 21
9.531802211626621
 31
0.0
  0
LINE
  5
184
330
17
100
AcDbEntity
  8
A-ANNO-GHOST
100
AcDbLine
 10
5.663293210738444
 20
9.531802211626621
 30
0.0
 11
5.667889738711755
 21
9.52773778133874
 31
0.0
  0
LINE
  5
185
330
17
100
AcDbEntity
  8
A-ANNO-GHOST
100
AcDbLine
 10
5.667889738711755
 20
9.52773778133874
 30
0.0
 11
5.672385136184267
 21
9.523561770737867
 31
0.0
  0
LINE
  5
186
330
17
100
AcDbEntity
  8
A-ANNO-GHOST
100
AcDbLine
 10
5.672385136184267
 20
9.523561770737867
 30
0.0
 11
5.6767766952966365
 21
9.519276695296638
 31
0.0
  0
LINE
  5
187
330
17
100
AcDbEntity
  8
A-ANNO-GHOST
100
AcDbLine
 10
5.6767766952966365
 20
9.519276695296638
 30
0.0
 11
5.681061770737867
 21
9.514885136184267
 31
0.0
  0
LINE
  5
188
330
17
100
AcDbEntity
  8
A-ANNO-GHOST
100
AcDbLine
 10
5.681061770737867
 20
9.514885136184267
 30
0.0
 11
5.68523778133874
 21
9.510389738711755
 31
0.0
  0
LINE
  5
189
330
17
100
AcDbEntity
  8
A-ANNO-GHOST
100
AcDbLine
 10
5.68523778133874
 20
9.510389738711755
 30
0.0
 11
5.689302211626621
 21
9.505793210738446
 31
0.0
  0
LINE
  5
18A
330
17
100
AcDbEntity
  8
A-ANNO-GHOST
100
AcDbLine
 10
5.689302211626621
 20
9.505793210738446
 30
0.0
 11
5.693252613340684
 21
9.501098321040912
 31
0.0
  0
LINE
  5
18B
330
17
100
AcDbEntity
  8
A-ANNO-GHOST
100
AcDbLine
 10
5.693252613340684
 20
9.501098321040912
 30
0.0
 11
5.697086606906652
 21
9.496307897645158
 31
0.0
  0
LINE
  5
18C
330
17
100
AcDbEntity
  8
A-ANNO-GHOST
100
AcDbLine
 10
5.697086606906652
 20
9.496307897645158
 30
0.0
 11
5.700801882870161
 21
9.491424826123108
 31
0.0
  0
LINE
  5
18D
330
17
100
AcDbEntity
  8
A-ANNO-GHOST
100
AcDbLine
 10
5.700801882870161
 20
9.491424826123108
 30
0.0
 11
5.704396203287896
 21
9.486452047854462
 31
0.0
  0
LINE
  5
18E
330
17
100
AcDbEntity
  8
A-ANNO-GHOST
100
AcDbLine
 10
5.704396203287896
 20
9.486452047854462
 30
0.0
 11
5.707867403075636
 21
9.481392558254901
 31
0.0
  0
LINE
  5
18F
330
17
100
AcDbEntity
  8
A-ANNO-GHOST
100
AcDbLine
 10
5.707867403075636
 20
9.481392558254901
 30
0.0
 11
5.711213391312427
 21
9.476249404971774
 31
0.0
  0
LINE
  5
190
330
17
100
AcDbEntity
  8
A-ANNO-GHOST
100
AcDbLine
 10
5.711213391312427
 20
9.476249404971774
 30
0.0
 11
5.714432152500068
 21
9.471025686048307
 31
0.0
  0
LINE
  5
191
330
17
100
AcDbEntity
  8
A-ANNO-GHOST
100
AcDbLine
 10
5.714432152500068
 20
9.471025686048307
 30
0.0
 11
5.7175217477771785
 21
9.465724548057446
 31
0.0
  0
LINE
  5
192
330
17
100
AcDbEntity
  8
A-ANNO-GHOST
100
AcDbLine
 10
5.7175217477771785
 20
9.465724548057446
 30
0.0
 11
5.720480316087089
 21
9.4603491842065
 31
0.0
  0
LINE
  5
193
330
17
100
AcDbEntity
  8
A-ANNO-GHOST
100
AcDbLine
 10
5.720480316087089
 20
9.4603491842065
 30
0.0
 11
5.723306075298879
 21
9.454902832413651
 31
0.0
  0
LINE
  5
194
330
17
100
AcDbEntity
  8
A-ANNO-GHOST
100
AcDbLine
 10
5.723306075298879
 20
9.454902832413651
 30
0.0
 11
5.72599732328086
 21
9.44938877335757
 31
0.0
  0
LINE
  5
195
330
17
100
AcDbEntity
  8
A-ANNO-GHOST
100
AcDbLine
 10
5.72599732328086
 20
9.44938877335757
 30
0.0
 11
5.728552438925883
 21
9.443810328501248
 31
0.0
  0
LINE
  5
196
330
17
100
AcDbEntity
  8
A-ANNO-GHOST
100
AcDbLine
 10
5.728552438925883
 20
9.443810328501248
 30
0.0
 11
5.7309698831278215
 21
9.438170858091274
 31
0.0
  0
LINE
  5
197
330
17
100
AcDbEntity
  8
A-ANNO-GHOST
100
AcDbLine
 10
5.7309698831278215
 20
9.438170858091274
 30
0.0
 11
5.733248199708685
 21
9.432473759133748
 31
0.0
  0
LINE
  5
198
330
17
100
AcDbEntity
  8
A-ANNO-GHOST
100
AcDbLine
 10
5.733248199708685
 20
9.432473759133748
 30
0.0
 11
5.735386016295755
 21
9.426722463348057
 31
0.0
  0
LINE
  5
199
330
17
100
AcDbEntity
  8
A-ANNO-GHOST
100
AcDbLine
 10
5.735386016295755
 20
9.426722463348057
 30
0.0
 11
5.73738204514826
 21
9.420920435099724
 31
0.0
  0
LINE
  5
19A
330
17
100
AcDbEntity
  8
A-ANNO-GHOST
100
AcDbLine
 10
5.73738204514826
 20
9.420920435099724
 30
0.0
 11
5.7392350839330515
 21
9.415071169313617
 31
0.0
  0
LINE
  5
19B
330
17
100
AcDbEntity
  8
A-ANNO-GHOST
100
AcDbLine
 10
5.7392350839330515
 20
9.415071169313617
 30
0.0
 11
5.74094401644886
 21
9.409178189368724
 31
0.0
  0
LINE
  5
19C
330
17
100
AcDbEntity
  8
A-ANNO-GHOST
100
AcDbLine
 10
5.74094401644886
 20
9.409178189368724
 30
0.0
 11
5.742507813298635
 21
9.403245044975817
 31
0.0
  0
LINE
  5
19D
330
17
100
AcDbEntity
  8
A-ANNO-GHOST
100
AcDbLine
 10
5.742507813298635
 20
9.403245044975817
 30
0.0
 11
5.743925532509632
 21
9.397275310039218
 31
0.0
  0
LINE
  5
19E
330
17
100
AcDbEntity
  8
A-ANNO-GHOST
100
AcDbLine
 10
5.743925532509632
 20
9.397275310039218
 30
0.0
 11
5.745196320100808
 21
9.391272580504033
 31
0.0
  0
LINE
  5
19F
330
17
100
AcDbEntity
  8
A-ANNO-GHOST
100
AcDbLine
 10
5.745196320100808
 20
9.391272580504033
 30
0.0
 11
5.746319410597236
 21
9.385240472190077
 31
0.0
  0
LINE
  5
1A0
330
17
100
AcDbEntity
  8
A-ANNO-GHOST
100
AcDbLine
 10
5.746319410597236
 20
9.385240472190077
 30
0.0
 11
5.7472941274911955
 21
9.379182618613841
 31
0.0
  0
LINE
  5
1A1
330
17
100
AcDbEntity
  8
A-ANNO-GHOST
100
AcDbLine
 10
5.7472941274911955
 20
9.379182618613841
 30
0.0
 11
5.748119883649677
 21
9.373102668799804
 31
0.0
  0
LINE
  5
1A2
330
17
100
AcDbEntity
  8
A-ANNO-GHOST
100
AcDbLine
 10
5.748119883649677
 20
9.373102668799804
 30
0.0
 11
5.74879618166805
 21
9.367004285082391
 31
0.0
  0
LINE
  5
1A3
330
17
100
AcDbEntity
  8
A-ANNO-GHOST
100
AcDbLine
 10
5.74879618166805
 20
9.367004285082391
 30
0.0
 11
5.749322614169673
 21
9.360891140899916
 31
0.0
  0
LINE
  5
1A4
330
17
100
AcDbEntity
  8
A-ANNO-GHOST
100
AcDbLine
 10
5.749322614169673
 20
9.360891140899916
 30
0.0
 11
5.749698864051293
 21
9.354766918581856
 31
0.0
  0
LINE
  5
1A5
330
17
100
AcDbEntity
  8
A-ANNO-GHOST
100
AcDbLine
 10
5.749698864051293
 20
9.354766918581856
 30
0.0
 11
5.749924704674051
 21
9.348635307130728
 31
0.0
  0
LINE
  5
1A6
330
17
100
AcDbEntity
  8
A-ANNO-GHOST
100
AcDbLine
 10
5.749924704674051
 20
9.348635307130728
 30
0.0
 11
5.75
 21
9.342500000000001
 31
0.0
  0
LINE
  5
1A7
330
17
100
AcDbEntity
  8
A-ANNO-GHOST
100
AcDbLine
 10
5.2
 20
9.200000000000001
 30
0.0
 11
5.2
 21
9.32
 31
0.0
  0
LINE
  5
1A8
330
17
100
AcDbEntity
  8
A-ANNO-GHOST
100
AcDbLine
 10
5.2
 20
9.4
 30
0.0
 11
5.2
 21
9.520000000000001
 31
0.0
  0
LINE
  5
1A9
330
17
100
AcDbEntity
  8
A-ANNO-GHOST
100
AcDbLine
 10
5.2
 20
9.600000000000001
 30
0.0
 11
5.2
 21
9.72
 31
0.0
  0
LINE
  5
1AA
330
17
100
AcDbEntity
  8
A-ANNO-GHOST
100
AcDbLine
 10
5.2
 20
9.8
 30
0.0
 11
5.2
 21
9.920000000000002
 31
0.0
  0
LINE
  5
1AB
330
17
100
AcDbEntity
  8
A-ANNO-GHOST
100
AcDbLine
 10
5.2
 20
9.950000000000001
 30
0.0
 11
5.08
 21
9.950000000000001
 31
0.0
  0
LINE
  5
1AC
330
17
100
AcDbEntity
  8
A-ANNO-GHOST
100
AcDbLine
 10
5.0
 20
9.950000000000001
 30
0.0
 11
4.88
 21
9.950000000000001
 31
0.0
  0
LINE
  5
1AD
330
17
100
AcDbEntity
  8
A-ANNO-GHOST
100
AcDbLine
 10
4.8
 20
9.950000000000001
 30
0.0
 11
4.68
 21
9.950000000000001
 31
0.0
  0
LINE
  5
1AE
330
17
100
AcDbEntity
  8
A-ANNO-GHOST
100
AcDbLine
 10
4.6000000000000005
 20
9.950000000000001
 30
0.0
 11
4.48
 21
9.950000000000001
 31
0.0
  0
LINE
  5
1AF
330
17
100
AcDbEntity
  8
A-ANNO-GHOST
100
AcDbLine
 10
4.45
 20
9.950000000000001
 30
0.0
 11
4.45
 21
9.830000000000002
 31
0.0
  0
LINE
  5
1B0
330
17
100
AcDbEntity
  8
A-ANNO-GHOST
100
AcDbLine
 10
4.45
 20
9.750000000000002
 30
0.0
 11
4.45
 21
9.63
 31
0.0
  0
LINE
  5
1B1
330
17
100
AcDbEntity
  8
A-ANNO-GHOST
100
AcDbLine
 10
4.45
 20
9.55
 30
0.0
 11
4.45
 21
9.430000000000001
 31
0.0
  0
LINE
  5
1B2
330
17
100
AcDbEntity
  8
A-ANNO-GHOST
100
AcDbLine
 10
4.45
 20
9.350000000000001
 30
0.0
 11
4.45
 21
9.23
 31
0.0
  0
LINE
  5
1B3
330
17
100
AcDbEntity
  8
A-ANNO-GHOST
100
AcDbLine
 10
4.45
 20
9.200000000000001
 30
0.0
 11
4.57
 21
9.200000000000001
 31
0.0
  0
LINE
  5
1B4
330
17
100
AcDbEntity
  8
A-ANNO-GHOST
100
AcDbLine
 10
4.65
 20
9.200000000000001
 30
0.0
 11
4.7700000000000005
 21
9.200000000000001
 31
0.0
  0
LINE
  5
1B5
330
17
100
AcDbEntity
  8
A-ANNO-GHOST
100
AcDbLine
 10
4.8500000000000005
 20
9.200000000000001
 30
0.0
 11
4.970000000000001
 21
9.200000000000001
 31
0.0
  0
LINE
  5
1B6
330
17
100
AcDbEntity
  8
A-ANNO-GHOST
100
AcDbLine
 10
5.05
 20
9.200000000000001
 30
0.0
 11
5.17
 21
9.200000000000001
 31
0.0
  0
HATCH
  5
1B7
330
17
100
AcDbEntity
  8
A-STAIR
 62
7
420
12170144
100
AcDbHatch
 10
0.0
 20
0.0
 30
0.0
210
0.0
220
0.0
230
1.0
  2
SOLID
 70
1
 71
0
 91
1
 92
3
 72
0
 73
1
 93
5
 10
2.2750000000000004
 20
8.597925
 10
2.2750000000000004
 20
9.200000000000001
 10
1.958325
 20
9.200000000000001
 10
1.958325
 20
8.597925
 10
2.2750000000000004
 20
8.597925
 97
0
 75
0
 76
1
 98
0
  0
LWPOLYLINE
  5
1B8
330
17
100
AcDbEntity
  8
A-STAIR
100
AcDbPolyline
 90
5
 70
1
 10
2.2750000000000004
 20
8.597925
 10
2.2750000000000004
 20
9.200000000000001
 10
1.958325
 20
9.200000000000001
 10
1.958325
 20
8.597925
 10
2.2750000000000004
 20
8.597925
  0
TEXT
  5
1B9
330
17
100
AcDbEntity
  8
A-ANNO-TEXT
100
AcDbText
 10
2.1166625000000003
 20
8.87222638888889
 30
0.0
 40
0.055
  1
ST-1
 50
90.0
  7
KS-BOLD
 72
1
 11
2.1166625000000003
 21
8.87222638888889
 31
0.0
100
AcDbText
  0
HATCH
  5
1BA
330
17
100
AcDbEntity
  8
A-STAIR
 62
7
420
12170144
100
AcDbHatch
 10
0.0
 20
0.0
 30
0.0
210
0.0
220
0.0
230
1.0
  2
SOLID
 70
1
 71
0
 91
1
 92
3
 72
0
 73
1
 93
5
 10
5.8
 20
2.9000000000000004
 10
5.8
 20
3.5020750000000005
 10
5.483325
 20
3.5020750000000005
 10
5.483325
 20
2.9000000000000004
 10
5.8
 20
2.9000000000000004
 97
0
 75
0
 76
1
 98
0
  0
LWPOLYLINE
  5
1BB
330
17
100
AcDbEntity
  8
A-STAIR
100
AcDbPolyline
 90
5
 70
1
 10
5.8
 20
2.9000000000000004
 10
5.8
 20
3.5020750000000005
 10
5.483325
 20
3.5020750000000005
 10
5.483325
 20
2.9000000000000004
 10
5.8
 20
2.9000000000000004
  0
TEXT
  5
1BC
330
17
100
AcDbEntity
  8
A-ANNO-TEXT
100
AcDbText
 10
5.6416625
 20
3.1743013888888894
 30
0.0
 40
0.055
  1
ST-3
 50
90.0
  7
KS-BOLD
 72
1
 11
5.6416625
 21
3.1743013888888894
 31
0.0
100
AcDbText
  0
HATCH
  5
1BD
330
17
100
AcDbEntity
  8
A-STAIR
 62
7
420
12170144
100
AcDbHatch
 10
0.0
 20
0.0
 30
0.0
210
0.0
220
0.0
230
1.0
  2
SOLID
 70
1
 71
0
 91
1
 92
3
 72
0
 73
1
 93
5
 10
1.366675
 20
3.4000000000000004
 10
1.366675
 20
4.0020750000000005
 10
1.05
 20
4.0020750000000005
 10
1.05
 20
3.4000000000000004
 10
1.366675
 20
3.4000000000000004
 97
0
 75
0
 76
1
 98
0
  0
LWPOLYLINE
  5
1BE
330
17
100
AcDbEntity
  8
A-STAIR
100
AcDbPolyline
 90
5
 70
1
 10
1.366675
 20
3.4000000000000004
 10
1.366675
 20
4.0020750000000005
 10
1.05
 20
4.0020750000000005
 10
1.05
 20
3.4000000000000004
 10
1.366675
 20
3.4000000000000004
  0
TEXT
  5
1BF
330
17
100
AcDbEntity
  8
A-ANNO-TEXT
100
AcDbText
 10
1.2083375
 20
3.6743013888888894
 30
0.0
 40
0.055
  1
ST-4
 50
90.0
  7
KS-BOLD
 72
1
 11
1.2083375
 21
3.6743013888888894
 31
0.0
100
AcDbText
  0
LINE
  5
1C2
330
17
100
AcDbEntity
  8
A-STAIR
100
AcDbLine
 10
5.9010375
 20
9.3041625
 30
0.0
 11
5.9010375
 21
9.4241625
 31
0.0
  0
LINE
  5
1C3
330
17
100
AcDbEntity
  8
A-STAIR
100
AcDbLine
 10
5.9010375
 20
9.5041625
 30
0.0
 11
5.9010375
 21
9.6208375
 31
0.0
  0
LINE
  5
1C4
330
17
100
AcDbEntity
  8
A-STAIR
100
AcDbLine
 10
5.9010375
 20
9.6208375
 30
0.0
 11
5.7810375
 21
9.6208375
 31
0.0
  0
LINE
  5
1C5
330
17
100
AcDbEntity
  8
A-STAIR
100
AcDbLine
 10
5.7010375
 20
9.6208375
 30
0.0
 11
5.5810375
 21
9.6208375
 31
0.0
  0
LINE
  5
1C6
330
17
100
AcDbEntity
  8
A-STAIR
100
AcDbLine
 10
5.5010375
 20
9.6208375
 30
0.0
 11
5.3810375
 21
9.6208375
 31
0.0
  0
LINE
  5
1C7
330
17
100
AcDbEntity
  8
A-STAIR
100
AcDbLine
 10
5.3010375000000005
 20
9.6208375
 30
0.0
 11
5.2989625
 21
9.6208375
 31
0.0
  0
LINE
  5
1C8
330
17
100
AcDbEntity
  8
A-STAIR
100
AcDbLine
 10
5.2989625
 20
9.6208375
 30
0.0
 11
5.2989625
 21
9.500837500000001
 31
0.0
  0
LINE
  5
1C9
330
17
100
AcDbEntity
  8
A-STAIR
100
AcDbLine
 10
5.2989625
 20
9.420837500000001
 30
0.0
 11
5.2989625
 21
9.3041625
 31
0.0
  0
LINE
  5
1CA
330
17
100
AcDbEntity
  8
A-STAIR
100
AcDbLine
 10
5.2989625
 20
9.3041625
 30
0.0
 11
5.4189625
 21
9.3041625
 31
0.0
  0
LINE
  5
1CB
330
17
100
AcDbEntity
  8
A-STAIR
100
AcDbLine
 10
5.4989625
 20
9.3041625
 30
0.0
 11
5.6189625
 21
9.3041625
 31
0.0
  0
LINE
  5
1CC
330
17
100
AcDbEntity
  8
A-STAIR
100
AcDbLine
 10
5.6989625
 20
9.3041625
 30
0.0
 11
5.8189625
 21
9.3041625
 31
0.0
  0
LINE
  5
1CD
330
17
100
AcDbEntity
  8
A-STAIR
100
AcDbLine
 10
5.8989625
 20
9.3041625
 30
0.0
 11
5.9010375
 21
9.3041625
 31
0.0
  0
TEXT
  5
1CE
330
17
100
AcDbEntity
  8
A-ANNO-TEXT
100
AcDbText
 10
5.6
 20
9.470833333333333
 30
0.0
 40
0.06
  1
ST-2
  7
KS-BOLD
 72
1
 11
5.6
 21
9.470833333333333
 31
0.0
100
AcDbText
  0
TEXT
  5
1CF
330
17
100
AcDbEntity
  8
A-ANNO-TEXT
100
AcDbText
 10
5.6
 20
9.359166666666667
 30
0.0
 40
0.048
  1
29 FT DRUM
  7
KS-REG
 72
1
 11
5.6
 21
9.359166666666667
 31
0.0
100
AcDbText
  0
HATCH
  5
1D0
330
17
100
AcDbEntity
  8
A-ANNEX
 62
7
420
9344155
100
AcDbHatch
 10
0.0
 20
0.0
 30
0.0
210
0.0
220
0.0
230
1.0
  2
SOLID
 70
1
 71
0
 91
1
 92
3
 72
0
 73
1
 93
5
 10
4.1000000000000005
 20
9.200000000000001
 10
4.1000000000000005
 20
9.950000000000001
 10
2.35
 20
9.950000000000001
 10
2.35
 20
9.200000000000001
 10
4.1000000000000005
 20
9.200000000000001
 97
0
 75
0
 76
1
 98
0
  0
LWPOLYLINE
  5
1D1
330
17
100
AcDbEntity
  8
A-ANNEX
100
AcDbPolyline
 90
5
 70
1
 10
4.1000000000000005
 20
9.200000000000001
 10
4.1000000000000005
 20
9.950000000000001
 10
2.35
 20
9.950000000000001
 10
2.35
 20
9.200000000000001
 10
4.1000000000000005
 20
9.200000000000001
  0
HATCH
  5
1D2
330
17
100
AcDbEntity
  8
A-ANNEX
 62
7
420
10836570
100
AcDbHatch
 10
0.0
 20
0.0
 30
0.0
210
0.0
220
0.0
230
1.0
  2
SOLID
 70
1
 71
0
 91
1
 92
3
 72
0
 73
1
 93
5
 10
5.15
 20
9.200000000000001
 10
5.15
 20
9.950000000000001
 10
4.4
 20
9.950000000000001
 10
4.4
 20
9.200000000000001
 10
5.15
 20
9.200000000000001
 97
0
 75
0
 76
1
 98
0
  0
LWPOLYLINE
  5
1D3
330
17
100
AcDbEntity
  8
A-ANNEX
100
AcDbPolyline
 90
5
 70
1
 10
5.15
 20
9.200000000000001
 10
5.15
 20
9.950000000000001
 10
4.4
 20
9.950000000000001
 10
4.4
 20
9.200000000000001
 10
5.15
 20
9.200000000000001
  0
HATCH
  5
1D4
330
17
100
AcDbEntity
  8
A-ANNEX
 62
7
420
9344155
100
AcDbHatch
 10
0.0
 20
0.0
 30
0.0
210
0.0
220
0.0
230
1.0
  2
SOLID
 70
1
 71
0
 91
1
 92
3
 72
0
 73
1
 93
5
 10
7.05
 20
6.927250000000001
 10
7.05
 20
8.327250000000001
 10
6.3
 20
8.327250000000001
 10
6.3
 20
6.927250000000001
 10
7.05
 20
6.927250000000001
 97
0
 75
0
 76
1
 98
0
  0
LWPOLYLINE
  5
1D5
330
17
100
AcDbEntity
  8
A-ANNEX
100
AcDbPolyline
 90
5
 70
1
 10
7.05
 20
6.927250000000001
 10
7.05
 20
8.327250000000001
 10
6.3
 20
8.327250000000001
 10
6.3
 20
6.927250000000001
 10
7.05
 20
6.927250000000001
  0
LINE
  5
1D6
330
17
100
AcDbEntity
  8
A-WALL-EXT
100
AcDbLine
 10
5.865263096110026
 20
9.195722430686907
 30
0.0
 11
5.897545161008064
 21
9.190392640201615
 31
0.0
  0
LINE
  5
1D7
330
17
100
AcDbEntity
  8
A-WALL-EXT
100
AcDbLine
 10
5.897545161008064
 20
9.190392640201615
 30
0.0
 11
5.929409522551261
 21
9.182962913144536
 31
0.0
  0
LINE
  5
1D8
330
17
100
AcDbEntity
  8
A-WALL-EXT
100
AcDbLine
 10
5.929409522551261
 20
9.182962913144536
 30
0.0
 11
5.960719732651581
 21
9.173465064747553
 31
0.0
  0
LINE
  5
1D9
330
17
100
AcDbEntity
  8
A-WALL-EXT
100
AcDbLine
 10
5.960719732651581
 20
9.173465064747553
 30
0.0
 11
5.9913417161825455
 21
9.161939766255644
 31
0.0
  0
LINE
  5
1DA
330
17
100
AcDbEntity
  8
A-WALL-EXT
100
AcDbLine
 10
5.9913417161825455
 20
9.161939766255644
 30
0.0
 11
6.021144345109501
 21
9.148436370766344
 31
0.0
  0
LINE
  5
1DB
330
17
100
AcDbEntity
  8
A-WALL-EXT
100
AcDbLine
 10
6.021144345109501
 20
9.148436370766344
 30
0.0
 11
6.05
 21
9.13301270189222
 31
0.0
  0
LINE
  5
1DC
330
17
100
AcDbEntity
  8
A-WALL-EXT
100
AcDbLine
 10
6.05
 20
9.13301270189222
 30
0.0
 11
6.077785116509801
 21
9.115734806151274
 31
0.0
  0
LINE
  5
1DD
330
17
100
AcDbEntity
  8
A-WALL-EXT
100
AcDbLine
 10
6.077785116509801
 20
9.115734806151274
 30
0.0
 11
6.1043807145043605
 21
9.096676670145618
 31
0.0
  0
LINE
  5
1DE
330
17
100
AcDbEntity
  8
A-WALL-EXT
100
AcDbLine
 10
6.1043807145043605
 20
9.096676670145618
 30
0.0
 11
6.1296729075500345
 21
9.07591990373949
 31
0.0
  0
LINE
  5
1DF
330
17
100
AcDbEntity
  8
A-WALL-EXT
100
AcDbLine
 10
6.1296729075500345
 20
9.07591990373949
 30
0.0
 11
6.153553390593274
 21
9.053553390593274
 31
0.0
  0
LINE
  5
1E0
330
17
100
AcDbEntity
  8
A-WALL-EXT
100
AcDbLine
 10
6.153553390593274
 20
9.053553390593274
 30
0.0
 11
6.175919903739489
 21
9.029672907550035
 31
0.0
  0
LINE
  5
1E1
330
17
100
AcDbEntity
  8
A-WALL-EXT
100
AcDbLine
 10
6.175919903739489
 20
9.029672907550035
 30
0.0
 11
6.196676670145617
 21
9.00438071450436
 31
0.0
  0
LINE
  5
1E2
330
17
100
AcDbEntity
  8
A-WALL-EXT
100
AcDbLine
 10
6.196676670145617
 20
9.00438071450436
 30
0.0
 11
6.215734806151273
 21
8.977785116509802
 31
0.0
  0
LINE
  5
1E3
330
17
100
AcDbEntity
  8
A-WALL-EXT
100
AcDbLine
 10
6.215734806151273
 20
8.977785116509802
 30
0.0
 11
6.2330127018922195
 21
8.950000000000001
 31
0.0
  0
LINE
  5
1E4
330
17
100
AcDbEntity
  8
A-WALL-EXT
100
AcDbLine
 10
6.2330127018922195
 20
8.950000000000001
 30
0.0
 11
6.248436370766345
 21
8.921144345109502
 31
0.0
  0
LINE
  5
1E5
330
17
100
AcDbEntity
  8
A-WALL-EXT
100
AcDbLine
 10
6.248436370766345
 20
8.921144345109502
 30
0.0
 11
6.261939766255644
 21
8.891341716182545
 31
0.0
  0
LINE
  5
1E6
330
17
100
AcDbEntity
  8
A-WALL-EXT
100
AcDbLine
 10
6.261939766255644
 20
8.891341716182545
 30
0.0
 11
6.273465064747553
 21
8.860719732651582
 31
0.0
  0
LINE
  5
1E7
330
17
100
AcDbEntity
  8
A-WALL-EXT
100
AcDbLine
 10
6.273465064747553
 20
8.860719732651582
 30
0.0
 11
6.282962913144535
 21
8.829409522551261
 31
0.0
  0
LINE
  5
1E8
330
17
100
AcDbEntity
  8
A-WALL-EXT
100
AcDbLine
 10
6.282962913144535
 20
8.829409522551261
 30
0.0
 11
6.290392640201616
 21
8.797545161008065
 31
0.0
  0
LINE
  5
1E9
330
17
100
AcDbEntity
  8
A-WALL-EXT
100
AcDbLine
 10
6.290392640201616
 20
8.797545161008065
 30
0.0
 11
6.295722430686905
 21
8.765263096110026
 31
0.0
  0
LINE
  5
1EA
330
17
100
AcDbEntity
  8
A-WALL-EXT
100
AcDbLine
 10
6.295722430686905
 20
8.765263096110026
 30
0.0
 11
6.298929461619302
 21
8.732701564615072
 31
0.0
  0
LINE
  5
1EB
330
17
100
AcDbEntity
  8
A-WALL-EXT
100
AcDbLine
 10
6.298929461619302
 20
8.732701564615072
 30
0.0
 11
6.3
 21
8.700000000000001
 31
0.0
  0
LINE
  5
1EC
330
17
100
AcDbEntity
  8
A-WALL-EXT
100
AcDbLine
 10
6.3
 20
8.700000000000001
 30
0.0
 11
6.3
 21
3.4000000000000004
 31
0.0
  0
LINE
  5
1ED
330
17
100
AcDbEntity
  8
A-WALL-EXT
100
AcDbLine
 10
6.3
 20
3.4000000000000004
 30
0.0
 11
6.298929461619302
 21
3.367298435384929
 31
0.0
  0
LINE
  5
1EE
330
17
100
AcDbEntity
  8
A-WALL-EXT
100
AcDbLine
 10
6.298929461619302
 20
3.367298435384929
 30
0.0
 11
6.295722430686905
 21
3.334736903889975
 31
0.0
  0
LINE
  5
1EF
330
17
100
AcDbEntity
  8
A-WALL-EXT
100
AcDbLine
 10
6.295722430686905
 20
3.334736903889975
 30
0.0
 11
6.290392640201616
 21
3.302454838991936
 31
0.0
  0
LINE
  5
1F0
330
17
100
AcDbEntity
  8
A-WALL-EXT
100
AcDbLine
 10
6.290392640201616
 20
3.302454838991936
 30
0.0
 11
6.282962913144535
 21
3.27059047744874
 31
0.0
  0
LINE
  5
1F1
330
17
100
AcDbEntity
  8
A-WALL-EXT
100
AcDbLine
 10
6.282962913144535
 20
3.27059047744874
 30
0.0
 11
6.273465064747553
 21
3.2392802673484193
 31
0.0
  0
LINE
  5
1F2
330
17
100
AcDbEntity
  8
A-WALL-EXT
100
AcDbLine
 10
6.273465064747553
 20
3.2392802673484193
 30
0.0
 11
6.261939766255644
 21
3.2086582838174555
 31
0.0
  0
LINE
  5
1F3
330
17
100
AcDbEntity
  8
A-WALL-EXT
100
AcDbLine
 10
6.261939766255644
 20
3.2086582838174555
 30
0.0
 11
6.248436370766345
 21
3.1788556548904996
 31
0.0
  0
LINE
  5
1F4
330
17
100
AcDbEntity
  8
A-WALL-EXT
100
AcDbLine
 10
6.248436370766345
 20
3.1788556548904996
 30
0.0
 11
6.2330127018922195
 21
3.1500000000000004
 31
0.0
  0
LINE
  5
1F5
330
17
100
AcDbEntity
  8
A-WALL-EXT
100
AcDbLine
 10
6.2330127018922195
 20
3.1500000000000004
 30
0.0
 11
6.215734806151273
 21
3.1222148834901993
 31
0.0
  0
LINE
  5
1F6
330
17
100
AcDbEntity
  8
A-WALL-EXT
100
AcDbLine
 10
6.215734806151273
 20
3.1222148834901993
 30
0.0
 11
6.196676670145617
 21
3.0956192854956397
 31
0.0
  0
LINE
  5
1F7
330
17
100
AcDbEntity
  8
A-WALL-EXT
100
AcDbLine
 10
6.196676670145617
 20
3.0956192854956397
 30
0.0
 11
6.175919903739489
 21
3.070327092449966
 31
0.0
  0
LINE
  5
1F8
330
17
100
AcDbEntity
  8
A-WALL-EXT
100
AcDbLine
 10
6.175919903739489
 20
3.070327092449966
 30
0.0
 11
6.153553390593274
 21
3.0464466094067264
 31
0.0
  0
LINE
  5
1F9
330
17
100
AcDbEntity
  8
A-WALL-EXT
100
AcDbLine
 10
6.153553390593274
 20
3.0464466094067264
 30
0.0
 11
6.1296729075500345
 21
3.0240800962605117
 31
0.0
  0
LINE
  5
1FA
330
17
100
AcDbEntity
  8
A-WALL-EXT
100
AcDbLine
 10
6.1296729075500345
 20
3.0240800962605117
 30
0.0
 11
6.1043807145043605
 21
3.003323329854383
 31
0.0
  0
LINE
  5
1FB
330
17
100
AcDbEntity
  8
A-WALL-EXT
100
AcDbLine
 10
6.1043807145043605
 20
3.003323329854383
 30
0.0
 11
6.0777851165098005
 21
2.9842651938487275
 31
0.0
  0
LINE
  5
1FC
330
17
100
AcDbEntity
  8
A-WALL-EXT
100
AcDbLine
 10
6.0777851165098005
 20
2.9842651938487275
 30
0.0
 11
6.05
 21
2.966987298107781
 31
0.0
  0
LINE
  5
1FD
330
17
100
AcDbEntity
  8
A-WALL-EXT
100
AcDbLine
 10
6.05
 20
2.966987298107781
 30
0.0
 11
6.021144345109501
 21
2.951563629233656
 31
0.0
  0
LINE
  5
1FE
330
17
100
AcDbEntity
  8
A-WALL-EXT
100
AcDbLine
 10
6.021144345109501
 20
2.951563629233656
 30
0.0
 11
5.9913417161825455
 21
2.938060233744357
 31
0.0
  0
LINE
  5
1FF
330
17
100
AcDbEntity
  8
A-WALL-EXT
100
AcDbLine
 10
5.9913417161825455
 20
2.938060233744357
 30
0.0
 11
5.960719732651581
 21
2.9265349352524477
 31
0.0
  0
LINE
  5
200
330
17
100
AcDbEntity
  8
A-WALL-EXT
100
AcDbLine
 10
5.960719732651581
 20
2.9265349352524477
 30
0.0
 11
5.92940952255126
 21
2.917037086855466
 31
0.0
  0
LINE
  5
201
330
17
100
AcDbEntity
  8
A-WALL-EXT
100
AcDbLine
 10
5.92940952255126
 20
2.917037086855466
 30
0.0
 11
5.897545161008064
 21
2.909607359798385
 31
0.0
  0
LINE
  5
202
330
17
100
AcDbEntity
  8
A-WALL-EXT
100
AcDbLine
 10
5.897545161008064
 20
2.909607359798385
 30
0.0
 11
5.865263096110026
 21
2.904277569313095
 31
0.0
  0
LINE
  5
203
330
17
100
AcDbEntity
  8
A-WALL-EXT
100
AcDbLine
 10
5.865263096110026
 20
2.904277569313095
 30
0.0
 11
5.832701564615071
 21
2.9010705383806985
 31
0.0
  0
LINE
  5
204
330
17
100
AcDbEntity
  8
A-WALL-EXT
100
AcDbLine
 10
5.832701564615071
 20
2.9010705383806985
 30
0.0
 11
5.8
 21
2.9000000000000004
 31
0.0
  0
LINE
  5
205
330
17
100
AcDbEntity
  8
A-WALL-EXT
100
AcDbLine
 10
5.8
 20
2.9000000000000004
 30
0.0
 11
1.55
 21
2.9000000000000004
 31
0.0
  0
LINE
  5
206
330
17
100
AcDbEntity
  8
A-WALL-EXT
100
AcDbLine
 10
1.55
 20
2.9000000000000004
 30
0.0
 11
1.5172984353849288
 21
2.9010705383806985
 31
0.0
  0
LINE
  5
207
330
17
100
AcDbEntity
  8
A-WALL-EXT
100
AcDbLine
 10
1.5172984353849288
 20
2.9010705383806985
 30
0.0
 11
1.4847369038899743
 21
2.9042775693130953
 31
0.0
  0
LINE
  5
208
330
17
100
AcDbEntity
  8
A-WALL-EXT
100
AcDbLine
 10
1.4847369038899743
 20
2.9042775693130953
 30
0.0
 11
1.4524548389919358
 21
2.909607359798385
 31
0.0
  0
LINE
  5
209
330
17
100
AcDbEntity
  8
A-WALL-EXT
100
AcDbLine
 10
1.4524548389919358
 20
2.909607359798385
 30
0.0
 11
1.4205904774487397
 21
2.917037086855466
 31
0.0
  0
LINE
  5
20A
330
17
100
AcDbEntity
  8
A-WALL-EXT
100
AcDbLine
 10
1.4205904774487397
 20
2.917037086855466
 30
0.0
 11
1.3892802673484193
 21
2.9265349352524477
 31
0.0
  0
LINE
  5
20B
330
17
100
AcDbEntity
  8
A-WALL-EXT
100
AcDbLine
 10
1.3892802673484193
 20
2.9265349352524477
 30
0.0
 11
1.3586582838174552
 21
2.938060233744357
 31
0.0
  0
LINE
  5
20C
330
17
100
AcDbEntity
  8
A-WALL-EXT
100
AcDbLine
 10
1.3586582838174552
 20
2.938060233744357
 30
0.0
 11
1.3288556548904995
 21
2.9515636292336564
 31
0.0
  0
LINE
  5
20D
330
17
100
AcDbEntity
  8
A-WALL-EXT
100
AcDbLine
 10
1.3288556548904995
 20
2.9515636292336564
 30
0.0
 11
1.2999999999999998
 21
2.966987298107781
 31
0.0
  0
LINE
  5
20E
330
17
100
AcDbEntity
  8
A-WALL-EXT
100
AcDbLine
 10
1.2999999999999998
 20
2.966987298107781
 30
0.0
 11
1.272214883490199
 21
2.984265193848728
 31
0.0
  0
LINE
  5
20F
330
17
100
AcDbEntity
  8
A-WALL-EXT
100
AcDbLine
 10
1.272214883490199
 20
2.984265193848728
 30
0.0
 11
1.2456192854956396
 21
3.003323329854383
 31
0.0
  0
LINE
  5
210
330
17
100
AcDbEntity
  8
A-WALL-EXT
100
AcDbLine
 10
1.2456192854956396
 20
3.003323329854383
 30
0.0
 11
1.2203270924499656
 21
3.0240800962605117
 31
0.0
  0
LINE
  5
211
330
17
100
AcDbEntity
  8
A-WALL-EXT
100
AcDbLine
 10
1.2203270924499656
 20
3.0240800962605117
 30
0.0
 11
1.196446609406726
 21
3.0464466094067264
 31
0.0
  0
LINE
  5
212
330
17
100
AcDbEntity
  8
A-WALL-EXT
100
AcDbLine
 10
1.196446609406726
 20
3.0464466094067264
 30
0.0
 11
1.1740800962605114
 21
3.0703270924499657
 31
0.0
  0
LINE
  5
213
330
17
100
AcDbEntity
  8
A-WALL-EXT
100
AcDbLine
 10
1.1740800962605114
 20
3.0703270924499657
 30
0.0
 11
1.1533233298543826
 21
3.09561928549564
 31
0.0
  0
LINE
  5
214
330
17
100
AcDbEntity
  8
A-WALL-EXT
100
AcDbLine
 10
1.1533233298543826
 20
3.09561928549564
 30
0.0
 11
1.1342651938487274
 21
3.1222148834901993
 31
0.0
  0
LINE
  5
215
330
17
100
AcDbEntity
  8
A-WALL-EXT
100
AcDbLine
 10
1.1342651938487274
 20
3.1222148834901993
 30
0.0
 11
1.1169872981077809
 21
3.1500000000000004
 31
0.0
  0
LINE
  5
216
330
17
100
AcDbEntity
  8
A-WALL-EXT
100
AcDbLine
 10
1.1169872981077809
 20
3.1500000000000004
 30
0.0
 11
1.101563629233656
 21
3.1788556548904996
 31
0.0
  0
LINE
  5
217
330
17
100
AcDbEntity
  8
A-WALL-EXT
100
AcDbLine
 10
1.101563629233656
 20
3.1788556548904996
 30
0.0
 11
1.0880602337443566
 21
3.2086582838174555
 31
0.0
  0
LINE
  5
218
330
17
100
AcDbEntity
  8
A-WALL-EXT
100
AcDbLine
 10
1.0880602337443566
 20
3.2086582838174555
 30
0.0
 11
1.0765349352524471
 21
3.23928026734842
 31
0.0
  0
LINE
  5
219
330
17
100
AcDbEntity
  8
A-WALL-EXT
100
AcDbLine
 10
1.0765349352524471
 20
3.23928026734842
 30
0.0
 11
1.067037086855466
 21
3.27059047744874
 31
0.0
  0
LINE
  5
21A
330
17
100
AcDbEntity
  8
A-WALL-EXT
100
AcDbLine
 10
1.067037086855466
 20
3.27059047744874
 30
0.0
 11
1.0596073597983848
 21
3.3024548389919364
 31
0.0
  0
LINE
  5
21B
330
17
100
AcDbEntity
  8
A-WALL-EXT
100
AcDbLine
 10
1.0596073597983848
 20
3.3024548389919364
 30
0.0
 11
1.0542775693130948
 21
3.334736903889975
 31
0.0
  0
LINE
  5
21C
330
17
100
AcDbEntity
  8
A-WALL-EXT
100
AcDbLine
 10
1.0542775693130948
 20
3.334736903889975
 30
0.0
 11
1.0510705383806982
 21
3.367298435384929
 31
0.0
  0
LINE
  5
21D
330
17
100
AcDbEntity
  8
A-WALL-EXT
100
AcDbLine
 10
1.0510705383806982
 20
3.367298435384929
 30
0.0
 11
1.05
 21
3.4000000000000004
 31
0.0
  0
LINE
  5
21E
330
17
100
AcDbEntity
  8
A-WALL-EXT
100
AcDbLine
 10
1.05
 20
3.4000000000000004
 30
0.0
 11
1.05
 21
8.700000000000001
 31
0.0
  0
LINE
  5
21F
330
17
100
AcDbEntity
  8
A-WALL-EXT
100
AcDbLine
 10
1.05
 20
8.700000000000001
 30
0.0
 11
1.0510705383806982
 21
8.732701564615072
 31
0.0
  0
LINE
  5
220
330
17
100
AcDbEntity
  8
A-WALL-EXT
100
AcDbLine
 10
1.0510705383806982
 20
8.732701564615072
 30
0.0
 11
1.0542775693130948
 21
8.765263096110026
 31
0.0
  0
LINE
  5
221
330
17
100
AcDbEntity
  8
A-WALL-EXT
100
AcDbLine
 10
1.0542775693130948
 20
8.765263096110026
 30
0.0
 11
1.0596073597983848
 21
8.797545161008065
 31
0.0
  0
LINE
  5
222
330
17
100
AcDbEntity
  8
A-WALL-EXT
100
AcDbLine
 10
1.0596073597983848
 20
8.797545161008065
 30
0.0
 11
1.067037086855466
 21
8.829409522551261
 31
0.0
  0
LINE
  5
223
330
17
100
AcDbEntity
  8
A-WALL-EXT
100
AcDbLine
 10
1.067037086855466
 20
8.829409522551261
 30
0.0
 11
1.0765349352524474
 21
8.860719732651582
 31
0.0
  0
LINE
  5
224
330
17
100
AcDbEntity
  8
A-WALL-EXT
100
AcDbLine
 10
1.0765349352524474
 20
8.860719732651582
 30
0.0
 11
1.0880602337443566
 21
8.891341716182545
 31
0.0
  0
LINE
  5
225
330
17
100
AcDbEntity
  8
A-WALL-EXT
100
AcDbLine
 10
1.0880602337443566
 20
8.891341716182545
 30
0.0
 11
1.101563629233656
 21
8.921144345109502
 31
0.0
  0
LINE
  5
226
330
17
100
AcDbEntity
  8
A-WALL-EXT
100
AcDbLine
 10
1.101563629233656
 20
8.921144345109502
 30
0.0
 11
1.1169872981077806
 21
8.950000000000001
 31
0.0
  0
LINE
  5
227
330
17
100
AcDbEntity
  8
A-WALL-EXT
100
AcDbLine
 10
1.1169872981077806
 20
8.950000000000001
 30
0.0
 11
1.1342651938487274
 21
8.977785116509802
 31
0.0
  0
LINE
  5
228
330
17
100
AcDbEntity
  8
A-WALL-EXT
100
AcDbLine
 10
1.1342651938487274
 20
8.977785116509802
 30
0.0
 11
1.1533233298543826
 21
9.00438071450436
 31
0.0
  0
LINE
  5
229
330
17
100
AcDbEntity
  8
A-WALL-EXT
100
AcDbLine
 10
1.1533233298543826
 20
9.00438071450436
 30
0.0
 11
1.1740800962605114
 21
9.029672907550035
 31
0.0
  0
LINE
  5
22A
330
17
100
AcDbEntity
  8
A-WALL-EXT
100
AcDbLine
 10
1.1740800962605114
 20
9.029672907550035
 30
0.0
 11
1.1964466094067263
 21
9.053553390593274
 31
0.0
  0
LINE
  5
22B
330
17
100
AcDbEntity
  8
A-WALL-EXT
100
AcDbLine
 10
1.1964466094067263
 20
9.053553390593274
 30
0.0
 11
1.2203270924499656
 21
9.07591990373949
 31
0.0
  0
LINE
  5
22C
330
17
100
AcDbEntity
  8
A-WALL-EXT
100
AcDbLine
 10
1.2203270924499656
 20
9.07591990373949
 30
0.0
 11
1.2456192854956398
 21
9.096676670145618
 31
0.0
  0
LINE
  5
22D
330
17
100
AcDbEntity
  8
A-WALL-EXT
100
AcDbLine
 10
1.2456192854956398
 20
9.096676670145618
 30
0.0
 11
1.272214883490199
 21
9.115734806151274
 31
0.0
  0
LINE
  5
22E
330
17
100
AcDbEntity
  8
A-WALL-EXT
100
AcDbLine
 10
1.272214883490199
 20
9.115734806151274
 30
0.0
 11
1.3000000000000003
 21
9.13301270189222
 31
0.0
  0
LINE
  5
22F
330
17
100
AcDbEntity
  8
A-WALL-EXT
100
AcDbLine
 10
1.3000000000000003
 20
9.13301270189222
 30
0.0
 11
1.3288556548904995
 21
9.148436370766344
 31
0.0
  0
LINE
  5
230
330
17
100
AcDbEntity
  8
A-WALL-EXT
100
AcDbLine
 10
1.3288556548904995
 20
9.148436370766344
 30
0.0
 11
1.3586582838174552
 21
9.161939766255644
 31
0.0
  0
LINE
  5
231
330
17
100
AcDbEntity
  8
A-WALL-EXT
100
AcDbLine
 10
1.3586582838174552
 20
9.161939766255644
 30
0.0
 11
1.3892802673484193
 21
9.173465064747553
 31
0.0
  0
LINE
  5
232
330
17
100
AcDbEntity
  8
A-WALL-EXT
100
AcDbLine
 10
1.3892802673484193
 20
9.173465064747553
 30
0.0
 11
1.4205904774487397
 21
9.182962913144536
 31
0.0
  0
LINE
  5
233
330
17
100
AcDbEntity
  8
A-WALL-EXT
100
AcDbLine
 10
1.4205904774487397
 20
9.182962913144536
 30
0.0
 11
1.452454838991936
 21
9.190392640201615
 31
0.0
  0
LINE
  5
234
330
17
100
AcDbEntity
  8
A-WALL-EXT
100
AcDbLine
 10
1.452454838991936
 20
9.190392640201615
 30
0.0
 11
1.4847369038899743
 21
9.195722430686907
 31
0.0
  0
LINE
  5
235
330
17
100
AcDbEntity
  8
A-WALL-EXT
100
AcDbLine
 10
1.4847369038899743
 20
9.195722430686907
 30
0.0
 11
1.5172984353849286
 21
9.198929461619302
 31
0.0
  0
LINE
  5
236
330
17
100
AcDbEntity
  8
A-WALL-EXT
100
AcDbLine
 10
1.5172984353849286
 20
9.198929461619302
 30
0.0
 11
1.55
 21
9.200000000000001
 31
0.0
  0
LINE
  5
237
330
17
100
AcDbEntity
  8
A-WALL-EXT
100
AcDbLine
 10
1.55
 20
9.200000000000001
 30
0.0
 11
5.350001001712982
 21
9.200000000000001
 31
0.0
  0
LINE
  5
2FB
330
17
100
AcDbEntity
  8
A-WALL-EXT
100
AcDbLine
 10
5.84730075931281
 20
9.197491566445638
 30
0.0
 11
5.865263096110026
 21
9.195722430686907
 31
0.0
  0
LINE
  5
2FC
330
17
100
AcDbEntity
  8
A-EXIT
100
AcDbLine
 10
1.05
 20
4.15
 30
0.0
 11
0.9540000000000001
 21
4.15
 31
0.0
  0
TEXT
  5
2FD
330
17
100
AcDbEntity
  8
A-ANNO-TEXT
100
AcDbText
 10
0.8340000000000001
 20
4.12
 30
0.0
 40
0.055
  1
X1
  7
KS-BOLD
 72
1
 11
0.8340000000000001
 21
4.12
 31
0.0
100
AcDbText
  0
LINE
  5
2FE
330
17
100
AcDbEntity
  8
A-EXIT
100
AcDbLine
 10
1.05
 20
5.3500000000000005
 30
0.0
 11
0.9540000000000001
 21
5.3500000000000005
 31
0.0
  0
TEXT
  5
2FF
330
17
100
AcDbEntity
  8
A-ANNO-TEXT
100
AcDbText
 10
0.8340000000000001
 20
5.32
 30
0.0
 40
0.055
  1
X2
  7
KS-BOLD
 72
1
 11
0.8340000000000001
 21
5.32
 31
0.0
100
AcDbText
  0
LINE
  5
300
330
17
100
AcDbEntity
  8
A-EXIT
100
AcDbLine
 10
1.05
 20
7.45
 30
0.0
 11
0.9540000000000001
 21
7.45
 31
0.0
  0
TEXT
  5
301
330
17
100
AcDbEntity
  8
A-ANNO-TEXT
100
AcDbText
 10
0.8340000000000001
 20
7.42
 30
0.0
 40
0.055
  1
X3
  7
KS-BOLD
 72
1
 11
0.8340000000000001
 21
7.42
 31
0.0
100
AcDbText
  0
LINE
  5
302
330
17
100
AcDbEntity
  8
A-EXIT
100
AcDbLine
 10
2.116675
 20
9.200000000000001
 30
0.0
 11
2.116675
 21
9.296000000000001
 31
0.0
  0
TEXT
  5
303
330
17
100
AcDbEntity
  8
A-ANNO-TEXT
100
AcDbText
 10
2.116675
 20
9.386000000000001
 30
0.0
 40
0.055
  1
X4
  7
KS-BOLD
 72
1
 11
2.116675
 21
9.386000000000001
 31
0.0
100
AcDbText
  0
LINE
  5
304
330
17
100
AcDbEntity
  8
A-EXIT
100
AcDbLine
 10
4.24625
 20
9.200000000000001
 30
0.0
 11
4.24625
 21
9.296000000000001
 31
0.0
  0
TEXT
  5
305
330
17
100
AcDbEntity
  8
A-ANNO-TEXT
100
AcDbText
 10
4.24625
 20
9.386000000000001
 30
0.0
 40
0.055
  1
X5
  7
KS-BOLD
 72
1
 11
4.24625
 21
9.386000000000001
 31
0.0
100
AcDbText
  0
LINE
  5
306
330
17
100
AcDbEntity
  8
A-EXIT
100
AcDbLine
 10
5.9625
 20
9.4625
 30
0.0
 11
6.0585
 21
9.4625
 31
0.0
  0
TEXT
  5
307
330
17
100
AcDbEntity
  8
A-ANNO-TEXT
100
AcDbText
 10
6.1785000000000005
 20
9.432500000000001
 30
0.0
 40
0.055
  1
X6
  7
KS-BOLD
 72
1
 11
6.1785000000000005
 21
9.432500000000001
 31
0.0
100
AcDbText
  0
LINE
  5
308
330
17
100
AcDbEntity
  8
A-EXIT
100
AcDbLine
 10
7.05
 20
7.377250000000001
 30
0.0
 11
7.146
 21
7.377250000000001
 31
0.0
  0
TEXT
  5
309
330
17
100
AcDbEntity
  8
A-ANNO-TEXT
100
AcDbText
 10
7.266
 20
7.347250000000001
 30
0.0
 40
0.055
  1
X7
  7
KS-BOLD
 72
1
 11
7.266
 21
7.347250000000001
 31
0.0
100
AcDbText
  0
LINE
  5
30A
330
17
100
AcDbEntity
  8
A-EXIT
100
AcDbLine
 10
6.3
 20
3.7500000000000004
 30
0.0
 11
6.396
 21
3.7500000000000004
 31
0.0
  0
TEXT
  5
30B
330
17
100
AcDbEntity
  8
A-ANNO-TEXT
100
AcDbText
 10
6.516
 20
3.7200000000000006
 30
0.0
 40
0.055
  1
X8
  7
KS-BOLD
 72
1
 11
6.516
 21
3.7200000000000006
 31
0.0
100
AcDbText
  0
LINE
  5
30C
330
17
100
AcDbEntity
  8
A-EXIT
100
AcDbLine
 10
5.641675
 20
2.9000000000000004
 30
0.0
 11
5.641675
 21
2.8040000000000003
 31
0.0
  0
TEXT
  5
30D
330
17
100
AcDbEntity
  8
A-ANNO-TEXT
100
AcDbText
 10
5.641675
 20
2.6540000000000004
 30
0.0
 40
0.055
  1
X9
  7
KS-BOLD
 72
1
 11
5.641675
 21
2.6540000000000004
 31
0.0
100
AcDbText
  0
LINE
  5
30E
330
17
100
AcDbEntity
  8
A-EXIT
100
AcDbLine
 10
1.05
 20
3.7
 30
0.0
 11
0.9540000000000001
 21
3.7
 31
0.0
  0
TEXT
  5
30F
330
17
100
AcDbEntity
  8
A-ANNO-TEXT
100
AcDbText
 10
0.8340000000000001
 20
3.6700000000000004
 30
0.0
 40
0.055
  1
X10
  7
KS-BOLD
 72
1
 11
0.8340000000000001
 21
3.6700000000000004
 31
0.0
100
AcDbText
  0
TEXT
  5
310
330
17
100
AcDbEntity
  8
A-ANNO-TEXT
100
AcDbText
 10
1.571875
 20
7.420833333333333
 30
0.0
 40
0.06
  1
1
  7
KS-BOLD
 72
1
 11
1.571875
 21
7.420833333333333
 31
0.0
100
AcDbText
  0
TEXT
  5
311
330
17
100
AcDbEntity
  8
A-ANNO-TEXT
100
AcDbText
 10
1.571875
 20
5.320833333333334
 30
0.0
 40
0.06
  1
2
  7
KS-BOLD
 72
1
 11
1.571875
 21
5.320833333333334
 31
0.0
100
AcDbText
  0
TEXT
  5
312
330
17
100
AcDbEntity
  8
A-ANNO-TEXT
100
AcDbText
 10
1.5150555055269783
 20
8.815897960934755
 30
0.0
 40
0.06
  1
3
  7
KS-BOLD
 72
1
 11
1.5150555055269783
 21
8.815897960934755
 31
0.0
100
AcDbText
  0
TEXT
  5
313
330
17
100
AcDbEntity
  8
A-ANNO-TEXT
100
AcDbText
 10
2.9000000000000004
 20
3.3083333333333336
 30
0.0
 40
0.06
  1
4
  7
KS-BOLD
 72
1
 11
2.9000000000000004
 21
3.3083333333333336
 31
0.0
100
AcDbText
  0
TEXT
  5
314
330
17
100
AcDbEntity
  8
A-ANNO-TEXT
100
AcDbText
 10
4.8875
 20
3.4958333333333336
 30
0.0
 40
0.06
  1
5
  7
KS-BOLD
 72
1
 11
4.8875
 21
3.4958333333333336
 31
0.0
100
AcDbText
  0
TEXT
  5
315
330
17
100
AcDbEntity
  8
A-ANNO-TEXT
100
AcDbText
 10
6.15
 20
3.9208333333333334
 30
0.0
 40
0.06
  1
6
  7
KS-BOLD
 72
1
 11
6.15
 21
3.9208333333333334
 31
0.0
100
AcDbText
  0
TEXT
  5
316
330
17
100
AcDbEntity
  8
A-ANNO-TEXT
100
AcDbText
 10
3.875
 20
2.9958333333333336
 30
0.0
 40
0.06
  1
7
  7
KS-BOLD
 72
1
 11
3.875
 21
2.9958333333333336
 31
0.0
100
AcDbText
  0
TEXT
  5
317
330
17
100
AcDbEntity
  8
A-ANNO-TEXT
100
AcDbText
 10
5.3625
 20
4.041708333333334
 30
0.0
 40
0.06
  1
8
  7
KS-BOLD
 72
1
 11
5.3625
 21
4.041708333333334
 31
0.0
100
AcDbText
  0
TEXT
  5
318
330
17
100
AcDbEntity
  8
A-ANNO-TEXT
100
AcDbText
 10
2.7625
 20
8.820833333333335
 30
0.0
 40
0.06
  1
9
  7
KS-BOLD
 72
1
 11
2.7625
 21
8.820833333333335
 31
0.0
100
AcDbText
  0
TEXT
  5
319
330
17
100
AcDbEntity
  8
A-ANNO-TEXT
100
AcDbText
 10
3.208875
 20
8.820833333333335
 30
0.0
 40
0.06
  1
10
  7
KS-BOLD
 72
1
 11
3.208875
 21
8.820833333333335
 31
0.0
100
AcDbText
  0
TEXT
  5
31A
330
17
100
AcDbEntity
  8
A-ANNO-TEXT
100
AcDbText
 10
3.7445000000000004
 20
8.820833333333335
 30
0.0
 40
0.06
  1
11
  7
KS-BOLD
 72
1
 11
3.7445000000000004
 21
8.820833333333335
 31
0.0
100
AcDbText
  0
TEXT
  5
31B
330
17
100
AcDbEntity
  8
A-ANNO-TEXT
100
AcDbText
 10
4.748
 20
8.820833333333335
 30
0.0
 40
0.06
  1
12
  7
KS-BOLD
 72
1
 11
4.748
 21
8.820833333333335
 31
0.0
100
AcDbText
  0
TEXT
  5
31C
330
17
100
AcDbEntity
  8
A-ANNO-TEXT
100
AcDbText
 10
6.025
 20
7.959458333333334
 30
0.0
 40
0.06
  1
13
  7
KS-BOLD
 72
1
 11
6.025
 21
7.959458333333334
 31
0.0
100
AcDbText
  0
TEXT
  5
31D
330
17
100
AcDbEntity
  8
A-ANNO-TEXT
100
AcDbText
 10
6.025
 20
6.7367083333333335
 30
0.0
 40
0.06
  1
14
  7
KS-BOLD
 72
1
 11
6.025
 21
6.7367083333333335
 31
0.0
100
AcDbText
  0
TEXT
  5
31E
330
17
100
AcDbEntity
  8
A-ANNO-TEXT
100
AcDbText
 10
5.4238375
 20
8.770833333333334
 30
0.0
 40
0.06
  1
15
  7
KS-BOLD
 72
1
 11
5.4238375
 21
8.770833333333334
 31
0.0
100
AcDbText
  0
TEXT
  5
31F
330
17
100
AcDbEntity
  8
A-ANNO-TEXT
100
AcDbText
 10
6.025
 20
5.248083333333334
 30
0.0
 40
0.06
  1
16
  7
KS-BOLD
 72
1
 11
6.025
 21
5.248083333333334
 31
0.0
100
AcDbText
  0
TEXT
  5
320
330
17
100
AcDbEntity
  8
A-ANNO-TEXT
100
AcDbText
 10
5.99549126772213
 20
8.75223746189238
 30
0.0
 40
0.06
  1
22
  7
KS-BOLD
 72
1
 11
5.99549126772213
 21
8.75223746189238
 31
0.0
100
AcDbText
  0
TEXT
  5
321
330
17
100
AcDbEntity
  8
A-ANNO-TEXT
100
AcDbText
 10
2.0083375
 20
3.125854811047057
 30
0.0
 40
0.06
  1
23
  7
KS-BOLD
 72
1
 11
2.0083375
 21
3.125854811047057
 31
0.0
100
AcDbText
  0
TEXT
  5
322
330
17
100
AcDbEntity
  8
A-ANNO-TEXT
100
AcDbText
 10
3.95
 20
6.361111111111112
 30
0.0
 40
0.07999999999999999
  1
EVENT FLOOR
  7
KS-BOLD
 72
1
 11
3.95
 21
6.361111111111112
 31
0.0
100
AcDbText
  0
TEXT
  5
323
330
17
100
AcDbEntity
  8
A-ANNO-TEXT
100
AcDbText
 10
3.95
 20
6.195833333333334
 30
0.0
 40
0.06
  1
120 x 144 ft · 4 x 42 ft mats
  7
KS-REG
 72
1
 11
3.95
 21
6.195833333333334
 31
0.0
100
AcDbText
  0
TEXT
  5
324
330
17
100
AcDbEntity
  8
A-ANNO-TEXT
100
AcDbText
 10
3.2250000000000005
 20
9.54826388888889
 30
0.0
 40
0.055
  1
24  CHAIR / TABLE / STAGE
  7
KS-BOLD
 72
1
 11
3.2250000000000005
 21
9.54826388888889
 31
0.0
100
AcDbText
  0
TEXT
  5
325
330
17
100
AcDbEntity
  8
A-ANNO-TEXT
100
AcDbText
 10
3.2250000000000005
 20
9.39826388888889
 30
0.0
 40
0.055
  1
STORAGE · 2,100 SF
  7
KS-REG
 72
1
 11
3.2250000000000005
 21
9.39826388888889
 31
0.0
100
AcDbText
  0
TEXT
  5
326
330
17
100
AcDbEntity
  8
A-ANNO-TEXT
100
AcDbText
 10
4.775
 20
9.650694444444445
 30
0.0
 40
0.05
  1
29  MECH / ELEC
  7
KS-BOLD
 72
1
 11
4.775
 21
9.650694444444445
 31
0.0
100
AcDbText
  0
TEXT
  5
327
330
17
100
AcDbEntity
  8
A-ANNO-TEXT
100
AcDbText
 10
4.775
 20
9.513194444444446
 30
0.0
 40
0.05
  1
BAY · 900 SF
  7
KS-REG
 72
1
 11
4.775
 21
9.513194444444446
 31
0.0
100
AcDbText
  0
TEXT
  5
328
330
17
100
AcDbEntity
  8
A-ANNO-TEXT
100
AcDbText
 10
4.775
 20
9.375694444444445
 30
0.0
 40
0.05
  1
x 134-164
  7
KS-REG
 72
1
 11
4.775
 21
9.375694444444445
 31
0.0
100
AcDbText
  0
TEXT
  5
329
330
17
100
AcDbEntity
  8
A-ANNO-TEXT
100
AcDbText
 10
6.675
 20
7.59826388888889
 30
0.0
 40
0.055
  1
25 / 26 / 27
 50
90.0
  7
KS-BOLD
 72
1
 11
6.675
 21
7.59826388888889
 31
0.0
100
AcDbText
  0
TEXT
  5
32A
330
17
100
AcDbEntity
  8
A-ANNO-TEXT
100
AcDbText
 10
3.1500000000000004
 20
2.9958333333333336
 30
0.0
 40
0.06
  1
E1 MAIN ENTRY
  7
KS-BOLD
 72
1
 11
3.1500000000000004
 21
2.9958333333333336
 31
0.0
100
AcDbText
  0
LINE
  5
32B
330
17
100
AcDbEntity
  8
A-ANNO-DIMS
100
AcDbLine
 10
1.05
 20
2.6750000000000003
 30
0.0
 11
6.3
 21
2.6750000000000003
 31
0.0
  0
TEXT
  5
32C
330
17
100
AcDbEntity
  8
A-ANNO-DIMS
100
AcDbText
 10
3.675
 20
2.5450000000000004
 30
0.0
 40
0.06999999999999999
  1
210'-0" (box; R = 20'-0" corners)
  7
KS-REG
 72
1
 11
3.675
 21
2.5450000000000004
 31
0.0
100
AcDbText
  0
LINE
  5
32D
330
17
100
AcDbEntity
  8
A-ANNO-DIMS
100
AcDbLine
 10
0.8250000000000001
 20
2.9000000000000004
 30
0.0
 11
0.8250000000000001
 21
9.200000000000001
 31
0.0
  0
TEXT
  5
32E
330
17
100
AcDbEntity
  8
A-ANNO-DIMS
100
AcDbText
 10
0.7250000000000001
 20
6.050000000000001
 30
0.0
 40
0.06999999999999999
  1
252'-0"
 50
90.0
  7
KS-REG
 72
1
 11
0.7250000000000001
 21
6.050000000000001
 31
0.0
100
AcDbText
  0
LINE
  5
32F
330
17
100
AcDbEntity
  8
A-ANNO-TEXT
100
AcDbLine
 10
7.6000000000000005
 20
3.9000000000000004
 30
0.0
 11
7.6000000000000005
 21
4.4
 31
0.0
  0
LINE
  5
330
330
17
100
AcDbEntity
  8
A-ANNO-TEXT
100
AcDbLine
 10
7.6000000000000005
 20
4.4
 30
0.0
 11
7.53
 21
4.28
 31
0.0
  0
LINE
  5
331
330
17
100
AcDbEntity
  8
A-ANNO-TEXT
100
AcDbLine
 10
7.6000000000000005
 20
4.4
 30
0.0
 11
7.670000000000001
 21
4.28
 31
0.0
  0
TEXT
  5
332
330
17
100
AcDbEntity
  8
A-ANNO-TEXT
100
AcDbText
 10
7.6000000000000005
 20
4.470000000000001
 30
0.0
 40
0.1
  1
N
  7
KS-BOLD
 72
1
 11
7.6000000000000005
 21
4.470000000000001
 31
0.0
100
AcDbText
  0
TEXT
  5
333
330
17
100
AcDbEntity
  8
A-ANNO-TEXT
100
AcDbText
 10
7.6000000000000005
 20
3.7500000000000004
 30
0.0
 40
0.06
  1
approx. · site TBD
  7
KS-REG
 72
1
 11
7.6000000000000005
 21
3.7500000000000004
 31
0.0
100
AcDbText
  0
TEXT
  5
334
330
17
100
AcDbEntity
  8
A-ANNO-TEXT
100
AcDbText
 10
8.05
 20
10.1
 30
0.0
 40
0.13
  1
SCHEMATIC — BLOCK PLAN, CONCEPT ENVELOPE
  7
KS-BOLD
 11
8.05
 21
10.1
 31
0.0
100
AcDbText
  0
TEXT
  5
335
330
17
100
AcDbEntity
  8
A-ANNO-TEXT
100
AcDbText
 10
8.05
 20
9.85
 30
0.0
 40
0.11
  1
LEVEL 1 — OVERALL FLOOR PLAN (REV L)
  7
KS-BOLD
 11
8.05
 21
9.85
 31
0.0
100
AcDbText
  0
TEXT
  5
336
330
17
100
AcDbEntity
  8
A-ANNO-TEXT
100
AcDbText
 10
8.05
 20
9.527500000000002
 30
0.0
 40
0.075
  1
Rev K (approved, D-079) with the NE stair tower resized to a 29 ft drum (D-081); everything else as drawn on Rev K (P2-A-101_RevK.dxf). Rev K tower and bay
  7
KS-REG
 11
8.05
 21
9.527500000000002
 31
0.0
100
AcDbText
  0
TEXT
  5
337
330
17
100
AcDbEntity
  8
A-ANNO-TEXT
100
AcDbText
 10
8.05
 20
9.390000000000002
 30
0.0
 40
0.075
  1
shown dashed.
  7
KS-REG
 11
8.05
 21
9.390000000000002
 31
0.0
100
AcDbText
  0
TEXT
  5
338
330
17
100
AcDbEntity
  8
A-ANNO-TEXT
100
AcDbText
 10
8.05
 20
9.220625000000002
 30
0.0
 40
0.09
  1
CHANGES FROM REV K (all ASSUMED)
  7
KS-BOLD
 11
8.05
 21
9.220625000000002
 31
0.0
100
AcDbText
  0
TEXT
  5
339
330
17
100
AcDbEntity
  8
A-ANNO-TEXT
100
AcDbText
 10
8.05
 20
9.053025000000002
 30
0.0
 40
0.072
  1
•
  7
KS-REG
 11
8.05
 21
9.053025000000002
 31
0.0
100
AcDbText
  0
TEXT
  5
33A
330
17
100
AcDbEntity
  8
A-ANNO-TEXT
100
AcDbText
 10
8.190000000000001
 20
9.053025000000002
 30
0.0
 40
0.072
  1
ST-2: 20 ft tower at (178, 257.7) becomes a 29 ft drum centred (182, 262.5), west edge x 167.5; the outline still wraps it. +341 SF on this level (D-080 F1, D-081).
  7
KS-REG
 11
8.190000000000001
 21
9.053025000000002
 31
0.0
100
AcDbText
  0
TEXT
  5
33B
330
17
100
AcDbEntity
  8
A-ANNO-TEXT
100
AcDbText
 10
8.05
 20
8.888025000000003
 30
0.0
 40
0.072
  1
•
  7
KS-REG
 11
8.05
 21
8.888025000000003
 31
0.0
100
AcDbText
  0
TEXT
  5
33C
330
17
100
AcDbEntity
  8
A-ANNO-TEXT
100
AcDbText
 10
8.190000000000001
 20
8.888025000000003
 30
0.0
 40
0.072
  1
Stair fit: 12.67 x 24.08 ft stair (dashed), diagonal 27.2 ft inside about 27.7 ft = 0.49 ft spare (about 3 in at each end corner). The Rev K tower had room for 15.5 ft of
  7
KS-REG
 11
8.190000000000001
 21
8.888025000000003
 31
0.0
100
AcDbText
  0
TEXT
  5
33D
330
17
100
AcDbEntity
  8
A-ANNO-TEXT
100
AcDbText
 10
8.190000000000001
 20
8.756025000000003
 30
0.0
 40
0.072
  1
run.
  7
KS-REG
 11
8.190000000000001
 21
8.756025000000003
 31
0.0
100
AcDbText
  0
TEXT
  5
33E
330
17
100
AcDbEntity
  8
A-ANNO-TEXT
100
AcDbText
 10
8.05
 20
8.591025000000004
 30
0.0
 40
0.072
  1
•
  7
KS-REG
 11
8.05
 21
8.591025000000004
 31
0.0
100
AcDbText
  0
TEXT
  5
33F
330
17
100
AcDbEntity
  8
A-ANNO-TEXT
100
AcDbText
 10
8.190000000000001
 20
8.591025000000004
 30
0.0
 40
0.072
  1
X6 on the drum east face (196.5, 262.5), to open ground NE.
  7
KS-REG
 11
8.190000000000001
 21
8.591025000000004
 31
0.0
100
AcDbText
  0
TEXT
  5
340
330
17
100
AcDbEntity
  8
A-ANNO-TEXT
100
AcDbText
 10
8.05
 20
8.426025000000005
 30
0.0
 40
0.072
  1
•
  7
KS-REG
 11
8.05
 21
8.426025000000005
 31
0.0
100
AcDbText
  0
TEXT
  5
341
330
17
100
AcDbEntity
  8
A-ANNO-TEXT
100
AcDbText
 10
8.190000000000001
 20
8.426025000000005
 30
0.0
 40
0.072
  1
29 MECH / ELEC BAY slides 2 ft west to x 134-164 (900 SF): 3.5 ft to the drum; EXIT (N) at X5 keeps a 12 ft lane between the annex and the bay (passage 1.85 ft
  7
KS-REG
 11
8.190000000000001
 21
8.426025000000005
 31
0.0
100
AcDbText
  0
TEXT
  5
342
330
17
100
AcDbEntity
  8
A-ANNO-TEXT
100
AcDbText
 10
8.190000000000001
 20
8.294025000000005
 30
0.0
 40
0.072
  1
from the annex, 2.15 ft from the bay).
  7
KS-REG
 11
8.190000000000001
 21
8.294025000000005
 31
0.0
100
AcDbText
  0
TEXT
  5
343
330
17
100
AcDbEntity
  8
A-ANNO-TEXT
100
AcDbText
 10
8.05
 20
8.126625000000006
 30
0.0
 40
0.09
  1
ROOMS CHANGED (SF net of stairs, inside the envelope)
  7
KS-BOLD
 11
8.05
 21
8.126625000000006
 31
0.0
100
AcDbText
  0
TEXT
  5
344
330
17
100
AcDbEntity
  8
A-ANNO-TEXT
100
AcDbText
 10
8.05
 20
7.926625000000006
 30
0.0
 40
0.06999999999999999
  1
TAG
  7
KS-BOLD
 11
8.05
 21
7.926625000000006
 31
0.0
100
AcDbText
  0
TEXT
  5
345
330
17
100
AcDbEntity
  8
A-ANNO-TEXT
100
AcDbText
 10
8.4
 20
7.926625000000006
 30
0.0
 40
0.06999999999999999
  1
ROOM
  7
KS-BOLD
 11
8.4
 21
7.926625000000006
 31
0.0
100
AcDbText
  0
TEXT
  5
346
330
17
100
AcDbEntity
  8
A-ANNO-TEXT
100
AcDbText
 10
11.65
 20
7.926625000000006
 30
0.0
 40
0.06999999999999999
  1
REV K
  7
KS-BOLD
 11
11.65
 21
7.926625000000006
 31
0.0
100
AcDbText
  0
TEXT
  5
347
330
17
100
AcDbEntity
  8
A-ANNO-TEXT
100
AcDbText
 10
12.75
 20
7.926625000000006
 30
0.0
 40
0.06999999999999999
  1
REV L
  7
KS-BOLD
 11
12.75
 21
7.926625000000006
 31
0.0
100
AcDbText
  0
TEXT
  5
348
330
17
100
AcDbEntity
  8
A-ANNO-TEXT
100
AcDbText
 10
13.850000000000001
 20
7.926625000000006
 30
0.0
 40
0.06999999999999999
  1
CHANGE
  7
KS-BOLD
 11
13.850000000000001
 21
7.926625000000006
 31
0.0
100
AcDbText
  0
LINE
  5
349
330
17
100
AcDbEntity
  8
A-ANNO-TEXT
100
AcDbLine
 10
8.05
 20
7.886625000000006
 30
0.0
 11
16.5
 21
7.886625000000006
 31
0.0
  0
TEXT
  5
34A
330
17
100
AcDbEntity
  8
A-ANNO-TEXT
100
AcDbText
 10
8.05
 20
7.756625000000006
 30
0.0
 40
0.06999999999999999
  1
15
  7
KS-REG
 11
8.05
 21
7.756625000000006
 31
0.0
100
AcDbText
  0
TEXT
  5
34B
330
17
100
AcDbEntity
  8
A-ANNO-TEXT
100
AcDbText
 10
8.4
 20
7.756625000000006
 30
0.0
 40
0.06999999999999999
  1
MECH (N)
  7
KS-REG
 11
8.4
 21
7.756625000000006
 31
0.0
100
AcDbText
  0
TEXT
  5
34C
330
17
100
AcDbEntity
  8
A-ANNO-TEXT
100
AcDbText
 10
11.65
 20
7.756625000000006
 30
0.0
 40
0.06999999999999999
  1
564
  7
KS-REG
 11
11.65
 21
7.756625000000006
 31
0.0
100
AcDbText
  0
TEXT
  5
34D
330
17
100
AcDbEntity
  8
A-ANNO-TEXT
100
AcDbText
 10
12.75
 20
7.756625000000006
 30
0.0
 40
0.06999999999999999
  1
571
  7
KS-REG
 11
12.75
 21
7.756625000000006
 31
0.0
100
AcDbText
  0
TEXT
  5
34E
330
17
100
AcDbEntity
  8
A-ANNO-TEXT
100
AcDbText
 10
13.850000000000001
 20
7.756625000000006
 30
0.0
 40
0.06999999999999999
  1
+7
  7
KS-REG
 11
13.850000000000001
 21
7.756625000000006
 31
0.0
100
AcDbText
  0
TEXT
  5
34F
330
17
100
AcDbEntity
  8
A-ANNO-TEXT
100
AcDbText
 10
8.05
 20
7.498825000000006
 30
0.0
 40
0.06599999999999999
  1
Rev K column net of the 20 ft tower (P2-G-002 Rev E F3: the Rev K sheet did not deduct it from MECH (N)). The old Rev F-J ST-2 strip inside the box (x 185.9-210, y 246-252, about 71
  7
KS-REG
 11
8.05
 21
7.498825000000006
 31
0.0
100
AcDbText
  0
TEXT
  5
350
330
17
100
AcDbEntity
  8
A-ANNO-TEXT
100
AcDbText
 10
8.05
 20
7.377825000000006
 30
0.0
 40
0.06599999999999999
  1
SF) stays unassigned, as on Rev K.
  7
KS-REG
 11
8.05
 21
7.377825000000006
 31
0.0
100
AcDbText
  0
TEXT
  5
351
330
17
100
AcDbEntity
  8
A-ANNO-TEXT
100
AcDbText
 10
8.05
 20
7.234375000000006
 30
0.0
 40
0.09
  1
AREA CHECK (no SF cap, D-056; L1, L2, total vs last rev, D-057)
  7
KS-BOLD
 11
8.05
 21
7.234375000000006
 31
0.0
100
AcDbText
  0
TEXT
  5
352
330
17
100
AcDbEntity
  8
A-ANNO-TEXT
100
AcDbText
 10
8.05
 20
7.034375000000006
 30
0.0
 40
0.06999999999999999
  1

  7
KS-BOLD
 11
8.05
 21
7.034375000000006
 31
0.0
100
AcDbText
  0
TEXT
  5
353
330
17
100
AcDbEntity
  8
A-ANNO-TEXT
100
AcDbText
 10
11.05
 20
7.034375000000006
 30
0.0
 40
0.06999999999999999
  1
REV K / G
  7
KS-BOLD
 11
11.05
 21
7.034375000000006
 31
0.0
100
AcDbText
  0
TEXT
  5
354
330
17
100
AcDbEntity
  8
A-ANNO-TEXT
100
AcDbText
 10
12.450000000000001
 20
7.034375000000006
 30
0.0
 40
0.06999999999999999
  1
REV L / H
  7
KS-BOLD
 11
12.450000000000001
 21
7.034375000000006
 31
0.0
100
AcDbText
  0
TEXT
  5
355
330
17
100
AcDbEntity
  8
A-ANNO-TEXT
100
AcDbText
 10
13.850000000000001
 20
7.034375000000006
 30
0.0
 40
0.06999999999999999
  1
CHANGE
  7
KS-BOLD
 11
13.850000000000001
 21
7.034375000000006
 31
0.0
100
AcDbText
  0
LINE
  5
356
330
17
100
AcDbEntity
  8
A-ANNO-TEXT
100
AcDbLine
 10
8.05
 20
6.994375000000006
 30
0.0
 11
16.5
 21
6.994375000000006
 31
0.0
  0
TEXT
  5
357
330
17
100
AcDbEntity
  8
A-ANNO-TEXT
100
AcDbText
 10
8.05
 20
6.864375000000006
 30
0.0
 40
0.06999999999999999
  1
L1 footprint (envelope + annex + bay + bump-out)
  7
KS-REG
 11
8.05
 21
6.864375000000006
 31
0.0
100
AcDbText
  0
TEXT
  5
358
330
17
100
AcDbEntity
  8
A-ANNO-TEXT
100
AcDbText
 10
11.05
 20
6.864375000000006
 30
0.0
 40
0.06999999999999999
  1
57,520
  7
KS-REG
 11
11.05
 21
6.864375000000006
 31
0.0
100
AcDbText
  0
TEXT
  5
359
330
17
100
AcDbEntity
  8
A-ANNO-TEXT
100
AcDbText
 10
12.450000000000001
 20
6.864375000000006
 30
0.0
 40
0.06999999999999999
  1
57,861
  7
KS-REG
 11
12.450000000000001
 21
6.864375000000006
 31
0.0
100
AcDbText
  0
TEXT
  5
35A
330
17
100
AcDbEntity
  8
A-ANNO-TEXT
100
AcDbText
 10
13.850000000000001
 20
6.864375000000006
 30
0.0
 40
0.06999999999999999
  1
+341
  7
KS-REG
 11
13.850000000000001
 21
6.864375000000006
 31
0.0
100
AcDbText
  0
TEXT
  5
35B
330
17
100
AcDbEntity
  8
A-ANNO-TEXT
100
AcDbText
 10
8.05
 20
6.714375000000006
 30
0.0
 40
0.06999999999999999
  1
L2 area (envelope - open-to-below)
  7
KS-REG
 11
8.05
 21
6.714375000000006
 31
0.0
100
AcDbText
  0
TEXT
  5
35C
330
17
100
AcDbEntity
  8
A-ANNO-TEXT
100
AcDbText
 10
11.05
 20
6.714375000000006
 30
0.0
 40
0.06999999999999999
  1
28,692
  7
KS-REG
 11
11.05
 21
6.714375000000006
 31
0.0
100
AcDbText
  0
TEXT
  5
35D
330
17
100
AcDbEntity
  8
A-ANNO-TEXT
100
AcDbText
 10
12.450000000000001
 20
6.714375000000006
 30
0.0
 40
0.06999999999999999
  1
29,033
  7
KS-REG
 11
12.450000000000001
 21
6.714375000000006
 31
0.0
100
AcDbText
  0
TEXT
  5
35E
330
17
100
AcDbEntity
  8
A-ANNO-TEXT
100
AcDbText
 10
13.850000000000001
 20
6.714375000000006
 30
0.0
 40
0.06999999999999999
  1
+341
  7
KS-REG
 11
13.850000000000001
 21
6.714375000000006
 31
0.0
100
AcDbText
  0
TEXT
  5
35F
330
17
100
AcDbEntity
  8
A-ANNO-TEXT
100
AcDbText
 10
8.05
 20
6.564375000000005
 30
0.0
 40
0.06999999999999999
  1
TOTAL GSF
  7
KS-BOLD
 11
8.05
 21
6.564375000000005
 31
0.0
100
AcDbText
  0
TEXT
  5
360
330
17
100
AcDbEntity
  8
A-ANNO-TEXT
100
AcDbText
 10
11.05
 20
6.564375000000005
 30
0.0
 40
0.06999999999999999
  1
86,212
  7
KS-BOLD
 11
11.05
 21
6.564375000000005
 31
0.0
100
AcDbText
  0
TEXT
  5
361
330
17
100
AcDbEntity
  8
A-ANNO-TEXT
100
AcDbText
 10
12.450000000000001
 20
6.564375000000005
 30
0.0
 40
0.06999999999999999
  1
86,894
  7
KS-BOLD
 11
12.450000000000001
 21
6.564375000000005
 31
0.0
100
AcDbText
  0
TEXT
  5
362
330
17
100
AcDbEntity
  8
A-ANNO-TEXT
100
AcDbText
 10
13.850000000000001
 20
6.564375000000005
 30
0.0
 40
0.06999999999999999
  1
+682
  7
KS-BOLD
 11
13.850000000000001
 21
6.564375000000005
 31
0.0
100
AcDbText
  0
TEXT
  5
363
330
17
100
AcDbEntity
  8
A-ANNO-TEXT
100
AcDbText
 10
8.05
 20
6.263308333333339
 30
0.0
 40
0.06799999999999999
  1
L1 = envelope polygon 53,181 SF + annex 2,100 + bay 900 + bump-out 1,680. L2 = envelope - open-to-below 24,148 SF (Rev G method, D-079). Rev K / G baseline recomputed
  7
KS-REG
 11
8.05
 21
6.263308333333339
 31
0.0
100
AcDbText
  0
TEXT
  5
364
330
17
100
AcDbEntity
  8
A-ANNO-TEXT
100
AcDbText
 10
8.05
 20
6.138641666666673
 30
0.0
 40
0.06799999999999999
  1
from the same files = D-079. Program lines: P2-G-003 Rev L.
  7
KS-REG
 11
8.05
 21
6.138641666666673
 31
0.0
100
AcDbText
  0
TEXT
  5
365
330
17
100
AcDbEntity
  8
A-ANNO-TEXT
100
AcDbText
 10
8.05
 20
5.953875000000006
 30
0.0
 40
0.09
  1
ROOM SCHEDULE — LEVEL 1 (SF net of stairs, Rev L)
  7
KS-BOLD
 11
8.05
 21
5.953875000000006
 31
0.0
100
AcDbText
  0
TEXT
  5
366
330
17
100
AcDbEntity
  8
A-ANNO-TEXT
100
AcDbText
 10
8.05
 20
5.7738750000000065
 30
0.0
 40
0.063
  1
1
  7
KS-BOLD
 11
8.05
 21
5.7738750000000065
 31
0.0
100
AcDbText
  0
TEXT
  5
367
330
17
100
AcDbEntity
  8
A-ANNO-TEXT
100
AcDbText
 10
8.33
 20
5.7738750000000065
 30
0.0
 40
0.063
  1
BOYS LOCKER
  7
KS-REG
 11
8.33
 21
5.7738750000000065
 31
0.0
100
AcDbText
  0
TEXT
  5
368
330
17
100
AcDbEntity
  8
A-ANNO-TEXT
100
AcDbText
 10
12.0
 20
5.7738750000000065
 30
0.0
 40
0.063
  1
3,507
  7
KS-REG
 72
2
 11
12.0
 21
5.7738750000000065
 31
0.0
100
AcDbText
  0
TEXT
  5
369
330
17
100
AcDbEntity
  8
A-ANNO-TEXT
100
AcDbText
 10
8.05
 20
5.6488750000000065
 30
0.0
 40
0.063
  1
2
  7
KS-BOLD
 11
8.05
 21
5.6488750000000065
 31
0.0
100
AcDbText
  0
TEXT
  5
36A
330
17
100
AcDbEntity
  8
A-ANNO-TEXT
100
AcDbText
 10
8.33
 20
5.6488750000000065
 30
0.0
 40
0.063
  1
GIRLS LOCKER
  7
KS-REG
 11
8.33
 21
5.6488750000000065
 31
0.0
100
AcDbText
  0
TEXT
  5
36B
330
17
100
AcDbEntity
  8
A-ANNO-TEXT
100
AcDbText
 10
12.0
 20
5.6488750000000065
 30
0.0
 40
0.063
  1
3,507
  7
KS-REG
 72
2
 11
12.0
 21
5.6488750000000065
 31
0.0
100
AcDbText
  0
TEXT
  5
36C
330
17
100
AcDbEntity
  8
A-ANNO-TEXT
100
AcDbText
 10
8.05
 20
5.5238750000000065
 30
0.0
 40
0.063
  1
3
  7
KS-BOLD
 11
8.05
 21
5.5238750000000065
 31
0.0
100
AcDbText
  0
TEXT
  5
36D
330
17
100
AcDbEntity
  8
A-ANNO-TEXT
100
AcDbText
 10
8.33
 20
5.5238750000000065
 30
0.0
 40
0.063
  1
MECH / ELEC (NW)
  7
KS-REG
 11
8.33
 21
5.5238750000000065
 31
0.0
100
AcDbText
  0
TEXT
  5
36E
330
17
100
AcDbEntity
  8
A-ANNO-TEXT
100
AcDbText
 10
12.0
 20
5.5238750000000065
 30
0.0
 40
0.063
  1
931
  7
KS-REG
 72
2
 11
12.0
 21
5.5238750000000065
 31
0.0
100
AcDbText
  0
TEXT
  5
36F
330
17
100
AcDbEntity
  8
A-ANNO-TEXT
100
AcDbText
 10
8.05
 20
5.3988750000000065
 30
0.0
 40
0.063
  1
4
  7
KS-BOLD
 11
8.05
 21
5.3988750000000065
 31
0.0
100
AcDbText
  0
TEXT
  5
370
330
17
100
AcDbEntity
  8
A-ANNO-TEXT
100
AcDbText
 10
8.33
 20
5.3988750000000065
 30
0.0
 40
0.063
  1
MEN
  7
KS-REG
 11
8.33
 21
5.3988750000000065
 31
0.0
100
AcDbText
  0
TEXT
  5
371
330
17
100
AcDbEntity
  8
A-ANNO-TEXT
100
AcDbText
 10
12.0
 20
5.3988750000000065
 30
0.0
 40
0.063
  1
700
  7
KS-REG
 72
2
 11
12.0
 21
5.3988750000000065
 31
0.0
100
AcDbText
  0
TEXT
  5
372
330
17
100
AcDbEntity
  8
A-ANNO-TEXT
100
AcDbText
 10
8.05
 20
5.2738750000000065
 30
0.0
 40
0.063
  1
5
  7
KS-BOLD
 11
8.05
 21
5.2738750000000065
 31
0.0
100
AcDbText
  0
TEXT
  5
373
330
17
100
AcDbEntity
  8
A-ANNO-TEXT
100
AcDbText
 10
8.33
 20
5.2738750000000065
 30
0.0
 40
0.063
  1
WOMEN
  7
KS-REG
 11
8.33
 21
5.2738750000000065
 31
0.0
100
AcDbText
  0
TEXT
  5
374
330
17
100
AcDbEntity
  8
A-ANNO-TEXT
100
AcDbText
 10
12.0
 20
5.2738750000000065
 30
0.0
 40
0.063
  1
1,150
  7
KS-REG
 72
2
 11
12.0
 21
5.2738750000000065
 31
0.0
100
AcDbText
  0
TEXT
  5
375
330
17
100
AcDbEntity
  8
A-ANNO-TEXT
100
AcDbText
 10
8.05
 20
5.1488750000000065
 30
0.0
 40
0.063
  1
6
  7
KS-BOLD
 11
8.05
 21
5.1488750000000065
 31
0.0
100
AcDbText
  0
TEXT
  5
376
330
17
100
AcDbEntity
  8
A-ANNO-TEXT
100
AcDbText
 10
8.33
 20
5.1488750000000065
 30
0.0
 40
0.063
  1
FIRST AID
  7
KS-REG
 11
8.33
 21
5.1488750000000065
 31
0.0
100
AcDbText
  0
TEXT
  5
377
330
17
100
AcDbEntity
  8
A-ANNO-TEXT
100
AcDbText
 10
12.0
 20
5.1488750000000065
 30
0.0
 40
0.063
  1
120
  7
KS-REG
 72
2
 11
12.0
 21
5.1488750000000065
 31
0.0
100
AcDbText
  0
TEXT
  5
378
330
17
100
AcDbEntity
  8
A-ANNO-TEXT
100
AcDbText
 10
8.05
 20
5.0238750000000065
 30
0.0
 40
0.063
  1
7
  7
KS-BOLD
 11
8.05
 21
5.0238750000000065
 31
0.0
100
AcDbText
  0
TEXT
  5
379
330
17
100
AcDbEntity
  8
A-ANNO-TEXT
100
AcDbText
 10
8.33
 20
5.0238750000000065
 30
0.0
 40
0.063
  1
VESTIBULE
  7
KS-REG
 11
8.33
 21
5.0238750000000065
 31
0.0
100
AcDbText
  0
TEXT
  5
37A
330
17
100
AcDbEntity
  8
A-ANNO-TEXT
100
AcDbText
 10
12.0
 20
5.0238750000000065
 30
0.0
 40
0.063
  1
520
  7
KS-REG
 72
2
 11
12.0
 21
5.0238750000000065
 31
0.0
100
AcDbText
  0
TEXT
  5
37B
330
17
100
AcDbEntity
  8
A-ANNO-TEXT
100
AcDbText
 10
8.05
 20
4.8988750000000065
 30
0.0
 40
0.063
  1
8
  7
KS-BOLD
 11
8.05
 21
4.8988750000000065
 31
0.0
100
AcDbText
  0
TEXT
  5
37C
330
17
100
AcDbEntity
  8
A-ANNO-TEXT
100
AcDbText
 10
8.33
 20
4.8988750000000065
 30
0.0
 40
0.063
  1
CONCESSION
  7
KS-REG
 11
8.33
 21
4.8988750000000065
 31
0.0
100
AcDbText
  0
TEXT
  5
37D
330
17
100
AcDbEntity
  8
A-ANNO-TEXT
100
AcDbText
 10
12.0
 20
4.8988750000000065
 30
0.0
 40
0.063
  1
275
  7
KS-REG
 72
2
 11
12.0
 21
4.8988750000000065
 31
0.0
100
AcDbText
  0
TEXT
  5
37E
330
17
100
AcDbEntity
  8
A-ANNO-TEXT
100
AcDbText
 10
8.05
 20
4.7738750000000065
 30
0.0
 40
0.063
  1
9
  7
KS-BOLD
 11
8.05
 21
4.7738750000000065
 31
0.0
100
AcDbText
  0
TEXT
  5
37F
330
17
100
AcDbEntity
  8
A-ANNO-TEXT
100
AcDbText
 10
8.33
 20
4.7738750000000065
 30
0.0
 40
0.063
  1
EQUIP. STORAGE
  7
KS-REG
 11
8.33
 21
4.7738750000000065
 31
0.0
100
AcDbText
  0
TEXT
  5
380
330
17
100
AcDbEntity
  8
A-ANNO-TEXT
100
AcDbText
 10
12.0
 20
4.7738750000000065
 30
0.0
 40
0.063
  1
700
  7
KS-REG
 72
2
 11
12.0
 21
4.7738750000000065
 31
0.0
100
AcDbText
  0
TEXT
  5
381
330
17
100
AcDbEntity
  8
A-ANNO-TEXT
100
AcDbText
 10
8.05
 20
4.6488750000000065
 30
0.0
 40
0.063
  1
10
  7
KS-BOLD
 11
8.05
 21
4.6488750000000065
 31
0.0
100
AcDbText
  0
TEXT
  5
382
330
17
100
AcDbEntity
  8
A-ANNO-TEXT
100
AcDbText
 10
8.33
 20
4.6488750000000065
 30
0.0
 40
0.063
  1
EQUIP. ROOM
  7
KS-REG
 11
8.33
 21
4.6488750000000065
 31
0.0
100
AcDbText
  0
TEXT
  5
383
330
17
100
AcDbEntity
  8
A-ANNO-TEXT
100
AcDbText
 10
12.0
 20
4.6488750000000065
 30
0.0
 40
0.063
  1
300
  7
KS-REG
 72
2
 11
12.0
 21
4.6488750000000065
 31
0.0
100
AcDbText
  0
TEXT
  5
384
330
17
100
AcDbEntity
  8
A-ANNO-TEXT
100
AcDbText
 10
8.05
 20
4.5238750000000065
 30
0.0
 40
0.063
  1
11
  7
KS-BOLD
 11
8.05
 21
4.5238750000000065
 31
0.0
100
AcDbText
  0
TEXT
  5
385
330
17
100
AcDbEntity
  8
A-ANNO-TEXT
100
AcDbText
 10
8.33
 20
4.5238750000000065
 30
0.0
 40
0.063
  1
EVENT LOCKER 1
  7
KS-REG
 11
8.33
 21
4.5238750000000065
 31
0.0
100
AcDbText
  0
TEXT
  5
386
330
17
100
AcDbEntity
  8
A-ANNO-TEXT
100
AcDbText
 10
12.0
 20
4.5238750000000065
 30
0.0
 40
0.063
  1
900
  7
KS-REG
 72
2
 11
12.0
 21
4.5238750000000065
 31
0.0
100
AcDbText
  0
TEXT
  5
387
330
17
100
AcDbEntity
  8
A-ANNO-TEXT
100
AcDbText
 10
12.3
 20
5.7738750000000065
 30
0.0
 40
0.063
  1
12
  7
KS-BOLD
 11
12.3
 21
5.7738750000000065
 31
0.0
100
AcDbText
  0
TEXT
  5
388
330
17
100
AcDbEntity
  8
A-ANNO-TEXT
100
AcDbText
 10
12.58
 20
5.7738750000000065
 30
0.0
 40
0.063
  1
EVENT LOCKER 2
  7
KS-REG
 11
12.58
 21
5.7738750000000065
 31
0.0
100
AcDbText
  0
TEXT
  5
389
330
17
100
AcDbEntity
  8
A-ANNO-TEXT
100
AcDbText
 10
16.25
 20
5.7738750000000065
 30
0.0
 40
0.063
  1
900
  7
KS-REG
 72
2
 11
16.25
 21
5.7738750000000065
 31
0.0
100
AcDbText
  0
TEXT
  5
38A
330
17
100
AcDbEntity
  8
A-ANNO-TEXT
100
AcDbText
 10
12.3
 20
5.6488750000000065
 30
0.0
 40
0.063
  1
13
  7
KS-BOLD
 11
12.3
 21
5.6488750000000065
 31
0.0
100
AcDbText
  0
TEXT
  5
38B
330
17
100
AcDbEntity
  8
A-ANNO-TEXT
100
AcDbText
 10
12.58
 20
5.6488750000000065
 30
0.0
 40
0.063
  1
EVENT LOCKER 3
  7
KS-REG
 11
12.58
 21
5.6488750000000065
 31
0.0
100
AcDbText
  0
TEXT
  5
38C
330
17
100
AcDbEntity
  8
A-ANNO-TEXT
100
AcDbText
 10
16.25
 20
5.6488750000000065
 30
0.0
 40
0.063
  1
900
  7
KS-REG
 72
2
 11
16.25
 21
5.6488750000000065
 31
0.0
100
AcDbText
  0
TEXT
  5
38D
330
17
100
AcDbEntity
  8
A-ANNO-TEXT
100
AcDbText
 10
12.3
 20
5.5238750000000065
 30
0.0
 40
0.063
  1
14
  7
KS-BOLD
 11
12.3
 21
5.5238750000000065
 31
0.0
100
AcDbText
  0
TEXT
  5
38E
330
17
100
AcDbEntity
  8
A-ANNO-TEXT
100
AcDbText
 10
12.58
 20
5.5238750000000065
 30
0.0
 40
0.063
  1
EVENT LOCKER 4
  7
KS-REG
 11
12.58
 21
5.5238750000000065
 31
0.0
100
AcDbText
  0
TEXT
  5
38F
330
17
100
AcDbEntity
  8
A-ANNO-TEXT
100
AcDbText
 10
16.25
 20
5.5238750000000065
 30
0.0
 40
0.063
  1
900
  7
KS-REG
 72
2
 11
16.25
 21
5.5238750000000065
 31
0.0
100
AcDbText
  0
TEXT
  5
390
330
17
100
AcDbEntity
  8
A-ANNO-TEXT
100
AcDbText
 10
12.3
 20
5.3988750000000065
 30
0.0
 40
0.063
  1
15
  7
KS-BOLD
 11
12.3
 21
5.3988750000000065
 31
0.0
100
AcDbText
  0
TEXT
  5
391
330
17
100
AcDbEntity
  8
A-ANNO-TEXT
100
AcDbText
 10
12.58
 20
5.3988750000000065
 30
0.0
 40
0.063
  1
MECH (N)
  7
KS-REG
 11
12.58
 21
5.3988750000000065
 31
0.0
100
AcDbText
  0
TEXT
  5
392
330
17
100
AcDbEntity
  8
A-ANNO-TEXT
100
AcDbText
 10
16.25
 20
5.3988750000000065
 30
0.0
 40
0.063
  1
571
  7
KS-REG
 72
2
 11
16.25
 21
5.3988750000000065
 31
0.0
100
AcDbText
  0
TEXT
  5
393
330
17
100
AcDbEntity
  8
A-ANNO-TEXT
100
AcDbText
 10
12.3
 20
5.2738750000000065
 30
0.0
 40
0.063
  1
16
  7
KS-BOLD
 11
12.3
 21
5.2738750000000065
 31
0.0
100
AcDbText
  0
TEXT
  5
394
330
17
100
AcDbEntity
  8
A-ANNO-TEXT
100
AcDbText
 10
12.58
 20
5.2738750000000065
 30
0.0
 40
0.063
  1
MECH (E)
  7
KS-REG
 11
12.58
 21
5.2738750000000065
 31
0.0
100
AcDbText
  0
TEXT
  5
395
330
17
100
AcDbEntity
  8
A-ANNO-TEXT
100
AcDbText
 10
16.25
 20
5.2738750000000065
 30
0.0
 40
0.063
  1
1,720
  7
KS-REG
 72
2
 11
16.25
 21
5.2738750000000065
 31
0.0
100
AcDbText
  0
TEXT
  5
396
330
17
100
AcDbEntity
  8
A-ANNO-TEXT
100
AcDbText
 10
12.3
 20
5.1488750000000065
 30
0.0
 40
0.063
  1
22
  7
KS-BOLD
 11
12.3
 21
5.1488750000000065
 31
0.0
100
AcDbText
  0
TEXT
  5
397
330
17
100
AcDbEntity
  8
A-ANNO-TEXT
100
AcDbText
 10
12.58
 20
5.1488750000000065
 30
0.0
 40
0.063
  1
MECH (NE)
  7
KS-REG
 11
12.58
 21
5.1488750000000065
 31
0.0
100
AcDbText
  0
TEXT
  5
398
330
17
100
AcDbEntity
  8
A-ANNO-TEXT
100
AcDbText
 10
16.25
 20
5.1488750000000065
 30
0.0
 40
0.063
  1
505
  7
KS-REG
 72
2
 11
16.25
 21
5.1488750000000065
 31
0.0
100
AcDbText
  0
TEXT
  5
399
330
17
100
AcDbEntity
  8
A-ANNO-TEXT
100
AcDbText
 10
12.3
 20
5.0238750000000065
 30
0.0
 40
0.063
  1
23
  7
KS-BOLD
 11
12.3
 21
5.0238750000000065
 31
0.0
100
AcDbText
  0
TEXT
  5
39A
330
17
100
AcDbEntity
  8
A-ANNO-TEXT
100
AcDbText
 10
12.58
 20
5.0238750000000065
 30
0.0
 40
0.063
  1
FLEX / STORAGE
  7
KS-REG
 11
12.58
 21
5.0238750000000065
 31
0.0
100
AcDbText
  0
TEXT
  5
39B
330
17
100
AcDbEntity
  8
A-ANNO-TEXT
100
AcDbText
 10
16.25
 20
5.0238750000000065
 30
0.0
 40
0.063
  1
972
  7
KS-REG
 72
2
 11
16.25
 21
5.0238750000000065
 31
0.0
100
AcDbText
  0
TEXT
  5
39C
330
17
100
AcDbEntity
  8
A-ANNO-TEXT
100
AcDbText
 10
12.3
 20
4.8988750000000065
 30
0.0
 40
0.063
  1
24
  7
KS-BOLD
 11
12.3
 21
4.8988750000000065
 31
0.0
100
AcDbText
  0
TEXT
  5
39D
330
17
100
AcDbEntity
  8
A-ANNO-TEXT
100
AcDbText
 10
12.58
 20
4.8988750000000065
 30
0.0
 40
0.063
  1
CHAIR / TABLE / STAGE STORAGE
  7
KS-REG
 11
12.58
 21
4.8988750000000065
 31
0.0
100
AcDbText
  0
TEXT
  5
39E
330
17
100
AcDbEntity
  8
A-ANNO-TEXT
100
AcDbText
 10
16.25
 20
4.8988750000000065
 30
0.0
 40
0.063
  1
2,100
  7
KS-REG
 72
2
 11
16.25
 21
4.8988750000000065
 31
0.0
100
AcDbText
  0
TEXT
  5
39F
330
17
100
AcDbEntity
  8
A-ANNO-TEXT
100
AcDbText
 10
12.3
 20
4.7738750000000065
 30
0.0
 40
0.063
  1
25
  7
KS-BOLD
 11
12.3
 21
4.7738750000000065
 31
0.0
100
AcDbText
  0
TEXT
  5
3A0
330
17
100
AcDbEntity
  8
A-ANNO-TEXT
100
AcDbText
 10
12.58
 20
4.7738750000000065
 30
0.0
 40
0.063
  1
RESTROOM POP-OUT (25-27)
  7
KS-REG
 11
12.58
 21
4.7738750000000065
 31
0.0
100
AcDbText
  0
TEXT
  5
3A1
330
17
100
AcDbEntity
  8
A-ANNO-TEXT
100
AcDbText
 10
16.25
 20
4.7738750000000065
 30
0.0
 40
0.063
  1
1,680
  7
KS-REG
 72
2
 11
16.25
 21
4.7738750000000065
 31
0.0
100
AcDbText
  0
TEXT
  5
3A2
330
17
100
AcDbEntity
  8
A-ANNO-TEXT
100
AcDbText
 10
12.3
 20
4.6488750000000065
 30
0.0
 40
0.063
  1
29
  7
KS-BOLD
 11
12.3
 21
4.6488750000000065
 31
0.0
100
AcDbText
  0
TEXT
  5
3A3
330
17
100
AcDbEntity
  8
A-ANNO-TEXT
100
AcDbText
 10
12.58
 20
4.6488750000000065
 30
0.0
 40
0.063
  1
MECH / ELEC BAY
  7
KS-REG
 11
12.58
 21
4.6488750000000065
 31
0.0
100
AcDbText
  0
TEXT
  5
3A4
330
17
100
AcDbEntity
  8
A-ANNO-TEXT
100
AcDbText
 10
16.25
 20
4.6488750000000065
 30
0.0
 40
0.063
  1
900
  7
KS-REG
 72
2
 11
16.25
 21
4.6488750000000065
 31
0.0
100
AcDbText
  0
TEXT
  5
3A5
330
17
100
AcDbEntity
  8
A-ANNO-TEXT
100
AcDbText
 10
8.05
 20
4.298875000000007
 30
0.0
 40
0.09
  1
OPEN (not decided here)
  7
KS-BOLD
 11
8.05
 21
4.298875000000007
 31
0.0
100
AcDbText
  0
TEXT
  5
3A6
330
17
100
AcDbEntity
  8
A-ANNO-TEXT
100
AcDbText
 10
8.05
 20
4.144541666666674
 30
0.0
 40
0.06999999999999999
  1
•
  7
KS-REG
 11
8.05
 21
4.144541666666674
 31
0.0
100
AcDbText
  0
TEXT
  5
3A7
330
17
100
AcDbEntity
  8
A-ANNO-TEXT
100
AcDbText
 10
8.190000000000001
 20
4.144541666666674
 30
0.0
 40
0.06999999999999999
  1
Drum wall: 0.49 ft spare assumes about 8 in walls; a thicker wall or a stair larger than 12.67 x 24.08 ft does not fit (architect).
  7
KS-REG
 11
8.190000000000001
 21
4.144541666666674
 31
0.0
100
AcDbText
  0
TEXT
  5
3A8
330
17
100
AcDbEntity
  8
A-ANNO-TEXT
100
AcDbText
 10
8.05
 20
3.984125000000007
 30
0.0
 40
0.06999999999999999
  1
•
  7
KS-REG
 11
8.05
 21
3.984125000000007
 31
0.0
100
AcDbText
  0
TEXT
  5
3A9
330
17
100
AcDbEntity
  8
A-ANNO-TEXT
100
AcDbText
 10
8.190000000000001
 20
3.984125000000007
 30
0.0
 40
0.06999999999999999
  1
East side as approved on Rev K = plan Rev I (bump-out y 161-217, X7 on its face, no X11), not plan Rev J (D-072). Rebase in a later rev? (P2-G-003 Rev L).
  7
KS-REG
 11
8.190000000000001
 21
3.984125000000007
 31
0.0
100
AcDbText
  0
TEXT
  5
3AA
330
17
100
AcDbEntity
  8
A-ANNO-TEXT
100
AcDbText
 10
8.05
 20
3.82370833333334
 30
0.0
 40
0.06999999999999999
  1
•
  7
KS-REG
 11
8.05
 21
3.82370833333334
 31
0.0
100
AcDbText
  0
TEXT
  5
3AB
330
17
100
AcDbEntity
  8
A-ANNO-TEXT
100
AcDbText
 10
8.190000000000001
 20
3.82370833333334
 30
0.0
 40
0.06999999999999999
  1
Structure of the curved shell and the 29 ft drum; tier depth 1'-6" or less (D-061). Exits: see P2-G-003 Rev L findings.
  7
KS-REG
 11
8.190000000000001
 21
3.82370833333334
 31
0.0
100
AcDbText
  0
TEXT
  5
3AC
330
17
100
AcDbEntity
  8
A-ANNO-TEXT
100
AcDbText
 10
8.05
 20
3.663291666666673
 30
0.0
 40
0.06999999999999999
  1
•
  7
KS-REG
 11
8.05
 21
3.663291666666673
 31
0.0
100
AcDbText
  0
TEXT
  5
3AD
330
17
100
AcDbEntity
  8
A-ANNO-TEXT
100
AcDbText
 10
8.190000000000001
 20
3.663291666666673
 30
0.0
 40
0.06999999999999999
  1
SRM / Summertown Metals roles are not agreed; names are descriptive, no marks used (D-042).
  7
KS-REG
 11
8.190000000000001
 21
3.663291666666673
 31
0.0
100
AcDbText
  0
TEXT
  5
3AE
330
17
100
AcDbEntity
  8
A-ANNO-TEXT
100
AcDbText
 10
8.05
 20
2.62
 30
0.0
 40
0.063
  1
Sources: ARENA P2-A-101_RevK.dxf; params/phase2_plan_rev_i.yaml + phase2_plan_rev_k.yaml; phase2_plan_rev_l.yaml; D-072, D-077..D-081 (DECISIONS_ARENA).
  7
KS-REG
 11
8.05
 21
2.62
 31
0.0
100
AcDbText
  0
HATCH
  5
3B2
330
17
100
AcDbEntity
  8
A-STAIR
 62
7
420
12170144
100
AcDbHatch
 10
0.0
 20
0.0
 30
0.0
210
0.0
220
0.0
230
1.0
  2
SOLID
 70
1
 71
0
 91
1
 92
1
 93
1
 72
2
 10
5.6
 20
9.4625
 40
0.36250000000000004
 50
0
 51
360
 73
1
 97
0
 75
0
 76
1
 98
0
  0
CIRCLE
  5
3B3
330
17
100
AcDbEntity
  8
A-STAIR
100
AcDbCircle
 10
5.6
 20
9.4625
 30
0.0
 40
0.36250000000000004
  0
ARC
  5
3B4
330
17
100
AcDbEntity
  8
A-WALL-EXT
100
AcDbCircle
 10
5.6
 20
9.4625
 30
0.0
 40
0.36250000000000004
100
AcDbArc
 50
313.020392
 51
226.397296
  0
ENDSEC
  0
SECTION
  2
OBJECTS
  0
DICTIONARY
  5
A
330
0
100
AcDbDictionary
281
1
  3
ACAD_COLOR
350
B
  3
ACAD_GROUP
350
C
  3
ACAD_LAYOUT
350
D
  3
ACAD_MATERIAL
350
E
  3
ACAD_MLEADERSTYLE
350
F
  3
ACAD_MLINESTYLE
350
10
  3
ACAD_PLOTSETTINGS
350
11
  3
ACAD_PLOTSTYLENAME
350
12
  3
ACAD_SCALELIST
350
14
  3
ACAD_TABLESTYLE
350
15
  3
ACAD_VISUALSTYLE
350
16
  3
EZDXF_META
350
2D
  0
DICTIONARY
  5
B
330
A
100
AcDbDictionary
281
1
  0
DICTIONARY
  5
C
330
A
100
AcDbDictionary
281
1
  0
DICTIONARY
  5
D
330
A
100
AcDbDictionary
281
1
  3
Model
350
1A
  3
Layout1
350
1E
  0
DICTIONARY
  5
E
330
A
100
AcDbDictionary
281
1
  3
ByBlock
350
1F
  3
ByLayer
350
20
  3
Global
350
21
  0
DICTIONARY
  5
F
330
A
100
AcDbDictionary
281
1
  3
Standard
350
2C
  0
DICTIONARY
  5
10
330
A
100
AcDbDictionary
281
1
  3
Standard
350
22
  0
DICTIONARY
  5
11
330
A
100
AcDbDictionary
281
1
  0
ACDBDICTIONARYWDFLT
  5
12
330
A
100
AcDbDictionary
281
1
  3
Normal
350
13
100
AcDbDictionaryWithDefault
340
13
  0
ACDBPLACEHOLDER
  5
13
330
12
  0
DICTIONARY
  5
14
330
A
100
AcDbDictionary
281
1
  0
DICTIONARY
  5
15
330
A
100
AcDbDictionary
281
1
  0
DICTIONARY
  5
16
330
A
100
AcDbDictionary
281
1
  0
LAYOUT
  5
1A
330
D
100
AcDbPlotSettings
  1

  4
A3
  6

 40
7.5
 41
20.0
 42
7.5
 43
20.0
 44
420.0
 45
297.0
 46
0.0
 47
0.0
 48
0.0
 49
0.0
140
0.0
141
0.0
142
1.0
143
1.0
 70
1024
 72
1
 73
0
 74
5
  7

 75
16
 76
0
 77
2
 78
300
147
1.0
148
0.0
149
0.0
100
AcDbLayout
  1
Model
 70
1
 71
0
 10
0.0
 20
0.0
 11
420.0
 21
297.0
 12
0.0
 22
0.0
 32
0.0
 14
1e+20
 24
1e+20
 34
1e+20
 15
-1e+20
 25
-1e+20
 35
-1e+20
146
0.0
 13
0.0
 23
0.0
 33
0.0
 16
1.0
 26
0.0
 36
0.0
 17
0.0
 27
1.0
 37
0.0
 76
1
330
17
  0
LAYOUT
  5
1E
330
D
100
AcDbPlotSettings
  1

  4
A3
  6

 40
7.5
 41
20.0
 42
7.5
 43
20.0
 44
420.0
 45
297.0
 46
0.0
 47
0.0
 48
0.0
 49
0.0
140
0.0
141
0.0
142
1.0
143
1.0
 70
0
 72
1
 73
0
 74
5
  7

 75
16
 76
0
 77
2
 78
300
147
1.0
148
0.0
149
0.0
100
AcDbLayout
  1
Layout1
 70
1
 71
1
 10
0.0
 20
0.0
 11
420.0
 21
297.0
 12
0.0
 22
0.0
 32
0.0
 14
1e+20
 24
1e+20
 34
1e+20
 15
-1e+20
 25
-1e+20
 35
-1e+20
146
0.0
 13
0.0
 23
0.0
 33
0.0
 16
1.0
 26
0.0
 36
0.0
 17
0.0
 27
1.0
 37
0.0
 76
1
330
1B
  0
MATERIAL
  5
1F
102
{ACAD_REACTORS
330
E
102
}
330
E
100
AcDbMaterial
  1
ByBlock
  2

 70
0
 40
1.0
 71
1
 41
1.0
 91
-1023410177
 42
1.0
 72
1
  3

 73
1
 74
1
 75
1
 44
0.5
 73
0
 45
1.0
 46
1.0
 77
1
  4

 78
1
 79
1
170
1
 48
1.0
171
1
  6

172
1
173
1
174
1
140
1.0
141
1.0
175
1
  7

176
1
177
1
178
1
143
1.0
179
1
  8

270
1
271
1
272
1
145
1.0
146
1.0
273
1
  9

274
1
275
1
276
1
 42
1.0
 72
1
  3

 73
1
 74
1
 75
1
 94
63
  0
MATERIAL
  5
20
102
{ACAD_REACTORS
330
E
102
}
330
E
100
AcDbMaterial
  1
ByLayer
  2

 70
0
 40
1.0
 71
1
 41
1.0
 91
-1023410177
 42
1.0
 72
1
  3

 73
1
 74
1
 75
1
 44
0.5
 73
0
 45
1.0
 46
1.0
 77
1
  4

 78
1
 79
1
170
1
 48
1.0
171
1
  6

172
1
173
1
174
1
140
1.0
141
1.0
175
1
  7

176
1
177
1
178
1
143
1.0
179
1
  8

270
1
271
1
272
1
145
1.0
146
1.0
273
1
  9

274
1
275
1
276
1
 42
1.0
 72
1
  3

 73
1
 74
1
 75
1
 94
63
  0
MATERIAL
  5
21
102
{ACAD_REACTORS
330
E
102
}
330
E
100
AcDbMaterial
  1
Global
  2

 70
0
 40
1.0
 71
1
 41
1.0
 91
-1023410177
 42
1.0
 72
1
  3

 73
1
 74
1
 75
1
 44
0.5
 73
0
 45
1.0
 46
1.0
 77
1
  4

 78
1
 79
1
170
1
 48
1.0
171
1
  6

172
1
173
1
174
1
140
1.0
141
1.0
175
1
  7

176
1
177
1
178
1
143
1.0
179
1
  8

270
1
271
1
272
1
145
1.0
146
1.0
273
1
  9

274
1
275
1
276
1
 42
1.0
 72
1
  3

 73
1
 74
1
 75
1
 94
63
  0
MLINESTYLE
  5
22
102
{ACAD_REACTORS
330
10
102
}
330
10
100
AcDbMlineStyle
  2
Standard
 70
0
  3

 62
256
 51
90.0
 52
90.0
 71
2
 49
0.5
 62
256
  6
BYLAYER
 49
-0.5
 62
256
  6
BYLAYER
  0
MLEADERSTYLE
  5
2C
102
{ACAD_REACTORS
330
F
102
}
330
F
100
AcDbMLeaderStyle
179
2
170
2
171
1
172
0
 90
2
 40
0.0
 41
0.0
173
1
 91
-1056964608
 92
-2
290
1
 42
2.0
291
1
 43
8.0
  3
Standard
 44
4.0
300

342
29
174
1
175
1
176
0
178
1
 93
-1056964608
 45
4.0
292
0
297
0
 46
4.0
 94
-1056964608
 47
1.0
 49
1.0
140
1.0
294
1
141
0.0
177
0
142
1.0
295
0
296
0
143
3.75
271
0
272
9
273
9
  0
DICTIONARY
  5
2D
330
A
100
AcDbDictionary
280
1
281
1
  3
CREATED_BY_EZDXF
350
2E
  3
WRITTEN_BY_EZDXF
350
3B1
  0
DICTIONARYVAR
  5
2E
330
2D
100
DictionaryVariables
280
0
  1
1.4.4 @ 2026-10-09T13:26:12.899674+00:00
  0
DICTIONARYVAR
  5
3B1
330
2D
100
DictionaryVariables
280
0
  1
1.4.4 @ 2026-10-09T13:26:12.993229+00:00
  0
ENDSEC
  0
EOF
