  0
SECTION
  2
HEADER
  9
$ACADVER
  1
AC1024
  9
$ACADMAINTVER
 70
6
  9
$DWGCODEPAGE
  3
ANSI_1252
  9
$LASTSAVEDBY
  1
ezdxf
  9
$INSBASE
 10
0.0
 20
0.0
 30
0.0
  9
$EXTMIN
 10
1e+20
 20
1e+20
 30
1e+20
  9
$EXTMAX
 10
-1e+20
 20
-1e+20
 30
-1e+20
  9
$LIMMIN
 10
0.0
 20
0.0
  9
$LIMMAX
 10
420.0
 20
297.0
  9
$ORTHOMODE
 70
0
  9
$REGENMODE
 70
1
  9
$FILLMODE
 70
1
  9
$QTEXTMODE
 70
0
  9
$MIRRTEXT
 70
1
  9
$LTSCALE
 40
1.0
  9
$ATTMODE
 70
1
  9
$TEXTSIZE
 40
2.5
  9
$TRACEWID
 40
1.0
  9
$TEXTSTYLE
  7
Standard
  9
$CLAYER
  8
0
  9
$CELTYPE
  6
ByLayer
  9
$CECOLOR
 62
256
  9
$CELTSCALE
 40
1.0
  9
$DISPSILH
 70
0
  9
$DIMSCALE
 40
1.0
  9
$DIMASZ
 40
2.5
  9
$DIMEXO
 40
0.625
  9
$DIMDLI
 40
3.75
  9
$DIMRND
 40
0.0
  9
$DIMDLE
 40
0.0
  9
$DIMEXE
 40
1.25
  9
$DIMTP
 40
0.0
  9
$DIMTM
 40
0.0
  9
$DIMTXT
 40
2.5
  9
$DIMCEN
 40
2.5
  9
$DIMTSZ
 40
0.0
  9
$DIMTOL
 70
0
  9
$DIMLIM
 70
0
  9
$DIMTIH
 70
0
  9
$DIMTOH
 70
0
  9
$DIMSE1
 70
0
  9
$DIMSE2
 70
0
  9
$DIMTAD
 70
1
  9
$DIMZIN
 70
8
  9
$DIMBLK
  1

  9
$DIMASO
 70
1
  9
$DIMSHO
 70
1
  9
$DIMPOST
  1

  9
$DIMAPOST
  1

  9
$DIMALT
 70
0
  9
$DIMALTD
 70
3
  9
$DIMALTF
 40
0.03937007874
  9
$DIMLFAC
 40
1.0
  9
$DIMTOFL
 70
1
  9
$DIMTVP
 40
0.0
  9
$DIMTIX
 70
0
  9
$DIMSOXD
 70
0
  9
$DIMSAH
 70
0
  9
$DIMBLK1
  1

  9
$DIMBLK2
  1

  9
$DIMSTYLE
  2
ISO-25
  9
$DIMCLRD
 70
0
  9
$DIMCLRE
 70
0
  9
$DIMCLRT
 70
0
  9
$DIMTFAC
 40
1.0
  9
$DIMGAP
 40
0.625
  9
$DIMJUST
 70
0
  9
$DIMSD1
 70
0
  9
$DIMSD2
 70
0
  9
$DIMTOLJ
 70
0
  9
$DIMTZIN
 70
8
  9
$DIMALTZ
 70
0
  9
$DIMALTTZ
 70
0
  9
$DIMUPT
 70
0
  9
$DIMDEC
 70
2
  9
$DIMTDEC
 70
2
  9
$DIMALTU
 70
2
  9
$DIMALTTD
 70
3
  9
$DIMTXSTY
  7
Standard
  9
$DIMAUNIT
 70
0
  9
$DIMADEC
 70
0
  9
$DIMALTRND
 40
0.0
  9
$DIMAZIN
 70
0
  9
$DIMDSEP
 70
44
  9
$DIMATFIT
 70
3
  9
$DIMFRAC
 70
0
  9
$DIMLDRBLK
  1

  9
$DIMLUNIT
 70
2
  9
$DIMLWD
 70
-2
  9
$DIMLWE
 70
-2
  9
$DIMTMOVE
 70
0
  9
$DIMFXL
 40
1.0
  9
$DIMFXLON
 70
0
  9
$DIMJOGANG
 40
0.785398163397
  9
$DIMTFILL
 70
0
  9
$DIMTFILLCLR
 70
0
  9
$DIMARCSYM
 70
0
  9
$DIMLTYPE
  6

  9
$DIMLTEX1
  6

  9
$DIMLTEX2
  6

  9
$DIMTXTDIRECTION
 70
0
  9
$LUNITS
 70
2
  9
$LUPREC
 70
4
  9
$SKETCHINC
 40
1.0
  9
$FILLETRAD
 40
10.0
  9
$AUNITS
 70
0
  9
$AUPREC
 70
2
  9
$MENU
  1
.
  9
$ELEVATION
 40
0.0
  9
$PELEVATION
 40
0.0
  9
$THICKNESS
 40
0.0
  9
$LIMCHECK
 70
0
  9
$CHAMFERA
 40
0.0
  9
$CHAMFERB
 40
0.0
  9
$CHAMFERC
 40
0.0
  9
$CHAMFERD
 40
0.0
  9
$SKPOLY
 70
0
  9
$TDCREATE
 40
2461318.4789351854
  9
$TDUCREATE
 40
2458532.153996898
  9
$TDUPDATE
 40
2461318.4789351854
  9
$TDUUPDATE
 40
2458532.1544311
  9
$TDINDWG
 40
0.0
  9
$TDUSRTIMER
 40
0.0
  9
$USRTIMER
 70
1
  9
$ANGBASE
 50
0.0
  9
$ANGDIR
 70
0
  9
$PDMODE
 70
0
  9
$PDSIZE
 40
0.0
  9
$PLINEWID
 40
0.0
  9
$SPLFRAME
 70
0
  9
$SPLINETYPE
 70
6
  9
$SPLINESEGS
 70
8
  9
$HANDSEED
  5
994
  9
$SURFTAB1
 70
6
  9
$SURFTAB2
 70
6
  9
$SURFTYPE
 70
6
  9
$SURFU
 70
6
  9
$SURFV
 70
6
  9
$UCSBASE
  2

  9
$UCSNAME
  2

  9
$UCSORG
 10
0.0
 20
0.0
 30
0.0
  9
$UCSXDIR
 10
1.0
 20
0.0
 30
0.0
  9
$UCSYDIR
 10
0.0
 20
1.0
 30
0.0
  9
$UCSORTHOREF
  2

  9
$UCSORTHOVIEW
 70
0
  9
$UCSORGTOP
 10
0.0
 20
0.0
 30
0.0
  9
$UCSORGBOTTOM
 10
0.0
 20
0.0
 30
0.0
  9
$UCSORGLEFT
 10
0.0
 20
0.0
 30
0.0
  9
$UCSORGRIGHT
 10
0.0
 20
0.0
 30
0.0
  9
$UCSORGFRONT
 10
0.0
 20
0.0
 30
0.0
  9
$UCSORGBACK
 10
0.0
 20
0.0
 30
0.0
  9
$PUCSBASE
  2

  9
$PUCSNAME
  2

  9
$PUCSORG
 10
0.0
 20
0.0
 30
0.0
  9
$PUCSXDIR
 10
1.0
 20
0.0
 30
0.0
  9
$PUCSYDIR
 10
0.0
 20
1.0
 30
0.0
  9
$PUCSORTHOREF
  2

  9
$PUCSORTHOVIEW
 70
0
  9
$PUCSORGTOP
 10
0.0
 20
0.0
 30
0.0
  9
$PUCSORGBOTTOM
 10
0.0
 20
0.0
 30
0.0
  9
$PUCSORGLEFT
 10
0.0
 20
0.0
 30
0.0
  9
$PUCSORGRIGHT
 10
0.0
 20
0.0
 30
0.0
  9
$PUCSORGFRONT
 10
0.0
 20
0.0
 30
0.0
  9
$PUCSORGBACK
 10
0.0
 20
0.0
 30
0.0
  9
$USERI1
 70
0
  9
$USERI2
 70
0
  9
$USERI3
 70
0
  9
$USERI4
 70
0
  9
$USERI5
 70
0
  9
$USERR1
 40
0.0
  9
$USERR2
 40
0.0
  9
$USERR3
 40
0.0
  9
$USERR4
 40
0.0
  9
$USERR5
 40
0.0
  9
$WORLDVIEW
 70
1
  9
$SHADEDGE
 70
3
  9
$SHADEDIF
 70
70
  9
$TILEMODE
 70
1
  9
$MAXACTVP
 70
64
  9
$PINSBASE
 10
0.0
 20
0.0
 30
0.0
  9
$PLIMCHECK
 70
0
  9
$PEXTMIN
 10
1e+20
 20
1e+20
 30
1e+20
  9
$PEXTMAX
 10
-1e+20
 20
-1e+20
 30
-1e+20
  9
$PLIMMIN
 10
0.0
 20
0.0
  9
$PLIMMAX
 10
420.0
 20
297.0
  9
$UNITMODE
 70
0
  9
$VISRETAIN
 70
1
  9
$PLINEGEN
 70
0
  9
$PSLTSCALE
 70
1
  9
$TREEDEPTH
 70
3020
  9
$CMLSTYLE
  2
Standard
  9
$CMLJUST
 70
0
  9
$CMLSCALE
 40
20.0
  9
$PROXYGRAPHICS
 70
1
  9
$MEASUREMENT
 70
0
  9
$CELWEIGHT
370
-1
  9
$ENDCAPS
280
0
  9
$JOINSTYLE
280
0
  9
$LWDISPLAY
290
0
  9
$INSUNITS
 70
1
  9
$HYPERLINKBASE
  1

  9
$STYLESHEET
  1

  9
$XEDIT
290
1
  9
$CEPSNTYPE
380
0
  9
$PSTYLEMODE
290
1
  9
$FINGERPRINTGUID
  2
{FD5F4780-BF15-450E-924F-8898E8AAD6D0}
  9
$VERSIONGUID
  2
{02108258-6453-4B4C-BB8F-B0D9223D1370}
  9
$EXTNAMES
290
1
  9
$PSVPSCALE
 40
0.0
  9
$OLESTARTUP
290
0
  9
$SORTENTS
280
127
  9
$INDEXCTL
280
0
  9
$HIDETEXT
280
1
  9
$XCLIPFRAME
280
1
  9
$HALOGAP
280
0
  9
$OBSCOLOR
 70
257
  9
$OBSLTYPE
280
0
  9
$INTERSECTIONDISPLAY
280
0
  9
$INTERSECTIONCOLOR
 70
257
  9
$DIMASSOC
280
2
  9
$PROJECTNAME
  1

  9
$CAMERADISPLAY
290
0
  9
$LENSLENGTH
 40
50.0
  9
$CAMERAHEIGHT
 40
0.0
  9
$STEPSPERSEC
 40
24.0
  9
$STEPSIZE
 40
100.0
  9
$3DDWFPREC
 40
2.0
  9
$PSOLWIDTH
 40
0.005
  9
$PSOLHEIGHT
 40
0.08
  9
$LOFTANG1
 40
1.570796326795
  9
$LOFTANG2
 40
1.570796326795
  9
$LOFTMAG1
 40
0.0
  9
$LOFTMAG2
 40
0.0
  9
$LOFTPARAM
 70
7
  9
$LOFTNORMALS
280
1
  9
$LATITUDE
 40
37.795
  9
$LONGITUDE
 40
-122.394
  9
$NORTHDIRECTION
 40
0.0
  9
$TIMEZONE
 70
-8000
  9
$LIGHTGLYPHDISPLAY
280
1
  9
$TILEMODELIGHTSYNCH
280
1
  9
$CMATERIAL
347
20
  9
$SOLIDHIST
280
0
  9
$SHOWHIST
280
1
  9
$DWFFRAME
280
2
  9
$DGNFRAME
280
2
  9
$REALWORLDSCALE
290
1
  9
$INTERFERECOLOR
 62
256
  9
$CSHADOW
280
0
  9
$SHADOWPLANELOCATION
 40
0.0
  0
ENDSEC
  0
SECTION
  2
CLASSES
  0
CLASS
  1
ACDBDICTIONARYWDFLT
  2
AcDbDictionaryWithDefault
  3
ObjectDBX Classes
 90
0
 91
0
280
0
281
0
  0
CLASS
  1
SUN
  2
AcDbSun
  3
SCENEOE
 90
1153
 91
0
280
0
281
0
  0
CLASS
  1
VISUALSTYLE
  2
AcDbVisualStyle
  3
ObjectDBX Classes
 90
4095
 91
0
280
0
281
0
  0
CLASS
  1
MATERIAL
  2
AcDbMaterial
  3
ObjectDBX Classes
 90
1153
 91
0
280
0
281
0
  0
CLASS
  1
SCALE
  2
AcDbScale
  3
ObjectDBX Classes
 90
1153
 91
0
280
0
281
0
  0
CLASS
  1
TABLESTYLE
  2
AcDbTableStyle
  3
ObjectDBX Classes
 90
4095
 91
0
280
0
281
0
  0
CLASS
  1
MLEADERSTYLE
  2
AcDbMLeaderStyle
  3
ACDB_MLEADERSTYLE_CLASS
 90
4095
 91
0
280
0
281
0
  0
CLASS
  1
DICTIONARYVAR
  2
AcDbDictionaryVar
  3
ObjectDBX Classes
 90
0
 91
0
280
0
281
0
  0
CLASS
  1
CELLSTYLEMAP
  2
AcDbCellStyleMap
  3
ObjectDBX Classes
 90
1152
 91
0
280
0
281
0
  0
CLASS
  1
MENTALRAYRENDERSETTINGS
  2
AcDbMentalRayRenderSettings
  3
SCENEOE
 90
1024
 91
0
280
0
281
0
  0
CLASS
  1
ACDBDETAILVIEWSTYLE
  2
AcDbDetailViewStyle
  3
ObjectDBX Classes
 90
1025
 91
0
280
0
281
0
  0
CLASS
  1
ACDBSECTIONVIEWSTYLE
  2
AcDbSectionViewStyle
  3
ObjectDBX Classes
 90
1025
 91
0
280
0
281
0
  0
CLASS
  1
RASTERVARIABLES
  2
AcDbRasterVariables
  3
ISM
 90
0
 91
0
280
0
281
0
  0
CLASS
  1
ACDBPLACEHOLDER
  2
AcDbPlaceHolder
  3
ObjectDBX Classes
 90
0
 91
0
280
0
281
0
  0
CLASS
  1
LAYOUT
  2
AcDbLayout
  3
ObjectDBX Classes
 90
0
 91
0
280
0
281
0
  0
ENDSEC
  0
SECTION
  2
TABLES
  0
TABLE
  2
VPORT
  5
8
330
0
100
AcDbSymbolTable
 70
1
  0
VPORT
  5
23
330
8
100
AcDbSymbolTableRecord
100
AcDbViewportTableRecord
  2
*Active
 70
0
 10
0.0
 20
0.0
 11
1.0
 21
1.0
 12
0.0
 22
0.0
 13
0.0
 23
0.0
 14
0.5
 24
0.5
 15
0.5
 25
0.5
 16
0.0
 26
0.0
 36
1.0
 17
0.0
 27
0.0
 37
0.0
 40
1000.0
 41
1.34
 42
50.0
 43
0.0
 44
0.0
 50
0.0
 51
0.0
 71
0
 72
1000
 73
1
 74
3
 75
0
 76
0
 77
0
 78
0
281
0
 65
0
146
0.0
  0
ENDTAB
  0
TABLE
  2
LTYPE
  5
2
330
0
100
AcDbSymbolTable
 70
3
  0
LTYPE
  5
24
330
2
100
AcDbSymbolTableRecord
100
AcDbLinetypeTableRecord
  2
ByBlock
 70
0
  3

 72
65
 73
0
 40
0.0
  0
LTYPE
  5
25
330
2
100
AcDbSymbolTableRecord
100
AcDbLinetypeTableRecord
  2
ByLayer
 70
0
  3

 72
65
 73
0
 40
0.0
  0
LTYPE
  5
26
330
2
100
AcDbSymbolTableRecord
100
AcDbLinetypeTableRecord
  2
Continuous
 70
0
  3

 72
65
 73
0
 40
0.0
  0
ENDTAB
  0
TABLE
  2
LAYER
  5
1
330
0
100
AcDbSymbolTable
 70
12
  0
LAYER
  5
27
330
1
100
AcDbSymbolTableRecord
100
AcDbLayerTableRecord
  2
0
 70
0
 62
7
  6
Continuous
370
-3
390
13
347
21
  0
LAYER
  5
28
330
1
100
AcDbSymbolTableRecord
100
AcDbLayerTableRecord
  2
Defpoints
 70
0
 62
7
  6
Continuous
290
0
370
-3
390
13
347
21
  0
LAYER
  5
31
330
1
100
AcDbSymbolTableRecord
100
AcDbLayerTableRecord
  2
G-ANNO-TTLB
 70
0
 62
7
  6
Continuous
370
-3
390
13
347
21
  0
LAYER
  5
32
330
1
100
AcDbSymbolTableRecord
100
AcDbLayerTableRecord
  2
A-ANNO-TEXT
 70
0
 62
7
  6
Continuous
370
-3
390
13
347
21
  0
LAYER
  5
33
330
1
100
AcDbSymbolTableRecord
100
AcDbLayerTableRecord
  2
A-WALL
 70
0
 62
7
  6
Continuous
370
-3
390
13
347
21
  0
LAYER
  5
34
330
1
100
AcDbSymbolTableRecord
100
AcDbLayerTableRecord
  2
A-DOOR
 70
0
 62
7
  6
Continuous
370
-3
390
13
347
21
  0
LAYER
  5
35
330
1
100
AcDbSymbolTableRecord
100
AcDbLayerTableRecord
  2
A-WALL-PRTN
 70
0
 62
7
  6
Continuous
370
-3
390
13
347
21
  0
LAYER
  5
36
330
1
100
AcDbSymbolTableRecord
100
AcDbLayerTableRecord
  2
P-FIXT
 70
0
 62
7
  6
Continuous
370
-3
390
13
347
21
  0
LAYER
  5
37
330
1
100
AcDbSymbolTableRecord
100
AcDbLayerTableRecord
  2
A-CLER-ADA
 70
0
 62
7
  6
Continuous
370
-3
390
13
347
21
  0
LAYER
  5
38
330
1
100
AcDbSymbolTableRecord
100
AcDbLayerTableRecord
  2
LS-CPTH
 70
0
 62
7
  6
Continuous
370
-3
390
13
347
21
  0
LAYER
  5
39
330
1
100
AcDbSymbolTableRecord
100
AcDbLayerTableRecord
  2
A-ANNO-DIMS
 70
0
 62
7
  6
Continuous
370
-3
390
13
347
21
  0
LAYER
  5
3A
330
1
100
AcDbSymbolTableRecord
100
AcDbLayerTableRecord
  2
G-ANNO-TABL
 70
0
 62
7
  6
Continuous
370
-3
390
13
347
21
  0
ENDTAB
  0
TABLE
  2
STYLE
  5
5
330
0
100
AcDbSymbolTable
 70
3
  0
STYLE
  5
29
330
5
100
AcDbSymbolTableRecord
100
AcDbTextStyleTableRecord
  2
Standard
 70
0
 40
0.0
 41
1.0
 50
0.0
 71
0
 42
2.5
  3
txt
  4

  0
STYLE
  5
2F
330
5
100
AcDbSymbolTableRecord
100
AcDbTextStyleTableRecord
  2
KS-REG
 70
0
 40
0.0
 41
1.0
 50
0.0
 71
0
 42
2.5
  3
DejaVuSans.ttf
  4

  0
STYLE
  5
30
330
5
100
AcDbSymbolTableRecord
100
AcDbTextStyleTableRecord
  2
KS-BOLD
 70
0
 40
0.0
 41
1.0
 50
0.0
 71
0
 42
2.5
  3
DejaVuSans-Bold.ttf
  4

  0
ENDTAB
  0
TABLE
  2
VIEW
  5
7
330
0
100
AcDbSymbolTable
 70
0
  0
ENDTAB
  0
TABLE
  2
UCS
  5
6
330
0
100
AcDbSymbolTable
 70
0
  0
ENDTAB
  0
TABLE
  2
APPID
  5
3
330
0
100
AcDbSymbolTable
 70
3
  0
APPID
  5
2A
330
3
100
AcDbSymbolTableRecord
100
AcDbRegAppTableRecord
  2
ACAD
 70
0
  0
APPID
  5
991
330
3
100
AcDbSymbolTableRecord
100
AcDbRegAppTableRecord
  2
HATCHBACKGROUNDCOLOR
 70
0
  0
APPID
  5
992
330
3
100
AcDbSymbolTableRecord
100
AcDbRegAppTableRecord
  2
EZDXF
 70
0
  0
ENDTAB
  0
TABLE
  2
DIMSTYLE
  5
4
330
0
100
AcDbSymbolTable
 70
1
100
AcDbDimStyleTable
  0
DIMSTYLE
105
2B
330
4
100
AcDbSymbolTableRecord
100
AcDbDimStyleTableRecord
  2
Standard
 70
0
 40
1.0
 41
2.5
 42
0.625
 43
3.75
 44
1.25
 45
0.0
 46
0.0
 47
0.0
 48
0.0
 49
2.5
140
2.5
141
2.5
142
0.0
143
0.03937007874
144
1.0
145
0.0
146
1.0
147
0.625
148
0.0
 69
0
 70
0
 71
0
 72
0
 73
0
 74
0
 75
0
 76
0
 77
1
 78
8
 79
3
170
0
171
3
172
1
173
0
174
0
175
0
176
0
177
0
178
0
179
2
271
2
272
2
273
2
274
3
275
0
276
0
277
2
278
44
279
0
280
0
281
0
282
0
283
0
284
8
285
0
286
0
288
0
289
3
290
0
371
-2
372
-2
  0
ENDTAB
  0
TABLE
  2
BLOCK_RECORD
  5
9
330
0
100
AcDbSymbolTable
 70
2
  0
BLOCK_RECORD
  5
17
330
9
100
AcDbSymbolTableRecord
100
AcDbBlockTableRecord
  2
*Model_Space
340
1A
 70
0
280
1
281
0
  0
BLOCK_RECORD
  5
1B
330
9
100
AcDbSymbolTableRecord
100
AcDbBlockTableRecord
  2
*Paper_Space
340
1E
 70
0
280
1
281
0
  0
ENDTAB
  0
ENDSEC
  0
SECTION
  2
BLOCKS
  0
BLOCK
  5
18
330
17
100
AcDbEntity
  8
0
100
AcDbBlockBegin
  2
*Model_Space
 70
0
 10
0.0
 20
0.0
 30
0.0
  3
*Model_Space
  1

  0
ENDBLK
  5
19
330
17
100
AcDbEntity
  8
0
100
AcDbBlockEnd
  0
BLOCK
  5
1C
330
1B
100
AcDbEntity
  8
0
100
AcDbBlockBegin
  2
*Paper_Space
 70
0
 10
0.0
 20
0.0
 30
0.0
  3
*Paper_Space
  1

  0
ENDBLK
  5
1D
330
1B
100
AcDbEntity
  8
0
100
AcDbBlockEnd
  0
ENDSEC
  0
SECTION
  2
ENTITIES
  0
LWPOLYLINE
  5
3B
330
17
100
AcDbEntity
  8
G-ANNO-TTLB
100
AcDbPolyline
 90
4
 70
1
 10
0.5
 20
0.5
 10
16.5
 20
0.5
 10
16.5
 20
10.5
 10
0.5
 20
10.5
  0
LWPOLYLINE
  5
3C
330
17
100
AcDbEntity
  8
G-ANNO-TTLB
100
AcDbPolyline
 90
4
 70
1
 10
0.5
 20
1.45
 10
16.5
 20
1.45
 10
16.5
 20
1.85
 10
0.5
 20
1.85
  0
TEXT
  5
3D
330
17
100
AcDbEntity
  8
G-ANNO-TTLB
100
AcDbText
 10
8.5
 20
1.5699999999999998
 30
0.0
 40
0.16999999999999998
  1
PRELIMINARY — CONCEPTUAL DESIGN — NOT FOR CONSTRUCTION
  7
KS-BOLD
 72
1
 11
8.5
 21
1.5699999999999998
 31
0.0
100
AcDbText
  0
LINE
  5
3E
330
17
100
AcDbEntity
  8
G-ANNO-TTLB
100
AcDbLine
 10
0.5
 20
1.45
 30
0.0
 11
16.5
 21
1.45
 31
0.0
  0
TEXT
  5
3F
330
17
100
AcDbEntity
  8
G-ANNO-TTLB
100
AcDbText
 10
0.58
 20
1.28
 30
0.0
 40
0.06999999999999999
  1
PROJECT
  7
KS-REG
 11
0.58
 21
1.28
 31
0.0
100
AcDbText
  0
TEXT
  5
40
330
17
100
AcDbEntity
  8
G-ANNO-TTLB
100
AcDbText
 10
0.58
 20
0.9991666666666666
 30
0.0
 40
0.11499999999999999
  1
Hazel Green Regional Athletic Complex
  7
KS-BOLD
 11
0.58
 21
0.9991666666666666
 31
0.0
100
AcDbText
  0
TEXT
  5
41
330
17
100
AcDbEntity
  8
G-ANNO-TTLB
100
AcDbText
 10
0.58
 20
0.7883333333333333
 30
0.0
 40
0.11499999999999999
  1
Trojan Horse Arena · Hazel Green area, Madison
  7
KS-BOLD
 11
0.58
 21
0.7883333333333333
 31
0.0
100
AcDbText
  0
TEXT
  5
42
330
17
100
AcDbEntity
  8
G-ANNO-TTLB
100
AcDbText
 10
0.58
 20
0.5775
 30
0.0
 40
0.11499999999999999
  1
County, Alabama (site TBD, D-006)
  7
KS-BOLD
 11
0.58
 21
0.5775
 31
0.0
100
AcDbText
  0
LINE
  5
43
330
17
100
AcDbEntity
  8
G-ANNO-TTLB
100
AcDbLine
 10
5.2
 20
0.5
 30
0.0
 11
5.2
 21
1.45
 31
0.0
  0
TEXT
  5
44
330
17
100
AcDbEntity
  8
G-ANNO-TTLB
100
AcDbText
 10
5.28
 20
1.28
 30
0.0
 40
0.06999999999999999
  1
PHASE
  7
KS-REG
 11
5.28
 21
1.28
 31
0.0
100
AcDbText
  0
TEXT
  5
45
330
17
100
AcDbEntity
  8
G-ANNO-TTLB
100
AcDbText
 10
5.28
 20
0.9716666666666667
 30
0.0
 40
0.13
  1
PHASE 2
  7
KS-BOLD
 11
5.28
 21
0.9716666666666667
 31
0.0
100
AcDbText
  0
LINE
  5
46
330
17
100
AcDbEntity
  8
G-ANNO-TTLB
100
AcDbLine
 10
6.7
 20
0.5
 30
0.0
 11
6.7
 21
1.45
 31
0.0
  0
TEXT
  5
47
330
17
100
AcDbEntity
  8
G-ANNO-TTLB
100
AcDbText
 10
6.78
 20
1.28
 30
0.0
 40
0.06999999999999999
  1
SHEET TITLE
  7
KS-REG
 11
6.78
 21
1.28
 31
0.0
100
AcDbText
  0
TEXT
  5
48
330
17
100
AcDbEntity
  8
G-ANNO-TTLB
100
AcDbText
 10
6.78
 20
0.9991666666666666
 30
0.0
 40
0.11499999999999999
  1
ENLARGED PLANS
  7
KS-BOLD
 11
6.78
 21
0.9991666666666666
 31
0.0
100
AcDbText
  0
TEXT
  5
49
330
17
100
AcDbEntity
  8
G-ANNO-TTLB
100
AcDbText
 10
6.78
 20
0.7883333333333333
 30
0.0
 40
0.11499999999999999
  1
EVENT LOCKER ROOMS 1-4
  7
KS-BOLD
 11
6.78
 21
0.7883333333333333
 31
0.0
100
AcDbText
  0
LINE
  5
4A
330
17
100
AcDbEntity
  8
G-ANNO-TTLB
100
AcDbLine
 10
9.8
 20
0.5
 30
0.0
 11
9.8
 21
1.45
 31
0.0
  0
TEXT
  5
4B
330
17
100
AcDbEntity
  8
G-ANNO-TTLB
100
AcDbText
 10
9.88
 20
1.28
 30
0.0
 40
0.06999999999999999
  1
SCALE
  7
KS-REG
 11
9.88
 21
1.28
 31
0.0
100
AcDbText
  0
TEXT
  5
4C
330
17
100
AcDbEntity
  8
G-ANNO-TTLB
100
AcDbText
 10
9.88
 20
0.9716666666666667
 30
0.0
 40
0.13
  1
1/8" =
  7
KS-BOLD
 11
9.88
 21
0.9716666666666667
 31
0.0
100
AcDbText
  0
TEXT
  5
4D
330
17
100
AcDbEntity
  8
G-ANNO-TTLB
100
AcDbText
 10
9.88
 20
0.7333333333333334
 30
0.0
 40
0.13
  1
1'-0"
  7
KS-BOLD
 11
9.88
 21
0.7333333333333334
 31
0.0
100
AcDbText
  0
LINE
  5
4E
330
17
100
AcDbEntity
  8
G-ANNO-TTLB
100
AcDbLine
 10
10.700000000000001
 20
0.5
 30
0.0
 11
10.700000000000001
 21
1.45
 31
0.0
  0
TEXT
  5
4F
330
17
100
AcDbEntity
  8
G-ANNO-TTLB
100
AcDbText
 10
10.780000000000001
 20
1.28
 30
0.0
 40
0.06999999999999999
  1
DATE
  7
KS-REG
 11
10.780000000000001
 21
1.28
 31
0.0
100
AcDbText
  0
TEXT
  5
50
330
17
100
AcDbEntity
  8
G-ANNO-TTLB
100
AcDbText
 10
10.780000000000001
 20
0.9716666666666667
 30
0.0
 40
0.13
  1
October
  7
KS-BOLD
 11
10.780000000000001
 21
0.9716666666666667
 31
0.0
100
AcDbText
  0
TEXT
  5
51
330
17
100
AcDbEntity
  8
G-ANNO-TTLB
100
AcDbText
 10
10.780000000000001
 20
0.7333333333333334
 30
0.0
 40
0.13
  1
2026
  7
KS-BOLD
 11
10.780000000000001
 21
0.7333333333333334
 31
0.0
100
AcDbText
  0
LINE
  5
52
330
17
100
AcDbEntity
  8
G-ANNO-TTLB
100
AcDbLine
 10
12.15
 20
0.5
 30
0.0
 11
12.15
 21
1.45
 31
0.0
  0
TEXT
  5
53
330
17
100
AcDbEntity
  8
G-ANNO-TTLB
100
AcDbText
 10
12.23
 20
1.28
 30
0.0
 40
0.06999999999999999
  1
REV
  7
KS-REG
 11
12.23
 21
1.28
 31
0.0
100
AcDbText
  0
TEXT
  5
54
330
17
100
AcDbEntity
  8
G-ANNO-TTLB
100
AcDbText
 10
12.23
 20
0.9716666666666667
 30
0.0
 40
0.13
  1
A
  7
KS-BOLD
 11
12.23
 21
0.9716666666666667
 31
0.0
100
AcDbText
  0
LINE
  5
55
330
17
100
AcDbEntity
  8
G-ANNO-TTLB
100
AcDbLine
 10
12.9
 20
0.5
 30
0.0
 11
12.9
 21
1.45
 31
0.0
  0
TEXT
  5
56
330
17
100
AcDbEntity
  8
G-ANNO-TTLB
100
AcDbText
 10
12.98
 20
1.28
 30
0.0
 40
0.06999999999999999
  1
DRAWN BY
  7
KS-REG
 11
12.98
 21
1.28
 31
0.0
100
AcDbText
  0
TEXT
  5
57
330
17
100
AcDbEntity
  8
G-ANNO-TTLB
100
AcDbText
 10
12.98
 20
1.0358333333333332
 30
0.0
 40
0.095
  1
Drawn by KEYSTONE (AI) for
  7
KS-REG
 11
12.98
 21
1.0358333333333332
 31
0.0
100
AcDbText
  0
TEXT
  5
58
330
17
100
AcDbEntity
  8
G-ANNO-TTLB
100
AcDbText
 10
12.98
 20
0.8616666666666665
 30
0.0
 40
0.095
  1
Shane Brazelton
  7
KS-REG
 11
12.98
 21
0.8616666666666665
 31
0.0
100
AcDbText
  0
LINE
  5
59
330
17
100
AcDbEntity
  8
G-ANNO-TTLB
100
AcDbLine
 10
15.0
 20
0.5
 30
0.0
 11
15.0
 21
1.45
 31
0.0
  0
TEXT
  5
5A
330
17
100
AcDbEntity
  8
G-ANNO-TTLB
100
AcDbText
 10
15.08
 20
1.28
 30
0.0
 40
0.06999999999999999
  1
SHEET
  7
KS-REG
 11
15.08
 21
1.28
 31
0.0
100
AcDbText
  0
TEXT
  5
5B
330
17
100
AcDbEntity
  8
G-ANNO-TTLB
100
AcDbText
 10
15.75
 20
0.77
 30
0.0
 40
0.18
  1
P2-A-401
  7
KS-BOLD
 72
1
 11
15.75
 21
0.77
 31
0.0
100
AcDbText
  0
LINE
  5
5C
330
17
100
AcDbEntity
  8
A-WALL
100
AcDbLine
 10
1.0
 20
6.55
 30
0.0
 11
5.0175
 21
6.55
 31
0.0
  0
LINE
  5
5D
330
17
100
AcDbEntity
  8
A-WALL
100
AcDbLine
 10
5.0175
 20
6.55
 30
0.0
 11
5.0175
 21
8.05
 31
0.0
  0
LINE
  5
5E
330
17
100
AcDbEntity
  8
A-WALL
100
AcDbLine
 10
5.0175
 20
8.425
 30
0.0
 11
5.0175
 21
10.05
 31
0.0
  0
LINE
  5
5F
330
17
100
AcDbEntity
  8
A-WALL
100
AcDbLine
 10
5.0175
 20
10.05
 30
0.0
 11
1.0
 21
10.05
 31
0.0
  0
LINE
  5
60
330
17
100
AcDbEntity
  8
A-WALL
100
AcDbLine
 10
1.0
 20
10.05
 30
0.0
 11
1.0
 21
6.55
 31
0.0
  0
LINE
  5
61
330
17
100
AcDbEntity
  8
A-DOOR
100
AcDbLine
 10
5.0175
 20
8.05
 30
0.0
 11
4.6425
 21
8.05
 31
0.0
  0
LINE
  5
62
330
17
100
AcDbEntity
  8
A-DOOR
100
AcDbLine
 10
5.0175
 20
8.425
 30
0.0
 11
4.968552677917481
 21
8.421791823015178
 31
0.0
  0
LINE
  5
63
330
17
100
AcDbEntity
  8
A-DOOR
100
AcDbLine
 10
4.968552677917481
 20
8.421791823015178
 30
0.0
 11
4.920442858086554
 21
8.4122221848584
 31
0.0
  0
LINE
  5
64
330
17
100
AcDbEntity
  8
A-DOOR
100
AcDbLine
 10
4.920442858086554
 20
8.4122221848584
 30
0.0
 11
4.873993712863092
 21
8.396454824691732
 31
0.0
  0
LINE
  5
65
330
17
100
AcDbEntity
  8
A-DOOR
100
AcDbLine
 10
4.873993712863092
 20
8.396454824691732
 30
0.0
 11
4.83
 21
8.374759526419165
 31
0.0
  0
LINE
  5
66
330
17
100
AcDbEntity
  8
A-DOOR
100
AcDbLine
 10
4.83
 20
8.374759526419165
 30
0.0
 11
4.78921446412173
 21
8.347507502609213
 31
0.0
  0
LINE
  5
67
330
17
100
AcDbEntity
  8
A-DOOR
100
AcDbLine
 10
4.78921446412173
 20
8.347507502609213
 30
0.0
 11
4.752334957055044
 21
8.315165042944955
 31
0.0
  0
LINE
  5
68
330
17
100
AcDbEntity
  8
A-DOOR
100
AcDbLine
 10
4.752334957055044
 20
8.315165042944955
 30
0.0
 11
4.719992497390787
 21
8.27828553587827
 31
0.0
  0
LINE
  5
69
330
17
100
AcDbEntity
  8
A-DOOR
100
AcDbLine
 10
4.719992497390787
 20
8.27828553587827
 30
0.0
 11
4.692740473580836
 21
8.2375
 31
0.0
  0
LINE
  5
6A
330
17
100
AcDbEntity
  8
A-DOOR
100
AcDbLine
 10
4.692740473580836
 20
8.2375
 30
0.0
 11
4.671045175308268
 21
8.193506287136909
 31
0.0
  0
LINE
  5
6B
330
17
100
AcDbEntity
  8
A-DOOR
100
AcDbLine
 10
4.671045175308268
 20
8.193506287136909
 30
0.0
 11
4.655277815141599
 21
8.147057141913445
 31
0.0
  0
LINE
  5
6C
330
17
100
AcDbEntity
  8
A-DOOR
100
AcDbLine
 10
4.655277815141599
 20
8.147057141913445
 30
0.0
 11
4.645708176984821
 21
8.09894732208252
 31
0.0
  0
LINE
  5
6D
330
17
100
AcDbEntity
  8
A-DOOR
100
AcDbLine
 10
4.645708176984821
 20
8.09894732208252
 30
0.0
 11
4.6425
 21
8.05
 31
0.0
  0
LINE
  5
6E
330
17
100
AcDbEntity
  8
A-WALL-PRTN
100
AcDbLine
 10
2.3125
 20
6.55
 30
0.0
 11
2.3125
 21
7.175
 31
0.0
  0
LINE
  5
6F
330
17
100
AcDbEntity
  8
A-WALL-PRTN
100
AcDbLine
 10
2.3125
 20
7.675
 30
0.0
 11
2.3125
 21
8.7375
 31
0.0
  0
LINE
  5
70
330
17
100
AcDbEntity
  8
A-WALL-PRTN
100
AcDbLine
 10
2.3125
 20
9.1125
 30
0.0
 11
2.3125
 21
10.05
 31
0.0
  0
LINE
  5
71
330
17
100
AcDbEntity
  8
A-WALL-PRTN
100
AcDbLine
 10
1.0
 20
8.425
 30
0.0
 11
2.3125
 21
8.425
 31
0.0
  0
LINE
  5
72
330
17
100
AcDbEntity
  8
A-WALL-PRTN
100
AcDbLine
 10
1.0
 20
9.425
 30
0.0
 11
1.22875
 21
9.425
 31
0.0
  0
LINE
  5
73
330
17
100
AcDbEntity
  8
A-WALL-PRTN
100
AcDbLine
 10
1.58375
 20
9.425
 30
0.0
 11
1.635
 21
9.425
 31
0.0
  0
LINE
  5
74
330
17
100
AcDbEntity
  8
A-WALL-PRTN
100
AcDbLine
 10
1.96875
 20
9.425
 30
0.0
 11
2.0
 21
9.425
 31
0.0
  0
LINE
  5
75
330
17
100
AcDbEntity
  8
A-WALL-PRTN
100
AcDbLine
 10
1.625
 20
9.425
 30
0.0
 11
1.625
 21
10.05
 31
0.0
  0
LINE
  5
76
330
17
100
AcDbEntity
  8
A-WALL-PRTN
100
AcDbLine
 10
2.0
 20
9.425
 30
0.0
 11
2.0
 21
10.05
 31
0.0
  0
LINE
  5
77
330
17
100
AcDbEntity
  8
A-DOOR
100
AcDbLine
 10
2.3125
 20
8.7375
 30
0.0
 11
1.9375
 21
8.7375
 31
0.0
  0
LINE
  5
78
330
17
100
AcDbEntity
  8
A-DOOR
100
AcDbLine
 10
2.3125
 20
9.1125
 30
0.0
 11
2.2635526779174806
 21
9.109291823015178
 31
0.0
  0
LINE
  5
79
330
17
100
AcDbEntity
  8
A-DOOR
100
AcDbLine
 10
2.2635526779174806
 20
9.109291823015178
 30
0.0
 11
2.2154428580865546
 21
9.0997221848584
 31
0.0
  0
LINE
  5
7A
330
17
100
AcDbEntity
  8
A-DOOR
100
AcDbLine
 10
2.2154428580865546
 20
9.0997221848584
 30
0.0
 11
2.1689937128630916
 21
9.083954824691732
 31
0.0
  0
LINE
  5
7B
330
17
100
AcDbEntity
  8
A-DOOR
100
AcDbLine
 10
2.1689937128630916
 20
9.083954824691732
 30
0.0
 11
2.125
 21
9.062259526419165
 31
0.0
  0
LINE
  5
7C
330
17
100
AcDbEntity
  8
A-DOOR
100
AcDbLine
 10
2.125
 20
9.062259526419165
 30
0.0
 11
2.0842144641217297
 21
9.035007502609213
 31
0.0
  0
LINE
  5
7D
330
17
100
AcDbEntity
  8
A-DOOR
100
AcDbLine
 10
2.0842144641217297
 20
9.035007502609213
 30
0.0
 11
2.0473349570550448
 21
9.002665042944955
 31
0.0
  0
LINE
  5
7E
330
17
100
AcDbEntity
  8
A-DOOR
100
AcDbLine
 10
2.0473349570550448
 20
9.002665042944955
 30
0.0
 11
2.0149924973907867
 21
8.96578553587827
 31
0.0
  0
LINE
  5
7F
330
17
100
AcDbEntity
  8
A-DOOR
100
AcDbLine
 10
2.0149924973907867
 20
8.96578553587827
 30
0.0
 11
1.9877404735808355
 21
8.925
 31
0.0
  0
LINE
  5
80
330
17
100
AcDbEntity
  8
A-DOOR
100
AcDbLine
 10
1.9877404735808355
 20
8.925
 30
0.0
 11
1.9660451753082675
 21
8.881006287136909
 31
0.0
  0
LINE
  5
81
330
17
100
AcDbEntity
  8
A-DOOR
100
AcDbLine
 10
1.9660451753082675
 20
8.881006287136909
 30
0.0
 11
1.9502778151415994
 21
8.834557141913445
 31
0.0
  0
LINE
  5
82
330
17
100
AcDbEntity
  8
A-DOOR
100
AcDbLine
 10
1.9502778151415994
 20
8.834557141913445
 30
0.0
 11
1.9407081769848211
 21
8.78644732208252
 31
0.0
  0
LINE
  5
83
330
17
100
AcDbEntity
  8
A-DOOR
100
AcDbLine
 10
1.9407081769848211
 20
8.78644732208252
 30
0.0
 11
1.9375
 21
8.7375
 31
0.0
  0
LINE
  5
84
330
17
100
AcDbEntity
  8
A-DOOR
100
AcDbLine
 10
1.58375
 20
9.425
 30
0.0
 11
1.58375
 21
9.07
 31
0.0
  0
LINE
  5
85
330
17
100
AcDbEntity
  8
A-DOOR
100
AcDbLine
 10
1.22875
 20
9.425
 30
0.0
 11
1.2317870742122974
 21
9.378663201761881
 31
0.0
  0
LINE
  5
86
330
17
100
AcDbEntity
  8
A-DOOR
100
AcDbLine
 10
1.2317870742122974
 20
9.378663201761881
 30
0.0
 11
1.2408463316673808
 21
9.333119238988605
 31
0.0
  0
LINE
  5
87
330
17
100
AcDbEntity
  8
A-DOOR
100
AcDbLine
 10
1.2408463316673808
 20
9.333119238988605
 30
0.0
 11
1.2557727659584932
 21
9.289147381510393
 31
0.0
  0
LINE
  5
88
330
17
100
AcDbEntity
  8
A-DOOR
100
AcDbLine
 10
1.2557727659584932
 20
9.289147381510393
 30
0.0
 11
1.2763109816565243
 21
9.2475
 31
0.0
  0
LINE
  5
89
330
17
100
AcDbEntity
  8
A-DOOR
100
AcDbLine
 10
1.2763109816565243
 20
9.2475
 30
0.0
 11
1.3021095641966114
 21
9.208889692701904
 31
0.0
  0
LINE
  5
8A
330
17
100
AcDbEntity
  8
A-DOOR
100
AcDbLine
 10
1.3021095641966114
 20
9.208889692701904
 30
0.0
 11
1.3327270926787755
 21
9.173977092678776
 31
0.0
  0
LINE
  5
8B
330
17
100
AcDbEntity
  8
A-DOOR
100
AcDbLine
 10
1.3327270926787755
 20
9.173977092678776
 30
0.0
 11
1.367639692701904
 21
9.143359564196611
 31
0.0
  0
LINE
  5
8C
330
17
100
AcDbEntity
  8
A-DOOR
100
AcDbLine
 10
1.367639692701904
 20
9.143359564196611
 30
0.0
 11
1.40625
 21
9.117560981656524
 31
0.0
  0
LINE
  5
8D
330
17
100
AcDbEntity
  8
A-DOOR
100
AcDbLine
 10
1.40625
 20
9.117560981656524
 30
0.0
 11
1.447897381510393
 21
9.097022765958492
 31
0.0
  0
LINE
  5
8E
330
17
100
AcDbEntity
  8
A-DOOR
100
AcDbLine
 10
1.447897381510393
 20
9.097022765958492
 30
0.0
 11
1.4918692389886052
 21
9.08209633166738
 31
0.0
  0
LINE
  5
8F
330
17
100
AcDbEntity
  8
A-DOOR
100
AcDbLine
 10
1.4918692389886052
 20
9.08209633166738
 30
0.0
 11
1.5374132017618818
 21
9.073037074212298
 31
0.0
  0
LINE
  5
90
330
17
100
AcDbEntity
  8
A-DOOR
100
AcDbLine
 10
1.5374132017618818
 20
9.073037074212298
 30
0.0
 11
1.58375
 21
9.07
 31
0.0
  0
LINE
  5
91
330
17
100
AcDbEntity
  8
A-DOOR
100
AcDbLine
 10
1.96875
 20
9.425
 30
0.0
 11
1.96875
 21
9.091249999999999
 31
0.0
  0
LINE
  5
92
330
17
100
AcDbEntity
  8
A-DOOR
100
AcDbLine
 10
1.635
 20
9.425
 30
0.0
 11
1.6378552775164907
 21
9.381436883346558
 31
0.0
  0
LINE
  5
93
330
17
100
AcDbEntity
  8
A-DOOR
100
AcDbLine
 10
1.6378552775164907
 20
9.381436883346558
 30
0.0
 11
1.6463722554760234
 21
9.338619143697034
 31
0.0
  0
LINE
  5
94
330
17
100
AcDbEntity
  8
A-DOOR
100
AcDbLine
 10
1.6463722554760234
 20
9.338619143697034
 30
0.0
 11
1.660405206024358
 21
9.297279404448151
 31
0.0
  0
LINE
  5
95
330
17
100
AcDbEntity
  8
A-DOOR
100
AcDbLine
 10
1.660405206024358
 20
9.297279404448151
 30
0.0
 11
1.6797140214869435
 21
9.258125
 31
0.0
  0
LINE
  5
96
330
17
100
AcDbEntity
  8
A-DOOR
100
AcDbLine
 10
1.6797140214869435
 20
9.258125
 30
0.0
 11
1.7039683226778002
 21
9.22182587306834
 31
0.0
  0
LINE
  5
97
330
17
100
AcDbEntity
  8
A-DOOR
100
AcDbLine
 10
1.7039683226778002
 20
9.22182587306834
 30
0.0
 11
1.7327531117789898
 21
9.18900311177899
 31
0.0
  0
LINE
  5
98
330
17
100
AcDbEntity
  8
A-DOOR
100
AcDbLine
 10
1.7327531117789898
 20
9.18900311177899
 30
0.0
 11
1.7655758730683395
 21
9.1602183226778
 31
0.0
  0
LINE
  5
99
330
17
100
AcDbEntity
  8
A-DOOR
100
AcDbLine
 10
1.7655758730683395
 20
9.1602183226778
 30
0.0
 11
1.801875
 21
9.135964021486943
 31
0.0
  0
LINE
  5
9A
330
17
100
AcDbEntity
  8
A-DOOR
100
AcDbLine
 10
1.801875
 20
9.135964021486943
 30
0.0
 11
1.8410294044481512
 21
9.116655206024358
 31
0.0
  0
LINE
  5
9B
330
17
100
AcDbEntity
  8
A-DOOR
100
AcDbLine
 10
1.8410294044481512
 20
9.116655206024358
 30
0.0
 11
1.8823691436970336
 21
9.102622255476023
 31
0.0
  0
LINE
  5
9C
330
17
100
AcDbEntity
  8
A-DOOR
100
AcDbLine
 10
1.8823691436970336
 20
9.102622255476023
 30
0.0
 11
1.9251868833465577
 21
9.09410527751649
 31
0.0
  0
LINE
  5
9D
330
17
100
AcDbEntity
  8
A-DOOR
100
AcDbLine
 10
1.9251868833465577
 20
9.09410527751649
 30
0.0
 11
1.96875
 21
9.091249999999999
 31
0.0
  0
LINE
  5
9E
330
17
100
AcDbEntity
  8
A-ANNO-TEXT
100
AcDbLine
 10
1.0
 20
8.425
 30
0.0
 11
1.08
 21
8.425
 31
0.0
  0
LINE
  5
9F
330
17
100
AcDbEntity
  8
A-ANNO-TEXT
100
AcDbLine
 10
1.13
 20
8.425
 30
0.0
 11
1.21
 21
8.425
 31
0.0
  0
LINE
  5
A0
330
17
100
AcDbEntity
  8
A-ANNO-TEXT
100
AcDbLine
 10
1.26
 20
8.425
 30
0.0
 11
1.34
 21
8.425
 31
0.0
  0
LINE
  5
A1
330
17
100
AcDbEntity
  8
A-ANNO-TEXT
100
AcDbLine
 10
1.3900000000000001
 20
8.425
 30
0.0
 11
1.47
 21
8.425
 31
0.0
  0
LINE
  5
A2
330
17
100
AcDbEntity
  8
A-ANNO-TEXT
100
AcDbLine
 10
1.52
 20
8.425
 30
0.0
 11
1.6
 21
8.425
 31
0.0
  0
LINE
  5
A3
330
17
100
AcDbEntity
  8
A-ANNO-TEXT
100
AcDbLine
 10
1.65
 20
8.425
 30
0.0
 11
1.73
 21
8.425
 31
0.0
  0
LINE
  5
A4
330
17
100
AcDbEntity
  8
A-ANNO-TEXT
100
AcDbLine
 10
1.78
 20
8.425
 30
0.0
 11
1.8599999999999999
 21
8.425
 31
0.0
  0
LINE
  5
A5
330
17
100
AcDbEntity
  8
A-ANNO-TEXT
100
AcDbLine
 10
1.9100000000000001
 20
8.425
 30
0.0
 11
1.99
 21
8.425
 31
0.0
  0
LINE
  5
A6
330
17
100
AcDbEntity
  8
A-ANNO-TEXT
100
AcDbLine
 10
2.04
 20
8.425
 30
0.0
 11
2.12
 21
8.425
 31
0.0
  0
LINE
  5
A7
330
17
100
AcDbEntity
  8
A-ANNO-TEXT
100
AcDbLine
 10
2.17
 20
8.425
 30
0.0
 11
2.25
 21
8.425
 31
0.0
  0
LINE
  5
A8
330
17
100
AcDbEntity
  8
A-ANNO-TEXT
100
AcDbLine
 10
2.3000000000000003
 20
8.425
 30
0.0
 11
2.3800000000000003
 21
8.425
 31
0.0
  0
LINE
  5
A9
330
17
100
AcDbEntity
  8
A-ANNO-TEXT
100
AcDbLine
 10
2.4300000000000006
 20
8.425
 30
0.0
 11
2.5100000000000007
 21
8.425
 31
0.0
  0
LINE
  5
AA
330
17
100
AcDbEntity
  8
A-ANNO-TEXT
100
AcDbLine
 10
2.5600000000000005
 20
8.425
 30
0.0
 11
2.6400000000000006
 21
8.425
 31
0.0
  0
LINE
  5
AB
330
17
100
AcDbEntity
  8
A-ANNO-TEXT
100
AcDbLine
 10
2.6900000000000004
 20
8.425
 30
0.0
 11
2.7700000000000005
 21
8.425
 31
0.0
  0
LINE
  5
AC
330
17
100
AcDbEntity
  8
A-ANNO-TEXT
100
AcDbLine
 10
2.8200000000000007
 20
8.425
 30
0.0
 11
2.900000000000001
 21
8.425
 31
0.0
  0
LINE
  5
AD
330
17
100
AcDbEntity
  8
A-ANNO-TEXT
100
AcDbLine
 10
2.950000000000001
 20
8.425
 30
0.0
 11
3.0300000000000007
 21
8.425
 31
0.0
  0
LINE
  5
AE
330
17
100
AcDbEntity
  8
A-ANNO-TEXT
100
AcDbLine
 10
3.0800000000000005
 20
8.425
 30
0.0
 11
3.1600000000000006
 21
8.425
 31
0.0
  0
LINE
  5
AF
330
17
100
AcDbEntity
  8
A-ANNO-TEXT
100
AcDbLine
 10
3.2100000000000004
 20
8.425
 30
0.0
 11
3.2900000000000005
 21
8.425
 31
0.0
  0
LINE
  5
B0
330
17
100
AcDbEntity
  8
A-ANNO-TEXT
100
AcDbLine
 10
3.3400000000000003
 20
8.425
 30
0.0
 11
3.4200000000000004
 21
8.425
 31
0.0
  0
LINE
  5
B1
330
17
100
AcDbEntity
  8
A-ANNO-TEXT
100
AcDbLine
 10
3.47
 20
8.425
 30
0.0
 11
3.5500000000000003
 21
8.425
 31
0.0
  0
LINE
  5
B2
330
17
100
AcDbEntity
  8
A-ANNO-TEXT
100
AcDbLine
 10
3.6
 20
8.425
 30
0.0
 11
3.68
 21
8.425
 31
0.0
  0
LINE
  5
B3
330
17
100
AcDbEntity
  8
A-ANNO-TEXT
100
AcDbLine
 10
3.73
 20
8.425
 30
0.0
 11
3.81
 21
8.425
 31
0.0
  0
LINE
  5
B4
330
17
100
AcDbEntity
  8
A-ANNO-TEXT
100
AcDbLine
 10
3.86
 20
8.425
 30
0.0
 11
3.94
 21
8.425
 31
0.0
  0
LINE
  5
B5
330
17
100
AcDbEntity
  8
A-ANNO-TEXT
100
AcDbLine
 10
3.9899999999999998
 20
8.425
 30
0.0
 11
4.07
 21
8.425
 31
0.0
  0
LINE
  5
B6
330
17
100
AcDbEntity
  8
A-ANNO-TEXT
100
AcDbLine
 10
4.119999999999999
 20
8.425
 30
0.0
 11
4.199999999999999
 21
8.425
 31
0.0
  0
LINE
  5
B7
330
17
100
AcDbEntity
  8
A-ANNO-TEXT
100
AcDbLine
 10
4.25
 20
8.425
 30
0.0
 11
4.33
 21
8.425
 31
0.0
  0
LINE
  5
B8
330
17
100
AcDbEntity
  8
A-ANNO-TEXT
100
AcDbLine
 10
4.379999999999999
 20
8.425
 30
0.0
 11
4.459999999999999
 21
8.425
 31
0.0
  0
LINE
  5
B9
330
17
100
AcDbEntity
  8
A-ANNO-TEXT
100
AcDbLine
 10
4.51
 20
8.425
 30
0.0
 11
4.59
 21
8.425
 31
0.0
  0
LINE
  5
BA
330
17
100
AcDbEntity
  8
A-ANNO-TEXT
100
AcDbLine
 10
4.639999999999999
 20
8.425
 30
0.0
 11
4.719999999999999
 21
8.425
 31
0.0
  0
LINE
  5
BB
330
17
100
AcDbEntity
  8
A-ANNO-TEXT
100
AcDbLine
 10
4.77
 20
8.425
 30
0.0
 11
4.85
 21
8.425
 31
0.0
  0
LINE
  5
BC
330
17
100
AcDbEntity
  8
A-ANNO-TEXT
100
AcDbLine
 10
4.899999999999999
 20
8.425
 30
0.0
 11
4.979999999999999
 21
8.425
 31
0.0
  0
TEXT
  5
BD
330
17
100
AcDbEntity
  8
A-ANNO-TEXT
100
AcDbText
 10
3.49085
 20
8.3125
 30
0.0
 40
0.043
  1
— — upper tier above this line (to the tier line: 7'-6" clear, D-061)
  7
KS-REG
 72
1
 11
3.49085
 21
8.3125
 31
0.0
100
AcDbText
  0
LINE
  5
BE
330
17
100
AcDbEntity
  8
A-WALL-PRTN
100
AcDbLine
 10
1.0
 20
9.425
 30
0.0
 11
1.625
 21
9.425
 31
0.0
  0
LINE
  5
BF
330
17
100
AcDbEntity
  8
A-WALL-PRTN
100
AcDbLine
 10
1.625
 20
9.425
 30
0.0
 11
1.625
 21
10.05
 31
0.0
  0
LINE
  5
C0
330
17
100
AcDbEntity
  8
A-WALL-PRTN
100
AcDbLine
 10
1.625
 20
10.05
 30
0.0
 11
1.0
 21
10.05
 31
0.0
  0
LINE
  5
C1
330
17
100
AcDbEntity
  8
A-WALL-PRTN
100
AcDbLine
 10
1.0
 20
10.05
 30
0.0
 11
1.0
 21
9.425
 31
0.0
  0
LWPOLYLINE
  5
C2
330
17
100
AcDbEntity
  8
P-FIXT
100
AcDbPolyline
 90
4
 70
1
 10
1.0875
 20
10.05
 10
1.2875
 20
10.05
 10
1.2875
 20
9.975
 10
1.0875
 20
9.975
  0
LINE
  5
C3
330
17
100
AcDbEntity
  8
P-FIXT
100
AcDbLine
 10
1.2625
 20
9.8625
 30
0.0
 11
1.2599444369716801
 21
9.891617142574034
 31
0.0
  0
LINE
  5
C4
330
17
100
AcDbEntity
  8
P-FIXT
100
AcDbLine
 10
1.2599444369716801
 20
9.891617142574034
 30
0.0
 11
1.252451905283833
 21
9.91875
 31
0.0
  0
LINE
  5
C5
330
17
100
AcDbEntity
  8
P-FIXT
100
AcDbLine
 10
1.252451905283833
 20
9.91875
 30
0.0
 11
1.240533008588991
 21
9.942049512883486
 31
0.0
  0
LINE
  5
C6
330
17
100
AcDbEntity
  8
P-FIXT
100
AcDbLine
 10
1.240533008588991
 20
9.942049512883486
 30
0.0
 11
1.225
 21
9.959927857925749
 31
0.0
  0
LINE
  5
C7
330
17
100
AcDbEntity
  8
P-FIXT
100
AcDbLine
 10
1.225
 20
9.959927857925749
 30
0.0
 11
1.2069114283826892
 21
9.97116665545752
 31
0.0
  0
LINE
  5
C8
330
17
100
AcDbEntity
  8
P-FIXT
100
AcDbLine
 10
1.2069114283826892
 20
9.97116665545752
 30
0.0
 11
1.1875
 21
9.975
 31
0.0
  0
LINE
  5
C9
330
17
100
AcDbEntity
  8
P-FIXT
100
AcDbLine
 10
1.1875
 20
9.975
 30
0.0
 11
1.1680885716173108
 21
9.97116665545752
 31
0.0
  0
LINE
  5
CA
330
17
100
AcDbEntity
  8
P-FIXT
100
AcDbLine
 10
1.1680885716173108
 20
9.97116665545752
 30
0.0
 11
1.15
 21
9.959927857925749
 31
0.0
  0
LINE
  5
CB
330
17
100
AcDbEntity
  8
P-FIXT
100
AcDbLine
 10
1.15
 20
9.959927857925749
 30
0.0
 11
1.134466991411009
 21
9.942049512883486
 31
0.0
  0
LINE
  5
CC
330
17
100
AcDbEntity
  8
P-FIXT
100
AcDbLine
 10
1.134466991411009
 20
9.942049512883486
 30
0.0
 11
1.122548094716167
 21
9.91875
 31
0.0
  0
LINE
  5
CD
330
17
100
AcDbEntity
  8
P-FIXT
100
AcDbLine
 10
1.122548094716167
 20
9.91875
 30
0.0
 11
1.1150555630283199
 21
9.891617142574034
 31
0.0
  0
LINE
  5
CE
330
17
100
AcDbEntity
  8
P-FIXT
100
AcDbLine
 10
1.1150555630283199
 20
9.891617142574034
 30
0.0
 11
1.1125
 21
9.8625
 31
0.0
  0
LINE
  5
CF
330
17
100
AcDbEntity
  8
P-FIXT
100
AcDbLine
 10
1.1125
 20
9.8625
 30
0.0
 11
1.1150555630283199
 21
9.833382857425967
 31
0.0
  0
LINE
  5
D0
330
17
100
AcDbEntity
  8
P-FIXT
100
AcDbLine
 10
1.1150555630283199
 20
9.833382857425967
 30
0.0
 11
1.122548094716167
 21
9.80625
 31
0.0
  0
LINE
  5
D1
330
17
100
AcDbEntity
  8
P-FIXT
100
AcDbLine
 10
1.122548094716167
 20
9.80625
 30
0.0
 11
1.1344669914110088
 21
9.782950487116514
 31
0.0
  0
LINE
  5
D2
330
17
100
AcDbEntity
  8
P-FIXT
100
AcDbLine
 10
1.1344669914110088
 20
9.782950487116514
 30
0.0
 11
1.15
 21
9.765072142074251
 31
0.0
  0
LINE
  5
D3
330
17
100
AcDbEntity
  8
P-FIXT
100
AcDbLine
 10
1.15
 20
9.765072142074251
 30
0.0
 11
1.1680885716173108
 21
9.75383334454248
 31
0.0
  0
LINE
  5
D4
330
17
100
AcDbEntity
  8
P-FIXT
100
AcDbLine
 10
1.1680885716173108
 20
9.75383334454248
 30
0.0
 11
1.1875
 21
9.75
 31
0.0
  0
LINE
  5
D5
330
17
100
AcDbEntity
  8
P-FIXT
100
AcDbLine
 10
1.1875
 20
9.75
 30
0.0
 11
1.206911428382689
 21
9.75383334454248
 31
0.0
  0
LINE
  5
D6
330
17
100
AcDbEntity
  8
P-FIXT
100
AcDbLine
 10
1.206911428382689
 20
9.75383334454248
 30
0.0
 11
1.225
 21
9.765072142074251
 31
0.0
  0
LINE
  5
D7
330
17
100
AcDbEntity
  8
P-FIXT
100
AcDbLine
 10
1.225
 20
9.765072142074251
 30
0.0
 11
1.240533008588991
 21
9.782950487116514
 31
0.0
  0
LINE
  5
D8
330
17
100
AcDbEntity
  8
P-FIXT
100
AcDbLine
 10
1.240533008588991
 20
9.782950487116514
 30
0.0
 11
1.252451905283833
 21
9.80625
 31
0.0
  0
LINE
  5
D9
330
17
100
AcDbEntity
  8
P-FIXT
100
AcDbLine
 10
1.252451905283833
 20
9.80625
 30
0.0
 11
1.2599444369716801
 21
9.833382857425967
 31
0.0
  0
LINE
  5
DA
330
17
100
AcDbEntity
  8
P-FIXT
100
AcDbLine
 10
1.2599444369716801
 20
9.833382857425967
 30
0.0
 11
1.2625
 21
9.8625
 31
0.0
  0
TEXT
  5
DB
330
17
100
AcDbEntity
  8
A-ANNO-TEXT
100
AcDbText
 10
1.3625
 20
9.5375
 30
0.0
 40
0.036
  1
WC
  7
KS-REG
 72
1
 11
1.3625
 21
9.5375
 31
0.0
100
AcDbText
  0
LINE
  5
DC
330
17
100
AcDbEntity
  8
A-WALL-PRTN
100
AcDbLine
 10
1.625
 20
9.425
 30
0.0
 11
2.0
 21
9.425
 31
0.0
  0
LINE
  5
DD
330
17
100
AcDbEntity
  8
A-WALL-PRTN
100
AcDbLine
 10
2.0
 20
9.425
 30
0.0
 11
2.0
 21
10.05
 31
0.0
  0
LINE
  5
DE
330
17
100
AcDbEntity
  8
A-WALL-PRTN
100
AcDbLine
 10
2.0
 20
10.05
 30
0.0
 11
1.625
 21
10.05
 31
0.0
  0
LINE
  5
DF
330
17
100
AcDbEntity
  8
A-WALL-PRTN
100
AcDbLine
 10
1.625
 20
10.05
 30
0.0
 11
1.625
 21
9.425
 31
0.0
  0
LWPOLYLINE
  5
E0
330
17
100
AcDbEntity
  8
P-FIXT
100
AcDbPolyline
 90
4
 70
1
 10
1.7125
 20
10.05
 10
1.9125
 20
10.05
 10
1.9125
 20
9.975
 10
1.7125
 20
9.975
  0
LINE
  5
E1
330
17
100
AcDbEntity
  8
P-FIXT
100
AcDbLine
 10
1.8875
 20
9.8625
 30
0.0
 11
1.8849444369716801
 21
9.891617142574034
 31
0.0
  0
LINE
  5
E2
330
17
100
AcDbEntity
  8
P-FIXT
100
AcDbLine
 10
1.8849444369716801
 20
9.891617142574034
 30
0.0
 11
1.877451905283833
 21
9.91875
 31
0.0
  0
LINE
  5
E3
330
17
100
AcDbEntity
  8
P-FIXT
100
AcDbLine
 10
1.877451905283833
 20
9.91875
 30
0.0
 11
1.865533008588991
 21
9.942049512883486
 31
0.0
  0
LINE
  5
E4
330
17
100
AcDbEntity
  8
P-FIXT
100
AcDbLine
 10
1.865533008588991
 20
9.942049512883486
 30
0.0
 11
1.85
 21
9.959927857925749
 31
0.0
  0
LINE
  5
E5
330
17
100
AcDbEntity
  8
P-FIXT
100
AcDbLine
 10
1.85
 20
9.959927857925749
 30
0.0
 11
1.8319114283826892
 21
9.97116665545752
 31
0.0
  0
LINE
  5
E6
330
17
100
AcDbEntity
  8
P-FIXT
100
AcDbLine
 10
1.8319114283826892
 20
9.97116665545752
 30
0.0
 11
1.8125
 21
9.975
 31
0.0
  0
LINE
  5
E7
330
17
100
AcDbEntity
  8
P-FIXT
100
AcDbLine
 10
1.8125
 20
9.975
 30
0.0
 11
1.7930885716173108
 21
9.97116665545752
 31
0.0
  0
LINE
  5
E8
330
17
100
AcDbEntity
  8
P-FIXT
100
AcDbLine
 10
1.7930885716173108
 20
9.97116665545752
 30
0.0
 11
1.775
 21
9.959927857925749
 31
0.0
  0
LINE
  5
E9
330
17
100
AcDbEntity
  8
P-FIXT
100
AcDbLine
 10
1.775
 20
9.959927857925749
 30
0.0
 11
1.759466991411009
 21
9.942049512883486
 31
0.0
  0
LINE
  5
EA
330
17
100
AcDbEntity
  8
P-FIXT
100
AcDbLine
 10
1.759466991411009
 20
9.942049512883486
 30
0.0
 11
1.747548094716167
 21
9.91875
 31
0.0
  0
LINE
  5
EB
330
17
100
AcDbEntity
  8
P-FIXT
100
AcDbLine
 10
1.747548094716167
 20
9.91875
 30
0.0
 11
1.7400555630283199
 21
9.891617142574034
 31
0.0
  0
LINE
  5
EC
330
17
100
AcDbEntity
  8
P-FIXT
100
AcDbLine
 10
1.7400555630283199
 20
9.891617142574034
 30
0.0
 11
1.7375
 21
9.8625
 31
0.0
  0
LINE
  5
ED
330
17
100
AcDbEntity
  8
P-FIXT
100
AcDbLine
 10
1.7375
 20
9.8625
 30
0.0
 11
1.7400555630283199
 21
9.833382857425967
 31
0.0
  0
LINE
  5
EE
330
17
100
AcDbEntity
  8
P-FIXT
100
AcDbLine
 10
1.7400555630283199
 20
9.833382857425967
 30
0.0
 11
1.747548094716167
 21
9.80625
 31
0.0
  0
LINE
  5
EF
330
17
100
AcDbEntity
  8
P-FIXT
100
AcDbLine
 10
1.747548094716167
 20
9.80625
 30
0.0
 11
1.759466991411009
 21
9.782950487116514
 31
0.0
  0
LINE
  5
F0
330
17
100
AcDbEntity
  8
P-FIXT
100
AcDbLine
 10
1.759466991411009
 20
9.782950487116514
 30
0.0
 11
1.775
 21
9.765072142074251
 31
0.0
  0
LINE
  5
F1
330
17
100
AcDbEntity
  8
P-FIXT
100
AcDbLine
 10
1.775
 20
9.765072142074251
 30
0.0
 11
1.7930885716173108
 21
9.75383334454248
 31
0.0
  0
LINE
  5
F2
330
17
100
AcDbEntity
  8
P-FIXT
100
AcDbLine
 10
1.7930885716173108
 20
9.75383334454248
 30
0.0
 11
1.8125
 21
9.75
 31
0.0
  0
LINE
  5
F3
330
17
100
AcDbEntity
  8
P-FIXT
100
AcDbLine
 10
1.8125
 20
9.75
 30
0.0
 11
1.8319114283826892
 21
9.75383334454248
 31
0.0
  0
LINE
  5
F4
330
17
100
AcDbEntity
  8
P-FIXT
100
AcDbLine
 10
1.8319114283826892
 20
9.75383334454248
 30
0.0
 11
1.85
 21
9.765072142074251
 31
0.0
  0
LINE
  5
F5
330
17
100
AcDbEntity
  8
P-FIXT
100
AcDbLine
 10
1.85
 20
9.765072142074251
 30
0.0
 11
1.865533008588991
 21
9.782950487116514
 31
0.0
  0
LINE
  5
F6
330
17
100
AcDbEntity
  8
P-FIXT
100
AcDbLine
 10
1.865533008588991
 20
9.782950487116514
 30
0.0
 11
1.877451905283833
 21
9.80625
 31
0.0
  0
LINE
  5
F7
330
17
100
AcDbEntity
  8
P-FIXT
100
AcDbLine
 10
1.877451905283833
 20
9.80625
 30
0.0
 11
1.8849444369716801
 21
9.833382857425967
 31
0.0
  0
LINE
  5
F8
330
17
100
AcDbEntity
  8
P-FIXT
100
AcDbLine
 10
1.8849444369716801
 20
9.833382857425967
 30
0.0
 11
1.8875
 21
9.8625
 31
0.0
  0
TEXT
  5
F9
330
17
100
AcDbEntity
  8
A-ANNO-TEXT
100
AcDbText
 10
1.8125
 20
9.5375
 30
0.0
 40
0.036
  1
AMB. WC
  7
KS-REG
 72
1
 11
1.8125
 21
9.5375
 31
0.0
100
AcDbText
  0
LINE
  5
FA
330
17
100
AcDbEntity
  8
P-FIXT
100
AcDbLine
 10
1.0
 20
8.55
 30
0.0
 11
1.21875
 21
8.55
 31
0.0
  0
LINE
  5
FB
330
17
100
AcDbEntity
  8
P-FIXT
100
AcDbLine
 10
1.21875
 20
8.55
 30
0.0
 11
1.21875
 21
8.8625
 31
0.0
  0
LINE
  5
FC
330
17
100
AcDbEntity
  8
P-FIXT
100
AcDbLine
 10
1.21875
 20
8.8625
 30
0.0
 11
1.0
 21
8.8625
 31
0.0
  0
LINE
  5
FD
330
17
100
AcDbEntity
  8
P-FIXT
100
AcDbLine
 10
1.0
 20
8.8625
 30
0.0
 11
1.0
 21
8.55
 31
0.0
  0
LINE
  5
FE
330
17
100
AcDbEntity
  8
P-FIXT
100
AcDbLine
 10
1.178125
 20
8.70625
 30
0.0
 11
1.1757824005573734
 21
8.73051428547836
 31
0.0
  0
LINE
  5
FF
330
17
100
AcDbEntity
  8
P-FIXT
100
AcDbLine
 10
1.1757824005573734
 20
8.73051428547836
 30
0.0
 11
1.1689142465101803
 21
8.753125
 31
0.0
  0
LINE
  5
100
330
17
100
AcDbEntity
  8
P-FIXT
100
AcDbLine
 10
1.1689142465101803
 20
8.753125
 30
0.0
 11
1.1579885912065753
 21
8.772541260736238
 31
0.0
  0
LINE
  5
101
330
17
100
AcDbEntity
  8
P-FIXT
100
AcDbLine
 10
1.1579885912065753
 20
8.772541260736238
 30
0.0
 11
1.14375
 21
8.78743988160479
 31
0.0
  0
LINE
  5
102
330
17
100
AcDbEntity
  8
P-FIXT
100
AcDbLine
 10
1.14375
 20
8.78743988160479
 30
0.0
 11
1.1271688093507983
 21
8.7968055462146
 31
0.0
  0
LINE
  5
103
330
17
100
AcDbEntity
  8
P-FIXT
100
AcDbLine
 10
1.1271688093507983
 20
8.7968055462146
 30
0.0
 11
1.109375
 21
8.8
 31
0.0
  0
LINE
  5
104
330
17
100
AcDbEntity
  8
P-FIXT
100
AcDbLine
 10
1.109375
 20
8.8
 30
0.0
 11
1.0915811906492017
 21
8.7968055462146
 31
0.0
  0
LINE
  5
105
330
17
100
AcDbEntity
  8
P-FIXT
100
AcDbLine
 10
1.0915811906492017
 20
8.7968055462146
 30
0.0
 11
1.075
 21
8.78743988160479
 31
0.0
  0
LINE
  5
106
330
17
100
AcDbEntity
  8
P-FIXT
100
AcDbLine
 10
1.075
 20
8.78743988160479
 30
0.0
 11
1.060761408793425
 21
8.772541260736238
 31
0.0
  0
LINE
  5
107
330
17
100
AcDbEntity
  8
P-FIXT
100
AcDbLine
 10
1.060761408793425
 20
8.772541260736238
 30
0.0
 11
1.0498357534898197
 21
8.753125
 31
0.0
  0
LINE
  5
108
330
17
100
AcDbEntity
  8
P-FIXT
100
AcDbLine
 10
1.0498357534898197
 20
8.753125
 30
0.0
 11
1.0429675994426266
 21
8.73051428547836
 31
0.0
  0
LINE
  5
109
330
17
100
AcDbEntity
  8
P-FIXT
100
AcDbLine
 10
1.0429675994426266
 20
8.73051428547836
 30
0.0
 11
1.040625
 21
8.70625
 31
0.0
  0
LINE
  5
10A
330
17
100
AcDbEntity
  8
P-FIXT
100
AcDbLine
 10
1.040625
 20
8.70625
 30
0.0
 11
1.0429675994426266
 21
8.681985714521637
 31
0.0
  0
LINE
  5
10B
330
17
100
AcDbEntity
  8
P-FIXT
100
AcDbLine
 10
1.0429675994426266
 20
8.681985714521637
 30
0.0
 11
1.0498357534898197
 21
8.659375
 31
0.0
  0
LINE
  5
10C
330
17
100
AcDbEntity
  8
P-FIXT
100
AcDbLine
 10
1.0498357534898197
 20
8.659375
 30
0.0
 11
1.0607614087934247
 21
8.639958739263761
 31
0.0
  0
LINE
  5
10D
330
17
100
AcDbEntity
  8
P-FIXT
100
AcDbLine
 10
1.0607614087934247
 20
8.639958739263761
 30
0.0
 11
1.075
 21
8.625060118395208
 31
0.0
  0
LINE
  5
10E
330
17
100
AcDbEntity
  8
P-FIXT
100
AcDbLine
 10
1.075
 20
8.625060118395208
 30
0.0
 11
1.0915811906492017
 21
8.6156944537854
 31
0.0
  0
LINE
  5
10F
330
17
100
AcDbEntity
  8
P-FIXT
100
AcDbLine
 10
1.0915811906492017
 20
8.6156944537854
 30
0.0
 11
1.109375
 21
8.6125
 31
0.0
  0
LINE
  5
110
330
17
100
AcDbEntity
  8
P-FIXT
100
AcDbLine
 10
1.109375
 20
8.6125
 30
0.0
 11
1.1271688093507983
 21
8.6156944537854
 31
0.0
  0
LINE
  5
111
330
17
100
AcDbEntity
  8
P-FIXT
100
AcDbLine
 10
1.1271688093507983
 20
8.6156944537854
 30
0.0
 11
1.14375
 21
8.625060118395208
 31
0.0
  0
LINE
  5
112
330
17
100
AcDbEntity
  8
P-FIXT
100
AcDbLine
 10
1.14375
 20
8.625060118395208
 30
0.0
 11
1.157988591206575
 21
8.639958739263761
 31
0.0
  0
LINE
  5
113
330
17
100
AcDbEntity
  8
P-FIXT
100
AcDbLine
 10
1.157988591206575
 20
8.639958739263761
 30
0.0
 11
1.16891424651018
 21
8.659375
 31
0.0
  0
LINE
  5
114
330
17
100
AcDbEntity
  8
P-FIXT
100
AcDbLine
 10
1.16891424651018
 20
8.659375
 30
0.0
 11
1.1757824005573734
 21
8.681985714521637
 31
0.0
  0
LINE
  5
115
330
17
100
AcDbEntity
  8
P-FIXT
100
AcDbLine
 10
1.1757824005573734
 20
8.681985714521637
 30
0.0
 11
1.178125
 21
8.70625
 31
0.0
  0
TEXT
  5
116
330
17
100
AcDbEntity
  8
A-ANNO-TEXT
100
AcDbText
 10
1.24375
 20
8.66875
 30
0.0
 40
0.039999999999999994
  1
A
  7
KS-BOLD
 11
1.24375
 21
8.66875
 31
0.0
100
AcDbText
  0
LINE
  5
117
330
17
100
AcDbEntity
  8
P-FIXT
100
AcDbLine
 10
1.0
 20
8.8625
 30
0.0
 11
1.21875
 21
8.8625
 31
0.0
  0
LINE
  5
118
330
17
100
AcDbEntity
  8
P-FIXT
100
AcDbLine
 10
1.21875
 20
8.8625
 30
0.0
 11
1.21875
 21
9.175
 31
0.0
  0
LINE
  5
119
330
17
100
AcDbEntity
  8
P-FIXT
100
AcDbLine
 10
1.21875
 20
9.175
 30
0.0
 11
1.0
 21
9.175
 31
0.0
  0
LINE
  5
11A
330
17
100
AcDbEntity
  8
P-FIXT
100
AcDbLine
 10
1.0
 20
9.175
 30
0.0
 11
1.0
 21
8.8625
 31
0.0
  0
LINE
  5
11B
330
17
100
AcDbEntity
  8
P-FIXT
100
AcDbLine
 10
1.178125
 20
9.01875
 30
0.0
 11
1.1757824005573734
 21
9.04301428547836
 31
0.0
  0
LINE
  5
11C
330
17
100
AcDbEntity
  8
P-FIXT
100
AcDbLine
 10
1.1757824005573734
 20
9.04301428547836
 30
0.0
 11
1.1689142465101803
 21
9.065625
 31
0.0
  0
LINE
  5
11D
330
17
100
AcDbEntity
  8
P-FIXT
100
AcDbLine
 10
1.1689142465101803
 20
9.065625
 30
0.0
 11
1.1579885912065753
 21
9.085041260736238
 31
0.0
  0
LINE
  5
11E
330
17
100
AcDbEntity
  8
P-FIXT
100
AcDbLine
 10
1.1579885912065753
 20
9.085041260736238
 30
0.0
 11
1.14375
 21
9.09993988160479
 31
0.0
  0
LINE
  5
11F
330
17
100
AcDbEntity
  8
P-FIXT
100
AcDbLine
 10
1.14375
 20
9.09993988160479
 30
0.0
 11
1.1271688093507983
 21
9.1093055462146
 31
0.0
  0
LINE
  5
120
330
17
100
AcDbEntity
  8
P-FIXT
100
AcDbLine
 10
1.1271688093507983
 20
9.1093055462146
 30
0.0
 11
1.109375
 21
9.1125
 31
0.0
  0
LINE
  5
121
330
17
100
AcDbEntity
  8
P-FIXT
100
AcDbLine
 10
1.109375
 20
9.1125
 30
0.0
 11
1.0915811906492017
 21
9.1093055462146
 31
0.0
  0
LINE
  5
122
330
17
100
AcDbEntity
  8
P-FIXT
100
AcDbLine
 10
1.0915811906492017
 20
9.1093055462146
 30
0.0
 11
1.075
 21
9.09993988160479
 31
0.0
  0
LINE
  5
123
330
17
100
AcDbEntity
  8
P-FIXT
100
AcDbLine
 10
1.075
 20
9.09993988160479
 30
0.0
 11
1.060761408793425
 21
9.085041260736238
 31
0.0
  0
LINE
  5
124
330
17
100
AcDbEntity
  8
P-FIXT
100
AcDbLine
 10
1.060761408793425
 20
9.085041260736238
 30
0.0
 11
1.0498357534898197
 21
9.065625
 31
0.0
  0
LINE
  5
125
330
17
100
AcDbEntity
  8
P-FIXT
100
AcDbLine
 10
1.0498357534898197
 20
9.065625
 30
0.0
 11
1.0429675994426266
 21
9.04301428547836
 31
0.0
  0
LINE
  5
126
330
17
100
AcDbEntity
  8
P-FIXT
100
AcDbLine
 10
1.0429675994426266
 20
9.04301428547836
 30
0.0
 11
1.040625
 21
9.01875
 31
0.0
  0
LINE
  5
127
330
17
100
AcDbEntity
  8
P-FIXT
100
AcDbLine
 10
1.040625
 20
9.01875
 30
0.0
 11
1.0429675994426266
 21
8.994485714521637
 31
0.0
  0
LINE
  5
128
330
17
100
AcDbEntity
  8
P-FIXT
100
AcDbLine
 10
1.0429675994426266
 20
8.994485714521637
 30
0.0
 11
1.0498357534898197
 21
8.971875
 31
0.0
  0
LINE
  5
129
330
17
100
AcDbEntity
  8
P-FIXT
100
AcDbLine
 10
1.0498357534898197
 20
8.971875
 30
0.0
 11
1.0607614087934247
 21
8.952458739263761
 31
0.0
  0
LINE
  5
12A
330
17
100
AcDbEntity
  8
P-FIXT
100
AcDbLine
 10
1.0607614087934247
 20
8.952458739263761
 30
0.0
 11
1.075
 21
8.937560118395208
 31
0.0
  0
LINE
  5
12B
330
17
100
AcDbEntity
  8
P-FIXT
100
AcDbLine
 10
1.075
 20
8.937560118395208
 30
0.0
 11
1.0915811906492017
 21
8.9281944537854
 31
0.0
  0
LINE
  5
12C
330
17
100
AcDbEntity
  8
P-FIXT
100
AcDbLine
 10
1.0915811906492017
 20
8.9281944537854
 30
0.0
 11
1.109375
 21
8.925
 31
0.0
  0
LINE
  5
12D
330
17
100
AcDbEntity
  8
P-FIXT
100
AcDbLine
 10
1.109375
 20
8.925
 30
0.0
 11
1.1271688093507983
 21
8.9281944537854
 31
0.0
  0
LINE
  5
12E
330
17
100
AcDbEntity
  8
P-FIXT
100
AcDbLine
 10
1.1271688093507983
 20
8.9281944537854
 30
0.0
 11
1.14375
 21
8.937560118395208
 31
0.0
  0
LINE
  5
12F
330
17
100
AcDbEntity
  8
P-FIXT
100
AcDbLine
 10
1.14375
 20
8.937560118395208
 30
0.0
 11
1.157988591206575
 21
8.952458739263761
 31
0.0
  0
LINE
  5
130
330
17
100
AcDbEntity
  8
P-FIXT
100
AcDbLine
 10
1.157988591206575
 20
8.952458739263761
 30
0.0
 11
1.16891424651018
 21
8.971875
 31
0.0
  0
LINE
  5
131
330
17
100
AcDbEntity
  8
P-FIXT
100
AcDbLine
 10
1.16891424651018
 20
8.971875
 30
0.0
 11
1.1757824005573734
 21
8.994485714521637
 31
0.0
  0
LINE
  5
132
330
17
100
AcDbEntity
  8
P-FIXT
100
AcDbLine
 10
1.1757824005573734
 20
8.994485714521637
 30
0.0
 11
1.178125
 21
9.01875
 31
0.0
  0
LINE
  5
133
330
17
100
AcDbEntity
  8
A-CLER-ADA
100
AcDbLine
 10
1.21875
 20
8.55
 30
0.0
 11
1.25375
 21
8.55
 31
0.0
  0
LINE
  5
134
330
17
100
AcDbEntity
  8
A-CLER-ADA
100
AcDbLine
 10
1.27875
 20
8.55
 30
0.0
 11
1.31375
 21
8.55
 31
0.0
  0
LINE
  5
135
330
17
100
AcDbEntity
  8
A-CLER-ADA
100
AcDbLine
 10
1.33875
 20
8.55
 30
0.0
 11
1.37375
 21
8.55
 31
0.0
  0
LINE
  5
136
330
17
100
AcDbEntity
  8
A-CLER-ADA
100
AcDbLine
 10
1.39875
 20
8.55
 30
0.0
 11
1.43375
 21
8.55
 31
0.0
  0
LINE
  5
137
330
17
100
AcDbEntity
  8
A-CLER-ADA
100
AcDbLine
 10
1.45875
 20
8.55
 30
0.0
 11
1.49375
 21
8.55
 31
0.0
  0
LINE
  5
138
330
17
100
AcDbEntity
  8
A-CLER-ADA
100
AcDbLine
 10
1.51875
 20
8.55
 30
0.0
 11
1.55375
 21
8.55
 31
0.0
  0
LINE
  5
139
330
17
100
AcDbEntity
  8
A-CLER-ADA
100
AcDbLine
 10
1.57875
 20
8.55
 30
0.0
 11
1.61375
 21
8.55
 31
0.0
  0
LINE
  5
13A
330
17
100
AcDbEntity
  8
A-CLER-ADA
100
AcDbLine
 10
1.6387500000000002
 20
8.55
 30
0.0
 11
1.67375
 21
8.55
 31
0.0
  0
LINE
  5
13B
330
17
100
AcDbEntity
  8
A-CLER-ADA
100
AcDbLine
 10
1.6987500000000002
 20
8.55
 30
0.0
 11
1.71875
 21
8.55
 31
0.0
  0
LINE
  5
13C
330
17
100
AcDbEntity
  8
A-CLER-ADA
100
AcDbLine
 10
1.71875
 20
8.55
 30
0.0
 11
1.71875
 21
8.585
 31
0.0
  0
LINE
  5
13D
330
17
100
AcDbEntity
  8
A-CLER-ADA
100
AcDbLine
 10
1.71875
 20
8.610000000000001
 30
0.0
 11
1.71875
 21
8.645000000000001
 31
0.0
  0
LINE
  5
13E
330
17
100
AcDbEntity
  8
A-CLER-ADA
100
AcDbLine
 10
1.71875
 20
8.67
 30
0.0
 11
1.71875
 21
8.705
 31
0.0
  0
LINE
  5
13F
330
17
100
AcDbEntity
  8
A-CLER-ADA
100
AcDbLine
 10
1.71875
 20
8.73
 30
0.0
 11
1.71875
 21
8.765
 31
0.0
  0
LINE
  5
140
330
17
100
AcDbEntity
  8
A-CLER-ADA
100
AcDbLine
 10
1.71875
 20
8.790000000000001
 30
0.0
 11
1.71875
 21
8.825000000000001
 31
0.0
  0
LINE
  5
141
330
17
100
AcDbEntity
  8
A-CLER-ADA
100
AcDbLine
 10
1.71875
 20
8.850000000000001
 30
0.0
 11
1.71875
 21
8.8625
 31
0.0
  0
LINE
  5
142
330
17
100
AcDbEntity
  8
A-CLER-ADA
100
AcDbLine
 10
1.71875
 20
8.8625
 30
0.0
 11
1.68375
 21
8.8625
 31
0.0
  0
LINE
  5
143
330
17
100
AcDbEntity
  8
A-CLER-ADA
100
AcDbLine
 10
1.65875
 20
8.8625
 30
0.0
 11
1.62375
 21
8.8625
 31
0.0
  0
LINE
  5
144
330
17
100
AcDbEntity
  8
A-CLER-ADA
100
AcDbLine
 10
1.59875
 20
8.8625
 30
0.0
 11
1.56375
 21
8.8625
 31
0.0
  0
LINE
  5
145
330
17
100
AcDbEntity
  8
A-CLER-ADA
100
AcDbLine
 10
1.53875
 20
8.8625
 30
0.0
 11
1.50375
 21
8.8625
 31
0.0
  0
LINE
  5
146
330
17
100
AcDbEntity
  8
A-CLER-ADA
100
AcDbLine
 10
1.47875
 20
8.8625
 30
0.0
 11
1.44375
 21
8.8625
 31
0.0
  0
LINE
  5
147
330
17
100
AcDbEntity
  8
A-CLER-ADA
100
AcDbLine
 10
1.41875
 20
8.8625
 30
0.0
 11
1.38375
 21
8.8625
 31
0.0
  0
LINE
  5
148
330
17
100
AcDbEntity
  8
A-CLER-ADA
100
AcDbLine
 10
1.35875
 20
8.8625
 30
0.0
 11
1.32375
 21
8.8625
 31
0.0
  0
LINE
  5
149
330
17
100
AcDbEntity
  8
A-CLER-ADA
100
AcDbLine
 10
1.2987499999999998
 20
8.8625
 30
0.0
 11
1.26375
 21
8.8625
 31
0.0
  0
LINE
  5
14A
330
17
100
AcDbEntity
  8
A-CLER-ADA
100
AcDbLine
 10
1.2387499999999998
 20
8.8625
 30
0.0
 11
1.21875
 21
8.8625
 31
0.0
  0
LINE
  5
14B
330
17
100
AcDbEntity
  8
A-CLER-ADA
100
AcDbLine
 10
1.21875
 20
8.8625
 30
0.0
 11
1.21875
 21
8.8275
 31
0.0
  0
LINE
  5
14C
330
17
100
AcDbEntity
  8
A-CLER-ADA
100
AcDbLine
 10
1.21875
 20
8.8025
 30
0.0
 11
1.21875
 21
8.7675
 31
0.0
  0
LINE
  5
14D
330
17
100
AcDbEntity
  8
A-CLER-ADA
100
AcDbLine
 10
1.21875
 20
8.742500000000001
 30
0.0
 11
1.21875
 21
8.707500000000001
 31
0.0
  0
LINE
  5
14E
330
17
100
AcDbEntity
  8
A-CLER-ADA
100
AcDbLine
 10
1.21875
 20
8.682500000000001
 30
0.0
 11
1.21875
 21
8.6475
 31
0.0
  0
LINE
  5
14F
330
17
100
AcDbEntity
  8
A-CLER-ADA
100
AcDbLine
 10
1.21875
 20
8.6225
 30
0.0
 11
1.21875
 21
8.5875
 31
0.0
  0
LINE
  5
150
330
17
100
AcDbEntity
  8
A-CLER-ADA
100
AcDbLine
 10
1.21875
 20
8.5625
 30
0.0
 11
1.21875
 21
8.55
 31
0.0
  0
TEXT
  5
151
330
17
100
AcDbEntity
  8
A-CLER-ADA
100
AcDbText
 10
1.46875
 20
8.66875
 30
0.0
 40
0.033999999999999996
  1
30x48
  7
KS-REG
 72
1
 11
1.46875
 21
8.66875
 31
0.0
100
AcDbText
  0
LINE
  5
152
330
17
100
AcDbEntity
  8
A-CLER-ADA
100
AcDbLine
 10
2.125
 20
8.925
 30
0.0
 11
2.114351820715334
 21
9.005880951594538
 31
0.0
  0
LINE
  5
153
330
17
100
AcDbEntity
  8
A-CLER-ADA
100
AcDbLine
 10
2.0831329386826374
 20
9.08125
 30
0.0
 11
2.033470869120796
 21
9.145970869120795
 31
0.0
  0
LINE
  5
154
330
17
100
AcDbEntity
  8
A-CLER-ADA
100
AcDbLine
 10
1.96875
 20
9.195632938682637
 30
0.0
 11
1.8933809515945377
 21
9.226851820715334
 31
0.0
  0
LINE
  5
155
330
17
100
AcDbEntity
  8
A-CLER-ADA
100
AcDbLine
 10
1.8125
 20
9.2375
 30
0.0
 11
1.7316190484054623
 21
9.226851820715334
 31
0.0
  0
LINE
  5
156
330
17
100
AcDbEntity
  8
A-CLER-ADA
100
AcDbLine
 10
1.65625
 20
9.195632938682637
 30
0.0
 11
1.591529130879204
 21
9.145970869120795
 31
0.0
  0
LINE
  5
157
330
17
100
AcDbEntity
  8
A-CLER-ADA
100
AcDbLine
 10
1.5418670613173628
 20
9.08125
 30
0.0
 11
1.5106481792846662
 21
9.005880951594538
 31
0.0
  0
LINE
  5
158
330
17
100
AcDbEntity
  8
A-CLER-ADA
100
AcDbLine
 10
1.5
 20
8.925
 30
0.0
 11
1.5106481792846662
 21
8.844119048405462
 31
0.0
  0
LINE
  5
159
330
17
100
AcDbEntity
  8
A-CLER-ADA
100
AcDbLine
 10
1.5418670613173628
 20
8.76875
 30
0.0
 11
1.591529130879204
 21
8.704029130879203
 31
0.0
  0
LINE
  5
15A
330
17
100
AcDbEntity
  8
A-CLER-ADA
100
AcDbLine
 10
1.65625
 20
8.654367061317362
 30
0.0
 11
1.7316190484054623
 21
8.623148179284666
 31
0.0
  0
LINE
  5
15B
330
17
100
AcDbEntity
  8
A-CLER-ADA
100
AcDbLine
 10
1.8125
 20
8.6125
 30
0.0
 11
1.8933809515945375
 21
8.623148179284666
 31
0.0
  0
LINE
  5
15C
330
17
100
AcDbEntity
  8
A-CLER-ADA
100
AcDbLine
 10
1.96875
 20
8.654367061317362
 30
0.0
 11
2.033470869120796
 21
8.704029130879203
 31
0.0
  0
LINE
  5
15D
330
17
100
AcDbEntity
  8
A-CLER-ADA
100
AcDbLine
 10
2.083132938682637
 20
8.76875
 30
0.0
 11
2.114351820715334
 21
8.844119048405462
 31
0.0
  0
TEXT
  5
15E
330
17
100
AcDbEntity
  8
A-CLER-ADA
100
AcDbText
 10
1.8125
 20
8.8875
 30
0.0
 40
0.036
  1
60" TURN
  7
KS-REG
 72
1
 11
1.8125
 21
8.8875
 31
0.0
100
AcDbText
  0
LINE
  5
15F
330
17
100
AcDbEntity
  8
P-FIXT
100
AcDbLine
 10
1.0
 20
7.675
 30
0.0
 11
1.3125
 21
7.675
 31
0.0
  0
LINE
  5
160
330
17
100
AcDbEntity
  8
P-FIXT
100
AcDbLine
 10
1.3125
 20
7.675
 30
0.0
 11
1.3125
 21
8.3
 31
0.0
  0
LINE
  5
161
330
17
100
AcDbEntity
  8
P-FIXT
100
AcDbLine
 10
1.3125
 20
8.3
 30
0.0
 11
1.0
 21
8.3
 31
0.0
  0
LINE
  5
162
330
17
100
AcDbEntity
  8
P-FIXT
100
AcDbLine
 10
1.0
 20
8.3
 30
0.0
 11
1.0
 21
7.675
 31
0.0
  0
LINE
  5
163
330
17
100
AcDbEntity
  8
P-FIXT
100
AcDbLine
 10
1.0
 20
7.675
 30
0.0
 11
1.3125
 21
8.3
 31
0.0
  0
LINE
  5
164
330
17
100
AcDbEntity
  8
P-FIXT
100
AcDbLine
 10
1.0
 20
8.3
 30
0.0
 11
1.3125
 21
7.675
 31
0.0
  0
TEXT
  5
165
330
17
100
AcDbEntity
  8
A-ANNO-TEXT
100
AcDbText
 10
1.15625
 20
8.01875
 30
0.0
 40
0.036
  1
ROLL-IN
  7
KS-BOLD
 72
1
 11
1.15625
 21
8.01875
 31
0.0
100
AcDbText
  0
LINE
  5
166
330
17
100
AcDbEntity
  8
A-CLER-ADA
100
AcDbLine
 10
1.3125
 20
7.675
 30
0.0
 11
1.3475
 21
7.675
 31
0.0
  0
LINE
  5
167
330
17
100
AcDbEntity
  8
A-CLER-ADA
100
AcDbLine
 10
1.3725
 20
7.675
 30
0.0
 11
1.4075
 21
7.675
 31
0.0
  0
LINE
  5
168
330
17
100
AcDbEntity
  8
A-CLER-ADA
100
AcDbLine
 10
1.4325
 20
7.675
 30
0.0
 11
1.4675
 21
7.675
 31
0.0
  0
LINE
  5
169
330
17
100
AcDbEntity
  8
A-CLER-ADA
100
AcDbLine
 10
1.4925
 20
7.675
 30
0.0
 11
1.5275
 21
7.675
 31
0.0
  0
LINE
  5
16A
330
17
100
AcDbEntity
  8
A-CLER-ADA
100
AcDbLine
 10
1.5525
 20
7.675
 30
0.0
 11
1.5875
 21
7.675
 31
0.0
  0
LINE
  5
16B
330
17
100
AcDbEntity
  8
A-CLER-ADA
100
AcDbLine
 10
1.6125
 20
7.675
 30
0.0
 11
1.625
 21
7.675
 31
0.0
  0
LINE
  5
16C
330
17
100
AcDbEntity
  8
A-CLER-ADA
100
AcDbLine
 10
1.625
 20
7.675
 30
0.0
 11
1.625
 21
7.71
 31
0.0
  0
LINE
  5
16D
330
17
100
AcDbEntity
  8
A-CLER-ADA
100
AcDbLine
 10
1.625
 20
7.734999999999999
 30
0.0
 11
1.625
 21
7.77
 31
0.0
  0
LINE
  5
16E
330
17
100
AcDbEntity
  8
A-CLER-ADA
100
AcDbLine
 10
1.625
 20
7.795
 30
0.0
 11
1.625
 21
7.83
 31
0.0
  0
LINE
  5
16F
330
17
100
AcDbEntity
  8
A-CLER-ADA
100
AcDbLine
 10
1.625
 20
7.8549999999999995
 30
0.0
 11
1.625
 21
7.89
 31
0.0
  0
LINE
  5
170
330
17
100
AcDbEntity
  8
A-CLER-ADA
100
AcDbLine
 10
1.625
 20
7.915
 30
0.0
 11
1.625
 21
7.95
 31
0.0
  0
LINE
  5
171
330
17
100
AcDbEntity
  8
A-CLER-ADA
100
AcDbLine
 10
1.625
 20
7.975
 30
0.0
 11
1.625
 21
8.01
 31
0.0
  0
LINE
  5
172
330
17
100
AcDbEntity
  8
A-CLER-ADA
100
AcDbLine
 10
1.625
 20
8.035
 30
0.0
 11
1.625
 21
8.07
 31
0.0
  0
LINE
  5
173
330
17
100
AcDbEntity
  8
A-CLER-ADA
100
AcDbLine
 10
1.625
 20
8.095
 30
0.0
 11
1.625
 21
8.13
 31
0.0
  0
LINE
  5
174
330
17
100
AcDbEntity
  8
A-CLER-ADA
100
AcDbLine
 10
1.625
 20
8.155
 30
0.0
 11
1.625
 21
8.19
 31
0.0
  0
LINE
  5
175
330
17
100
AcDbEntity
  8
A-CLER-ADA
100
AcDbLine
 10
1.625
 20
8.215
 30
0.0
 11
1.625
 21
8.25
 31
0.0
  0
LINE
  5
176
330
17
100
AcDbEntity
  8
A-CLER-ADA
100
AcDbLine
 10
1.625
 20
8.275
 30
0.0
 11
1.625
 21
8.3
 31
0.0
  0
LINE
  5
177
330
17
100
AcDbEntity
  8
A-CLER-ADA
100
AcDbLine
 10
1.625
 20
8.3
 30
0.0
 11
1.59
 21
8.3
 31
0.0
  0
LINE
  5
178
330
17
100
AcDbEntity
  8
A-CLER-ADA
100
AcDbLine
 10
1.565
 20
8.3
 30
0.0
 11
1.53
 21
8.3
 31
0.0
  0
LINE
  5
179
330
17
100
AcDbEntity
  8
A-CLER-ADA
100
AcDbLine
 10
1.505
 20
8.3
 30
0.0
 11
1.47
 21
8.3
 31
0.0
  0
LINE
  5
17A
330
17
100
AcDbEntity
  8
A-CLER-ADA
100
AcDbLine
 10
1.445
 20
8.3
 30
0.0
 11
1.41
 21
8.3
 31
0.0
  0
LINE
  5
17B
330
17
100
AcDbEntity
  8
A-CLER-ADA
100
AcDbLine
 10
1.385
 20
8.3
 30
0.0
 11
1.35
 21
8.3
 31
0.0
  0
LINE
  5
17C
330
17
100
AcDbEntity
  8
A-CLER-ADA
100
AcDbLine
 10
1.325
 20
8.3
 30
0.0
 11
1.3125
 21
8.3
 31
0.0
  0
LINE
  5
17D
330
17
100
AcDbEntity
  8
A-CLER-ADA
100
AcDbLine
 10
1.3125
 20
8.3
 30
0.0
 11
1.3125
 21
8.265
 31
0.0
  0
LINE
  5
17E
330
17
100
AcDbEntity
  8
A-CLER-ADA
100
AcDbLine
 10
1.3125
 20
8.24
 30
0.0
 11
1.3125
 21
8.205
 31
0.0
  0
LINE
  5
17F
330
17
100
AcDbEntity
  8
A-CLER-ADA
100
AcDbLine
 10
1.3125
 20
8.180000000000001
 30
0.0
 11
1.3125
 21
8.145000000000001
 31
0.0
  0
LINE
  5
180
330
17
100
AcDbEntity
  8
A-CLER-ADA
100
AcDbLine
 10
1.3125
 20
8.120000000000001
 30
0.0
 11
1.3125
 21
8.085
 31
0.0
  0
LINE
  5
181
330
17
100
AcDbEntity
  8
A-CLER-ADA
100
AcDbLine
 10
1.3125
 20
8.06
 30
0.0
 11
1.3125
 21
8.025
 31
0.0
  0
LINE
  5
182
330
17
100
AcDbEntity
  8
A-CLER-ADA
100
AcDbLine
 10
1.3125
 20
8.0
 30
0.0
 11
1.3125
 21
7.965000000000001
 31
0.0
  0
LINE
  5
183
330
17
100
AcDbEntity
  8
A-CLER-ADA
100
AcDbLine
 10
1.3125
 20
7.94
 30
0.0
 11
1.3125
 21
7.905
 31
0.0
  0
LINE
  5
184
330
17
100
AcDbEntity
  8
A-CLER-ADA
100
AcDbLine
 10
1.3125
 20
7.880000000000001
 30
0.0
 11
1.3125
 21
7.845000000000001
 31
0.0
  0
LINE
  5
185
330
17
100
AcDbEntity
  8
A-CLER-ADA
100
AcDbLine
 10
1.3125
 20
7.82
 30
0.0
 11
1.3125
 21
7.785
 31
0.0
  0
LINE
  5
186
330
17
100
AcDbEntity
  8
A-CLER-ADA
100
AcDbLine
 10
1.3125
 20
7.760000000000001
 30
0.0
 11
1.3125
 21
7.7250000000000005
 31
0.0
  0
LINE
  5
187
330
17
100
AcDbEntity
  8
A-CLER-ADA
100
AcDbLine
 10
1.3125
 20
7.7
 30
0.0
 11
1.3125
 21
7.675
 31
0.0
  0
TEXT
  5
188
330
17
100
AcDbEntity
  8
A-CLER-ADA
100
AcDbText
 10
1.46875
 20
7.949999999999999
 30
0.0
 40
0.033999999999999996
  1
30x60
  7
KS-REG
 72
1
 11
1.46875
 21
7.949999999999999
 31
0.0
100
AcDbText
  0
LINE
  5
189
330
17
100
AcDbEntity
  8
P-FIXT
100
AcDbLine
 10
1.0
 20
6.55
 30
0.0
 11
1.375
 21
6.55
 31
0.0
  0
LINE
  5
18A
330
17
100
AcDbEntity
  8
P-FIXT
100
AcDbLine
 10
1.375
 20
6.55
 30
0.0
 11
1.375
 21
6.925
 31
0.0
  0
LINE
  5
18B
330
17
100
AcDbEntity
  8
P-FIXT
100
AcDbLine
 10
1.375
 20
6.925
 30
0.0
 11
1.0
 21
6.925
 31
0.0
  0
LINE
  5
18C
330
17
100
AcDbEntity
  8
P-FIXT
100
AcDbLine
 10
1.0
 20
6.925
 30
0.0
 11
1.0
 21
6.55
 31
0.0
  0
LINE
  5
18D
330
17
100
AcDbEntity
  8
P-FIXT
100
AcDbLine
 10
1.0
 20
6.55
 30
0.0
 11
1.375
 21
6.925
 31
0.0
  0
LINE
  5
18E
330
17
100
AcDbEntity
  8
P-FIXT
100
AcDbLine
 10
1.0
 20
6.925
 30
0.0
 11
1.375
 21
6.55
 31
0.0
  0
LINE
  5
18F
330
17
100
AcDbEntity
  8
P-FIXT
100
AcDbLine
 10
1.375
 20
6.55
 30
0.0
 11
1.75
 21
6.55
 31
0.0
  0
LINE
  5
190
330
17
100
AcDbEntity
  8
P-FIXT
100
AcDbLine
 10
1.75
 20
6.55
 30
0.0
 11
1.75
 21
6.925
 31
0.0
  0
LINE
  5
191
330
17
100
AcDbEntity
  8
P-FIXT
100
AcDbLine
 10
1.75
 20
6.925
 30
0.0
 11
1.375
 21
6.925
 31
0.0
  0
LINE
  5
192
330
17
100
AcDbEntity
  8
P-FIXT
100
AcDbLine
 10
1.375
 20
6.925
 30
0.0
 11
1.375
 21
6.55
 31
0.0
  0
LINE
  5
193
330
17
100
AcDbEntity
  8
P-FIXT
100
AcDbLine
 10
1.375
 20
6.55
 30
0.0
 11
1.75
 21
6.925
 31
0.0
  0
LINE
  5
194
330
17
100
AcDbEntity
  8
P-FIXT
100
AcDbLine
 10
1.375
 20
6.925
 30
0.0
 11
1.75
 21
6.55
 31
0.0
  0
LINE
  5
195
330
17
100
AcDbEntity
  8
P-FIXT
100
AcDbLine
 10
1.75
 20
6.55
 30
0.0
 11
2.125
 21
6.55
 31
0.0
  0
LINE
  5
196
330
17
100
AcDbEntity
  8
P-FIXT
100
AcDbLine
 10
2.125
 20
6.55
 30
0.0
 11
2.125
 21
6.925
 31
0.0
  0
LINE
  5
197
330
17
100
AcDbEntity
  8
P-FIXT
100
AcDbLine
 10
2.125
 20
6.925
 30
0.0
 11
1.75
 21
6.925
 31
0.0
  0
LINE
  5
198
330
17
100
AcDbEntity
  8
P-FIXT
100
AcDbLine
 10
1.75
 20
6.925
 30
0.0
 11
1.75
 21
6.55
 31
0.0
  0
LINE
  5
199
330
17
100
AcDbEntity
  8
P-FIXT
100
AcDbLine
 10
1.75
 20
6.55
 30
0.0
 11
2.125
 21
6.925
 31
0.0
  0
LINE
  5
19A
330
17
100
AcDbEntity
  8
P-FIXT
100
AcDbLine
 10
1.75
 20
6.925
 30
0.0
 11
2.125
 21
6.55
 31
0.0
  0
TEXT
  5
19B
330
17
100
AcDbEntity
  8
A-ANNO-TEXT
100
AcDbText
 10
1.775
 20
7.375
 30
0.0
 40
0.039999999999999994
  1
DRYING
  7
KS-REG
 72
1
 11
1.775
 21
7.375
 31
0.0
100
AcDbText
  0
LINE
  5
19C
330
17
100
AcDbEntity
  8
P-FIXT
100
AcDbLine
 10
2.3925
 20
9.8625
 30
0.0
 11
4.8925
 21
9.8625
 31
0.0
  0
LINE
  5
19D
330
17
100
AcDbEntity
  8
P-FIXT
100
AcDbLine
 10
4.8925
 20
9.8625
 30
0.0
 11
4.8925
 21
10.05
 31
0.0
  0
LINE
  5
19E
330
17
100
AcDbEntity
  8
P-FIXT
100
AcDbLine
 10
4.8925
 20
10.05
 30
0.0
 11
2.3925
 21
10.05
 31
0.0
  0
LINE
  5
19F
330
17
100
AcDbEntity
  8
P-FIXT
100
AcDbLine
 10
2.3925
 20
10.05
 30
0.0
 11
2.3925
 21
9.8625
 31
0.0
  0
LINE
  5
1A0
330
17
100
AcDbEntity
  8
P-FIXT
100
AcDbLine
 10
2.54875
 20
9.8625
 30
0.0
 11
2.54875
 21
10.05
 31
0.0
  0
LINE
  5
1A1
330
17
100
AcDbEntity
  8
P-FIXT
100
AcDbLine
 10
2.705
 20
9.8625
 30
0.0
 11
2.705
 21
10.05
 31
0.0
  0
LINE
  5
1A2
330
17
100
AcDbEntity
  8
P-FIXT
100
AcDbLine
 10
2.86125
 20
9.8625
 30
0.0
 11
2.86125
 21
10.05
 31
0.0
  0
LINE
  5
1A3
330
17
100
AcDbEntity
  8
P-FIXT
100
AcDbLine
 10
3.0175
 20
9.8625
 30
0.0
 11
3.0175
 21
10.05
 31
0.0
  0
LINE
  5
1A4
330
17
100
AcDbEntity
  8
P-FIXT
100
AcDbLine
 10
3.17375
 20
9.8625
 30
0.0
 11
3.17375
 21
10.05
 31
0.0
  0
LINE
  5
1A5
330
17
100
AcDbEntity
  8
P-FIXT
100
AcDbLine
 10
3.33
 20
9.8625
 30
0.0
 11
3.33
 21
10.05
 31
0.0
  0
LINE
  5
1A6
330
17
100
AcDbEntity
  8
P-FIXT
100
AcDbLine
 10
3.48625
 20
9.8625
 30
0.0
 11
3.48625
 21
10.05
 31
0.0
  0
LINE
  5
1A7
330
17
100
AcDbEntity
  8
P-FIXT
100
AcDbLine
 10
3.6425
 20
9.8625
 30
0.0
 11
3.6425
 21
10.05
 31
0.0
  0
LINE
  5
1A8
330
17
100
AcDbEntity
  8
P-FIXT
100
AcDbLine
 10
3.79875
 20
9.8625
 30
0.0
 11
3.79875
 21
10.05
 31
0.0
  0
LINE
  5
1A9
330
17
100
AcDbEntity
  8
P-FIXT
100
AcDbLine
 10
3.955
 20
9.8625
 30
0.0
 11
3.955
 21
10.05
 31
0.0
  0
LINE
  5
1AA
330
17
100
AcDbEntity
  8
P-FIXT
100
AcDbLine
 10
4.11125
 20
9.8625
 30
0.0
 11
4.11125
 21
10.05
 31
0.0
  0
LINE
  5
1AB
330
17
100
AcDbEntity
  8
P-FIXT
100
AcDbLine
 10
4.2675
 20
9.8625
 30
0.0
 11
4.2675
 21
10.05
 31
0.0
  0
LINE
  5
1AC
330
17
100
AcDbEntity
  8
P-FIXT
100
AcDbLine
 10
4.42375
 20
9.8625
 30
0.0
 11
4.42375
 21
10.05
 31
0.0
  0
LINE
  5
1AD
330
17
100
AcDbEntity
  8
P-FIXT
100
AcDbLine
 10
4.58
 20
9.8625
 30
0.0
 11
4.58
 21
10.05
 31
0.0
  0
LINE
  5
1AE
330
17
100
AcDbEntity
  8
P-FIXT
100
AcDbLine
 10
4.73625
 20
9.8625
 30
0.0
 11
4.73625
 21
10.05
 31
0.0
  0
TEXT
  5
1AF
330
17
100
AcDbEntity
  8
A-ANNO-TEXT
100
AcDbText
 10
4.814375
 20
9.91875
 30
0.0
 40
0.036
  1
A
  7
KS-BOLD
 72
1
 11
4.814375
 21
9.91875
 31
0.0
100
AcDbText
  0
LINE
  5
1B0
330
17
100
AcDbEntity
  8
P-FIXT
100
AcDbLine
 10
2.3925
 20
6.55
 30
0.0
 11
4.8925
 21
6.55
 31
0.0
  0
LINE
  5
1B1
330
17
100
AcDbEntity
  8
P-FIXT
100
AcDbLine
 10
4.8925
 20
6.55
 30
0.0
 11
4.8925
 21
6.7375
 31
0.0
  0
LINE
  5
1B2
330
17
100
AcDbEntity
  8
P-FIXT
100
AcDbLine
 10
4.8925
 20
6.7375
 30
0.0
 11
2.3925
 21
6.7375
 31
0.0
  0
LINE
  5
1B3
330
17
100
AcDbEntity
  8
P-FIXT
100
AcDbLine
 10
2.3925
 20
6.7375
 30
0.0
 11
2.3925
 21
6.55
 31
0.0
  0
LINE
  5
1B4
330
17
100
AcDbEntity
  8
P-FIXT
100
AcDbLine
 10
2.54875
 20
6.55
 30
0.0
 11
2.54875
 21
6.7375
 31
0.0
  0
LINE
  5
1B5
330
17
100
AcDbEntity
  8
P-FIXT
100
AcDbLine
 10
2.705
 20
6.55
 30
0.0
 11
2.705
 21
6.7375
 31
0.0
  0
LINE
  5
1B6
330
17
100
AcDbEntity
  8
P-FIXT
100
AcDbLine
 10
2.86125
 20
6.55
 30
0.0
 11
2.86125
 21
6.7375
 31
0.0
  0
LINE
  5
1B7
330
17
100
AcDbEntity
  8
P-FIXT
100
AcDbLine
 10
3.0175
 20
6.55
 30
0.0
 11
3.0175
 21
6.7375
 31
0.0
  0
LINE
  5
1B8
330
17
100
AcDbEntity
  8
P-FIXT
100
AcDbLine
 10
3.17375
 20
6.55
 30
0.0
 11
3.17375
 21
6.7375
 31
0.0
  0
LINE
  5
1B9
330
17
100
AcDbEntity
  8
P-FIXT
100
AcDbLine
 10
3.33
 20
6.55
 30
0.0
 11
3.33
 21
6.7375
 31
0.0
  0
LINE
  5
1BA
330
17
100
AcDbEntity
  8
P-FIXT
100
AcDbLine
 10
3.48625
 20
6.55
 30
0.0
 11
3.48625
 21
6.7375
 31
0.0
  0
LINE
  5
1BB
330
17
100
AcDbEntity
  8
P-FIXT
100
AcDbLine
 10
3.6425
 20
6.55
 30
0.0
 11
3.6425
 21
6.7375
 31
0.0
  0
LINE
  5
1BC
330
17
100
AcDbEntity
  8
P-FIXT
100
AcDbLine
 10
3.79875
 20
6.55
 30
0.0
 11
3.79875
 21
6.7375
 31
0.0
  0
LINE
  5
1BD
330
17
100
AcDbEntity
  8
P-FIXT
100
AcDbLine
 10
3.955
 20
6.55
 30
0.0
 11
3.955
 21
6.7375
 31
0.0
  0
LINE
  5
1BE
330
17
100
AcDbEntity
  8
P-FIXT
100
AcDbLine
 10
4.11125
 20
6.55
 30
0.0
 11
4.11125
 21
6.7375
 31
0.0
  0
LINE
  5
1BF
330
17
100
AcDbEntity
  8
P-FIXT
100
AcDbLine
 10
4.2675
 20
6.55
 30
0.0
 11
4.2675
 21
6.7375
 31
0.0
  0
LINE
  5
1C0
330
17
100
AcDbEntity
  8
P-FIXT
100
AcDbLine
 10
4.42375
 20
6.55
 30
0.0
 11
4.42375
 21
6.7375
 31
0.0
  0
LINE
  5
1C1
330
17
100
AcDbEntity
  8
P-FIXT
100
AcDbLine
 10
4.58
 20
6.55
 30
0.0
 11
4.58
 21
6.7375
 31
0.0
  0
LINE
  5
1C2
330
17
100
AcDbEntity
  8
P-FIXT
100
AcDbLine
 10
4.73625
 20
6.55
 30
0.0
 11
4.73625
 21
6.7375
 31
0.0
  0
TEXT
  5
1C3
330
17
100
AcDbEntity
  8
A-ANNO-TEXT
100
AcDbText
 10
4.814375
 20
6.60625
 30
0.0
 40
0.036
  1
A
  7
KS-BOLD
 72
1
 11
4.814375
 21
6.60625
 31
0.0
100
AcDbText
  0
LINE
  5
1C4
330
17
100
AcDbEntity
  8
P-FIXT
100
AcDbLine
 10
2.75
 20
9.3
 30
0.0
 11
4.25
 21
9.3
 31
0.0
  0
LINE
  5
1C5
330
17
100
AcDbEntity
  8
P-FIXT
100
AcDbLine
 10
4.25
 20
9.3
 30
0.0
 11
4.25
 21
9.4875
 31
0.0
  0
LINE
  5
1C6
330
17
100
AcDbEntity
  8
P-FIXT
100
AcDbLine
 10
4.25
 20
9.4875
 30
0.0
 11
2.75
 21
9.4875
 31
0.0
  0
LINE
  5
1C7
330
17
100
AcDbEntity
  8
P-FIXT
100
AcDbLine
 10
2.75
 20
9.4875
 30
0.0
 11
2.75
 21
9.3
 31
0.0
  0
TEXT
  5
1C8
330
17
100
AcDbEntity
  8
A-ANNO-TEXT
100
AcDbText
 10
3.5
 20
9.35625
 30
0.0
 40
0.036
  1
BENCH 12'
  7
KS-REG
 72
1
 11
3.5
 21
9.35625
 31
0.0
100
AcDbText
  0
LINE
  5
1C9
330
17
100
AcDbEntity
  8
P-FIXT
100
AcDbLine
 10
2.75
 20
7.1125
 30
0.0
 11
4.25
 21
7.1125
 31
0.0
  0
LINE
  5
1CA
330
17
100
AcDbEntity
  8
P-FIXT
100
AcDbLine
 10
4.25
 20
7.1125
 30
0.0
 11
4.25
 21
7.3
 31
0.0
  0
LINE
  5
1CB
330
17
100
AcDbEntity
  8
P-FIXT
100
AcDbLine
 10
4.25
 20
7.3
 30
0.0
 11
2.75
 21
7.3
 31
0.0
  0
LINE
  5
1CC
330
17
100
AcDbEntity
  8
P-FIXT
100
AcDbLine
 10
2.75
 20
7.3
 30
0.0
 11
2.75
 21
7.1125
 31
0.0
  0
TEXT
  5
1CD
330
17
100
AcDbEntity
  8
A-ANNO-TEXT
100
AcDbText
 10
3.5
 20
7.16875
 30
0.0
 40
0.036
  1
BENCH 12'
  7
KS-REG
 72
1
 11
3.5
 21
7.16875
 31
0.0
100
AcDbText
  0
LINE
  5
1CE
330
17
100
AcDbEntity
  8
P-FIXT
100
AcDbLine
 10
2.3125
 20
7.8625
 30
0.0
 11
2.5625
 21
7.8625
 31
0.0
  0
LINE
  5
1CF
330
17
100
AcDbEntity
  8
P-FIXT
100
AcDbLine
 10
2.5625
 20
7.8625
 30
0.0
 11
2.5625
 21
8.3625
 31
0.0
  0
LINE
  5
1D0
330
17
100
AcDbEntity
  8
P-FIXT
100
AcDbLine
 10
2.5625
 20
8.3625
 30
0.0
 11
2.3125
 21
8.3625
 31
0.0
  0
LINE
  5
1D1
330
17
100
AcDbEntity
  8
P-FIXT
100
AcDbLine
 10
2.3125
 20
8.3625
 30
0.0
 11
2.3125
 21
7.8625
 31
0.0
  0
LINE
  5
1D2
330
17
100
AcDbEntity
  8
P-FIXT
100
AcDbLine
 10
2.3125
 20
7.8625
 30
0.0
 11
2.5625
 21
8.3625
 31
0.0
  0
LINE
  5
1D3
330
17
100
AcDbEntity
  8
P-FIXT
100
AcDbLine
 10
2.3125
 20
8.3625
 30
0.0
 11
2.5625
 21
7.8625
 31
0.0
  0
LINE
  5
1D4
330
17
100
AcDbEntity
  8
A-CLER-ADA
100
AcDbLine
 10
2.3125
 20
8.3625
 30
0.0
 11
2.3475
 21
8.3625
 31
0.0
  0
LINE
  5
1D5
330
17
100
AcDbEntity
  8
A-CLER-ADA
100
AcDbLine
 10
2.3725
 20
8.3625
 30
0.0
 11
2.4075
 21
8.3625
 31
0.0
  0
LINE
  5
1D6
330
17
100
AcDbEntity
  8
A-CLER-ADA
100
AcDbLine
 10
2.4325
 20
8.3625
 30
0.0
 11
2.4675
 21
8.3625
 31
0.0
  0
LINE
  5
1D7
330
17
100
AcDbEntity
  8
A-CLER-ADA
100
AcDbLine
 10
2.4925
 20
8.3625
 30
0.0
 11
2.5275
 21
8.3625
 31
0.0
  0
LINE
  5
1D8
330
17
100
AcDbEntity
  8
A-CLER-ADA
100
AcDbLine
 10
2.5525
 20
8.3625
 30
0.0
 11
2.5875
 21
8.3625
 31
0.0
  0
LINE
  5
1D9
330
17
100
AcDbEntity
  8
A-CLER-ADA
100
AcDbLine
 10
2.6125
 20
8.3625
 30
0.0
 11
2.6475
 21
8.3625
 31
0.0
  0
LINE
  5
1DA
330
17
100
AcDbEntity
  8
A-CLER-ADA
100
AcDbLine
 10
2.6725000000000003
 20
8.3625
 30
0.0
 11
2.7075
 21
8.3625
 31
0.0
  0
LINE
  5
1DB
330
17
100
AcDbEntity
  8
A-CLER-ADA
100
AcDbLine
 10
2.7325
 20
8.3625
 30
0.0
 11
2.7675
 21
8.3625
 31
0.0
  0
LINE
  5
1DC
330
17
100
AcDbEntity
  8
A-CLER-ADA
100
AcDbLine
 10
2.7925000000000004
 20
8.3625
 30
0.0
 11
2.8125
 21
8.3625
 31
0.0
  0
LINE
  5
1DD
330
17
100
AcDbEntity
  8
A-CLER-ADA
100
AcDbLine
 10
2.8125
 20
8.3625
 30
0.0
 11
2.8125
 21
8.3975
 31
0.0
  0
LINE
  5
1DE
330
17
100
AcDbEntity
  8
A-CLER-ADA
100
AcDbLine
 10
2.8125
 20
8.422500000000001
 30
0.0
 11
2.8125
 21
8.457500000000001
 31
0.0
  0
LINE
  5
1DF
330
17
100
AcDbEntity
  8
A-CLER-ADA
100
AcDbLine
 10
2.8125
 20
8.4825
 30
0.0
 11
2.8125
 21
8.5175
 31
0.0
  0
LINE
  5
1E0
330
17
100
AcDbEntity
  8
A-CLER-ADA
100
AcDbLine
 10
2.8125
 20
8.5425
 30
0.0
 11
2.8125
 21
8.5775
 31
0.0
  0
LINE
  5
1E1
330
17
100
AcDbEntity
  8
A-CLER-ADA
100
AcDbLine
 10
2.8125
 20
8.602500000000001
 30
0.0
 11
2.8125
 21
8.637500000000001
 31
0.0
  0
LINE
  5
1E2
330
17
100
AcDbEntity
  8
A-CLER-ADA
100
AcDbLine
 10
2.8125
 20
8.662500000000001
 30
0.0
 11
2.8125
 21
8.675
 31
0.0
  0
LINE
  5
1E3
330
17
100
AcDbEntity
  8
A-CLER-ADA
100
AcDbLine
 10
2.8125
 20
8.675
 30
0.0
 11
2.7775
 21
8.675
 31
0.0
  0
LINE
  5
1E4
330
17
100
AcDbEntity
  8
A-CLER-ADA
100
AcDbLine
 10
2.7525
 20
8.675
 30
0.0
 11
2.7175
 21
8.675
 31
0.0
  0
LINE
  5
1E5
330
17
100
AcDbEntity
  8
A-CLER-ADA
100
AcDbLine
 10
2.6925
 20
8.675
 30
0.0
 11
2.6575
 21
8.675
 31
0.0
  0
LINE
  5
1E6
330
17
100
AcDbEntity
  8
A-CLER-ADA
100
AcDbLine
 10
2.6325
 20
8.675
 30
0.0
 11
2.5975
 21
8.675
 31
0.0
  0
LINE
  5
1E7
330
17
100
AcDbEntity
  8
A-CLER-ADA
100
AcDbLine
 10
2.5725
 20
8.675
 30
0.0
 11
2.5375
 21
8.675
 31
0.0
  0
LINE
  5
1E8
330
17
100
AcDbEntity
  8
A-CLER-ADA
100
AcDbLine
 10
2.5125
 20
8.675
 30
0.0
 11
2.4775
 21
8.675
 31
0.0
  0
LINE
  5
1E9
330
17
100
AcDbEntity
  8
A-CLER-ADA
100
AcDbLine
 10
2.4524999999999997
 20
8.675
 30
0.0
 11
2.4175
 21
8.675
 31
0.0
  0
LINE
  5
1EA
330
17
100
AcDbEntity
  8
A-CLER-ADA
100
AcDbLine
 10
2.3925
 20
8.675
 30
0.0
 11
2.3575
 21
8.675
 31
0.0
  0
LINE
  5
1EB
330
17
100
AcDbEntity
  8
A-CLER-ADA
100
AcDbLine
 10
2.3324999999999996
 20
8.675
 30
0.0
 11
2.3125
 21
8.675
 31
0.0
  0
LINE
  5
1EC
330
17
100
AcDbEntity
  8
A-CLER-ADA
100
AcDbLine
 10
2.3125
 20
8.675
 30
0.0
 11
2.3125
 21
8.64
 31
0.0
  0
LINE
  5
1ED
330
17
100
AcDbEntity
  8
A-CLER-ADA
100
AcDbLine
 10
2.3125
 20
8.615
 30
0.0
 11
2.3125
 21
8.58
 31
0.0
  0
LINE
  5
1EE
330
17
100
AcDbEntity
  8
A-CLER-ADA
100
AcDbLine
 10
2.3125
 20
8.555000000000001
 30
0.0
 11
2.3125
 21
8.520000000000001
 31
0.0
  0
LINE
  5
1EF
330
17
100
AcDbEntity
  8
A-CLER-ADA
100
AcDbLine
 10
2.3125
 20
8.495000000000001
 30
0.0
 11
2.3125
 21
8.46
 31
0.0
  0
LINE
  5
1F0
330
17
100
AcDbEntity
  8
A-CLER-ADA
100
AcDbLine
 10
2.3125
 20
8.435
 30
0.0
 11
2.3125
 21
8.4
 31
0.0
  0
LINE
  5
1F1
330
17
100
AcDbEntity
  8
A-CLER-ADA
100
AcDbLine
 10
2.3125
 20
8.375
 30
0.0
 11
2.3125
 21
8.3625
 31
0.0
  0
TEXT
  5
1F2
330
17
100
AcDbEntity
  8
A-CLER-ADA
100
AcDbText
 10
2.5625
 20
8.48125
 30
0.0
 40
0.033999999999999996
  1
30x48
  7
KS-REG
 72
1
 11
2.5625
 21
8.48125
 31
0.0
100
AcDbText
  0
LINE
  5
1F3
330
17
100
AcDbEntity
  8
P-FIXT
100
AcDbLine
 10
3.125
 20
7.675
 30
0.0
 11
3.875
 21
7.675
 31
0.0
  0
LINE
  5
1F4
330
17
100
AcDbEntity
  8
P-FIXT
100
AcDbLine
 10
3.875
 20
7.675
 30
0.0
 11
3.875
 21
7.9875
 31
0.0
  0
LINE
  5
1F5
330
17
100
AcDbEntity
  8
P-FIXT
100
AcDbLine
 10
3.875
 20
7.9875
 30
0.0
 11
3.125
 21
7.9875
 31
0.0
  0
LINE
  5
1F6
330
17
100
AcDbEntity
  8
P-FIXT
100
AcDbLine
 10
3.125
 20
7.9875
 30
0.0
 11
3.125
 21
7.675
 31
0.0
  0
TEXT
  5
1F7
330
17
100
AcDbEntity
  8
A-ANNO-TEXT
100
AcDbText
 10
3.5
 20
7.793749999999999
 30
0.0
 40
0.036
  1
TRAINER TABLE 6' (ASSUMED)
  7
KS-REG
 72
1
 11
3.5
 21
7.793749999999999
 31
0.0
100
AcDbText
  0
LINE
  5
1F8
330
17
100
AcDbEntity
  8
A-CLER-ADA
100
AcDbLine
 10
4.3925
 20
7.9875
 30
0.0
 11
4.4275
 21
7.9875
 31
0.0
  0
LINE
  5
1F9
330
17
100
AcDbEntity
  8
A-CLER-ADA
100
AcDbLine
 10
4.4525
 20
7.9875
 30
0.0
 11
4.4875
 21
7.9875
 31
0.0
  0
LINE
  5
1FA
330
17
100
AcDbEntity
  8
A-CLER-ADA
100
AcDbLine
 10
4.5125
 20
7.9875
 30
0.0
 11
4.5475
 21
7.9875
 31
0.0
  0
LINE
  5
1FB
330
17
100
AcDbEntity
  8
A-CLER-ADA
100
AcDbLine
 10
4.5725
 20
7.9875
 30
0.0
 11
4.6075
 21
7.9875
 31
0.0
  0
LINE
  5
1FC
330
17
100
AcDbEntity
  8
A-CLER-ADA
100
AcDbLine
 10
4.6325
 20
7.9875
 30
0.0
 11
4.6675
 21
7.9875
 31
0.0
  0
LINE
  5
1FD
330
17
100
AcDbEntity
  8
A-CLER-ADA
100
AcDbLine
 10
4.6925
 20
7.9875
 30
0.0
 11
4.7275
 21
7.9875
 31
0.0
  0
LINE
  5
1FE
330
17
100
AcDbEntity
  8
A-CLER-ADA
100
AcDbLine
 10
4.7525
 20
7.9875
 30
0.0
 11
4.7875000000000005
 21
7.9875
 31
0.0
  0
LINE
  5
1FF
330
17
100
AcDbEntity
  8
A-CLER-ADA
100
AcDbLine
 10
4.8125
 20
7.9875
 30
0.0
 11
4.8475
 21
7.9875
 31
0.0
  0
LINE
  5
200
330
17
100
AcDbEntity
  8
A-CLER-ADA
100
AcDbLine
 10
4.8725000000000005
 20
7.9875
 30
0.0
 11
4.907500000000001
 21
7.9875
 31
0.0
  0
LINE
  5
201
330
17
100
AcDbEntity
  8
A-CLER-ADA
100
AcDbLine
 10
4.9325
 20
7.9875
 30
0.0
 11
4.9675
 21
7.9875
 31
0.0
  0
LINE
  5
202
330
17
100
AcDbEntity
  8
A-CLER-ADA
100
AcDbLine
 10
4.992500000000001
 20
7.9875
 30
0.0
 11
5.0175
 21
7.9875
 31
0.0
  0
LINE
  5
203
330
17
100
AcDbEntity
  8
A-CLER-ADA
100
AcDbLine
 10
5.0175
 20
7.9875
 30
0.0
 11
5.0175
 21
8.022499999999999
 31
0.0
  0
LINE
  5
204
330
17
100
AcDbEntity
  8
A-CLER-ADA
100
AcDbLine
 10
5.0175
 20
8.0475
 30
0.0
 11
5.0175
 21
8.0825
 31
0.0
  0
LINE
  5
205
330
17
100
AcDbEntity
  8
A-CLER-ADA
100
AcDbLine
 10
5.0175
 20
8.1075
 30
0.0
 11
5.0175
 21
8.1425
 31
0.0
  0
LINE
  5
206
330
17
100
AcDbEntity
  8
A-CLER-ADA
100
AcDbLine
 10
5.0175
 20
8.1675
 30
0.0
 11
5.0175
 21
8.2025
 31
0.0
  0
LINE
  5
207
330
17
100
AcDbEntity
  8
A-CLER-ADA
100
AcDbLine
 10
5.0175
 20
8.2275
 30
0.0
 11
5.0175
 21
8.2625
 31
0.0
  0
LINE
  5
208
330
17
100
AcDbEntity
  8
A-CLER-ADA
100
AcDbLine
 10
5.0175
 20
8.2875
 30
0.0
 11
5.0175
 21
8.3225
 31
0.0
  0
LINE
  5
209
330
17
100
AcDbEntity
  8
A-CLER-ADA
100
AcDbLine
 10
5.0175
 20
8.3475
 30
0.0
 11
5.0175
 21
8.3825
 31
0.0
  0
LINE
  5
20A
330
17
100
AcDbEntity
  8
A-CLER-ADA
100
AcDbLine
 10
5.0175
 20
8.4075
 30
0.0
 11
5.0175
 21
8.4425
 31
0.0
  0
LINE
  5
20B
330
17
100
AcDbEntity
  8
A-CLER-ADA
100
AcDbLine
 10
5.0175
 20
8.4675
 30
0.0
 11
5.0175
 21
8.5025
 31
0.0
  0
LINE
  5
20C
330
17
100
AcDbEntity
  8
A-CLER-ADA
100
AcDbLine
 10
5.0175
 20
8.5275
 30
0.0
 11
5.0175
 21
8.5625
 31
0.0
  0
LINE
  5
20D
330
17
100
AcDbEntity
  8
A-CLER-ADA
100
AcDbLine
 10
5.0175
 20
8.5875
 30
0.0
 11
5.0175
 21
8.6125
 31
0.0
  0
LINE
  5
20E
330
17
100
AcDbEntity
  8
A-CLER-ADA
100
AcDbLine
 10
5.0175
 20
8.6125
 30
0.0
 11
4.9825
 21
8.6125
 31
0.0
  0
LINE
  5
20F
330
17
100
AcDbEntity
  8
A-CLER-ADA
100
AcDbLine
 10
4.9575000000000005
 20
8.6125
 30
0.0
 11
4.9225
 21
8.6125
 31
0.0
  0
LINE
  5
210
330
17
100
AcDbEntity
  8
A-CLER-ADA
100
AcDbLine
 10
4.8975
 20
8.6125
 30
0.0
 11
4.8625
 21
8.6125
 31
0.0
  0
LINE
  5
211
330
17
100
AcDbEntity
  8
A-CLER-ADA
100
AcDbLine
 10
4.8375
 20
8.6125
 30
0.0
 11
4.8025
 21
8.6125
 31
0.0
  0
LINE
  5
212
330
17
100
AcDbEntity
  8
A-CLER-ADA
100
AcDbLine
 10
4.7775
 20
8.6125
 30
0.0
 11
4.7425
 21
8.6125
 31
0.0
  0
LINE
  5
213
330
17
100
AcDbEntity
  8
A-CLER-ADA
100
AcDbLine
 10
4.7175
 20
8.6125
 30
0.0
 11
4.6825
 21
8.6125
 31
0.0
  0
LINE
  5
214
330
17
100
AcDbEntity
  8
A-CLER-ADA
100
AcDbLine
 10
4.6575
 20
8.6125
 30
0.0
 11
4.6225
 21
8.6125
 31
0.0
  0
LINE
  5
215
330
17
100
AcDbEntity
  8
A-CLER-ADA
100
AcDbLine
 10
4.5975
 20
8.6125
 30
0.0
 11
4.5625
 21
8.6125
 31
0.0
  0
LINE
  5
216
330
17
100
AcDbEntity
  8
A-CLER-ADA
100
AcDbLine
 10
4.5375
 20
8.6125
 30
0.0
 11
4.5024999999999995
 21
8.6125
 31
0.0
  0
LINE
  5
217
330
17
100
AcDbEntity
  8
A-CLER-ADA
100
AcDbLine
 10
4.4775
 20
8.6125
 30
0.0
 11
4.4425
 21
8.6125
 31
0.0
  0
LINE
  5
218
330
17
100
AcDbEntity
  8
A-CLER-ADA
100
AcDbLine
 10
4.4174999999999995
 20
8.6125
 30
0.0
 11
4.3925
 21
8.6125
 31
0.0
  0
LINE
  5
219
330
17
100
AcDbEntity
  8
A-CLER-ADA
100
AcDbLine
 10
4.3925
 20
8.6125
 30
0.0
 11
4.3925
 21
8.5775
 31
0.0
  0
LINE
  5
21A
330
17
100
AcDbEntity
  8
A-CLER-ADA
100
AcDbLine
 10
4.3925
 20
8.5525
 30
0.0
 11
4.3925
 21
8.5175
 31
0.0
  0
LINE
  5
21B
330
17
100
AcDbEntity
  8
A-CLER-ADA
100
AcDbLine
 10
4.3925
 20
8.492500000000001
 30
0.0
 11
4.3925
 21
8.457500000000001
 31
0.0
  0
LINE
  5
21C
330
17
100
AcDbEntity
  8
A-CLER-ADA
100
AcDbLine
 10
4.3925
 20
8.432500000000001
 30
0.0
 11
4.3925
 21
8.3975
 31
0.0
  0
LINE
  5
21D
330
17
100
AcDbEntity
  8
A-CLER-ADA
100
AcDbLine
 10
4.3925
 20
8.3725
 30
0.0
 11
4.3925
 21
8.3375
 31
0.0
  0
LINE
  5
21E
330
17
100
AcDbEntity
  8
A-CLER-ADA
100
AcDbLine
 10
4.3925
 20
8.3125
 30
0.0
 11
4.3925
 21
8.2775
 31
0.0
  0
LINE
  5
21F
330
17
100
AcDbEntity
  8
A-CLER-ADA
100
AcDbLine
 10
4.3925
 20
8.252500000000001
 30
0.0
 11
4.3925
 21
8.217500000000001
 31
0.0
  0
LINE
  5
220
330
17
100
AcDbEntity
  8
A-CLER-ADA
100
AcDbLine
 10
4.3925
 20
8.1925
 30
0.0
 11
4.3925
 21
8.1575
 31
0.0
  0
LINE
  5
221
330
17
100
AcDbEntity
  8
A-CLER-ADA
100
AcDbLine
 10
4.3925
 20
8.1325
 30
0.0
 11
4.3925
 21
8.0975
 31
0.0
  0
LINE
  5
222
330
17
100
AcDbEntity
  8
A-CLER-ADA
100
AcDbLine
 10
4.3925
 20
8.0725
 30
0.0
 11
4.3925
 21
8.0375
 31
0.0
  0
LINE
  5
223
330
17
100
AcDbEntity
  8
A-CLER-ADA
100
AcDbLine
 10
4.3925
 20
8.012500000000001
 30
0.0
 11
4.3925
 21
7.9875
 31
0.0
  0
TEXT
  5
224
330
17
100
AcDbEntity
  8
A-CLER-ADA
100
AcDbText
 10
4.705
 20
8.2625
 30
0.0
 40
0.033999999999999996
  1
pull side
  7
KS-REG
 72
1
 11
4.705
 21
8.2625
 31
0.0
100
AcDbText
  0
LINE
  5
225
330
17
100
AcDbEntity
  8
LS-CPTH
100
AcDbLine
 10
1.0625
 20
9.9875
 30
0.0
 11
1.1125
 21
9.9875
 31
0.0
  0
LINE
  5
226
330
17
100
AcDbEntity
  8
LS-CPTH
100
AcDbLine
 10
1.1425
 20
9.9875
 30
0.0
 11
1.1925
 21
9.9875
 31
0.0
  0
LINE
  5
227
330
17
100
AcDbEntity
  8
LS-CPTH
100
AcDbLine
 10
1.2225
 20
9.9875
 30
0.0
 11
1.2725
 21
9.9875
 31
0.0
  0
LINE
  5
228
330
17
100
AcDbEntity
  8
LS-CPTH
100
AcDbLine
 10
1.3025
 20
9.9875
 30
0.0
 11
1.3525
 21
9.9875
 31
0.0
  0
LINE
  5
229
330
17
100
AcDbEntity
  8
LS-CPTH
100
AcDbLine
 10
1.3825
 20
9.9875
 30
0.0
 11
1.40625
 21
9.9875
 31
0.0
  0
LINE
  5
22A
330
17
100
AcDbEntity
  8
LS-CPTH
100
AcDbLine
 10
1.40625
 20
9.9875
 30
0.0
 11
1.40625
 21
9.9375
 31
0.0
  0
LINE
  5
22B
330
17
100
AcDbEntity
  8
LS-CPTH
100
AcDbLine
 10
1.40625
 20
9.9075
 30
0.0
 11
1.40625
 21
9.8575
 31
0.0
  0
LINE
  5
22C
330
17
100
AcDbEntity
  8
LS-CPTH
100
AcDbLine
 10
1.40625
 20
9.8275
 30
0.0
 11
1.40625
 21
9.7775
 31
0.0
  0
LINE
  5
22D
330
17
100
AcDbEntity
  8
LS-CPTH
100
AcDbLine
 10
1.40625
 20
9.7475
 30
0.0
 11
1.40625
 21
9.697500000000002
 31
0.0
  0
LINE
  5
22E
330
17
100
AcDbEntity
  8
LS-CPTH
100
AcDbLine
 10
1.40625
 20
9.6675
 30
0.0
 11
1.40625
 21
9.617500000000001
 31
0.0
  0
LINE
  5
22F
330
17
100
AcDbEntity
  8
LS-CPTH
100
AcDbLine
 10
1.40625
 20
9.5875
 30
0.0
 11
1.40625
 21
9.537500000000001
 31
0.0
  0
LINE
  5
230
330
17
100
AcDbEntity
  8
LS-CPTH
100
AcDbLine
 10
1.40625
 20
9.5075
 30
0.0
 11
1.40625
 21
9.457500000000001
 31
0.0
  0
LINE
  5
231
330
17
100
AcDbEntity
  8
LS-CPTH
100
AcDbLine
 10
1.40625
 20
9.4275
 30
0.0
 11
1.40625
 21
9.425
 31
0.0
  0
LINE
  5
232
330
17
100
AcDbEntity
  8
LS-CPTH
100
AcDbLine
 10
1.40625
 20
9.425
 30
0.0
 11
1.45625
 21
9.425
 31
0.0
  0
LINE
  5
233
330
17
100
AcDbEntity
  8
LS-CPTH
100
AcDbLine
 10
1.48625
 20
9.425
 30
0.0
 11
1.53625
 21
9.425
 31
0.0
  0
LINE
  5
234
330
17
100
AcDbEntity
  8
LS-CPTH
100
AcDbLine
 10
1.56625
 20
9.425
 30
0.0
 11
1.61625
 21
9.425
 31
0.0
  0
LINE
  5
235
330
17
100
AcDbEntity
  8
LS-CPTH
100
AcDbLine
 10
1.64625
 20
9.425
 30
0.0
 11
1.69625
 21
9.425
 31
0.0
  0
LINE
  5
236
330
17
100
AcDbEntity
  8
LS-CPTH
100
AcDbLine
 10
1.72625
 20
9.425
 30
0.0
 11
1.77625
 21
9.425
 31
0.0
  0
LINE
  5
237
330
17
100
AcDbEntity
  8
LS-CPTH
100
AcDbLine
 10
1.80625
 20
9.425
 30
0.0
 11
1.85625
 21
9.425
 31
0.0
  0
LINE
  5
238
330
17
100
AcDbEntity
  8
LS-CPTH
100
AcDbLine
 10
1.88625
 20
9.425
 30
0.0
 11
1.93625
 21
9.425
 31
0.0
  0
LINE
  5
239
330
17
100
AcDbEntity
  8
LS-CPTH
100
AcDbLine
 10
1.96625
 20
9.425
 30
0.0
 11
2.0162500000000003
 21
9.425
 31
0.0
  0
LINE
  5
23A
330
17
100
AcDbEntity
  8
LS-CPTH
100
AcDbLine
 10
2.04625
 20
9.425
 30
0.0
 11
2.0962500000000004
 21
9.425
 31
0.0
  0
LINE
  5
23B
330
17
100
AcDbEntity
  8
LS-CPTH
100
AcDbLine
 10
2.12625
 20
9.425
 30
0.0
 11
2.1762500000000005
 21
9.425
 31
0.0
  0
LINE
  5
23C
330
17
100
AcDbEntity
  8
LS-CPTH
100
AcDbLine
 10
2.2062500000000003
 20
9.425
 30
0.0
 11
2.2562500000000005
 21
9.425
 31
0.0
  0
LINE
  5
23D
330
17
100
AcDbEntity
  8
LS-CPTH
100
AcDbLine
 10
2.2862500000000003
 20
9.425
 30
0.0
 11
2.3125
 21
9.425
 31
0.0
  0
LINE
  5
23E
330
17
100
AcDbEntity
  8
LS-CPTH
100
AcDbLine
 10
2.3125
 20
9.425
 30
0.0
 11
2.3125
 21
9.375
 31
0.0
  0
LINE
  5
23F
330
17
100
AcDbEntity
  8
LS-CPTH
100
AcDbLine
 10
2.3125
 20
9.345
 30
0.0
 11
2.3125
 21
9.295
 31
0.0
  0
LINE
  5
240
330
17
100
AcDbEntity
  8
LS-CPTH
100
AcDbLine
 10
2.3125
 20
9.265
 30
0.0
 11
2.3125
 21
9.215
 31
0.0
  0
LINE
  5
241
330
17
100
AcDbEntity
  8
LS-CPTH
100
AcDbLine
 10
2.3125
 20
9.185
 30
0.0
 11
2.3125
 21
9.135000000000002
 31
0.0
  0
LINE
  5
242
330
17
100
AcDbEntity
  8
LS-CPTH
100
AcDbLine
 10
2.3125
 20
9.105
 30
0.0
 11
2.3125
 21
9.055000000000001
 31
0.0
  0
LINE
  5
243
330
17
100
AcDbEntity
  8
LS-CPTH
100
AcDbLine
 10
2.3125
 20
9.025
 30
0.0
 11
2.3125
 21
8.975000000000001
 31
0.0
  0
LINE
  5
244
330
17
100
AcDbEntity
  8
LS-CPTH
100
AcDbLine
 10
2.3125
 20
8.945
 30
0.0
 11
2.3125
 21
8.925
 31
0.0
  0
LINE
  5
245
330
17
100
AcDbEntity
  8
LS-CPTH
100
AcDbLine
 10
2.3125
 20
8.925
 30
0.0
 11
2.3625
 21
8.925
 31
0.0
  0
LINE
  5
246
330
17
100
AcDbEntity
  8
LS-CPTH
100
AcDbLine
 10
2.3925
 20
8.925
 30
0.0
 11
2.4425
 21
8.925
 31
0.0
  0
LINE
  5
247
330
17
100
AcDbEntity
  8
LS-CPTH
100
AcDbLine
 10
2.4725
 20
8.925
 30
0.0
 11
2.5225
 21
8.925
 31
0.0
  0
LINE
  5
248
330
17
100
AcDbEntity
  8
LS-CPTH
100
AcDbLine
 10
2.5525
 20
8.925
 30
0.0
 11
2.6025
 21
8.925
 31
0.0
  0
LINE
  5
249
330
17
100
AcDbEntity
  8
LS-CPTH
100
AcDbLine
 10
2.6325000000000003
 20
8.925
 30
0.0
 11
2.6825
 21
8.925
 31
0.0
  0
LINE
  5
24A
330
17
100
AcDbEntity
  8
LS-CPTH
100
AcDbLine
 10
2.7125
 20
8.925
 30
0.0
 11
2.7625
 21
8.925
 31
0.0
  0
LINE
  5
24B
330
17
100
AcDbEntity
  8
LS-CPTH
100
AcDbLine
 10
2.7925
 20
8.925
 30
0.0
 11
2.8425000000000002
 21
8.925
 31
0.0
  0
LINE
  5
24C
330
17
100
AcDbEntity
  8
LS-CPTH
100
AcDbLine
 10
2.8725
 20
8.925
 30
0.0
 11
2.9225000000000003
 21
8.925
 31
0.0
  0
LINE
  5
24D
330
17
100
AcDbEntity
  8
LS-CPTH
100
AcDbLine
 10
2.9525
 20
8.925
 30
0.0
 11
3.0025000000000004
 21
8.925
 31
0.0
  0
LINE
  5
24E
330
17
100
AcDbEntity
  8
LS-CPTH
100
AcDbLine
 10
3.0325
 20
8.925
 30
0.0
 11
3.0825000000000005
 21
8.925
 31
0.0
  0
LINE
  5
24F
330
17
100
AcDbEntity
  8
LS-CPTH
100
AcDbLine
 10
3.1125000000000003
 20
8.925
 30
0.0
 11
3.1625000000000005
 21
8.925
 31
0.0
  0
LINE
  5
250
330
17
100
AcDbEntity
  8
LS-CPTH
100
AcDbLine
 10
3.1925000000000003
 20
8.925
 30
0.0
 11
3.2425000000000006
 21
8.925
 31
0.0
  0
LINE
  5
251
330
17
100
AcDbEntity
  8
LS-CPTH
100
AcDbLine
 10
3.2725000000000004
 20
8.925
 30
0.0
 11
3.3225000000000007
 21
8.925
 31
0.0
  0
LINE
  5
252
330
17
100
AcDbEntity
  8
LS-CPTH
100
AcDbLine
 10
3.3525000000000005
 20
8.925
 30
0.0
 11
3.4025000000000007
 21
8.925
 31
0.0
  0
LINE
  5
253
330
17
100
AcDbEntity
  8
LS-CPTH
100
AcDbLine
 10
3.4325000000000006
 20
8.925
 30
0.0
 11
3.482500000000001
 21
8.925
 31
0.0
  0
LINE
  5
254
330
17
100
AcDbEntity
  8
LS-CPTH
100
AcDbLine
 10
3.5125000000000006
 20
8.925
 30
0.0
 11
3.562500000000001
 21
8.925
 31
0.0
  0
LINE
  5
255
330
17
100
AcDbEntity
  8
LS-CPTH
100
AcDbLine
 10
3.5925000000000007
 20
8.925
 30
0.0
 11
3.642500000000001
 21
8.925
 31
0.0
  0
LINE
  5
256
330
17
100
AcDbEntity
  8
LS-CPTH
100
AcDbLine
 10
3.6725000000000008
 20
8.925
 30
0.0
 11
3.722500000000001
 21
8.925
 31
0.0
  0
LINE
  5
257
330
17
100
AcDbEntity
  8
LS-CPTH
100
AcDbLine
 10
3.752500000000001
 20
8.925
 30
0.0
 11
3.802500000000001
 21
8.925
 31
0.0
  0
LINE
  5
258
330
17
100
AcDbEntity
  8
LS-CPTH
100
AcDbLine
 10
3.832500000000001
 20
8.925
 30
0.0
 11
3.882500000000001
 21
8.925
 31
0.0
  0
LINE
  5
259
330
17
100
AcDbEntity
  8
LS-CPTH
100
AcDbLine
 10
3.912500000000001
 20
8.925
 30
0.0
 11
3.9625000000000012
 21
8.925
 31
0.0
  0
LINE
  5
25A
330
17
100
AcDbEntity
  8
LS-CPTH
100
AcDbLine
 10
3.992500000000001
 20
8.925
 30
0.0
 11
4.042500000000001
 21
8.925
 31
0.0
  0
LINE
  5
25B
330
17
100
AcDbEntity
  8
LS-CPTH
100
AcDbLine
 10
4.072500000000002
 20
8.925
 30
0.0
 11
4.122500000000001
 21
8.925
 31
0.0
  0
LINE
  5
25C
330
17
100
AcDbEntity
  8
LS-CPTH
100
AcDbLine
 10
4.152500000000002
 20
8.925
 30
0.0
 11
4.2025000000000015
 21
8.925
 31
0.0
  0
LINE
  5
25D
330
17
100
AcDbEntity
  8
LS-CPTH
100
AcDbLine
 10
4.232500000000002
 20
8.925
 30
0.0
 11
4.2825000000000015
 21
8.925
 31
0.0
  0
LINE
  5
25E
330
17
100
AcDbEntity
  8
LS-CPTH
100
AcDbLine
 10
4.312500000000002
 20
8.925
 30
0.0
 11
4.362500000000001
 21
8.925
 31
0.0
  0
LINE
  5
25F
330
17
100
AcDbEntity
  8
LS-CPTH
100
AcDbLine
 10
4.392500000000001
 20
8.925
 30
0.0
 11
4.442500000000001
 21
8.925
 31
0.0
  0
LINE
  5
260
330
17
100
AcDbEntity
  8
LS-CPTH
100
AcDbLine
 10
4.4725
 20
8.925
 30
0.0
 11
4.522500000000001
 21
8.925
 31
0.0
  0
LINE
  5
261
330
17
100
AcDbEntity
  8
LS-CPTH
100
AcDbLine
 10
4.5525
 20
8.925
 30
0.0
 11
4.6025
 21
8.925
 31
0.0
  0
LINE
  5
262
330
17
100
AcDbEntity
  8
LS-CPTH
100
AcDbLine
 10
4.6325
 20
8.925
 30
0.0
 11
4.682499999999999
 21
8.925
 31
0.0
  0
LINE
  5
263
330
17
100
AcDbEntity
  8
LS-CPTH
100
AcDbLine
 10
4.7124999999999995
 20
8.925
 30
0.0
 11
4.762499999999999
 21
8.925
 31
0.0
  0
LINE
  5
264
330
17
100
AcDbEntity
  8
LS-CPTH
100
AcDbLine
 10
4.792499999999999
 20
8.925
 30
0.0
 11
4.842499999999999
 21
8.925
 31
0.0
  0
LINE
  5
265
330
17
100
AcDbEntity
  8
LS-CPTH
100
AcDbLine
 10
4.872499999999999
 20
8.925
 30
0.0
 11
4.9224999999999985
 21
8.925
 31
0.0
  0
LINE
  5
266
330
17
100
AcDbEntity
  8
LS-CPTH
100
AcDbLine
 10
4.952499999999999
 20
8.925
 30
0.0
 11
5.002499999999998
 21
8.925
 31
0.0
  0
LINE
  5
267
330
17
100
AcDbEntity
  8
LS-CPTH
100
AcDbLine
 10
5.0175
 20
8.925
 30
0.0
 11
5.0175
 21
8.875
 31
0.0
  0
LINE
  5
268
330
17
100
AcDbEntity
  8
LS-CPTH
100
AcDbLine
 10
5.0175
 20
8.845
 30
0.0
 11
5.0175
 21
8.795
 31
0.0
  0
LINE
  5
269
330
17
100
AcDbEntity
  8
LS-CPTH
100
AcDbLine
 10
5.0175
 20
8.765
 30
0.0
 11
5.0175
 21
8.715
 31
0.0
  0
LINE
  5
26A
330
17
100
AcDbEntity
  8
LS-CPTH
100
AcDbLine
 10
5.0175
 20
8.685
 30
0.0
 11
5.0175
 21
8.635000000000002
 31
0.0
  0
LINE
  5
26B
330
17
100
AcDbEntity
  8
LS-CPTH
100
AcDbLine
 10
5.0175
 20
8.605
 30
0.0
 11
5.0175
 21
8.555000000000001
 31
0.0
  0
LINE
  5
26C
330
17
100
AcDbEntity
  8
LS-CPTH
100
AcDbLine
 10
5.0175
 20
8.525
 30
0.0
 11
5.0175
 21
8.475000000000001
 31
0.0
  0
LINE
  5
26D
330
17
100
AcDbEntity
  8
LS-CPTH
100
AcDbLine
 10
5.0175
 20
8.445
 30
0.0
 11
5.0175
 21
8.395000000000001
 31
0.0
  0
LINE
  5
26E
330
17
100
AcDbEntity
  8
LS-CPTH
100
AcDbLine
 10
5.0175
 20
8.365
 30
0.0
 11
5.0175
 21
8.315000000000001
 31
0.0
  0
LINE
  5
26F
330
17
100
AcDbEntity
  8
LS-CPTH
100
AcDbLine
 10
5.0175
 20
8.285
 30
0.0
 11
5.0175
 21
8.2375
 31
0.0
  0
HATCH
  5
270
330
17
100
AcDbEntity
  8
LS-CPTH
 62
7
420
0
100
AcDbHatch
 10
0.0
 20
0.0
 30
0.0
210
0.0
220
0.0
230
1.0
  2
SOLID
 70
1
 71
0
 91
1
 92
3
 72
0
 73
1
 93
4
 10
1.0375
 20
9.9625
 10
1.0875
 20
9.9625
 10
1.0875
 20
10.012500000000001
 10
1.0375
 20
10.012500000000001
 97
0
 75
0
 76
1
 98
0
  0
TEXT
  5
271
330
17
100
AcDbEntity
  8
LS-CPTH
100
AcDbText
 10
2.0375
 20
9.75
 30
0.0
 40
0.04599999999999999
  1
CP 46'
  7
KS-BOLD
 72
1
 11
2.0375
 21
9.75
 31
0.0
100
AcDbText
  0
LINE
  5
272
330
17
100
AcDbEntity
  8
A-ANNO-DIMS
100
AcDbLine
 10
1.0
 20
6.43
 30
0.0
 11
5.0175
 21
6.43
 31
0.0
  0
LINE
  5
273
330
17
100
AcDbEntity
  8
A-ANNO-DIMS
100
AcDbLine
 10
1.0
 20
6.39
 30
0.0
 11
1.0
 21
6.47
 31
0.0
  0
LINE
  5
274
330
17
100
AcDbEntity
  8
A-ANNO-DIMS
100
AcDbLine
 10
5.0175
 20
6.39
 30
0.0
 11
5.0175
 21
6.47
 31
0.0
  0
TEXT
  5
275
330
17
100
AcDbEntity
  8
A-ANNO-DIMS
100
AcDbText
 10
3.00875
 20
6.33
 30
0.0
 40
0.055
  1
32'-2"
  7
KS-REG
 72
1
 11
3.00875
 21
6.33
 31
0.0
100
AcDbText
  0
LINE
  5
276
330
17
100
AcDbEntity
  8
A-ANNO-DIMS
100
AcDbLine
 10
0.88
 20
6.55
 30
0.0
 11
0.88
 21
10.05
 31
0.0
  0
LINE
  5
277
330
17
100
AcDbEntity
  8
A-ANNO-DIMS
100
AcDbLine
 10
0.84
 20
6.55
 30
0.0
 11
0.92
 21
6.55
 31
0.0
  0
LINE
  5
278
330
17
100
AcDbEntity
  8
A-ANNO-DIMS
100
AcDbLine
 10
0.84
 20
10.05
 30
0.0
 11
0.92
 21
10.05
 31
0.0
  0
TEXT
  5
279
330
17
100
AcDbEntity
  8
A-ANNO-DIMS
100
AcDbText
 10
0.83
 20
8.3
 30
0.0
 40
0.055
  1
28'-0"
 50
90.0
  7
KS-REG
 72
1
 11
0.83
 21
8.3
 31
0.0
100
AcDbText
  0
TEXT
  5
27A
330
17
100
AcDbEntity
  8
A-ANNO-TEXT
100
AcDbText
 10
1.0
 20
10.22
 30
0.0
 40
0.076
  1
EVENT LOCKER ROOM 1 — 900 SF · 18 occ.
  7
KS-BOLD
 11
1.0
 21
10.22
 31
0.0
100
AcDbText
  0
TEXT
  5
27B
330
17
100
AcDbEntity
  8
A-ANNO-TEXT
100
AcDbText
 10
1.0
 20
10.105
 30
0.0
 40
0.049
  1
1/8" = 1'-0" · door on the E wall → EXIT (N) passage · common path 46 ft ≤ 75 (PASS)
  7
KS-REG
 11
1.0
 21
10.105
 31
0.0
100
AcDbText
  0
LINE
  5
27C
330
17
100
AcDbEntity
  8
A-WALL
100
AcDbLine
 10
5.0175
 20
2.45
 30
0.0
 11
1.0
 21
2.45
 31
0.0
  0
LINE
  5
27D
330
17
100
AcDbEntity
  8
A-WALL
100
AcDbLine
 10
1.0
 20
2.45
 30
0.0
 11
1.0
 21
3.95
 31
0.0
  0
LINE
  5
27E
330
17
100
AcDbEntity
  8
A-WALL
100
AcDbLine
 10
1.0
 20
4.325
 30
0.0
 11
1.0
 21
5.95
 31
0.0
  0
LINE
  5
27F
330
17
100
AcDbEntity
  8
A-WALL
100
AcDbLine
 10
1.0
 20
5.95
 30
0.0
 11
5.0175
 21
5.95
 31
0.0
  0
LINE
  5
280
330
17
100
AcDbEntity
  8
A-WALL
100
AcDbLine
 10
5.0175
 20
5.95
 30
0.0
 11
5.0175
 21
2.45
 31
0.0
  0
LINE
  5
281
330
17
100
AcDbEntity
  8
A-DOOR
100
AcDbLine
 10
1.0
 20
3.95
 30
0.0
 11
1.375
 21
3.95
 31
0.0
  0
LINE
  5
282
330
17
100
AcDbEntity
  8
A-DOOR
100
AcDbLine
 10
1.0
 20
4.325
 30
0.0
 11
1.0489473220825194
 21
4.321791823015179
 31
0.0
  0
LINE
  5
283
330
17
100
AcDbEntity
  8
A-DOOR
100
AcDbLine
 10
1.0489473220825194
 20
4.321791823015179
 30
0.0
 11
1.0970571419134454
 21
4.312222184858401
 31
0.0
  0
LINE
  5
284
330
17
100
AcDbEntity
  8
A-DOOR
100
AcDbLine
 10
1.0970571419134454
 20
4.312222184858401
 30
0.0
 11
1.1435062871369088
 21
4.2964548246917325
 31
0.0
  0
LINE
  5
285
330
17
100
AcDbEntity
  8
A-DOOR
100
AcDbLine
 10
1.1435062871369088
 20
4.2964548246917325
 30
0.0
 11
1.1875
 21
4.274759526419165
 31
0.0
  0
LINE
  5
286
330
17
100
AcDbEntity
  8
A-DOOR
100
AcDbLine
 10
1.1875
 20
4.274759526419165
 30
0.0
 11
1.2282855358782703
 21
4.2475075026092135
 31
0.0
  0
LINE
  5
287
330
17
100
AcDbEntity
  8
A-DOOR
100
AcDbLine
 10
1.2282855358782703
 20
4.2475075026092135
 30
0.0
 11
1.2651650429449552
 21
4.215165042944955
 31
0.0
  0
LINE
  5
288
330
17
100
AcDbEntity
  8
A-DOOR
100
AcDbLine
 10
1.2651650429449552
 20
4.215165042944955
 30
0.0
 11
1.2975075026092133
 21
4.1782855358782705
 31
0.0
  0
LINE
  5
289
330
17
100
AcDbEntity
  8
A-DOOR
100
AcDbLine
 10
1.2975075026092133
 20
4.1782855358782705
 30
0.0
 11
1.3247595264191645
 21
4.1375
 31
0.0
  0
LINE
  5
28A
330
17
100
AcDbEntity
  8
A-DOOR
100
AcDbLine
 10
1.3247595264191645
 20
4.1375
 30
0.0
 11
1.3464548246917323
 21
4.093506287136909
 31
0.0
  0
LINE
  5
28B
330
17
100
AcDbEntity
  8
A-DOOR
100
AcDbLine
 10
1.3464548246917323
 20
4.093506287136909
 30
0.0
 11
1.3622221848584006
 21
4.047057141913445
 31
0.0
  0
LINE
  5
28C
330
17
100
AcDbEntity
  8
A-DOOR
100
AcDbLine
 10
1.3622221848584006
 20
4.047057141913445
 30
0.0
 11
1.3717918230151787
 21
3.9989473220825196
 31
0.0
  0
LINE
  5
28D
330
17
100
AcDbEntity
  8
A-DOOR
100
AcDbLine
 10
1.3717918230151787
 20
3.9989473220825196
 30
0.0
 11
1.375
 21
3.95
 31
0.0
  0
LINE
  5
28E
330
17
100
AcDbEntity
  8
A-WALL-PRTN
100
AcDbLine
 10
3.705
 20
2.45
 30
0.0
 11
3.705
 21
3.075
 31
0.0
  0
LINE
  5
28F
330
17
100
AcDbEntity
  8
A-WALL-PRTN
100
AcDbLine
 10
3.705
 20
3.575
 30
0.0
 11
3.705
 21
4.6375
 31
0.0
  0
LINE
  5
290
330
17
100
AcDbEntity
  8
A-WALL-PRTN
100
AcDbLine
 10
3.705
 20
5.0125
 30
0.0
 11
3.705
 21
5.95
 31
0.0
  0
LINE
  5
291
330
17
100
AcDbEntity
  8
A-WALL-PRTN
100
AcDbLine
 10
5.0175
 20
4.325
 30
0.0
 11
3.705
 21
4.325
 31
0.0
  0
LINE
  5
292
330
17
100
AcDbEntity
  8
A-WALL-PRTN
100
AcDbLine
 10
5.0175
 20
5.325
 30
0.0
 11
4.78875
 21
5.325
 31
0.0
  0
LINE
  5
293
330
17
100
AcDbEntity
  8
A-WALL-PRTN
100
AcDbLine
 10
4.43375
 20
5.325
 30
0.0
 11
4.3825
 21
5.325
 31
0.0
  0
LINE
  5
294
330
17
100
AcDbEntity
  8
A-WALL-PRTN
100
AcDbLine
 10
4.04875
 20
5.325
 30
0.0
 11
4.0175
 21
5.325
 31
0.0
  0
LINE
  5
295
330
17
100
AcDbEntity
  8
A-WALL-PRTN
100
AcDbLine
 10
4.3925
 20
5.325
 30
0.0
 11
4.3925
 21
5.95
 31
0.0
  0
LINE
  5
296
330
17
100
AcDbEntity
  8
A-WALL-PRTN
100
AcDbLine
 10
4.0175
 20
5.325
 30
0.0
 11
4.0175
 21
5.95
 31
0.0
  0
LINE
  5
297
330
17
100
AcDbEntity
  8
A-DOOR
100
AcDbLine
 10
3.705
 20
4.6375
 30
0.0
 11
4.08
 21
4.6375
 31
0.0
  0
LINE
  5
298
330
17
100
AcDbEntity
  8
A-DOOR
100
AcDbLine
 10
3.705
 20
5.0125
 30
0.0
 11
3.7539473220825195
 21
5.009291823015179
 31
0.0
  0
LINE
  5
299
330
17
100
AcDbEntity
  8
A-DOOR
100
AcDbLine
 10
3.7539473220825195
 20
5.009291823015179
 30
0.0
 11
3.8020571419134455
 21
4.999722184858401
 31
0.0
  0
LINE
  5
29A
330
17
100
AcDbEntity
  8
A-DOOR
100
AcDbLine
 10
3.8020571419134455
 20
4.999722184858401
 30
0.0
 11
3.8485062871369085
 21
4.9839548246917325
 31
0.0
  0
LINE
  5
29B
330
17
100
AcDbEntity
  8
A-DOOR
100
AcDbLine
 10
3.8485062871369085
 20
4.9839548246917325
 30
0.0
 11
3.8925
 21
4.962259526419165
 31
0.0
  0
LINE
  5
29C
330
17
100
AcDbEntity
  8
A-DOOR
100
AcDbLine
 10
3.8925
 20
4.962259526419165
 30
0.0
 11
3.9332855358782703
 21
4.9350075026092135
 31
0.0
  0
LINE
  5
29D
330
17
100
AcDbEntity
  8
A-DOOR
100
AcDbLine
 10
3.9332855358782703
 20
4.9350075026092135
 30
0.0
 11
3.9701650429449553
 21
4.902665042944955
 31
0.0
  0
LINE
  5
29E
330
17
100
AcDbEntity
  8
A-DOOR
100
AcDbLine
 10
3.9701650429449553
 20
4.902665042944955
 30
0.0
 11
4.002507502609213
 21
4.8657855358782705
 31
0.0
  0
LINE
  5
29F
330
17
100
AcDbEntity
  8
A-DOOR
100
AcDbLine
 10
4.002507502609213
 20
4.8657855358782705
 30
0.0
 11
4.029759526419165
 21
4.825
 31
0.0
  0
LINE
  5
2A0
330
17
100
AcDbEntity
  8
A-DOOR
100
AcDbLine
 10
4.029759526419165
 20
4.825
 30
0.0
 11
4.051454824691732
 21
4.7810062871369094
 31
0.0
  0
LINE
  5
2A1
330
17
100
AcDbEntity
  8
A-DOOR
100
AcDbLine
 10
4.051454824691732
 20
4.7810062871369094
 30
0.0
 11
4.067222184858401
 21
4.734557141913445
 31
0.0
  0
LINE
  5
2A2
330
17
100
AcDbEntity
  8
A-DOOR
100
AcDbLine
 10
4.067222184858401
 20
4.734557141913445
 30
0.0
 11
4.076791823015179
 21
4.68644732208252
 31
0.0
  0
LINE
  5
2A3
330
17
100
AcDbEntity
  8
A-DOOR
100
AcDbLine
 10
4.076791823015179
 20
4.68644732208252
 30
0.0
 11
4.08
 21
4.6375
 31
0.0
  0
LINE
  5
2A4
330
17
100
AcDbEntity
  8
A-DOOR
100
AcDbLine
 10
4.43375
 20
5.325
 30
0.0
 11
4.43375
 21
4.970000000000001
 31
0.0
  0
LINE
  5
2A5
330
17
100
AcDbEntity
  8
A-DOOR
100
AcDbLine
 10
4.78875
 20
5.325
 30
0.0
 11
4.785712925787703
 21
5.278663201761882
 31
0.0
  0
LINE
  5
2A6
330
17
100
AcDbEntity
  8
A-DOOR
100
AcDbLine
 10
4.785712925787703
 20
5.278663201761882
 30
0.0
 11
4.776653668332619
 21
5.233119238988605
 31
0.0
  0
LINE
  5
2A7
330
17
100
AcDbEntity
  8
A-DOOR
100
AcDbLine
 10
4.776653668332619
 20
5.233119238988605
 30
0.0
 11
4.761727234041507
 21
5.189147381510393
 31
0.0
  0
LINE
  5
2A8
330
17
100
AcDbEntity
  8
A-DOOR
100
AcDbLine
 10
4.761727234041507
 20
5.189147381510393
 30
0.0
 11
4.741189018343476
 21
5.147500000000001
 31
0.0
  0
LINE
  5
2A9
330
17
100
AcDbEntity
  8
A-DOOR
100
AcDbLine
 10
4.741189018343476
 20
5.147500000000001
 30
0.0
 11
4.715390435803389
 21
5.108889692701904
 31
0.0
  0
LINE
  5
2AA
330
17
100
AcDbEntity
  8
A-DOOR
100
AcDbLine
 10
4.715390435803389
 20
5.108889692701904
 30
0.0
 11
4.684772907321225
 21
5.073977092678776
 31
0.0
  0
LINE
  5
2AB
330
17
100
AcDbEntity
  8
A-DOOR
100
AcDbLine
 10
4.684772907321225
 20
5.073977092678776
 30
0.0
 11
4.649860307298096
 21
5.043359564196612
 31
0.0
  0
LINE
  5
2AC
330
17
100
AcDbEntity
  8
A-DOOR
100
AcDbLine
 10
4.649860307298096
 20
5.043359564196612
 30
0.0
 11
4.61125
 21
5.0175609816565245
 31
0.0
  0
LINE
  5
2AD
330
17
100
AcDbEntity
  8
A-DOOR
100
AcDbLine
 10
4.61125
 20
5.0175609816565245
 30
0.0
 11
4.569602618489607
 21
4.997022765958493
 31
0.0
  0
LINE
  5
2AE
330
17
100
AcDbEntity
  8
A-DOOR
100
AcDbLine
 10
4.569602618489607
 20
4.997022765958493
 30
0.0
 11
4.525630761011395
 21
4.982096331667381
 31
0.0
  0
LINE
  5
2AF
330
17
100
AcDbEntity
  8
A-DOOR
100
AcDbLine
 10
4.525630761011395
 20
4.982096331667381
 30
0.0
 11
4.480086798238118
 21
4.973037074212297
 31
0.0
  0
LINE
  5
2B0
330
17
100
AcDbEntity
  8
A-DOOR
100
AcDbLine
 10
4.480086798238118
 20
4.973037074212297
 30
0.0
 11
4.43375
 21
4.970000000000001
 31
0.0
  0
LINE
  5
2B1
330
17
100
AcDbEntity
  8
A-DOOR
100
AcDbLine
 10
4.04875
 20
5.325
 30
0.0
 11
4.04875
 21
4.99125
 31
0.0
  0
LINE
  5
2B2
330
17
100
AcDbEntity
  8
A-DOOR
100
AcDbLine
 10
4.3825
 20
5.325
 30
0.0
 11
4.379644722483509
 21
5.281436883346558
 31
0.0
  0
LINE
  5
2B3
330
17
100
AcDbEntity
  8
A-DOOR
100
AcDbLine
 10
4.379644722483509
 20
5.281436883346558
 30
0.0
 11
4.371127744523976
 21
5.238619143697034
 31
0.0
  0
LINE
  5
2B4
330
17
100
AcDbEntity
  8
A-DOOR
100
AcDbLine
 10
4.371127744523976
 20
5.238619143697034
 30
0.0
 11
4.357094793975643
 21
5.197279404448151
 31
0.0
  0
LINE
  5
2B5
330
17
100
AcDbEntity
  8
A-DOOR
100
AcDbLine
 10
4.357094793975643
 20
5.197279404448151
 30
0.0
 11
4.337785978513057
 21
5.158125
 31
0.0
  0
LINE
  5
2B6
330
17
100
AcDbEntity
  8
A-DOOR
100
AcDbLine
 10
4.337785978513057
 20
5.158125
 30
0.0
 11
4.313531677322199
 21
5.12182587306834
 31
0.0
  0
LINE
  5
2B7
330
17
100
AcDbEntity
  8
A-DOOR
100
AcDbLine
 10
4.313531677322199
 20
5.12182587306834
 30
0.0
 11
4.28474688822101
 21
5.08900311177899
 31
0.0
  0
LINE
  5
2B8
330
17
100
AcDbEntity
  8
A-DOOR
100
AcDbLine
 10
4.28474688822101
 20
5.08900311177899
 30
0.0
 11
4.2519241269316606
 21
5.0602183226778
 31
0.0
  0
LINE
  5
2B9
330
17
100
AcDbEntity
  8
A-DOOR
100
AcDbLine
 10
4.2519241269316606
 20
5.0602183226778
 30
0.0
 11
4.215625
 21
5.035964021486944
 31
0.0
  0
LINE
  5
2BA
330
17
100
AcDbEntity
  8
A-DOOR
100
AcDbLine
 10
4.215625
 20
5.035964021486944
 30
0.0
 11
4.176470595551849
 21
5.0166552060243585
 31
0.0
  0
LINE
  5
2BB
330
17
100
AcDbEntity
  8
A-DOOR
100
AcDbLine
 10
4.176470595551849
 20
5.0166552060243585
 30
0.0
 11
4.1351308563029665
 21
5.002622255476023
 31
0.0
  0
LINE
  5
2BC
330
17
100
AcDbEntity
  8
A-DOOR
100
AcDbLine
 10
4.1351308563029665
 20
5.002622255476023
 30
0.0
 11
4.092313116653442
 21
4.994105277516491
 31
0.0
  0
LINE
  5
2BD
330
17
100
AcDbEntity
  8
A-DOOR
100
AcDbLine
 10
4.092313116653442
 20
4.994105277516491
 30
0.0
 11
4.04875
 21
4.99125
 31
0.0
  0
LINE
  5
2BE
330
17
100
AcDbEntity
  8
A-ANNO-TEXT
100
AcDbLine
 10
5.0175
 20
4.325
 30
0.0
 11
4.9375
 21
4.325
 31
0.0
  0
LINE
  5
2BF
330
17
100
AcDbEntity
  8
A-ANNO-TEXT
100
AcDbLine
 10
4.8875
 20
4.325
 30
0.0
 11
4.8075
 21
4.325
 31
0.0
  0
LINE
  5
2C0
330
17
100
AcDbEntity
  8
A-ANNO-TEXT
100
AcDbLine
 10
4.7575
 20
4.325
 30
0.0
 11
4.6775
 21
4.325
 31
0.0
  0
LINE
  5
2C1
330
17
100
AcDbEntity
  8
A-ANNO-TEXT
100
AcDbLine
 10
4.6275
 20
4.325
 30
0.0
 11
4.5475
 21
4.325
 31
0.0
  0
LINE
  5
2C2
330
17
100
AcDbEntity
  8
A-ANNO-TEXT
100
AcDbLine
 10
4.4975000000000005
 20
4.325
 30
0.0
 11
4.4175
 21
4.325
 31
0.0
  0
LINE
  5
2C3
330
17
100
AcDbEntity
  8
A-ANNO-TEXT
100
AcDbLine
 10
4.3675
 20
4.325
 30
0.0
 11
4.2875
 21
4.325
 31
0.0
  0
LINE
  5
2C4
330
17
100
AcDbEntity
  8
A-ANNO-TEXT
100
AcDbLine
 10
4.2375
 20
4.325
 30
0.0
 11
4.1575
 21
4.325
 31
0.0
  0
LINE
  5
2C5
330
17
100
AcDbEntity
  8
A-ANNO-TEXT
100
AcDbLine
 10
4.1075
 20
4.325
 30
0.0
 11
4.0275
 21
4.325
 31
0.0
  0
LINE
  5
2C6
330
17
100
AcDbEntity
  8
A-ANNO-TEXT
100
AcDbLine
 10
3.9775
 20
4.325
 30
0.0
 11
3.8975
 21
4.325
 31
0.0
  0
LINE
  5
2C7
330
17
100
AcDbEntity
  8
A-ANNO-TEXT
100
AcDbLine
 10
3.8475
 20
4.325
 30
0.0
 11
3.7675
 21
4.325
 31
0.0
  0
LINE
  5
2C8
330
17
100
AcDbEntity
  8
A-ANNO-TEXT
100
AcDbLine
 10
3.7175
 20
4.325
 30
0.0
 11
3.6374999999999997
 21
4.325
 31
0.0
  0
LINE
  5
2C9
330
17
100
AcDbEntity
  8
A-ANNO-TEXT
100
AcDbLine
 10
3.5874999999999995
 20
4.325
 30
0.0
 11
3.5074999999999994
 21
4.325
 31
0.0
  0
LINE
  5
2CA
330
17
100
AcDbEntity
  8
A-ANNO-TEXT
100
AcDbLine
 10
3.4574999999999996
 20
4.325
 30
0.0
 11
3.3774999999999995
 21
4.325
 31
0.0
  0
LINE
  5
2CB
330
17
100
AcDbEntity
  8
A-ANNO-TEXT
100
AcDbLine
 10
3.3274999999999997
 20
4.325
 30
0.0
 11
3.2474999999999996
 21
4.325
 31
0.0
  0
LINE
  5
2CC
330
17
100
AcDbEntity
  8
A-ANNO-TEXT
100
AcDbLine
 10
3.1974999999999993
 20
4.325
 30
0.0
 11
3.1174999999999993
 21
4.325
 31
0.0
  0
LINE
  5
2CD
330
17
100
AcDbEntity
  8
A-ANNO-TEXT
100
AcDbLine
 10
3.067499999999999
 20
4.325
 30
0.0
 11
2.9874999999999994
 21
4.325
 31
0.0
  0
LINE
  5
2CE
330
17
100
AcDbEntity
  8
A-ANNO-TEXT
100
AcDbLine
 10
2.9374999999999996
 20
4.325
 30
0.0
 11
2.8574999999999995
 21
4.325
 31
0.0
  0
LINE
  5
2CF
330
17
100
AcDbEntity
  8
A-ANNO-TEXT
100
AcDbLine
 10
2.8074999999999997
 20
4.325
 30
0.0
 11
2.7274999999999996
 21
4.325
 31
0.0
  0
LINE
  5
2D0
330
17
100
AcDbEntity
  8
A-ANNO-TEXT
100
AcDbLine
 10
2.6774999999999998
 20
4.325
 30
0.0
 11
2.5974999999999997
 21
4.325
 31
0.0
  0
LINE
  5
2D1
330
17
100
AcDbEntity
  8
A-ANNO-TEXT
100
AcDbLine
 10
2.5475
 20
4.325
 30
0.0
 11
2.4675
 21
4.325
 31
0.0
  0
LINE
  5
2D2
330
17
100
AcDbEntity
  8
A-ANNO-TEXT
100
AcDbLine
 10
2.4175
 20
4.325
 30
0.0
 11
2.3375
 21
4.325
 31
0.0
  0
LINE
  5
2D3
330
17
100
AcDbEntity
  8
A-ANNO-TEXT
100
AcDbLine
 10
2.2875
 20
4.325
 30
0.0
 11
2.2075
 21
4.325
 31
0.0
  0
LINE
  5
2D4
330
17
100
AcDbEntity
  8
A-ANNO-TEXT
100
AcDbLine
 10
2.1575
 20
4.325
 30
0.0
 11
2.0775
 21
4.325
 31
0.0
  0
LINE
  5
2D5
330
17
100
AcDbEntity
  8
A-ANNO-TEXT
100
AcDbLine
 10
2.0275000000000003
 20
4.325
 30
0.0
 11
1.9475000000000002
 21
4.325
 31
0.0
  0
LINE
  5
2D6
330
17
100
AcDbEntity
  8
A-ANNO-TEXT
100
AcDbLine
 10
1.8975000000000004
 20
4.325
 30
0.0
 11
1.8175000000000003
 21
4.325
 31
0.0
  0
LINE
  5
2D7
330
17
100
AcDbEntity
  8
A-ANNO-TEXT
100
AcDbLine
 10
1.7675000000000005
 20
4.325
 30
0.0
 11
1.6875000000000004
 21
4.325
 31
0.0
  0
LINE
  5
2D8
330
17
100
AcDbEntity
  8
A-ANNO-TEXT
100
AcDbLine
 10
1.6375000000000006
 20
4.325
 30
0.0
 11
1.5575000000000006
 21
4.325
 31
0.0
  0
LINE
  5
2D9
330
17
100
AcDbEntity
  8
A-ANNO-TEXT
100
AcDbLine
 10
1.5075000000000007
 20
4.325
 30
0.0
 11
1.4275000000000007
 21
4.325
 31
0.0
  0
LINE
  5
2DA
330
17
100
AcDbEntity
  8
A-ANNO-TEXT
100
AcDbLine
 10
1.3775000000000008
 20
4.325
 30
0.0
 11
1.2975000000000008
 21
4.325
 31
0.0
  0
LINE
  5
2DB
330
17
100
AcDbEntity
  8
A-ANNO-TEXT
100
AcDbLine
 10
1.247500000000001
 20
4.325
 30
0.0
 11
1.1675000000000009
 21
4.325
 31
0.0
  0
LINE
  5
2DC
330
17
100
AcDbEntity
  8
A-ANNO-TEXT
100
AcDbLine
 10
1.117500000000001
 20
4.325
 30
0.0
 11
1.037500000000001
 21
4.325
 31
0.0
  0
TEXT
  5
2DD
330
17
100
AcDbEntity
  8
A-ANNO-TEXT
100
AcDbText
 10
2.52665
 20
4.2125
 30
0.0
 40
0.043
  1
— — upper tier above this line (to the tier line: 7'-6" clear, D-061)
  7
KS-REG
 72
1
 11
2.52665
 21
4.2125
 31
0.0
100
AcDbText
  0
LINE
  5
2DE
330
17
100
AcDbEntity
  8
A-WALL-PRTN
100
AcDbLine
 10
5.0175
 20
5.325
 30
0.0
 11
4.3925
 21
5.325
 31
0.0
  0
LINE
  5
2DF
330
17
100
AcDbEntity
  8
A-WALL-PRTN
100
AcDbLine
 10
4.3925
 20
5.325
 30
0.0
 11
4.3925
 21
5.95
 31
0.0
  0
LINE
  5
2E0
330
17
100
AcDbEntity
  8
A-WALL-PRTN
100
AcDbLine
 10
4.3925
 20
5.95
 30
0.0
 11
5.0175
 21
5.95
 31
0.0
  0
LINE
  5
2E1
330
17
100
AcDbEntity
  8
A-WALL-PRTN
100
AcDbLine
 10
5.0175
 20
5.95
 30
0.0
 11
5.0175
 21
5.325
 31
0.0
  0
LWPOLYLINE
  5
2E2
330
17
100
AcDbEntity
  8
P-FIXT
100
AcDbPolyline
 90
4
 70
1
 10
4.93
 20
5.95
 10
4.73
 20
5.95
 10
4.73
 20
5.875
 10
4.93
 20
5.875
  0
LINE
  5
2E3
330
17
100
AcDbEntity
  8
P-FIXT
100
AcDbLine
 10
4.755
 20
5.7625
 30
0.0
 11
4.75755556302832
 21
5.791617142574034
 31
0.0
  0
LINE
  5
2E4
330
17
100
AcDbEntity
  8
P-FIXT
100
AcDbLine
 10
4.75755556302832
 20
5.791617142574034
 30
0.0
 11
4.7650480947161675
 21
5.81875
 31
0.0
  0
LINE
  5
2E5
330
17
100
AcDbEntity
  8
P-FIXT
100
AcDbLine
 10
4.7650480947161675
 20
5.81875
 30
0.0
 11
4.776966991411009
 21
5.842049512883486
 31
0.0
  0
LINE
  5
2E6
330
17
100
AcDbEntity
  8
P-FIXT
100
AcDbLine
 10
4.776966991411009
 20
5.842049512883486
 30
0.0
 11
4.7925
 21
5.859927857925749
 31
0.0
  0
LINE
  5
2E7
330
17
100
AcDbEntity
  8
P-FIXT
100
AcDbLine
 10
4.7925
 20
5.859927857925749
 30
0.0
 11
4.810588571617311
 21
5.87116665545752
 31
0.0
  0
LINE
  5
2E8
330
17
100
AcDbEntity
  8
P-FIXT
100
AcDbLine
 10
4.810588571617311
 20
5.87116665545752
 30
0.0
 11
4.83
 21
5.875
 31
0.0
  0
LINE
  5
2E9
330
17
100
AcDbEntity
  8
P-FIXT
100
AcDbLine
 10
4.83
 20
5.875
 30
0.0
 11
4.849411428382689
 21
5.87116665545752
 31
0.0
  0
LINE
  5
2EA
330
17
100
AcDbEntity
  8
P-FIXT
100
AcDbLine
 10
4.849411428382689
 20
5.87116665545752
 30
0.0
 11
4.8675
 21
5.859927857925749
 31
0.0
  0
LINE
  5
2EB
330
17
100
AcDbEntity
  8
P-FIXT
100
AcDbLine
 10
4.8675
 20
5.859927857925749
 30
0.0
 11
4.883033008588991
 21
5.842049512883486
 31
0.0
  0
LINE
  5
2EC
330
17
100
AcDbEntity
  8
P-FIXT
100
AcDbLine
 10
4.883033008588991
 20
5.842049512883486
 30
0.0
 11
4.894951905283833
 21
5.81875
 31
0.0
  0
LINE
  5
2ED
330
17
100
AcDbEntity
  8
P-FIXT
100
AcDbLine
 10
4.894951905283833
 20
5.81875
 30
0.0
 11
4.90244443697168
 21
5.791617142574034
 31
0.0
  0
LINE
  5
2EE
330
17
100
AcDbEntity
  8
P-FIXT
100
AcDbLine
 10
4.90244443697168
 20
5.791617142574034
 30
0.0
 11
4.905
 21
5.7625
 31
0.0
  0
LINE
  5
2EF
330
17
100
AcDbEntity
  8
P-FIXT
100
AcDbLine
 10
4.905
 20
5.7625
 30
0.0
 11
4.90244443697168
 21
5.733382857425966
 31
0.0
  0
LINE
  5
2F0
330
17
100
AcDbEntity
  8
P-FIXT
100
AcDbLine
 10
4.90244443697168
 20
5.733382857425966
 30
0.0
 11
4.894951905283833
 21
5.706250000000001
 31
0.0
  0
LINE
  5
2F1
330
17
100
AcDbEntity
  8
P-FIXT
100
AcDbLine
 10
4.894951905283833
 20
5.706250000000001
 30
0.0
 11
4.883033008588991
 21
5.682950487116514
 31
0.0
  0
LINE
  5
2F2
330
17
100
AcDbEntity
  8
P-FIXT
100
AcDbLine
 10
4.883033008588991
 20
5.682950487116514
 30
0.0
 11
4.8675
 21
5.665072142074251
 31
0.0
  0
LINE
  5
2F3
330
17
100
AcDbEntity
  8
P-FIXT
100
AcDbLine
 10
4.8675
 20
5.665072142074251
 30
0.0
 11
4.849411428382689
 21
5.65383334454248
 31
0.0
  0
LINE
  5
2F4
330
17
100
AcDbEntity
  8
P-FIXT
100
AcDbLine
 10
4.849411428382689
 20
5.65383334454248
 30
0.0
 11
4.83
 21
5.65
 31
0.0
  0
LINE
  5
2F5
330
17
100
AcDbEntity
  8
P-FIXT
100
AcDbLine
 10
4.83
 20
5.65
 30
0.0
 11
4.810588571617311
 21
5.65383334454248
 31
0.0
  0
LINE
  5
2F6
330
17
100
AcDbEntity
  8
P-FIXT
100
AcDbLine
 10
4.810588571617311
 20
5.65383334454248
 30
0.0
 11
4.7925
 21
5.665072142074251
 31
0.0
  0
LINE
  5
2F7
330
17
100
AcDbEntity
  8
P-FIXT
100
AcDbLine
 10
4.7925
 20
5.665072142074251
 30
0.0
 11
4.776966991411009
 21
5.682950487116514
 31
0.0
  0
LINE
  5
2F8
330
17
100
AcDbEntity
  8
P-FIXT
100
AcDbLine
 10
4.776966991411009
 20
5.682950487116514
 30
0.0
 11
4.7650480947161675
 21
5.706250000000001
 31
0.0
  0
LINE
  5
2F9
330
17
100
AcDbEntity
  8
P-FIXT
100
AcDbLine
 10
4.7650480947161675
 20
5.706250000000001
 30
0.0
 11
4.75755556302832
 21
5.733382857425966
 31
0.0
  0
LINE
  5
2FA
330
17
100
AcDbEntity
  8
P-FIXT
100
AcDbLine
 10
4.75755556302832
 20
5.733382857425966
 30
0.0
 11
4.755
 21
5.7625
 31
0.0
  0
TEXT
  5
2FB
330
17
100
AcDbEntity
  8
A-ANNO-TEXT
100
AcDbText
 10
4.655
 20
5.4375
 30
0.0
 40
0.036
  1
WC
  7
KS-REG
 72
1
 11
4.655
 21
5.4375
 31
0.0
100
AcDbText
  0
LINE
  5
2FC
330
17
100
AcDbEntity
  8
A-WALL-PRTN
100
AcDbLine
 10
4.3925
 20
5.325
 30
0.0
 11
4.0175
 21
5.325
 31
0.0
  0
LINE
  5
2FD
330
17
100
AcDbEntity
  8
A-WALL-PRTN
100
AcDbLine
 10
4.0175
 20
5.325
 30
0.0
 11
4.0175
 21
5.95
 31
0.0
  0
LINE
  5
2FE
330
17
100
AcDbEntity
  8
A-WALL-PRTN
100
AcDbLine
 10
4.0175
 20
5.95
 30
0.0
 11
4.3925
 21
5.95
 31
0.0
  0
LINE
  5
2FF
330
17
100
AcDbEntity
  8
A-WALL-PRTN
100
AcDbLine
 10
4.3925
 20
5.95
 30
0.0
 11
4.3925
 21
5.325
 31
0.0
  0
LWPOLYLINE
  5
300
330
17
100
AcDbEntity
  8
P-FIXT
100
AcDbPolyline
 90
4
 70
1
 10
4.305
 20
5.95
 10
4.105
 20
5.95
 10
4.105
 20
5.875
 10
4.305
 20
5.875
  0
LINE
  5
301
330
17
100
AcDbEntity
  8
P-FIXT
100
AcDbLine
 10
4.13
 20
5.7625
 30
0.0
 11
4.13255556302832
 21
5.791617142574034
 31
0.0
  0
LINE
  5
302
330
17
100
AcDbEntity
  8
P-FIXT
100
AcDbLine
 10
4.13255556302832
 20
5.791617142574034
 30
0.0
 11
4.1400480947161675
 21
5.81875
 31
0.0
  0
LINE
  5
303
330
17
100
AcDbEntity
  8
P-FIXT
100
AcDbLine
 10
4.1400480947161675
 20
5.81875
 30
0.0
 11
4.151966991411009
 21
5.842049512883486
 31
0.0
  0
LINE
  5
304
330
17
100
AcDbEntity
  8
P-FIXT
100
AcDbLine
 10
4.151966991411009
 20
5.842049512883486
 30
0.0
 11
4.1675
 21
5.859927857925749
 31
0.0
  0
LINE
  5
305
330
17
100
AcDbEntity
  8
P-FIXT
100
AcDbLine
 10
4.1675
 20
5.859927857925749
 30
0.0
 11
4.185588571617311
 21
5.87116665545752
 31
0.0
  0
LINE
  5
306
330
17
100
AcDbEntity
  8
P-FIXT
100
AcDbLine
 10
4.185588571617311
 20
5.87116665545752
 30
0.0
 11
4.205
 21
5.875
 31
0.0
  0
LINE
  5
307
330
17
100
AcDbEntity
  8
P-FIXT
100
AcDbLine
 10
4.205
 20
5.875
 30
0.0
 11
4.224411428382689
 21
5.87116665545752
 31
0.0
  0
LINE
  5
308
330
17
100
AcDbEntity
  8
P-FIXT
100
AcDbLine
 10
4.224411428382689
 20
5.87116665545752
 30
0.0
 11
4.2425
 21
5.859927857925749
 31
0.0
  0
LINE
  5
309
330
17
100
AcDbEntity
  8
P-FIXT
100
AcDbLine
 10
4.2425
 20
5.859927857925749
 30
0.0
 11
4.258033008588991
 21
5.842049512883486
 31
0.0
  0
LINE
  5
30A
330
17
100
AcDbEntity
  8
P-FIXT
100
AcDbLine
 10
4.258033008588991
 20
5.842049512883486
 30
0.0
 11
4.269951905283833
 21
5.81875
 31
0.0
  0
LINE
  5
30B
330
17
100
AcDbEntity
  8
P-FIXT
100
AcDbLine
 10
4.269951905283833
 20
5.81875
 30
0.0
 11
4.27744443697168
 21
5.791617142574034
 31
0.0
  0
LINE
  5
30C
330
17
100
AcDbEntity
  8
P-FIXT
100
AcDbLine
 10
4.27744443697168
 20
5.791617142574034
 30
0.0
 11
4.28
 21
5.7625
 31
0.0
  0
LINE
  5
30D
330
17
100
AcDbEntity
  8
P-FIXT
100
AcDbLine
 10
4.28
 20
5.7625
 30
0.0
 11
4.27744443697168
 21
5.733382857425966
 31
0.0
  0
LINE
  5
30E
330
17
100
AcDbEntity
  8
P-FIXT
100
AcDbLine
 10
4.27744443697168
 20
5.733382857425966
 30
0.0
 11
4.269951905283833
 21
5.706250000000001
 31
0.0
  0
LINE
  5
30F
330
17
100
AcDbEntity
  8
P-FIXT
100
AcDbLine
 10
4.269951905283833
 20
5.706250000000001
 30
0.0
 11
4.258033008588991
 21
5.682950487116514
 31
0.0
  0
LINE
  5
310
330
17
100
AcDbEntity
  8
P-FIXT
100
AcDbLine
 10
4.258033008588991
 20
5.682950487116514
 30
0.0
 11
4.2425
 21
5.665072142074251
 31
0.0
  0
LINE
  5
311
330
17
100
AcDbEntity
  8
P-FIXT
100
AcDbLine
 10
4.2425
 20
5.665072142074251
 30
0.0
 11
4.224411428382689
 21
5.65383334454248
 31
0.0
  0
LINE
  5
312
330
17
100
AcDbEntity
  8
P-FIXT
100
AcDbLine
 10
4.224411428382689
 20
5.65383334454248
 30
0.0
 11
4.205
 21
5.65
 31
0.0
  0
LINE
  5
313
330
17
100
AcDbEntity
  8
P-FIXT
100
AcDbLine
 10
4.205
 20
5.65
 30
0.0
 11
4.185588571617311
 21
5.65383334454248
 31
0.0
  0
LINE
  5
314
330
17
100
AcDbEntity
  8
P-FIXT
100
AcDbLine
 10
4.185588571617311
 20
5.65383334454248
 30
0.0
 11
4.1675
 21
5.665072142074251
 31
0.0
  0
LINE
  5
315
330
17
100
AcDbEntity
  8
P-FIXT
100
AcDbLine
 10
4.1675
 20
5.665072142074251
 30
0.0
 11
4.151966991411009
 21
5.682950487116514
 31
0.0
  0
LINE
  5
316
330
17
100
AcDbEntity
  8
P-FIXT
100
AcDbLine
 10
4.151966991411009
 20
5.682950487116514
 30
0.0
 11
4.1400480947161675
 21
5.706250000000001
 31
0.0
  0
LINE
  5
317
330
17
100
AcDbEntity
  8
P-FIXT
100
AcDbLine
 10
4.1400480947161675
 20
5.706250000000001
 30
0.0
 11
4.13255556302832
 21
5.733382857425966
 31
0.0
  0
LINE
  5
318
330
17
100
AcDbEntity
  8
P-FIXT
100
AcDbLine
 10
4.13255556302832
 20
5.733382857425966
 30
0.0
 11
4.13
 21
5.7625
 31
0.0
  0
TEXT
  5
319
330
17
100
AcDbEntity
  8
A-ANNO-TEXT
100
AcDbText
 10
4.205
 20
5.4375
 30
0.0
 40
0.036
  1
AMB. WC
  7
KS-REG
 72
1
 11
4.205
 21
5.4375
 31
0.0
100
AcDbText
  0
LINE
  5
31A
330
17
100
AcDbEntity
  8
P-FIXT
100
AcDbLine
 10
5.0175
 20
4.45
 30
0.0
 11
4.79875
 21
4.45
 31
0.0
  0
LINE
  5
31B
330
17
100
AcDbEntity
  8
P-FIXT
100
AcDbLine
 10
4.79875
 20
4.45
 30
0.0
 11
4.79875
 21
4.7625
 31
0.0
  0
LINE
  5
31C
330
17
100
AcDbEntity
  8
P-FIXT
100
AcDbLine
 10
4.79875
 20
4.7625
 30
0.0
 11
5.0175
 21
4.7625
 31
0.0
  0
LINE
  5
31D
330
17
100
AcDbEntity
  8
P-FIXT
100
AcDbLine
 10
5.0175
 20
4.7625
 30
0.0
 11
5.0175
 21
4.45
 31
0.0
  0
LINE
  5
31E
330
17
100
AcDbEntity
  8
P-FIXT
100
AcDbLine
 10
4.839375
 20
4.60625
 30
0.0
 11
4.841717599442626
 21
4.630514285478362
 31
0.0
  0
LINE
  5
31F
330
17
100
AcDbEntity
  8
P-FIXT
100
AcDbLine
 10
4.841717599442626
 20
4.630514285478362
 30
0.0
 11
4.84858575348982
 21
4.653125
 31
0.0
  0
LINE
  5
320
330
17
100
AcDbEntity
  8
P-FIXT
100
AcDbLine
 10
4.84858575348982
 20
4.653125
 30
0.0
 11
4.859511408793425
 21
4.672541260736239
 31
0.0
  0
LINE
  5
321
330
17
100
AcDbEntity
  8
P-FIXT
100
AcDbLine
 10
4.859511408793425
 20
4.672541260736239
 30
0.0
 11
4.87375
 21
4.687439881604791
 31
0.0
  0
LINE
  5
322
330
17
100
AcDbEntity
  8
P-FIXT
100
AcDbLine
 10
4.87375
 20
4.687439881604791
 30
0.0
 11
4.890331190649202
 21
4.6968055462146
 31
0.0
  0
LINE
  5
323
330
17
100
AcDbEntity
  8
P-FIXT
100
AcDbLine
 10
4.890331190649202
 20
4.6968055462146
 30
0.0
 11
4.908125
 21
4.7
 31
0.0
  0
LINE
  5
324
330
17
100
AcDbEntity
  8
P-FIXT
100
AcDbLine
 10
4.908125
 20
4.7
 30
0.0
 11
4.925918809350798
 21
4.6968055462146
 31
0.0
  0
LINE
  5
325
330
17
100
AcDbEntity
  8
P-FIXT
100
AcDbLine
 10
4.925918809350798
 20
4.6968055462146
 30
0.0
 11
4.9425
 21
4.687439881604791
 31
0.0
  0
LINE
  5
326
330
17
100
AcDbEntity
  8
P-FIXT
100
AcDbLine
 10
4.9425
 20
4.687439881604791
 30
0.0
 11
4.956738591206575
 21
4.672541260736239
 31
0.0
  0
LINE
  5
327
330
17
100
AcDbEntity
  8
P-FIXT
100
AcDbLine
 10
4.956738591206575
 20
4.672541260736239
 30
0.0
 11
4.96766424651018
 21
4.653125
 31
0.0
  0
LINE
  5
328
330
17
100
AcDbEntity
  8
P-FIXT
100
AcDbLine
 10
4.96766424651018
 20
4.653125
 30
0.0
 11
4.974532400557374
 21
4.630514285478362
 31
0.0
  0
LINE
  5
329
330
17
100
AcDbEntity
  8
P-FIXT
100
AcDbLine
 10
4.974532400557374
 20
4.630514285478362
 30
0.0
 11
4.976875
 21
4.60625
 31
0.0
  0
LINE
  5
32A
330
17
100
AcDbEntity
  8
P-FIXT
100
AcDbLine
 10
4.976875
 20
4.60625
 30
0.0
 11
4.974532400557374
 21
4.581985714521639
 31
0.0
  0
LINE
  5
32B
330
17
100
AcDbEntity
  8
P-FIXT
100
AcDbLine
 10
4.974532400557374
 20
4.581985714521639
 30
0.0
 11
4.96766424651018
 21
4.559375
 31
0.0
  0
LINE
  5
32C
330
17
100
AcDbEntity
  8
P-FIXT
100
AcDbLine
 10
4.96766424651018
 20
4.559375
 30
0.0
 11
4.956738591206575
 21
4.539958739263762
 31
0.0
  0
LINE
  5
32D
330
17
100
AcDbEntity
  8
P-FIXT
100
AcDbLine
 10
4.956738591206575
 20
4.539958739263762
 30
0.0
 11
4.9425
 21
4.525060118395209
 31
0.0
  0
LINE
  5
32E
330
17
100
AcDbEntity
  8
P-FIXT
100
AcDbLine
 10
4.9425
 20
4.525060118395209
 30
0.0
 11
4.925918809350798
 21
4.5156944537854
 31
0.0
  0
LINE
  5
32F
330
17
100
AcDbEntity
  8
P-FIXT
100
AcDbLine
 10
4.925918809350798
 20
4.5156944537854
 30
0.0
 11
4.908125
 21
4.5125
 31
0.0
  0
LINE
  5
330
330
17
100
AcDbEntity
  8
P-FIXT
100
AcDbLine
 10
4.908125
 20
4.5125
 30
0.0
 11
4.890331190649202
 21
4.5156944537854
 31
0.0
  0
LINE
  5
331
330
17
100
AcDbEntity
  8
P-FIXT
100
AcDbLine
 10
4.890331190649202
 20
4.5156944537854
 30
0.0
 11
4.87375
 21
4.525060118395209
 31
0.0
  0
LINE
  5
332
330
17
100
AcDbEntity
  8
P-FIXT
100
AcDbLine
 10
4.87375
 20
4.525060118395209
 30
0.0
 11
4.859511408793425
 21
4.539958739263762
 31
0.0
  0
LINE
  5
333
330
17
100
AcDbEntity
  8
P-FIXT
100
AcDbLine
 10
4.859511408793425
 20
4.539958739263762
 30
0.0
 11
4.84858575348982
 21
4.559375
 31
0.0
  0
LINE
  5
334
330
17
100
AcDbEntity
  8
P-FIXT
100
AcDbLine
 10
4.84858575348982
 20
4.559375
 30
0.0
 11
4.841717599442626
 21
4.581985714521639
 31
0.0
  0
LINE
  5
335
330
17
100
AcDbEntity
  8
P-FIXT
100
AcDbLine
 10
4.841717599442626
 20
4.581985714521639
 30
0.0
 11
4.839375
 21
4.60625
 31
0.0
  0
TEXT
  5
336
330
17
100
AcDbEntity
  8
A-ANNO-TEXT
100
AcDbText
 10
4.77375
 20
4.56875
 30
0.0
 40
0.039999999999999994
  1
A
  7
KS-BOLD
 11
4.77375
 21
4.56875
 31
0.0
100
AcDbText
  0
LINE
  5
337
330
17
100
AcDbEntity
  8
P-FIXT
100
AcDbLine
 10
5.0175
 20
4.7625
 30
0.0
 11
4.79875
 21
4.7625
 31
0.0
  0
LINE
  5
338
330
17
100
AcDbEntity
  8
P-FIXT
100
AcDbLine
 10
4.79875
 20
4.7625
 30
0.0
 11
4.79875
 21
5.075
 31
0.0
  0
LINE
  5
339
330
17
100
AcDbEntity
  8
P-FIXT
100
AcDbLine
 10
4.79875
 20
5.075
 30
0.0
 11
5.0175
 21
5.075
 31
0.0
  0
LINE
  5
33A
330
17
100
AcDbEntity
  8
P-FIXT
100
AcDbLine
 10
5.0175
 20
5.075
 30
0.0
 11
5.0175
 21
4.7625
 31
0.0
  0
LINE
  5
33B
330
17
100
AcDbEntity
  8
P-FIXT
100
AcDbLine
 10
4.839375
 20
4.91875
 30
0.0
 11
4.841717599442626
 21
4.943014285478362
 31
0.0
  0
LINE
  5
33C
330
17
100
AcDbEntity
  8
P-FIXT
100
AcDbLine
 10
4.841717599442626
 20
4.943014285478362
 30
0.0
 11
4.84858575348982
 21
4.965625
 31
0.0
  0
LINE
  5
33D
330
17
100
AcDbEntity
  8
P-FIXT
100
AcDbLine
 10
4.84858575348982
 20
4.965625
 30
0.0
 11
4.859511408793425
 21
4.985041260736239
 31
0.0
  0
LINE
  5
33E
330
17
100
AcDbEntity
  8
P-FIXT
100
AcDbLine
 10
4.859511408793425
 20
4.985041260736239
 30
0.0
 11
4.87375
 21
4.999939881604791
 31
0.0
  0
LINE
  5
33F
330
17
100
AcDbEntity
  8
P-FIXT
100
AcDbLine
 10
4.87375
 20
4.999939881604791
 30
0.0
 11
4.890331190649202
 21
5.0093055462146
 31
0.0
  0
LINE
  5
340
330
17
100
AcDbEntity
  8
P-FIXT
100
AcDbLine
 10
4.890331190649202
 20
5.0093055462146
 30
0.0
 11
4.908125
 21
5.0125
 31
0.0
  0
LINE
  5
341
330
17
100
AcDbEntity
  8
P-FIXT
100
AcDbLine
 10
4.908125
 20
5.0125
 30
0.0
 11
4.925918809350798
 21
5.0093055462146
 31
0.0
  0
LINE
  5
342
330
17
100
AcDbEntity
  8
P-FIXT
100
AcDbLine
 10
4.925918809350798
 20
5.0093055462146
 30
0.0
 11
4.9425
 21
4.999939881604791
 31
0.0
  0
LINE
  5
343
330
17
100
AcDbEntity
  8
P-FIXT
100
AcDbLine
 10
4.9425
 20
4.999939881604791
 30
0.0
 11
4.956738591206575
 21
4.985041260736239
 31
0.0
  0
LINE
  5
344
330
17
100
AcDbEntity
  8
P-FIXT
100
AcDbLine
 10
4.956738591206575
 20
4.985041260736239
 30
0.0
 11
4.96766424651018
 21
4.965625
 31
0.0
  0
LINE
  5
345
330
17
100
AcDbEntity
  8
P-FIXT
100
AcDbLine
 10
4.96766424651018
 20
4.965625
 30
0.0
 11
4.974532400557374
 21
4.943014285478362
 31
0.0
  0
LINE
  5
346
330
17
100
AcDbEntity
  8
P-FIXT
100
AcDbLine
 10
4.974532400557374
 20
4.943014285478362
 30
0.0
 11
4.976875
 21
4.91875
 31
0.0
  0
LINE
  5
347
330
17
100
AcDbEntity
  8
P-FIXT
100
AcDbLine
 10
4.976875
 20
4.91875
 30
0.0
 11
4.974532400557374
 21
4.894485714521639
 31
0.0
  0
LINE
  5
348
330
17
100
AcDbEntity
  8
P-FIXT
100
AcDbLine
 10
4.974532400557374
 20
4.894485714521639
 30
0.0
 11
4.96766424651018
 21
4.871875
 31
0.0
  0
LINE
  5
349
330
17
100
AcDbEntity
  8
P-FIXT
100
AcDbLine
 10
4.96766424651018
 20
4.871875
 30
0.0
 11
4.956738591206575
 21
4.852458739263762
 31
0.0
  0
LINE
  5
34A
330
17
100
AcDbEntity
  8
P-FIXT
100
AcDbLine
 10
4.956738591206575
 20
4.852458739263762
 30
0.0
 11
4.9425
 21
4.837560118395209
 31
0.0
  0
LINE
  5
34B
330
17
100
AcDbEntity
  8
P-FIXT
100
AcDbLine
 10
4.9425
 20
4.837560118395209
 30
0.0
 11
4.925918809350798
 21
4.8281944537854
 31
0.0
  0
LINE
  5
34C
330
17
100
AcDbEntity
  8
P-FIXT
100
AcDbLine
 10
4.925918809350798
 20
4.8281944537854
 30
0.0
 11
4.908125
 21
4.825
 31
0.0
  0
LINE
  5
34D
330
17
100
AcDbEntity
  8
P-FIXT
100
AcDbLine
 10
4.908125
 20
4.825
 30
0.0
 11
4.890331190649202
 21
4.8281944537854
 31
0.0
  0
LINE
  5
34E
330
17
100
AcDbEntity
  8
P-FIXT
100
AcDbLine
 10
4.890331190649202
 20
4.8281944537854
 30
0.0
 11
4.87375
 21
4.837560118395209
 31
0.0
  0
LINE
  5
34F
330
17
100
AcDbEntity
  8
P-FIXT
100
AcDbLine
 10
4.87375
 20
4.837560118395209
 30
0.0
 11
4.859511408793425
 21
4.852458739263762
 31
0.0
  0
LINE
  5
350
330
17
100
AcDbEntity
  8
P-FIXT
100
AcDbLine
 10
4.859511408793425
 20
4.852458739263762
 30
0.0
 11
4.84858575348982
 21
4.871875
 31
0.0
  0
LINE
  5
351
330
17
100
AcDbEntity
  8
P-FIXT
100
AcDbLine
 10
4.84858575348982
 20
4.871875
 30
0.0
 11
4.841717599442626
 21
4.894485714521639
 31
0.0
  0
LINE
  5
352
330
17
100
AcDbEntity
  8
P-FIXT
100
AcDbLine
 10
4.841717599442626
 20
4.894485714521639
 30
0.0
 11
4.839375
 21
4.91875
 31
0.0
  0
LINE
  5
353
330
17
100
AcDbEntity
  8
A-CLER-ADA
100
AcDbLine
 10
4.79875
 20
4.45
 30
0.0
 11
4.76375
 21
4.45
 31
0.0
  0
LINE
  5
354
330
17
100
AcDbEntity
  8
A-CLER-ADA
100
AcDbLine
 10
4.7387500000000005
 20
4.45
 30
0.0
 11
4.70375
 21
4.45
 31
0.0
  0
LINE
  5
355
330
17
100
AcDbEntity
  8
A-CLER-ADA
100
AcDbLine
 10
4.67875
 20
4.45
 30
0.0
 11
4.64375
 21
4.45
 31
0.0
  0
LINE
  5
356
330
17
100
AcDbEntity
  8
A-CLER-ADA
100
AcDbLine
 10
4.61875
 20
4.45
 30
0.0
 11
4.58375
 21
4.45
 31
0.0
  0
LINE
  5
357
330
17
100
AcDbEntity
  8
A-CLER-ADA
100
AcDbLine
 10
4.55875
 20
4.45
 30
0.0
 11
4.52375
 21
4.45
 31
0.0
  0
LINE
  5
358
330
17
100
AcDbEntity
  8
A-CLER-ADA
100
AcDbLine
 10
4.49875
 20
4.45
 30
0.0
 11
4.46375
 21
4.45
 31
0.0
  0
LINE
  5
359
330
17
100
AcDbEntity
  8
A-CLER-ADA
100
AcDbLine
 10
4.43875
 20
4.45
 30
0.0
 11
4.40375
 21
4.45
 31
0.0
  0
LINE
  5
35A
330
17
100
AcDbEntity
  8
A-CLER-ADA
100
AcDbLine
 10
4.37875
 20
4.45
 30
0.0
 11
4.34375
 21
4.45
 31
0.0
  0
LINE
  5
35B
330
17
100
AcDbEntity
  8
A-CLER-ADA
100
AcDbLine
 10
4.31875
 20
4.45
 30
0.0
 11
4.29875
 21
4.45
 31
0.0
  0
LINE
  5
35C
330
17
100
AcDbEntity
  8
A-CLER-ADA
100
AcDbLine
 10
4.29875
 20
4.45
 30
0.0
 11
4.29875
 21
4.485
 31
0.0
  0
LINE
  5
35D
330
17
100
AcDbEntity
  8
A-CLER-ADA
100
AcDbLine
 10
4.29875
 20
4.51
 30
0.0
 11
4.29875
 21
4.545
 31
0.0
  0
LINE
  5
35E
330
17
100
AcDbEntity
  8
A-CLER-ADA
100
AcDbLine
 10
4.29875
 20
4.57
 30
0.0
 11
4.29875
 21
4.605
 31
0.0
  0
LINE
  5
35F
330
17
100
AcDbEntity
  8
A-CLER-ADA
100
AcDbLine
 10
4.29875
 20
4.63
 30
0.0
 11
4.29875
 21
4.665
 31
0.0
  0
LINE
  5
360
330
17
100
AcDbEntity
  8
A-CLER-ADA
100
AcDbLine
 10
4.29875
 20
4.69
 30
0.0
 11
4.29875
 21
4.7250000000000005
 31
0.0
  0
LINE
  5
361
330
17
100
AcDbEntity
  8
A-CLER-ADA
100
AcDbLine
 10
4.29875
 20
4.75
 30
0.0
 11
4.29875
 21
4.7625
 31
0.0
  0
LINE
  5
362
330
17
100
AcDbEntity
  8
A-CLER-ADA
100
AcDbLine
 10
4.29875
 20
4.7625
 30
0.0
 11
4.33375
 21
4.7625
 31
0.0
  0
LINE
  5
363
330
17
100
AcDbEntity
  8
A-CLER-ADA
100
AcDbLine
 10
4.35875
 20
4.7625
 30
0.0
 11
4.39375
 21
4.7625
 31
0.0
  0
LINE
  5
364
330
17
100
AcDbEntity
  8
A-CLER-ADA
100
AcDbLine
 10
4.41875
 20
4.7625
 30
0.0
 11
4.45375
 21
4.7625
 31
0.0
  0
LINE
  5
365
330
17
100
AcDbEntity
  8
A-CLER-ADA
100
AcDbLine
 10
4.47875
 20
4.7625
 30
0.0
 11
4.51375
 21
4.7625
 31
0.0
  0
LINE
  5
366
330
17
100
AcDbEntity
  8
A-CLER-ADA
100
AcDbLine
 10
4.53875
 20
4.7625
 30
0.0
 11
4.57375
 21
4.7625
 31
0.0
  0
LINE
  5
367
330
17
100
AcDbEntity
  8
A-CLER-ADA
100
AcDbLine
 10
4.59875
 20
4.7625
 30
0.0
 11
4.63375
 21
4.7625
 31
0.0
  0
LINE
  5
368
330
17
100
AcDbEntity
  8
A-CLER-ADA
100
AcDbLine
 10
4.65875
 20
4.7625
 30
0.0
 11
4.6937500000000005
 21
4.7625
 31
0.0
  0
LINE
  5
369
330
17
100
AcDbEntity
  8
A-CLER-ADA
100
AcDbLine
 10
4.71875
 20
4.7625
 30
0.0
 11
4.75375
 21
4.7625
 31
0.0
  0
LINE
  5
36A
330
17
100
AcDbEntity
  8
A-CLER-ADA
100
AcDbLine
 10
4.7787500000000005
 20
4.7625
 30
0.0
 11
4.79875
 21
4.7625
 31
0.0
  0
LINE
  5
36B
330
17
100
AcDbEntity
  8
A-CLER-ADA
100
AcDbLine
 10
4.79875
 20
4.7625
 30
0.0
 11
4.79875
 21
4.7275
 31
0.0
  0
LINE
  5
36C
330
17
100
AcDbEntity
  8
A-CLER-ADA
100
AcDbLine
 10
4.79875
 20
4.702500000000001
 30
0.0
 11
4.79875
 21
4.6675
 31
0.0
  0
LINE
  5
36D
330
17
100
AcDbEntity
  8
A-CLER-ADA
100
AcDbLine
 10
4.79875
 20
4.6425
 30
0.0
 11
4.79875
 21
4.6075
 31
0.0
  0
LINE
  5
36E
330
17
100
AcDbEntity
  8
A-CLER-ADA
100
AcDbLine
 10
4.79875
 20
4.5825000000000005
 30
0.0
 11
4.79875
 21
4.5475
 31
0.0
  0
LINE
  5
36F
330
17
100
AcDbEntity
  8
A-CLER-ADA
100
AcDbLine
 10
4.79875
 20
4.5225
 30
0.0
 11
4.79875
 21
4.4875
 31
0.0
  0
LINE
  5
370
330
17
100
AcDbEntity
  8
A-CLER-ADA
100
AcDbLine
 10
4.79875
 20
4.4625
 30
0.0
 11
4.79875
 21
4.45
 31
0.0
  0
TEXT
  5
371
330
17
100
AcDbEntity
  8
A-CLER-ADA
100
AcDbText
 10
4.54875
 20
4.56875
 30
0.0
 40
0.033999999999999996
  1
30x48
  7
KS-REG
 72
1
 11
4.54875
 21
4.56875
 31
0.0
100
AcDbText
  0
LINE
  5
372
330
17
100
AcDbEntity
  8
A-CLER-ADA
100
AcDbLine
 10
3.8925
 20
4.825
 30
0.0
 11
3.903148179284666
 21
4.905880951594538
 31
0.0
  0
LINE
  5
373
330
17
100
AcDbEntity
  8
A-CLER-ADA
100
AcDbLine
 10
3.9343670613173627
 20
4.98125
 30
0.0
 11
3.984029130879204
 21
5.045970869120796
 31
0.0
  0
LINE
  5
374
330
17
100
AcDbEntity
  8
A-CLER-ADA
100
AcDbLine
 10
4.04875
 20
5.095632938682638
 30
0.0
 11
4.124119048405462
 21
5.126851820715334
 31
0.0
  0
LINE
  5
375
330
17
100
AcDbEntity
  8
A-CLER-ADA
100
AcDbLine
 10
4.205
 20
5.1375
 30
0.0
 11
4.285880951594538
 21
5.126851820715334
 31
0.0
  0
LINE
  5
376
330
17
100
AcDbEntity
  8
A-CLER-ADA
100
AcDbLine
 10
4.36125
 20
5.095632938682638
 30
0.0
 11
4.425970869120796
 21
5.045970869120796
 31
0.0
  0
LINE
  5
377
330
17
100
AcDbEntity
  8
A-CLER-ADA
100
AcDbLine
 10
4.4756329386826375
 20
4.98125
 30
0.0
 11
4.506851820715334
 21
4.905880951594538
 31
0.0
  0
LINE
  5
378
330
17
100
AcDbEntity
  8
A-CLER-ADA
100
AcDbLine
 10
4.5175
 20
4.825
 30
0.0
 11
4.506851820715334
 21
4.744119048405462
 31
0.0
  0
LINE
  5
379
330
17
100
AcDbEntity
  8
A-CLER-ADA
100
AcDbLine
 10
4.4756329386826375
 20
4.66875
 30
0.0
 11
4.425970869120796
 21
4.604029130879204
 31
0.0
  0
LINE
  5
37A
330
17
100
AcDbEntity
  8
A-CLER-ADA
100
AcDbLine
 10
4.36125
 20
4.554367061317363
 30
0.0
 11
4.285880951594538
 21
4.523148179284666
 31
0.0
  0
LINE
  5
37B
330
17
100
AcDbEntity
  8
A-CLER-ADA
100
AcDbLine
 10
4.205
 20
4.5125
 30
0.0
 11
4.124119048405463
 21
4.523148179284666
 31
0.0
  0
LINE
  5
37C
330
17
100
AcDbEntity
  8
A-CLER-ADA
100
AcDbLine
 10
4.04875
 20
4.554367061317363
 30
0.0
 11
3.984029130879204
 21
4.604029130879204
 31
0.0
  0
LINE
  5
37D
330
17
100
AcDbEntity
  8
A-CLER-ADA
100
AcDbLine
 10
3.934367061317363
 20
4.66875
 30
0.0
 11
3.903148179284666
 21
4.744119048405462
 31
0.0
  0
TEXT
  5
37E
330
17
100
AcDbEntity
  8
A-CLER-ADA
100
AcDbText
 10
4.205
 20
4.7875
 30
0.0
 40
0.036
  1
60" TURN
  7
KS-REG
 72
1
 11
4.205
 21
4.7875
 31
0.0
100
AcDbText
  0
LINE
  5
37F
330
17
100
AcDbEntity
  8
P-FIXT
100
AcDbLine
 10
5.0175
 20
3.575
 30
0.0
 11
4.705
 21
3.575
 31
0.0
  0
LINE
  5
380
330
17
100
AcDbEntity
  8
P-FIXT
100
AcDbLine
 10
4.705
 20
3.575
 30
0.0
 11
4.705
 21
4.2
 31
0.0
  0
LINE
  5
381
330
17
100
AcDbEntity
  8
P-FIXT
100
AcDbLine
 10
4.705
 20
4.2
 30
0.0
 11
5.0175
 21
4.2
 31
0.0
  0
LINE
  5
382
330
17
100
AcDbEntity
  8
P-FIXT
100
AcDbLine
 10
5.0175
 20
4.2
 30
0.0
 11
5.0175
 21
3.575
 31
0.0
  0
LINE
  5
383
330
17
100
AcDbEntity
  8
P-FIXT
100
AcDbLine
 10
5.0175
 20
3.575
 30
0.0
 11
4.705
 21
4.2
 31
0.0
  0
LINE
  5
384
330
17
100
AcDbEntity
  8
P-FIXT
100
AcDbLine
 10
5.0175
 20
4.2
 30
0.0
 11
4.705
 21
3.575
 31
0.0
  0
TEXT
  5
385
330
17
100
AcDbEntity
  8
A-ANNO-TEXT
100
AcDbText
 10
4.86125
 20
3.91875
 30
0.0
 40
0.036
  1
ROLL-IN
  7
KS-BOLD
 72
1
 11
4.86125
 21
3.91875
 31
0.0
100
AcDbText
  0
LINE
  5
386
330
17
100
AcDbEntity
  8
A-CLER-ADA
100
AcDbLine
 10
4.705
 20
3.575
 30
0.0
 11
4.67
 21
3.575
 31
0.0
  0
LINE
  5
387
330
17
100
AcDbEntity
  8
A-CLER-ADA
100
AcDbLine
 10
4.6450000000000005
 20
3.575
 30
0.0
 11
4.61
 21
3.575
 31
0.0
  0
LINE
  5
388
330
17
100
AcDbEntity
  8
A-CLER-ADA
100
AcDbLine
 10
4.585
 20
3.575
 30
0.0
 11
4.55
 21
3.575
 31
0.0
  0
LINE
  5
389
330
17
100
AcDbEntity
  8
A-CLER-ADA
100
AcDbLine
 10
4.525
 20
3.575
 30
0.0
 11
4.49
 21
3.575
 31
0.0
  0
LINE
  5
38A
330
17
100
AcDbEntity
  8
A-CLER-ADA
100
AcDbLine
 10
4.465
 20
3.575
 30
0.0
 11
4.43
 21
3.575
 31
0.0
  0
LINE
  5
38B
330
17
100
AcDbEntity
  8
A-CLER-ADA
100
AcDbLine
 10
4.405
 20
3.575
 30
0.0
 11
4.3925
 21
3.575
 31
0.0
  0
LINE
  5
38C
330
17
100
AcDbEntity
  8
A-CLER-ADA
100
AcDbLine
 10
4.3925
 20
3.575
 30
0.0
 11
4.3925
 21
3.6100000000000003
 31
0.0
  0
LINE
  5
38D
330
17
100
AcDbEntity
  8
A-CLER-ADA
100
AcDbLine
 10
4.3925
 20
3.6350000000000002
 30
0.0
 11
4.3925
 21
3.6700000000000004
 31
0.0
  0
LINE
  5
38E
330
17
100
AcDbEntity
  8
A-CLER-ADA
100
AcDbLine
 10
4.3925
 20
3.6950000000000003
 30
0.0
 11
4.3925
 21
3.73
 31
0.0
  0
LINE
  5
38F
330
17
100
AcDbEntity
  8
A-CLER-ADA
100
AcDbLine
 10
4.3925
 20
3.7550000000000003
 30
0.0
 11
4.3925
 21
3.79
 31
0.0
  0
LINE
  5
390
330
17
100
AcDbEntity
  8
A-CLER-ADA
100
AcDbLine
 10
4.3925
 20
3.8150000000000004
 30
0.0
 11
4.3925
 21
3.85
 31
0.0
  0
LINE
  5
391
330
17
100
AcDbEntity
  8
A-CLER-ADA
100
AcDbLine
 10
4.3925
 20
3.875
 30
0.0
 11
4.3925
 21
3.91
 31
0.0
  0
LINE
  5
392
330
17
100
AcDbEntity
  8
A-CLER-ADA
100
AcDbLine
 10
4.3925
 20
3.9350000000000005
 30
0.0
 11
4.3925
 21
3.97
 31
0.0
  0
LINE
  5
393
330
17
100
AcDbEntity
  8
A-CLER-ADA
100
AcDbLine
 10
4.3925
 20
3.995
 30
0.0
 11
4.3925
 21
4.03
 31
0.0
  0
LINE
  5
394
330
17
100
AcDbEntity
  8
A-CLER-ADA
100
AcDbLine
 10
4.3925
 20
4.055000000000001
 30
0.0
 11
4.3925
 21
4.090000000000001
 31
0.0
  0
LINE
  5
395
330
17
100
AcDbEntity
  8
A-CLER-ADA
100
AcDbLine
 10
4.3925
 20
4.115
 30
0.0
 11
4.3925
 21
4.15
 31
0.0
  0
LINE
  5
396
330
17
100
AcDbEntity
  8
A-CLER-ADA
100
AcDbLine
 10
4.3925
 20
4.175000000000001
 30
0.0
 11
4.3925
 21
4.2
 31
0.0
  0
LINE
  5
397
330
17
100
AcDbEntity
  8
A-CLER-ADA
100
AcDbLine
 10
4.3925
 20
4.2
 30
0.0
 11
4.4275
 21
4.2
 31
0.0
  0
LINE
  5
398
330
17
100
AcDbEntity
  8
A-CLER-ADA
100
AcDbLine
 10
4.4525
 20
4.2
 30
0.0
 11
4.4875
 21
4.2
 31
0.0
  0
LINE
  5
399
330
17
100
AcDbEntity
  8
A-CLER-ADA
100
AcDbLine
 10
4.5125
 20
4.2
 30
0.0
 11
4.5475
 21
4.2
 31
0.0
  0
LINE
  5
39A
330
17
100
AcDbEntity
  8
A-CLER-ADA
100
AcDbLine
 10
4.5725
 20
4.2
 30
0.0
 11
4.6075
 21
4.2
 31
0.0
  0
LINE
  5
39B
330
17
100
AcDbEntity
  8
A-CLER-ADA
100
AcDbLine
 10
4.6325
 20
4.2
 30
0.0
 11
4.6675
 21
4.2
 31
0.0
  0
LINE
  5
39C
330
17
100
AcDbEntity
  8
A-CLER-ADA
100
AcDbLine
 10
4.6925
 20
4.2
 30
0.0
 11
4.705
 21
4.2
 31
0.0
  0
LINE
  5
39D
330
17
100
AcDbEntity
  8
A-CLER-ADA
100
AcDbLine
 10
4.705
 20
4.2
 30
0.0
 11
4.705
 21
4.165
 31
0.0
  0
LINE
  5
39E
330
17
100
AcDbEntity
  8
A-CLER-ADA
100
AcDbLine
 10
4.705
 20
4.140000000000001
 30
0.0
 11
4.705
 21
4.105
 31
0.0
  0
LINE
  5
39F
330
17
100
AcDbEntity
  8
A-CLER-ADA
100
AcDbLine
 10
4.705
 20
4.08
 30
0.0
 11
4.705
 21
4.045
 31
0.0
  0
LINE
  5
3A0
330
17
100
AcDbEntity
  8
A-CLER-ADA
100
AcDbLine
 10
4.705
 20
4.0200000000000005
 30
0.0
 11
4.705
 21
3.9850000000000003
 31
0.0
  0
LINE
  5
3A1
330
17
100
AcDbEntity
  8
A-CLER-ADA
100
AcDbLine
 10
4.705
 20
3.96
 30
0.0
 11
4.705
 21
3.9250000000000003
 31
0.0
  0
LINE
  5
3A2
330
17
100
AcDbEntity
  8
A-CLER-ADA
100
AcDbLine
 10
4.705
 20
3.9000000000000004
 30
0.0
 11
4.705
 21
3.865
 31
0.0
  0
LINE
  5
3A3
330
17
100
AcDbEntity
  8
A-CLER-ADA
100
AcDbLine
 10
4.705
 20
3.84
 30
0.0
 11
4.705
 21
3.805
 31
0.0
  0
LINE
  5
3A4
330
17
100
AcDbEntity
  8
A-CLER-ADA
100
AcDbLine
 10
4.705
 20
3.7800000000000002
 30
0.0
 11
4.705
 21
3.745
 31
0.0
  0
LINE
  5
3A5
330
17
100
AcDbEntity
  8
A-CLER-ADA
100
AcDbLine
 10
4.705
 20
3.7199999999999998
 30
0.0
 11
4.705
 21
3.685
 31
0.0
  0
LINE
  5
3A6
330
17
100
AcDbEntity
  8
A-CLER-ADA
100
AcDbLine
 10
4.705
 20
3.66
 30
0.0
 11
4.705
 21
3.625
 31
0.0
  0
LINE
  5
3A7
330
17
100
AcDbEntity
  8
A-CLER-ADA
100
AcDbLine
 10
4.705
 20
3.5999999999999996
 30
0.0
 11
4.705
 21
3.575
 31
0.0
  0
TEXT
  5
3A8
330
17
100
AcDbEntity
  8
A-CLER-ADA
100
AcDbText
 10
4.54875
 20
3.85
 30
0.0
 40
0.033999999999999996
  1
30x60
  7
KS-REG
 72
1
 11
4.54875
 21
3.85
 31
0.0
100
AcDbText
  0
LINE
  5
3A9
330
17
100
AcDbEntity
  8
P-FIXT
100
AcDbLine
 10
5.0175
 20
2.45
 30
0.0
 11
4.6425
 21
2.45
 31
0.0
  0
LINE
  5
3AA
330
17
100
AcDbEntity
  8
P-FIXT
100
AcDbLine
 10
4.6425
 20
2.45
 30
0.0
 11
4.6425
 21
2.825
 31
0.0
  0
LINE
  5
3AB
330
17
100
AcDbEntity
  8
P-FIXT
100
AcDbLine
 10
4.6425
 20
2.825
 30
0.0
 11
5.0175
 21
2.825
 31
0.0
  0
LINE
  5
3AC
330
17
100
AcDbEntity
  8
P-FIXT
100
AcDbLine
 10
5.0175
 20
2.825
 30
0.0
 11
5.0175
 21
2.45
 31
0.0
  0
LINE
  5
3AD
330
17
100
AcDbEntity
  8
P-FIXT
100
AcDbLine
 10
5.0175
 20
2.45
 30
0.0
 11
4.6425
 21
2.825
 31
0.0
  0
LINE
  5
3AE
330
17
100
AcDbEntity
  8
P-FIXT
100
AcDbLine
 10
5.0175
 20
2.825
 30
0.0
 11
4.6425
 21
2.45
 31
0.0
  0
LINE
  5
3AF
330
17
100
AcDbEntity
  8
P-FIXT
100
AcDbLine
 10
4.6425
 20
2.45
 30
0.0
 11
4.2675
 21
2.45
 31
0.0
  0
LINE
  5
3B0
330
17
100
AcDbEntity
  8
P-FIXT
100
AcDbLine
 10
4.2675
 20
2.45
 30
0.0
 11
4.2675
 21
2.825
 31
0.0
  0
LINE
  5
3B1
330
17
100
AcDbEntity
  8
P-FIXT
100
AcDbLine
 10
4.2675
 20
2.825
 30
0.0
 11
4.6425
 21
2.825
 31
0.0
  0
LINE
  5
3B2
330
17
100
AcDbEntity
  8
P-FIXT
100
AcDbLine
 10
4.6425
 20
2.825
 30
0.0
 11
4.6425
 21
2.45
 31
0.0
  0
LINE
  5
3B3
330
17
100
AcDbEntity
  8
P-FIXT
100
AcDbLine
 10
4.6425
 20
2.45
 30
0.0
 11
4.2675
 21
2.825
 31
0.0
  0
LINE
  5
3B4
330
17
100
AcDbEntity
  8
P-FIXT
100
AcDbLine
 10
4.6425
 20
2.825
 30
0.0
 11
4.2675
 21
2.45
 31
0.0
  0
LINE
  5
3B5
330
17
100
AcDbEntity
  8
P-FIXT
100
AcDbLine
 10
4.2675
 20
2.45
 30
0.0
 11
3.8925
 21
2.45
 31
0.0
  0
LINE
  5
3B6
330
17
100
AcDbEntity
  8
P-FIXT
100
AcDbLine
 10
3.8925
 20
2.45
 30
0.0
 11
3.8925
 21
2.825
 31
0.0
  0
LINE
  5
3B7
330
17
100
AcDbEntity
  8
P-FIXT
100
AcDbLine
 10
3.8925
 20
2.825
 30
0.0
 11
4.2675
 21
2.825
 31
0.0
  0
LINE
  5
3B8
330
17
100
AcDbEntity
  8
P-FIXT
100
AcDbLine
 10
4.2675
 20
2.825
 30
0.0
 11
4.2675
 21
2.45
 31
0.0
  0
LINE
  5
3B9
330
17
100
AcDbEntity
  8
P-FIXT
100
AcDbLine
 10
4.2675
 20
2.45
 30
0.0
 11
3.8925
 21
2.825
 31
0.0
  0
LINE
  5
3BA
330
17
100
AcDbEntity
  8
P-FIXT
100
AcDbLine
 10
4.2675
 20
2.825
 30
0.0
 11
3.8925
 21
2.45
 31
0.0
  0
TEXT
  5
3BB
330
17
100
AcDbEntity
  8
A-ANNO-TEXT
100
AcDbText
 10
4.2425
 20
3.2750000000000004
 30
0.0
 40
0.039999999999999994
  1
DRYING
  7
KS-REG
 72
1
 11
4.2425
 21
3.2750000000000004
 31
0.0
100
AcDbText
  0
LINE
  5
3BC
330
17
100
AcDbEntity
  8
P-FIXT
100
AcDbLine
 10
3.625
 20
5.7625
 30
0.0
 11
1.125
 21
5.7625
 31
0.0
  0
LINE
  5
3BD
330
17
100
AcDbEntity
  8
P-FIXT
100
AcDbLine
 10
1.125
 20
5.7625
 30
0.0
 11
1.125
 21
5.95
 31
0.0
  0
LINE
  5
3BE
330
17
100
AcDbEntity
  8
P-FIXT
100
AcDbLine
 10
1.125
 20
5.95
 30
0.0
 11
3.625
 21
5.95
 31
0.0
  0
LINE
  5
3BF
330
17
100
AcDbEntity
  8
P-FIXT
100
AcDbLine
 10
3.625
 20
5.95
 30
0.0
 11
3.625
 21
5.7625
 31
0.0
  0
LINE
  5
3C0
330
17
100
AcDbEntity
  8
P-FIXT
100
AcDbLine
 10
3.46875
 20
5.7625
 30
0.0
 11
3.46875
 21
5.95
 31
0.0
  0
LINE
  5
3C1
330
17
100
AcDbEntity
  8
P-FIXT
100
AcDbLine
 10
3.3125
 20
5.7625
 30
0.0
 11
3.3125
 21
5.95
 31
0.0
  0
LINE
  5
3C2
330
17
100
AcDbEntity
  8
P-FIXT
100
AcDbLine
 10
3.15625
 20
5.7625
 30
0.0
 11
3.15625
 21
5.95
 31
0.0
  0
LINE
  5
3C3
330
17
100
AcDbEntity
  8
P-FIXT
100
AcDbLine
 10
3.0
 20
5.7625
 30
0.0
 11
3.0
 21
5.95
 31
0.0
  0
LINE
  5
3C4
330
17
100
AcDbEntity
  8
P-FIXT
100
AcDbLine
 10
2.84375
 20
5.7625
 30
0.0
 11
2.84375
 21
5.95
 31
0.0
  0
LINE
  5
3C5
330
17
100
AcDbEntity
  8
P-FIXT
100
AcDbLine
 10
2.6875
 20
5.7625
 30
0.0
 11
2.6875
 21
5.95
 31
0.0
  0
LINE
  5
3C6
330
17
100
AcDbEntity
  8
P-FIXT
100
AcDbLine
 10
2.53125
 20
5.7625
 30
0.0
 11
2.53125
 21
5.95
 31
0.0
  0
LINE
  5
3C7
330
17
100
AcDbEntity
  8
P-FIXT
100
AcDbLine
 10
2.375
 20
5.7625
 30
0.0
 11
2.375
 21
5.95
 31
0.0
  0
LINE
  5
3C8
330
17
100
AcDbEntity
  8
P-FIXT
100
AcDbLine
 10
2.21875
 20
5.7625
 30
0.0
 11
2.21875
 21
5.95
 31
0.0
  0
LINE
  5
3C9
330
17
100
AcDbEntity
  8
P-FIXT
100
AcDbLine
 10
2.0625
 20
5.7625
 30
0.0
 11
2.0625
 21
5.95
 31
0.0
  0
LINE
  5
3CA
330
17
100
AcDbEntity
  8
P-FIXT
100
AcDbLine
 10
1.90625
 20
5.7625
 30
0.0
 11
1.90625
 21
5.95
 31
0.0
  0
LINE
  5
3CB
330
17
100
AcDbEntity
  8
P-FIXT
100
AcDbLine
 10
1.75
 20
5.7625
 30
0.0
 11
1.75
 21
5.95
 31
0.0
  0
LINE
  5
3CC
330
17
100
AcDbEntity
  8
P-FIXT
100
AcDbLine
 10
1.59375
 20
5.7625
 30
0.0
 11
1.59375
 21
5.95
 31
0.0
  0
LINE
  5
3CD
330
17
100
AcDbEntity
  8
P-FIXT
100
AcDbLine
 10
1.4375
 20
5.7625
 30
0.0
 11
1.4375
 21
5.95
 31
0.0
  0
LINE
  5
3CE
330
17
100
AcDbEntity
  8
P-FIXT
100
AcDbLine
 10
1.28125
 20
5.7625
 30
0.0
 11
1.28125
 21
5.95
 31
0.0
  0
TEXT
  5
3CF
330
17
100
AcDbEntity
  8
A-ANNO-TEXT
100
AcDbText
 10
1.203125
 20
5.81875
 30
0.0
 40
0.036
  1
A
  7
KS-BOLD
 72
1
 11
1.203125
 21
5.81875
 31
0.0
100
AcDbText
  0
LINE
  5
3D0
330
17
100
AcDbEntity
  8
P-FIXT
100
AcDbLine
 10
3.625
 20
2.45
 30
0.0
 11
1.125
 21
2.45
 31
0.0
  0
LINE
  5
3D1
330
17
100
AcDbEntity
  8
P-FIXT
100
AcDbLine
 10
1.125
 20
2.45
 30
0.0
 11
1.125
 21
2.6375
 31
0.0
  0
LINE
  5
3D2
330
17
100
AcDbEntity
  8
P-FIXT
100
AcDbLine
 10
1.125
 20
2.6375
 30
0.0
 11
3.625
 21
2.6375
 31
0.0
  0
LINE
  5
3D3
330
17
100
AcDbEntity
  8
P-FIXT
100
AcDbLine
 10
3.625
 20
2.6375
 30
0.0
 11
3.625
 21
2.45
 31
0.0
  0
LINE
  5
3D4
330
17
100
AcDbEntity
  8
P-FIXT
100
AcDbLine
 10
3.46875
 20
2.45
 30
0.0
 11
3.46875
 21
2.6375
 31
0.0
  0
LINE
  5
3D5
330
17
100
AcDbEntity
  8
P-FIXT
100
AcDbLine
 10
3.3125
 20
2.45
 30
0.0
 11
3.3125
 21
2.6375
 31
0.0
  0
LINE
  5
3D6
330
17
100
AcDbEntity
  8
P-FIXT
100
AcDbLine
 10
3.15625
 20
2.45
 30
0.0
 11
3.15625
 21
2.6375
 31
0.0
  0
LINE
  5
3D7
330
17
100
AcDbEntity
  8
P-FIXT
100
AcDbLine
 10
3.0
 20
2.45
 30
0.0
 11
3.0
 21
2.6375
 31
0.0
  0
LINE
  5
3D8
330
17
100
AcDbEntity
  8
P-FIXT
100
AcDbLine
 10
2.84375
 20
2.45
 30
0.0
 11
2.84375
 21
2.6375
 31
0.0
  0
LINE
  5
3D9
330
17
100
AcDbEntity
  8
P-FIXT
100
AcDbLine
 10
2.6875
 20
2.45
 30
0.0
 11
2.6875
 21
2.6375
 31
0.0
  0
LINE
  5
3DA
330
17
100
AcDbEntity
  8
P-FIXT
100
AcDbLine
 10
2.53125
 20
2.45
 30
0.0
 11
2.53125
 21
2.6375
 31
0.0
  0
LINE
  5
3DB
330
17
100
AcDbEntity
  8
P-FIXT
100
AcDbLine
 10
2.375
 20
2.45
 30
0.0
 11
2.375
 21
2.6375
 31
0.0
  0
LINE
  5
3DC
330
17
100
AcDbEntity
  8
P-FIXT
100
AcDbLine
 10
2.21875
 20
2.45
 30
0.0
 11
2.21875
 21
2.6375
 31
0.0
  0
LINE
  5
3DD
330
17
100
AcDbEntity
  8
P-FIXT
100
AcDbLine
 10
2.0625
 20
2.45
 30
0.0
 11
2.0625
 21
2.6375
 31
0.0
  0
LINE
  5
3DE
330
17
100
AcDbEntity
  8
P-FIXT
100
AcDbLine
 10
1.90625
 20
2.45
 30
0.0
 11
1.90625
 21
2.6375
 31
0.0
  0
LINE
  5
3DF
330
17
100
AcDbEntity
  8
P-FIXT
100
AcDbLine
 10
1.75
 20
2.45
 30
0.0
 11
1.75
 21
2.6375
 31
0.0
  0
LINE
  5
3E0
330
17
100
AcDbEntity
  8
P-FIXT
100
AcDbLine
 10
1.59375
 20
2.45
 30
0.0
 11
1.59375
 21
2.6375
 31
0.0
  0
LINE
  5
3E1
330
17
100
AcDbEntity
  8
P-FIXT
100
AcDbLine
 10
1.4375
 20
2.45
 30
0.0
 11
1.4375
 21
2.6375
 31
0.0
  0
LINE
  5
3E2
330
17
100
AcDbEntity
  8
P-FIXT
100
AcDbLine
 10
1.28125
 20
2.45
 30
0.0
 11
1.28125
 21
2.6375
 31
0.0
  0
TEXT
  5
3E3
330
17
100
AcDbEntity
  8
A-ANNO-TEXT
100
AcDbText
 10
1.203125
 20
2.50625
 30
0.0
 40
0.036
  1
A
  7
KS-BOLD
 72
1
 11
1.203125
 21
2.50625
 31
0.0
100
AcDbText
  0
LINE
  5
3E4
330
17
100
AcDbEntity
  8
P-FIXT
100
AcDbLine
 10
3.2675
 20
5.2
 30
0.0
 11
1.7675
 21
5.2
 31
0.0
  0
LINE
  5
3E5
330
17
100
AcDbEntity
  8
P-FIXT
100
AcDbLine
 10
1.7675
 20
5.2
 30
0.0
 11
1.7675
 21
5.3875
 31
0.0
  0
LINE
  5
3E6
330
17
100
AcDbEntity
  8
P-FIXT
100
AcDbLine
 10
1.7675
 20
5.3875
 30
0.0
 11
3.2675
 21
5.3875
 31
0.0
  0
LINE
  5
3E7
330
17
100
AcDbEntity
  8
P-FIXT
100
AcDbLine
 10
3.2675
 20
5.3875
 30
0.0
 11
3.2675
 21
5.2
 31
0.0
  0
TEXT
  5
3E8
330
17
100
AcDbEntity
  8
A-ANNO-TEXT
100
AcDbText
 10
2.5175
 20
5.25625
 30
0.0
 40
0.036
  1
BENCH 12'
  7
KS-REG
 72
1
 11
2.5175
 21
5.25625
 31
0.0
100
AcDbText
  0
LINE
  5
3E9
330
17
100
AcDbEntity
  8
P-FIXT
100
AcDbLine
 10
3.2675
 20
3.0125
 30
0.0
 11
1.7675
 21
3.0125
 31
0.0
  0
LINE
  5
3EA
330
17
100
AcDbEntity
  8
P-FIXT
100
AcDbLine
 10
1.7675
 20
3.0125
 30
0.0
 11
1.7675
 21
3.2
 31
0.0
  0
LINE
  5
3EB
330
17
100
AcDbEntity
  8
P-FIXT
100
AcDbLine
 10
1.7675
 20
3.2
 30
0.0
 11
3.2675
 21
3.2
 31
0.0
  0
LINE
  5
3EC
330
17
100
AcDbEntity
  8
P-FIXT
100
AcDbLine
 10
3.2675
 20
3.2
 30
0.0
 11
3.2675
 21
3.0125
 31
0.0
  0
TEXT
  5
3ED
330
17
100
AcDbEntity
  8
A-ANNO-TEXT
100
AcDbText
 10
2.5175
 20
3.06875
 30
0.0
 40
0.036
  1
BENCH 12'
  7
KS-REG
 72
1
 11
2.5175
 21
3.06875
 31
0.0
100
AcDbText
  0
LINE
  5
3EE
330
17
100
AcDbEntity
  8
P-FIXT
100
AcDbLine
 10
3.705
 20
3.7625
 30
0.0
 11
3.455
 21
3.7625
 31
0.0
  0
LINE
  5
3EF
330
17
100
AcDbEntity
  8
P-FIXT
100
AcDbLine
 10
3.455
 20
3.7625
 30
0.0
 11
3.455
 21
4.2625
 31
0.0
  0
LINE
  5
3F0
330
17
100
AcDbEntity
  8
P-FIXT
100
AcDbLine
 10
3.455
 20
4.2625
 30
0.0
 11
3.705
 21
4.2625
 31
0.0
  0
LINE
  5
3F1
330
17
100
AcDbEntity
  8
P-FIXT
100
AcDbLine
 10
3.705
 20
4.2625
 30
0.0
 11
3.705
 21
3.7625
 31
0.0
  0
LINE
  5
3F2
330
17
100
AcDbEntity
  8
P-FIXT
100
AcDbLine
 10
3.705
 20
3.7625
 30
0.0
 11
3.455
 21
4.2625
 31
0.0
  0
LINE
  5
3F3
330
17
100
AcDbEntity
  8
P-FIXT
100
AcDbLine
 10
3.705
 20
4.2625
 30
0.0
 11
3.455
 21
3.7625
 31
0.0
  0
LINE
  5
3F4
330
17
100
AcDbEntity
  8
A-CLER-ADA
100
AcDbLine
 10
3.705
 20
4.2625
 30
0.0
 11
3.67
 21
4.2625
 31
0.0
  0
LINE
  5
3F5
330
17
100
AcDbEntity
  8
A-CLER-ADA
100
AcDbLine
 10
3.645
 20
4.2625
 30
0.0
 11
3.61
 21
4.2625
 31
0.0
  0
LINE
  5
3F6
330
17
100
AcDbEntity
  8
A-CLER-ADA
100
AcDbLine
 10
3.585
 20
4.2625
 30
0.0
 11
3.5500000000000003
 21
4.2625
 31
0.0
  0
LINE
  5
3F7
330
17
100
AcDbEntity
  8
A-CLER-ADA
100
AcDbLine
 10
3.525
 20
4.2625
 30
0.0
 11
3.49
 21
4.2625
 31
0.0
  0
LINE
  5
3F8
330
17
100
AcDbEntity
  8
A-CLER-ADA
100
AcDbLine
 10
3.465
 20
4.2625
 30
0.0
 11
3.43
 21
4.2625
 31
0.0
  0
LINE
  5
3F9
330
17
100
AcDbEntity
  8
A-CLER-ADA
100
AcDbLine
 10
3.4050000000000002
 20
4.2625
 30
0.0
 11
3.37
 21
4.2625
 31
0.0
  0
LINE
  5
3FA
330
17
100
AcDbEntity
  8
A-CLER-ADA
100
AcDbLine
 10
3.3449999999999998
 20
4.2625
 30
0.0
 11
3.31
 21
4.2625
 31
0.0
  0
LINE
  5
3FB
330
17
100
AcDbEntity
  8
A-CLER-ADA
100
AcDbLine
 10
3.285
 20
4.2625
 30
0.0
 11
3.25
 21
4.2625
 31
0.0
  0
LINE
  5
3FC
330
17
100
AcDbEntity
  8
A-CLER-ADA
100
AcDbLine
 10
3.2249999999999996
 20
4.2625
 30
0.0
 11
3.205
 21
4.2625
 31
0.0
  0
LINE
  5
3FD
330
17
100
AcDbEntity
  8
A-CLER-ADA
100
AcDbLine
 10
3.205
 20
4.2625
 30
0.0
 11
3.205
 21
4.2975
 31
0.0
  0
LINE
  5
3FE
330
17
100
AcDbEntity
  8
A-CLER-ADA
100
AcDbLine
 10
3.205
 20
4.3225
 30
0.0
 11
3.205
 21
4.3575
 31
0.0
  0
LINE
  5
3FF
330
17
100
AcDbEntity
  8
A-CLER-ADA
100
AcDbLine
 10
3.205
 20
4.3825
 30
0.0
 11
3.205
 21
4.4175
 31
0.0
  0
LINE
  5
400
330
17
100
AcDbEntity
  8
A-CLER-ADA
100
AcDbLine
 10
3.205
 20
4.4425
 30
0.0
 11
3.205
 21
4.4775
 31
0.0
  0
LINE
  5
401
330
17
100
AcDbEntity
  8
A-CLER-ADA
100
AcDbLine
 10
3.205
 20
4.5025
 30
0.0
 11
3.205
 21
4.5375000000000005
 31
0.0
  0
LINE
  5
402
330
17
100
AcDbEntity
  8
A-CLER-ADA
100
AcDbLine
 10
3.205
 20
4.5625
 30
0.0
 11
3.205
 21
4.575
 31
0.0
  0
LINE
  5
403
330
17
100
AcDbEntity
  8
A-CLER-ADA
100
AcDbLine
 10
3.205
 20
4.575
 30
0.0
 11
3.24
 21
4.575
 31
0.0
  0
LINE
  5
404
330
17
100
AcDbEntity
  8
A-CLER-ADA
100
AcDbLine
 10
3.265
 20
4.575
 30
0.0
 11
3.3000000000000003
 21
4.575
 31
0.0
  0
LINE
  5
405
330
17
100
AcDbEntity
  8
A-CLER-ADA
100
AcDbLine
 10
3.325
 20
4.575
 30
0.0
 11
3.36
 21
4.575
 31
0.0
  0
LINE
  5
406
330
17
100
AcDbEntity
  8
A-CLER-ADA
100
AcDbLine
 10
3.3850000000000002
 20
4.575
 30
0.0
 11
3.42
 21
4.575
 31
0.0
  0
LINE
  5
407
330
17
100
AcDbEntity
  8
A-CLER-ADA
100
AcDbLine
 10
3.4450000000000003
 20
4.575
 30
0.0
 11
3.48
 21
4.575
 31
0.0
  0
LINE
  5
408
330
17
100
AcDbEntity
  8
A-CLER-ADA
100
AcDbLine
 10
3.505
 20
4.575
 30
0.0
 11
3.54
 21
4.575
 31
0.0
  0
LINE
  5
409
330
17
100
AcDbEntity
  8
A-CLER-ADA
100
AcDbLine
 10
3.5650000000000004
 20
4.575
 30
0.0
 11
3.6
 21
4.575
 31
0.0
  0
LINE
  5
40A
330
17
100
AcDbEntity
  8
A-CLER-ADA
100
AcDbLine
 10
3.625
 20
4.575
 30
0.0
 11
3.66
 21
4.575
 31
0.0
  0
LINE
  5
40B
330
17
100
AcDbEntity
  8
A-CLER-ADA
100
AcDbLine
 10
3.6850000000000005
 20
4.575
 30
0.0
 11
3.705
 21
4.575
 31
0.0
  0
LINE
  5
40C
330
17
100
AcDbEntity
  8
A-CLER-ADA
100
AcDbLine
 10
3.705
 20
4.575
 30
0.0
 11
3.705
 21
4.54
 31
0.0
  0
LINE
  5
40D
330
17
100
AcDbEntity
  8
A-CLER-ADA
100
AcDbLine
 10
3.705
 20
4.515000000000001
 30
0.0
 11
3.705
 21
4.48
 31
0.0
  0
LINE
  5
40E
330
17
100
AcDbEntity
  8
A-CLER-ADA
100
AcDbLine
 10
3.705
 20
4.455
 30
0.0
 11
3.705
 21
4.42
 31
0.0
  0
LINE
  5
40F
330
17
100
AcDbEntity
  8
A-CLER-ADA
100
AcDbLine
 10
3.705
 20
4.3950000000000005
 30
0.0
 11
3.705
 21
4.36
 31
0.0
  0
LINE
  5
410
330
17
100
AcDbEntity
  8
A-CLER-ADA
100
AcDbLine
 10
3.705
 20
4.335
 30
0.0
 11
3.705
 21
4.3
 31
0.0
  0
LINE
  5
411
330
17
100
AcDbEntity
  8
A-CLER-ADA
100
AcDbLine
 10
3.705
 20
4.275
 30
0.0
 11
3.705
 21
4.2625
 31
0.0
  0
TEXT
  5
412
330
17
100
AcDbEntity
  8
A-CLER-ADA
100
AcDbText
 10
3.455
 20
4.38125
 30
0.0
 40
0.033999999999999996
  1
30x48
  7
KS-REG
 72
1
 11
3.455
 21
4.38125
 31
0.0
100
AcDbText
  0
LINE
  5
413
330
17
100
AcDbEntity
  8
P-FIXT
100
AcDbLine
 10
2.8925
 20
3.575
 30
0.0
 11
2.1425
 21
3.575
 31
0.0
  0
LINE
  5
414
330
17
100
AcDbEntity
  8
P-FIXT
100
AcDbLine
 10
2.1425
 20
3.575
 30
0.0
 11
2.1425
 21
3.8875
 31
0.0
  0
LINE
  5
415
330
17
100
AcDbEntity
  8
P-FIXT
100
AcDbLine
 10
2.1425
 20
3.8875
 30
0.0
 11
2.8925
 21
3.8875
 31
0.0
  0
LINE
  5
416
330
17
100
AcDbEntity
  8
P-FIXT
100
AcDbLine
 10
2.8925
 20
3.8875
 30
0.0
 11
2.8925
 21
3.575
 31
0.0
  0
TEXT
  5
417
330
17
100
AcDbEntity
  8
A-ANNO-TEXT
100
AcDbText
 10
2.5175
 20
3.69375
 30
0.0
 40
0.036
  1
TRAINER TABLE 6' (ASSUMED)
  7
KS-REG
 72
1
 11
2.5175
 21
3.69375
 31
0.0
100
AcDbText
  0
LINE
  5
418
330
17
100
AcDbEntity
  8
A-CLER-ADA
100
AcDbLine
 10
1.625
 20
3.8875
 30
0.0
 11
1.59
 21
3.8875
 31
0.0
  0
LINE
  5
419
330
17
100
AcDbEntity
  8
A-CLER-ADA
100
AcDbLine
 10
1.565
 20
3.8875
 30
0.0
 11
1.53
 21
3.8875
 31
0.0
  0
LINE
  5
41A
330
17
100
AcDbEntity
  8
A-CLER-ADA
100
AcDbLine
 10
1.505
 20
3.8875
 30
0.0
 11
1.47
 21
3.8875
 31
0.0
  0
LINE
  5
41B
330
17
100
AcDbEntity
  8
A-CLER-ADA
100
AcDbLine
 10
1.445
 20
3.8875
 30
0.0
 11
1.41
 21
3.8875
 31
0.0
  0
LINE
  5
41C
330
17
100
AcDbEntity
  8
A-CLER-ADA
100
AcDbLine
 10
1.385
 20
3.8875
 30
0.0
 11
1.35
 21
3.8875
 31
0.0
  0
LINE
  5
41D
330
17
100
AcDbEntity
  8
A-CLER-ADA
100
AcDbLine
 10
1.325
 20
3.8875
 30
0.0
 11
1.29
 21
3.8875
 31
0.0
  0
LINE
  5
41E
330
17
100
AcDbEntity
  8
A-CLER-ADA
100
AcDbLine
 10
1.265
 20
3.8875
 30
0.0
 11
1.23
 21
3.8875
 31
0.0
  0
LINE
  5
41F
330
17
100
AcDbEntity
  8
A-CLER-ADA
100
AcDbLine
 10
1.2049999999999998
 20
3.8875
 30
0.0
 11
1.17
 21
3.8875
 31
0.0
  0
LINE
  5
420
330
17
100
AcDbEntity
  8
A-CLER-ADA
100
AcDbLine
 10
1.1449999999999998
 20
3.8875
 30
0.0
 11
1.1099999999999999
 21
3.8875
 31
0.0
  0
LINE
  5
421
330
17
100
AcDbEntity
  8
A-CLER-ADA
100
AcDbLine
 10
1.0849999999999997
 20
3.8875
 30
0.0
 11
1.0499999999999998
 21
3.8875
 31
0.0
  0
LINE
  5
422
330
17
100
AcDbEntity
  8
A-CLER-ADA
100
AcDbLine
 10
1.0249999999999997
 20
3.8875
 30
0.0
 11
1.0
 21
3.8875
 31
0.0
  0
LINE
  5
423
330
17
100
AcDbEntity
  8
A-CLER-ADA
100
AcDbLine
 10
1.0
 20
3.8875
 30
0.0
 11
1.0
 21
3.9225000000000003
 31
0.0
  0
LINE
  5
424
330
17
100
AcDbEntity
  8
A-CLER-ADA
100
AcDbLine
 10
1.0
 20
3.9475000000000002
 30
0.0
 11
1.0
 21
3.9825000000000004
 31
0.0
  0
LINE
  5
425
330
17
100
AcDbEntity
  8
A-CLER-ADA
100
AcDbLine
 10
1.0
 20
4.0075
 30
0.0
 11
1.0
 21
4.0425
 31
0.0
  0
LINE
  5
426
330
17
100
AcDbEntity
  8
A-CLER-ADA
100
AcDbLine
 10
1.0
 20
4.0675
 30
0.0
 11
1.0
 21
4.1025
 31
0.0
  0
LINE
  5
427
330
17
100
AcDbEntity
  8
A-CLER-ADA
100
AcDbLine
 10
1.0
 20
4.1275
 30
0.0
 11
1.0
 21
4.1625000000000005
 31
0.0
  0
LINE
  5
428
330
17
100
AcDbEntity
  8
A-CLER-ADA
100
AcDbLine
 10
1.0
 20
4.1875
 30
0.0
 11
1.0
 21
4.2225
 31
0.0
  0
LINE
  5
429
330
17
100
AcDbEntity
  8
A-CLER-ADA
100
AcDbLine
 10
1.0
 20
4.2475000000000005
 30
0.0
 11
1.0
 21
4.282500000000001
 31
0.0
  0
LINE
  5
42A
330
17
100
AcDbEntity
  8
A-CLER-ADA
100
AcDbLine
 10
1.0
 20
4.3075
 30
0.0
 11
1.0
 21
4.3425
 31
0.0
  0
LINE
  5
42B
330
17
100
AcDbEntity
  8
A-CLER-ADA
100
AcDbLine
 10
1.0
 20
4.367500000000001
 30
0.0
 11
1.0
 21
4.402500000000001
 31
0.0
  0
LINE
  5
42C
330
17
100
AcDbEntity
  8
A-CLER-ADA
100
AcDbLine
 10
1.0
 20
4.4275
 30
0.0
 11
1.0
 21
4.4625
 31
0.0
  0
LINE
  5
42D
330
17
100
AcDbEntity
  8
A-CLER-ADA
100
AcDbLine
 10
1.0
 20
4.487500000000001
 30
0.0
 11
1.0
 21
4.5125
 31
0.0
  0
LINE
  5
42E
330
17
100
AcDbEntity
  8
A-CLER-ADA
100
AcDbLine
 10
1.0
 20
4.5125
 30
0.0
 11
1.035
 21
4.5125
 31
0.0
  0
LINE
  5
42F
330
17
100
AcDbEntity
  8
A-CLER-ADA
100
AcDbLine
 10
1.06
 20
4.5125
 30
0.0
 11
1.095
 21
4.5125
 31
0.0
  0
LINE
  5
430
330
17
100
AcDbEntity
  8
A-CLER-ADA
100
AcDbLine
 10
1.12
 20
4.5125
 30
0.0
 11
1.155
 21
4.5125
 31
0.0
  0
LINE
  5
431
330
17
100
AcDbEntity
  8
A-CLER-ADA
100
AcDbLine
 10
1.18
 20
4.5125
 30
0.0
 11
1.215
 21
4.5125
 31
0.0
  0
LINE
  5
432
330
17
100
AcDbEntity
  8
A-CLER-ADA
100
AcDbLine
 10
1.24
 20
4.5125
 30
0.0
 11
1.275
 21
4.5125
 31
0.0
  0
LINE
  5
433
330
17
100
AcDbEntity
  8
A-CLER-ADA
100
AcDbLine
 10
1.3
 20
4.5125
 30
0.0
 11
1.335
 21
4.5125
 31
0.0
  0
LINE
  5
434
330
17
100
AcDbEntity
  8
A-CLER-ADA
100
AcDbLine
 10
1.36
 20
4.5125
 30
0.0
 11
1.395
 21
4.5125
 31
0.0
  0
LINE
  5
435
330
17
100
AcDbEntity
  8
A-CLER-ADA
100
AcDbLine
 10
1.4200000000000002
 20
4.5125
 30
0.0
 11
1.455
 21
4.5125
 31
0.0
  0
LINE
  5
436
330
17
100
AcDbEntity
  8
A-CLER-ADA
100
AcDbLine
 10
1.4800000000000002
 20
4.5125
 30
0.0
 11
1.5150000000000001
 21
4.5125
 31
0.0
  0
LINE
  5
437
330
17
100
AcDbEntity
  8
A-CLER-ADA
100
AcDbLine
 10
1.5400000000000003
 20
4.5125
 30
0.0
 11
1.5750000000000002
 21
4.5125
 31
0.0
  0
LINE
  5
438
330
17
100
AcDbEntity
  8
A-CLER-ADA
100
AcDbLine
 10
1.6000000000000003
 20
4.5125
 30
0.0
 11
1.625
 21
4.5125
 31
0.0
  0
LINE
  5
439
330
17
100
AcDbEntity
  8
A-CLER-ADA
100
AcDbLine
 10
1.625
 20
4.5125
 30
0.0
 11
1.625
 21
4.4775
 31
0.0
  0
LINE
  5
43A
330
17
100
AcDbEntity
  8
A-CLER-ADA
100
AcDbLine
 10
1.625
 20
4.452500000000001
 30
0.0
 11
1.625
 21
4.4175
 31
0.0
  0
LINE
  5
43B
330
17
100
AcDbEntity
  8
A-CLER-ADA
100
AcDbLine
 10
1.625
 20
4.3925
 30
0.0
 11
1.625
 21
4.3575
 31
0.0
  0
LINE
  5
43C
330
17
100
AcDbEntity
  8
A-CLER-ADA
100
AcDbLine
 10
1.625
 20
4.3325000000000005
 30
0.0
 11
1.625
 21
4.2975
 31
0.0
  0
LINE
  5
43D
330
17
100
AcDbEntity
  8
A-CLER-ADA
100
AcDbLine
 10
1.625
 20
4.2725
 30
0.0
 11
1.625
 21
4.2375
 31
0.0
  0
LINE
  5
43E
330
17
100
AcDbEntity
  8
A-CLER-ADA
100
AcDbLine
 10
1.625
 20
4.2125
 30
0.0
 11
1.625
 21
4.1775
 31
0.0
  0
LINE
  5
43F
330
17
100
AcDbEntity
  8
A-CLER-ADA
100
AcDbLine
 10
1.625
 20
4.1525
 30
0.0
 11
1.625
 21
4.1175
 31
0.0
  0
LINE
  5
440
330
17
100
AcDbEntity
  8
A-CLER-ADA
100
AcDbLine
 10
1.625
 20
4.0925
 30
0.0
 11
1.625
 21
4.0575
 31
0.0
  0
LINE
  5
441
330
17
100
AcDbEntity
  8
A-CLER-ADA
100
AcDbLine
 10
1.625
 20
4.0325
 30
0.0
 11
1.625
 21
3.9975
 31
0.0
  0
LINE
  5
442
330
17
100
AcDbEntity
  8
A-CLER-ADA
100
AcDbLine
 10
1.625
 20
3.9725
 30
0.0
 11
1.625
 21
3.9375
 31
0.0
  0
LINE
  5
443
330
17
100
AcDbEntity
  8
A-CLER-ADA
100
AcDbLine
 10
1.625
 20
3.9124999999999996
 30
0.0
 11
1.625
 21
3.8875
 31
0.0
  0
TEXT
  5
444
330
17
100
AcDbEntity
  8
A-CLER-ADA
100
AcDbText
 10
1.3125
 20
4.1625
 30
0.0
 40
0.033999999999999996
  1
pull side
  7
KS-REG
 72
1
 11
1.3125
 21
4.1625
 31
0.0
100
AcDbText
  0
LINE
  5
445
330
17
100
AcDbEntity
  8
LS-CPTH
100
AcDbLine
 10
4.955
 20
5.8875
 30
0.0
 11
4.905
 21
5.8875
 31
0.0
  0
LINE
  5
446
330
17
100
AcDbEntity
  8
LS-CPTH
100
AcDbLine
 10
4.875
 20
5.8875
 30
0.0
 11
4.825
 21
5.8875
 31
0.0
  0
LINE
  5
447
330
17
100
AcDbEntity
  8
LS-CPTH
100
AcDbLine
 10
4.795
 20
5.8875
 30
0.0
 11
4.745
 21
5.8875
 31
0.0
  0
LINE
  5
448
330
17
100
AcDbEntity
  8
LS-CPTH
100
AcDbLine
 10
4.715
 20
5.8875
 30
0.0
 11
4.665
 21
5.8875
 31
0.0
  0
LINE
  5
449
330
17
100
AcDbEntity
  8
LS-CPTH
100
AcDbLine
 10
4.635
 20
5.8875
 30
0.0
 11
4.61125
 21
5.8875
 31
0.0
  0
LINE
  5
44A
330
17
100
AcDbEntity
  8
LS-CPTH
100
AcDbLine
 10
4.61125
 20
5.8875
 30
0.0
 11
4.61125
 21
5.8375
 31
0.0
  0
LINE
  5
44B
330
17
100
AcDbEntity
  8
LS-CPTH
100
AcDbLine
 10
4.61125
 20
5.8075
 30
0.0
 11
4.61125
 21
5.7575
 31
0.0
  0
LINE
  5
44C
330
17
100
AcDbEntity
  8
LS-CPTH
100
AcDbLine
 10
4.61125
 20
5.7275
 30
0.0
 11
4.61125
 21
5.6775
 31
0.0
  0
LINE
  5
44D
330
17
100
AcDbEntity
  8
LS-CPTH
100
AcDbLine
 10
4.61125
 20
5.6475
 30
0.0
 11
4.61125
 21
5.5975
 31
0.0
  0
LINE
  5
44E
330
17
100
AcDbEntity
  8
LS-CPTH
100
AcDbLine
 10
4.61125
 20
5.5675
 30
0.0
 11
4.61125
 21
5.5175
 31
0.0
  0
LINE
  5
44F
330
17
100
AcDbEntity
  8
LS-CPTH
100
AcDbLine
 10
4.61125
 20
5.4875
 30
0.0
 11
4.61125
 21
5.4375
 31
0.0
  0
LINE
  5
450
330
17
100
AcDbEntity
  8
LS-CPTH
100
AcDbLine
 10
4.61125
 20
5.407500000000001
 30
0.0
 11
4.61125
 21
5.3575
 31
0.0
  0
LINE
  5
451
330
17
100
AcDbEntity
  8
LS-CPTH
100
AcDbLine
 10
4.61125
 20
5.327500000000001
 30
0.0
 11
4.61125
 21
5.325
 31
0.0
  0
LINE
  5
452
330
17
100
AcDbEntity
  8
LS-CPTH
100
AcDbLine
 10
4.61125
 20
5.325
 30
0.0
 11
4.56125
 21
5.325
 31
0.0
  0
LINE
  5
453
330
17
100
AcDbEntity
  8
LS-CPTH
100
AcDbLine
 10
4.53125
 20
5.325
 30
0.0
 11
4.48125
 21
5.325
 31
0.0
  0
LINE
  5
454
330
17
100
AcDbEntity
  8
LS-CPTH
100
AcDbLine
 10
4.45125
 20
5.325
 30
0.0
 11
4.40125
 21
5.325
 31
0.0
  0
LINE
  5
455
330
17
100
AcDbEntity
  8
LS-CPTH
100
AcDbLine
 10
4.37125
 20
5.325
 30
0.0
 11
4.32125
 21
5.325
 31
0.0
  0
LINE
  5
456
330
17
100
AcDbEntity
  8
LS-CPTH
100
AcDbLine
 10
4.29125
 20
5.325
 30
0.0
 11
4.24125
 21
5.325
 31
0.0
  0
LINE
  5
457
330
17
100
AcDbEntity
  8
LS-CPTH
100
AcDbLine
 10
4.21125
 20
5.325
 30
0.0
 11
4.16125
 21
5.325
 31
0.0
  0
LINE
  5
458
330
17
100
AcDbEntity
  8
LS-CPTH
100
AcDbLine
 10
4.13125
 20
5.325
 30
0.0
 11
4.08125
 21
5.325
 31
0.0
  0
LINE
  5
459
330
17
100
AcDbEntity
  8
LS-CPTH
100
AcDbLine
 10
4.05125
 20
5.325
 30
0.0
 11
4.00125
 21
5.325
 31
0.0
  0
LINE
  5
45A
330
17
100
AcDbEntity
  8
LS-CPTH
100
AcDbLine
 10
3.97125
 20
5.325
 30
0.0
 11
3.9212499999999997
 21
5.325
 31
0.0
  0
LINE
  5
45B
330
17
100
AcDbEntity
  8
LS-CPTH
100
AcDbLine
 10
3.89125
 20
5.325
 30
0.0
 11
3.8412499999999996
 21
5.325
 31
0.0
  0
LINE
  5
45C
330
17
100
AcDbEntity
  8
LS-CPTH
100
AcDbLine
 10
3.81125
 20
5.325
 30
0.0
 11
3.7612499999999995
 21
5.325
 31
0.0
  0
LINE
  5
45D
330
17
100
AcDbEntity
  8
LS-CPTH
100
AcDbLine
 10
3.7312499999999997
 20
5.325
 30
0.0
 11
3.705
 21
5.325
 31
0.0
  0
LINE
  5
45E
330
17
100
AcDbEntity
  8
LS-CPTH
100
AcDbLine
 10
3.705
 20
5.325
 30
0.0
 11
3.705
 21
5.275
 31
0.0
  0
LINE
  5
45F
330
17
100
AcDbEntity
  8
LS-CPTH
100
AcDbLine
 10
3.705
 20
5.245
 30
0.0
 11
3.705
 21
5.195
 31
0.0
  0
LINE
  5
460
330
17
100
AcDbEntity
  8
LS-CPTH
100
AcDbLine
 10
3.705
 20
5.165
 30
0.0
 11
3.705
 21
5.115
 31
0.0
  0
LINE
  5
461
330
17
100
AcDbEntity
  8
LS-CPTH
100
AcDbLine
 10
3.705
 20
5.085
 30
0.0
 11
3.705
 21
5.035
 31
0.0
  0
LINE
  5
462
330
17
100
AcDbEntity
  8
LS-CPTH
100
AcDbLine
 10
3.705
 20
5.005
 30
0.0
 11
3.705
 21
4.955
 31
0.0
  0
LINE
  5
463
330
17
100
AcDbEntity
  8
LS-CPTH
100
AcDbLine
 10
3.705
 20
4.925
 30
0.0
 11
3.705
 21
4.875
 31
0.0
  0
LINE
  5
464
330
17
100
AcDbEntity
  8
LS-CPTH
100
AcDbLine
 10
3.705
 20
4.845000000000001
 30
0.0
 11
3.705
 21
4.825
 31
0.0
  0
LINE
  5
465
330
17
100
AcDbEntity
  8
LS-CPTH
100
AcDbLine
 10
3.705
 20
4.825
 30
0.0
 11
3.6550000000000002
 21
4.825
 31
0.0
  0
LINE
  5
466
330
17
100
AcDbEntity
  8
LS-CPTH
100
AcDbLine
 10
3.625
 20
4.825
 30
0.0
 11
3.575
 21
4.825
 31
0.0
  0
LINE
  5
467
330
17
100
AcDbEntity
  8
LS-CPTH
100
AcDbLine
 10
3.545
 20
4.825
 30
0.0
 11
3.495
 21
4.825
 31
0.0
  0
LINE
  5
468
330
17
100
AcDbEntity
  8
LS-CPTH
100
AcDbLine
 10
3.465
 20
4.825
 30
0.0
 11
3.415
 21
4.825
 31
0.0
  0
LINE
  5
469
330
17
100
AcDbEntity
  8
LS-CPTH
100
AcDbLine
 10
3.385
 20
4.825
 30
0.0
 11
3.335
 21
4.825
 31
0.0
  0
LINE
  5
46A
330
17
100
AcDbEntity
  8
LS-CPTH
100
AcDbLine
 10
3.305
 20
4.825
 30
0.0
 11
3.255
 21
4.825
 31
0.0
  0
LINE
  5
46B
330
17
100
AcDbEntity
  8
LS-CPTH
100
AcDbLine
 10
3.225
 20
4.825
 30
0.0
 11
3.175
 21
4.825
 31
0.0
  0
LINE
  5
46C
330
17
100
AcDbEntity
  8
LS-CPTH
100
AcDbLine
 10
3.145
 20
4.825
 30
0.0
 11
3.0949999999999998
 21
4.825
 31
0.0
  0
LINE
  5
46D
330
17
100
AcDbEntity
  8
LS-CPTH
100
AcDbLine
 10
3.065
 20
4.825
 30
0.0
 11
3.0149999999999997
 21
4.825
 31
0.0
  0
LINE
  5
46E
330
17
100
AcDbEntity
  8
LS-CPTH
100
AcDbLine
 10
2.985
 20
4.825
 30
0.0
 11
2.9349999999999996
 21
4.825
 31
0.0
  0
LINE
  5
46F
330
17
100
AcDbEntity
  8
LS-CPTH
100
AcDbLine
 10
2.905
 20
4.825
 30
0.0
 11
2.8549999999999995
 21
4.825
 31
0.0
  0
LINE
  5
470
330
17
100
AcDbEntity
  8
LS-CPTH
100
AcDbLine
 10
2.8249999999999997
 20
4.825
 30
0.0
 11
2.7749999999999995
 21
4.825
 31
0.0
  0
LINE
  5
471
330
17
100
AcDbEntity
  8
LS-CPTH
100
AcDbLine
 10
2.7449999999999997
 20
4.825
 30
0.0
 11
2.6949999999999994
 21
4.825
 31
0.0
  0
LINE
  5
472
330
17
100
AcDbEntity
  8
LS-CPTH
100
AcDbLine
 10
2.6649999999999996
 20
4.825
 30
0.0
 11
2.6149999999999993
 21
4.825
 31
0.0
  0
LINE
  5
473
330
17
100
AcDbEntity
  8
LS-CPTH
100
AcDbLine
 10
2.5849999999999995
 20
4.825
 30
0.0
 11
2.5349999999999993
 21
4.825
 31
0.0
  0
LINE
  5
474
330
17
100
AcDbEntity
  8
LS-CPTH
100
AcDbLine
 10
2.5049999999999994
 20
4.825
 30
0.0
 11
2.454999999999999
 21
4.825
 31
0.0
  0
LINE
  5
475
330
17
100
AcDbEntity
  8
LS-CPTH
100
AcDbLine
 10
2.4249999999999994
 20
4.825
 30
0.0
 11
2.374999999999999
 21
4.825
 31
0.0
  0
LINE
  5
476
330
17
100
AcDbEntity
  8
LS-CPTH
100
AcDbLine
 10
2.3449999999999993
 20
4.825
 30
0.0
 11
2.294999999999999
 21
4.825
 31
0.0
  0
LINE
  5
477
330
17
100
AcDbEntity
  8
LS-CPTH
100
AcDbLine
 10
2.2649999999999992
 20
4.825
 30
0.0
 11
2.214999999999999
 21
4.825
 31
0.0
  0
LINE
  5
478
330
17
100
AcDbEntity
  8
LS-CPTH
100
AcDbLine
 10
2.184999999999999
 20
4.825
 30
0.0
 11
2.134999999999999
 21
4.825
 31
0.0
  0
LINE
  5
479
330
17
100
AcDbEntity
  8
LS-CPTH
100
AcDbLine
 10
2.104999999999999
 20
4.825
 30
0.0
 11
2.054999999999999
 21
4.825
 31
0.0
  0
LINE
  5
47A
330
17
100
AcDbEntity
  8
LS-CPTH
100
AcDbLine
 10
2.024999999999999
 20
4.825
 30
0.0
 11
1.974999999999999
 21
4.825
 31
0.0
  0
LINE
  5
47B
330
17
100
AcDbEntity
  8
LS-CPTH
100
AcDbLine
 10
1.944999999999999
 20
4.825
 30
0.0
 11
1.894999999999999
 21
4.825
 31
0.0
  0
LINE
  5
47C
330
17
100
AcDbEntity
  8
LS-CPTH
100
AcDbLine
 10
1.8649999999999989
 20
4.825
 30
0.0
 11
1.8149999999999988
 21
4.825
 31
0.0
  0
LINE
  5
47D
330
17
100
AcDbEntity
  8
LS-CPTH
100
AcDbLine
 10
1.7849999999999988
 20
4.825
 30
0.0
 11
1.7349999999999988
 21
4.825
 31
0.0
  0
LINE
  5
47E
330
17
100
AcDbEntity
  8
LS-CPTH
100
AcDbLine
 10
1.7049999999999987
 20
4.825
 30
0.0
 11
1.654999999999999
 21
4.825
 31
0.0
  0
LINE
  5
47F
330
17
100
AcDbEntity
  8
LS-CPTH
100
AcDbLine
 10
1.6249999999999991
 20
4.825
 30
0.0
 11
1.5749999999999993
 21
4.825
 31
0.0
  0
LINE
  5
480
330
17
100
AcDbEntity
  8
LS-CPTH
100
AcDbLine
 10
1.5449999999999995
 20
4.825
 30
0.0
 11
1.4949999999999997
 21
4.825
 31
0.0
  0
LINE
  5
481
330
17
100
AcDbEntity
  8
LS-CPTH
100
AcDbLine
 10
1.4649999999999999
 20
4.825
 30
0.0
 11
1.415
 21
4.825
 31
0.0
  0
LINE
  5
482
330
17
100
AcDbEntity
  8
LS-CPTH
100
AcDbLine
 10
1.3850000000000002
 20
4.825
 30
0.0
 11
1.3350000000000004
 21
4.825
 31
0.0
  0
LINE
  5
483
330
17
100
AcDbEntity
  8
LS-CPTH
100
AcDbLine
 10
1.3050000000000006
 20
4.825
 30
0.0
 11
1.2550000000000008
 21
4.825
 31
0.0
  0
LINE
  5
484
330
17
100
AcDbEntity
  8
LS-CPTH
100
AcDbLine
 10
1.225000000000001
 20
4.825
 30
0.0
 11
1.1750000000000012
 21
4.825
 31
0.0
  0
LINE
  5
485
330
17
100
AcDbEntity
  8
LS-CPTH
100
AcDbLine
 10
1.1450000000000014
 20
4.825
 30
0.0
 11
1.0950000000000015
 21
4.825
 31
0.0
  0
LINE
  5
486
330
17
100
AcDbEntity
  8
LS-CPTH
100
AcDbLine
 10
1.0650000000000017
 20
4.825
 30
0.0
 11
1.015000000000002
 21
4.825
 31
0.0
  0
LINE
  5
487
330
17
100
AcDbEntity
  8
LS-CPTH
100
AcDbLine
 10
1.0
 20
4.825
 30
0.0
 11
1.0
 21
4.775
 31
0.0
  0
LINE
  5
488
330
17
100
AcDbEntity
  8
LS-CPTH
100
AcDbLine
 10
1.0
 20
4.745
 30
0.0
 11
1.0
 21
4.695
 31
0.0
  0
LINE
  5
489
330
17
100
AcDbEntity
  8
LS-CPTH
100
AcDbLine
 10
1.0
 20
4.665
 30
0.0
 11
1.0
 21
4.615
 31
0.0
  0
LINE
  5
48A
330
17
100
AcDbEntity
  8
LS-CPTH
100
AcDbLine
 10
1.0
 20
4.585
 30
0.0
 11
1.0
 21
4.535
 31
0.0
  0
LINE
  5
48B
330
17
100
AcDbEntity
  8
LS-CPTH
100
AcDbLine
 10
1.0
 20
4.505
 30
0.0
 11
1.0
 21
4.455
 31
0.0
  0
LINE
  5
48C
330
17
100
AcDbEntity
  8
LS-CPTH
100
AcDbLine
 10
1.0
 20
4.425
 30
0.0
 11
1.0
 21
4.375
 31
0.0
  0
LINE
  5
48D
330
17
100
AcDbEntity
  8
LS-CPTH
100
AcDbLine
 10
1.0
 20
4.345000000000001
 30
0.0
 11
1.0
 21
4.295
 31
0.0
  0
LINE
  5
48E
330
17
100
AcDbEntity
  8
LS-CPTH
100
AcDbLine
 10
1.0
 20
4.265000000000001
 30
0.0
 11
1.0
 21
4.215
 31
0.0
  0
LINE
  5
48F
330
17
100
AcDbEntity
  8
LS-CPTH
100
AcDbLine
 10
1.0
 20
4.1850000000000005
 30
0.0
 11
1.0
 21
4.1375
 31
0.0
  0
HATCH
  5
490
330
17
100
AcDbEntity
  8
LS-CPTH
 62
7
420
0
100
AcDbHatch
 10
0.0
 20
0.0
 30
0.0
210
0.0
220
0.0
230
1.0
  2
SOLID
 70
1
 71
0
 91
1
 92
3
 72
0
 73
1
 93
4
 10
4.93
 20
5.8625
 10
4.98
 20
5.8625
 10
4.98
 20
5.9125000000000005
 10
4.93
 20
5.9125000000000005
 97
0
 75
0
 76
1
 98
0
  0
TEXT
  5
491
330
17
100
AcDbEntity
  8
LS-CPTH
100
AcDbText
 10
3.98
 20
5.65
 30
0.0
 40
0.04599999999999999
  1
CP 46'
  7
KS-BOLD
 72
1
 11
3.98
 21
5.65
 31
0.0
100
AcDbText
  0
LINE
  5
492
330
17
100
AcDbEntity
  8
A-ANNO-DIMS
100
AcDbLine
 10
1.0
 20
2.33
 30
0.0
 11
5.0175
 21
2.33
 31
0.0
  0
LINE
  5
493
330
17
100
AcDbEntity
  8
A-ANNO-DIMS
100
AcDbLine
 10
1.0
 20
2.29
 30
0.0
 11
1.0
 21
2.37
 31
0.0
  0
LINE
  5
494
330
17
100
AcDbEntity
  8
A-ANNO-DIMS
100
AcDbLine
 10
5.0175
 20
2.29
 30
0.0
 11
5.0175
 21
2.37
 31
0.0
  0
TEXT
  5
495
330
17
100
AcDbEntity
  8
A-ANNO-DIMS
100
AcDbText
 10
3.00875
 20
2.23
 30
0.0
 40
0.055
  1
32'-2"
  7
KS-REG
 72
1
 11
3.00875
 21
2.23
 31
0.0
100
AcDbText
  0
LINE
  5
496
330
17
100
AcDbEntity
  8
A-ANNO-DIMS
100
AcDbLine
 10
0.88
 20
2.45
 30
0.0
 11
0.88
 21
5.95
 31
0.0
  0
LINE
  5
497
330
17
100
AcDbEntity
  8
A-ANNO-DIMS
100
AcDbLine
 10
0.84
 20
2.45
 30
0.0
 11
0.92
 21
2.45
 31
0.0
  0
LINE
  5
498
330
17
100
AcDbEntity
  8
A-ANNO-DIMS
100
AcDbLine
 10
0.84
 20
5.95
 30
0.0
 11
0.92
 21
5.95
 31
0.0
  0
TEXT
  5
499
330
17
100
AcDbEntity
  8
A-ANNO-DIMS
100
AcDbText
 10
0.83
 20
4.2
 30
0.0
 40
0.055
  1
28'-0"
 50
90.0
  7
KS-REG
 72
1
 11
0.83
 21
4.2
 31
0.0
100
AcDbText
  0
TEXT
  5
49A
330
17
100
AcDbEntity
  8
A-ANNO-TEXT
100
AcDbText
 10
1.0
 20
6.12
 30
0.0
 40
0.076
  1
EVENT LOCKER ROOM 2 — 900 SF · 18 occ.
  7
KS-BOLD
 11
1.0
 21
6.12
 31
0.0
100
AcDbText
  0
TEXT
  5
49B
330
17
100
AcDbEntity
  8
A-ANNO-TEXT
100
AcDbText
 10
1.0
 20
6.005
 30
0.0
 40
0.049
  1
1/8" = 1'-0" · door on the W wall → EXIT (N) passage · common path 46 ft ≤ 75 (PASS)
  7
KS-REG
 11
1.0
 21
6.005
 31
0.0
100
AcDbText
  0
LINE
  5
49C
330
17
100
AcDbEntity
  8
A-WALL
100
AcDbLine
 10
5.65
 20
4.55
 30
0.0
 11
6.8375
 21
4.55
 31
0.0
  0
LINE
  5
49D
330
17
100
AcDbEntity
  8
A-WALL
100
AcDbLine
 10
7.2125
 20
4.55
 30
0.0
 11
8.4
 21
4.55
 31
0.0
  0
LINE
  5
49E
330
17
100
AcDbEntity
  8
A-WALL
100
AcDbLine
 10
8.4
 20
4.55
 30
0.0
 11
8.4
 21
9.66375
 31
0.0
  0
LINE
  5
49F
330
17
100
AcDbEntity
  8
A-WALL
100
AcDbLine
 10
8.4
 20
9.66375
 30
0.0
 11
5.65
 21
9.66375
 31
0.0
  0
LINE
  5
4A0
330
17
100
AcDbEntity
  8
A-WALL
100
AcDbLine
 10
5.65
 20
9.66375
 30
0.0
 11
5.65
 21
4.55
 31
0.0
  0
LINE
  5
4A1
330
17
100
AcDbEntity
  8
A-DOOR
100
AcDbLine
 10
6.8375
 20
4.55
 30
0.0
 11
6.8375
 21
4.925
 31
0.0
  0
LINE
  5
4A2
330
17
100
AcDbEntity
  8
A-DOOR
100
AcDbLine
 10
7.2125
 20
4.55
 30
0.0
 11
7.209291823015179
 21
4.598947322082519
 31
0.0
  0
LINE
  5
4A3
330
17
100
AcDbEntity
  8
A-DOOR
100
AcDbLine
 10
7.209291823015179
 20
4.598947322082519
 30
0.0
 11
7.199722184858401
 21
4.647057141913445
 31
0.0
  0
LINE
  5
4A4
330
17
100
AcDbEntity
  8
A-DOOR
100
AcDbLine
 10
7.199722184858401
 20
4.647057141913445
 30
0.0
 11
7.183954824691733
 21
4.693506287136908
 31
0.0
  0
LINE
  5
4A5
330
17
100
AcDbEntity
  8
A-DOOR
100
AcDbLine
 10
7.183954824691733
 20
4.693506287136908
 30
0.0
 11
7.162259526419165
 21
4.7375
 31
0.0
  0
LINE
  5
4A6
330
17
100
AcDbEntity
  8
A-DOOR
100
AcDbLine
 10
7.162259526419165
 20
4.7375
 30
0.0
 11
7.135007502609214
 21
4.77828553587827
 31
0.0
  0
LINE
  5
4A7
330
17
100
AcDbEntity
  8
A-DOOR
100
AcDbLine
 10
7.135007502609214
 20
4.77828553587827
 30
0.0
 11
7.102665042944956
 21
4.8151650429449555
 31
0.0
  0
LINE
  5
4A8
330
17
100
AcDbEntity
  8
A-DOOR
100
AcDbLine
 10
7.102665042944956
 20
4.8151650429449555
 30
0.0
 11
7.065785535878271
 21
4.847507502609213
 31
0.0
  0
LINE
  5
4A9
330
17
100
AcDbEntity
  8
A-DOOR
100
AcDbLine
 10
7.065785535878271
 20
4.847507502609213
 30
0.0
 11
7.025
 21
4.874759526419164
 31
0.0
  0
LINE
  5
4AA
330
17
100
AcDbEntity
  8
A-DOOR
100
AcDbLine
 10
7.025
 20
4.874759526419164
 30
0.0
 11
6.981006287136909
 21
4.896454824691732
 31
0.0
  0
LINE
  5
4AB
330
17
100
AcDbEntity
  8
A-DOOR
100
AcDbLine
 10
6.981006287136909
 20
4.896454824691732
 30
0.0
 11
6.934557141913446
 21
4.9122221848584005
 31
0.0
  0
LINE
  5
4AC
330
17
100
AcDbEntity
  8
A-DOOR
100
AcDbLine
 10
6.934557141913446
 20
4.9122221848584005
 30
0.0
 11
6.886447322082519
 21
4.9217918230151785
 31
0.0
  0
LINE
  5
4AD
330
17
100
AcDbEntity
  8
A-DOOR
100
AcDbLine
 10
6.886447322082519
 20
4.9217918230151785
 30
0.0
 11
6.8375
 21
4.925
 31
0.0
  0
LINE
  5
4AE
330
17
100
AcDbEntity
  8
A-WALL-PRTN
100
AcDbLine
 10
5.65
 20
8.175
 30
0.0
 11
6.65
 21
8.175
 31
0.0
  0
LINE
  5
4AF
330
17
100
AcDbEntity
  8
A-WALL-PRTN
100
AcDbLine
 10
7.025
 20
8.175
 30
0.0
 11
7.275
 21
8.175
 31
0.0
  0
LINE
  5
4B0
330
17
100
AcDbEntity
  8
A-WALL-PRTN
100
AcDbLine
 10
7.775
 20
8.175
 30
0.0
 11
8.4
 21
8.175
 31
0.0
  0
LINE
  5
4B1
330
17
100
AcDbEntity
  8
A-WALL-PRTN
100
AcDbLine
 10
7.025
 20
8.175
 30
0.0
 11
7.025
 21
9.66375
 31
0.0
  0
LINE
  5
4B2
330
17
100
AcDbEntity
  8
A-WALL-PRTN
100
AcDbLine
 10
5.65
 20
9.03875
 30
0.0
 11
5.87875
 21
9.03875
 31
0.0
  0
LINE
  5
4B3
330
17
100
AcDbEntity
  8
A-WALL-PRTN
100
AcDbLine
 10
6.233750000000001
 20
9.03875
 30
0.0
 11
6.285
 21
9.03875
 31
0.0
  0
LINE
  5
4B4
330
17
100
AcDbEntity
  8
A-WALL-PRTN
100
AcDbLine
 10
6.61875
 20
9.03875
 30
0.0
 11
6.65
 21
9.03875
 31
0.0
  0
LINE
  5
4B5
330
17
100
AcDbEntity
  8
A-WALL-PRTN
100
AcDbLine
 10
6.275
 20
9.03875
 30
0.0
 11
6.275
 21
9.66375
 31
0.0
  0
LINE
  5
4B6
330
17
100
AcDbEntity
  8
A-WALL-PRTN
100
AcDbLine
 10
6.65
 20
9.03875
 30
0.0
 11
6.65
 21
9.66375
 31
0.0
  0
LINE
  5
4B7
330
17
100
AcDbEntity
  8
A-DOOR
100
AcDbLine
 10
7.025
 20
8.175
 30
0.0
 11
7.025
 21
8.55
 31
0.0
  0
LINE
  5
4B8
330
17
100
AcDbEntity
  8
A-DOOR
100
AcDbLine
 10
6.65
 20
8.175
 30
0.0
 11
6.653208176984822
 21
8.22394732208252
 31
0.0
  0
LINE
  5
4B9
330
17
100
AcDbEntity
  8
A-DOOR
100
AcDbLine
 10
6.653208176984822
 20
8.22394732208252
 30
0.0
 11
6.6627778151416
 21
8.272057141913445
 31
0.0
  0
LINE
  5
4BA
330
17
100
AcDbEntity
  8
A-DOOR
100
AcDbLine
 10
6.6627778151416
 20
8.272057141913445
 30
0.0
 11
6.678545175308268
 21
8.318506287136909
 31
0.0
  0
LINE
  5
4BB
330
17
100
AcDbEntity
  8
A-DOOR
100
AcDbLine
 10
6.678545175308268
 20
8.318506287136909
 30
0.0
 11
6.700240473580836
 21
8.3625
 31
0.0
  0
LINE
  5
4BC
330
17
100
AcDbEntity
  8
A-DOOR
100
AcDbLine
 10
6.700240473580836
 20
8.3625
 30
0.0
 11
6.727492497390787
 21
8.40328553587827
 31
0.0
  0
LINE
  5
4BD
330
17
100
AcDbEntity
  8
A-DOOR
100
AcDbLine
 10
6.727492497390787
 20
8.40328553587827
 30
0.0
 11
6.759834957055045
 21
8.440165042944955
 31
0.0
  0
LINE
  5
4BE
330
17
100
AcDbEntity
  8
A-DOOR
100
AcDbLine
 10
6.759834957055045
 20
8.440165042944955
 30
0.0
 11
6.79671446412173
 21
8.472507502609213
 31
0.0
  0
LINE
  5
4BF
330
17
100
AcDbEntity
  8
A-DOOR
100
AcDbLine
 10
6.79671446412173
 20
8.472507502609213
 30
0.0
 11
6.8375
 21
8.499759526419165
 31
0.0
  0
LINE
  5
4C0
330
17
100
AcDbEntity
  8
A-DOOR
100
AcDbLine
 10
6.8375
 20
8.499759526419165
 30
0.0
 11
6.881493712863092
 21
8.521454824691732
 31
0.0
  0
LINE
  5
4C1
330
17
100
AcDbEntity
  8
A-DOOR
100
AcDbLine
 10
6.881493712863092
 20
8.521454824691732
 30
0.0
 11
6.9279428580865545
 21
8.5372221848584
 31
0.0
  0
LINE
  5
4C2
330
17
100
AcDbEntity
  8
A-DOOR
100
AcDbLine
 10
6.9279428580865545
 20
8.5372221848584
 30
0.0
 11
6.976052677917481
 21
8.546791823015178
 31
0.0
  0
LINE
  5
4C3
330
17
100
AcDbEntity
  8
A-DOOR
100
AcDbLine
 10
6.976052677917481
 20
8.546791823015178
 30
0.0
 11
7.025
 21
8.55
 31
0.0
  0
LINE
  5
4C4
330
17
100
AcDbEntity
  8
A-DOOR
100
AcDbLine
 10
6.233750000000001
 20
9.03875
 30
0.0
 11
6.233750000000001
 21
8.68375
 31
0.0
  0
LINE
  5
4C5
330
17
100
AcDbEntity
  8
A-DOOR
100
AcDbLine
 10
5.87875
 20
9.03875
 30
0.0
 11
5.881787074212298
 21
8.992413201761881
 31
0.0
  0
LINE
  5
4C6
330
17
100
AcDbEntity
  8
A-DOOR
100
AcDbLine
 10
5.881787074212298
 20
8.992413201761881
 30
0.0
 11
5.890846331667381
 21
8.946869238988604
 31
0.0
  0
LINE
  5
4C7
330
17
100
AcDbEntity
  8
A-DOOR
100
AcDbLine
 10
5.890846331667381
 20
8.946869238988604
 30
0.0
 11
5.905772765958494
 21
8.902897381510392
 31
0.0
  0
LINE
  5
4C8
330
17
100
AcDbEntity
  8
A-DOOR
100
AcDbLine
 10
5.905772765958494
 20
8.902897381510392
 30
0.0
 11
5.926310981656525
 21
8.861249999999998
 31
0.0
  0
LINE
  5
4C9
330
17
100
AcDbEntity
  8
A-DOOR
100
AcDbLine
 10
5.926310981656525
 20
8.861249999999998
 30
0.0
 11
5.952109564196612
 21
8.822639692701904
 31
0.0
  0
LINE
  5
4CA
330
17
100
AcDbEntity
  8
A-DOOR
100
AcDbLine
 10
5.952109564196612
 20
8.822639692701904
 30
0.0
 11
5.982727092678776
 21
8.787727092678775
 31
0.0
  0
LINE
  5
4CB
330
17
100
AcDbEntity
  8
A-DOOR
100
AcDbLine
 10
5.982727092678776
 20
8.787727092678775
 30
0.0
 11
6.017639692701905
 21
8.757109564196611
 31
0.0
  0
LINE
  5
4CC
330
17
100
AcDbEntity
  8
A-DOOR
100
AcDbLine
 10
6.017639692701905
 20
8.757109564196611
 30
0.0
 11
6.05625
 21
8.731310981656524
 31
0.0
  0
LINE
  5
4CD
330
17
100
AcDbEntity
  8
A-DOOR
100
AcDbLine
 10
6.05625
 20
8.731310981656524
 30
0.0
 11
6.097897381510394
 21
8.710772765958492
 31
0.0
  0
LINE
  5
4CE
330
17
100
AcDbEntity
  8
A-DOOR
100
AcDbLine
 10
6.097897381510394
 20
8.710772765958492
 30
0.0
 11
6.141869238988606
 21
8.69584633166738
 31
0.0
  0
LINE
  5
4CF
330
17
100
AcDbEntity
  8
A-DOOR
100
AcDbLine
 10
6.141869238988606
 20
8.69584633166738
 30
0.0
 11
6.187413201761882
 21
8.686787074212297
 31
0.0
  0
LINE
  5
4D0
330
17
100
AcDbEntity
  8
A-DOOR
100
AcDbLine
 10
6.187413201761882
 20
8.686787074212297
 30
0.0
 11
6.233750000000001
 21
8.68375
 31
0.0
  0
LINE
  5
4D1
330
17
100
AcDbEntity
  8
A-DOOR
100
AcDbLine
 10
6.61875
 20
9.03875
 30
0.0
 11
6.61875
 21
8.704999999999998
 31
0.0
  0
LINE
  5
4D2
330
17
100
AcDbEntity
  8
A-DOOR
100
AcDbLine
 10
6.285
 20
9.03875
 30
0.0
 11
6.287855277516491
 21
8.995186883346557
 31
0.0
  0
LINE
  5
4D3
330
17
100
AcDbEntity
  8
A-DOOR
100
AcDbLine
 10
6.287855277516491
 20
8.995186883346557
 30
0.0
 11
6.296372255476024
 21
8.952369143697034
 31
0.0
  0
LINE
  5
4D4
330
17
100
AcDbEntity
  8
A-DOOR
100
AcDbLine
 10
6.296372255476024
 20
8.952369143697034
 30
0.0
 11
6.310405206024359
 21
8.91102940444815
 31
0.0
  0
LINE
  5
4D5
330
17
100
AcDbEntity
  8
A-DOOR
100
AcDbLine
 10
6.310405206024359
 20
8.91102940444815
 30
0.0
 11
6.329714021486944
 21
8.871875
 31
0.0
  0
LINE
  5
4D6
330
17
100
AcDbEntity
  8
A-DOOR
100
AcDbLine
 10
6.329714021486944
 20
8.871875
 30
0.0
 11
6.353968322677801
 21
8.83557587306834
 31
0.0
  0
LINE
  5
4D7
330
17
100
AcDbEntity
  8
A-DOOR
100
AcDbLine
 10
6.353968322677801
 20
8.83557587306834
 30
0.0
 11
6.38275311177899
 21
8.802753111778989
 31
0.0
  0
LINE
  5
4D8
330
17
100
AcDbEntity
  8
A-DOOR
100
AcDbLine
 10
6.38275311177899
 20
8.802753111778989
 30
0.0
 11
6.41557587306834
 21
8.7739683226778
 31
0.0
  0
LINE
  5
4D9
330
17
100
AcDbEntity
  8
A-DOOR
100
AcDbLine
 10
6.41557587306834
 20
8.7739683226778
 30
0.0
 11
6.451875
 21
8.749714021486943
 31
0.0
  0
LINE
  5
4DA
330
17
100
AcDbEntity
  8
A-DOOR
100
AcDbLine
 10
6.451875
 20
8.749714021486943
 30
0.0
 11
6.491029404448152
 21
8.730405206024358
 31
0.0
  0
LINE
  5
4DB
330
17
100
AcDbEntity
  8
A-DOOR
100
AcDbLine
 10
6.491029404448152
 20
8.730405206024358
 30
0.0
 11
6.532369143697034
 21
8.716372255476024
 31
0.0
  0
LINE
  5
4DC
330
17
100
AcDbEntity
  8
A-DOOR
100
AcDbLine
 10
6.532369143697034
 20
8.716372255476024
 30
0.0
 11
6.575186883346558
 21
8.70785527751649
 31
0.0
  0
LINE
  5
4DD
330
17
100
AcDbEntity
  8
A-DOOR
100
AcDbLine
 10
6.575186883346558
 20
8.70785527751649
 30
0.0
 11
6.61875
 21
8.704999999999998
 31
0.0
  0
LINE
  5
4DE
330
17
100
AcDbEntity
  8
A-ANNO-TEXT
100
AcDbLine
 10
7.525
 20
4.55
 30
0.0
 11
7.525
 21
4.63
 31
0.0
  0
LINE
  5
4DF
330
17
100
AcDbEntity
  8
A-ANNO-TEXT
100
AcDbLine
 10
7.525
 20
4.68
 30
0.0
 11
7.525
 21
4.76
 31
0.0
  0
LINE
  5
4E0
330
17
100
AcDbEntity
  8
A-ANNO-TEXT
100
AcDbLine
 10
7.525
 20
4.81
 30
0.0
 11
7.525
 21
4.89
 31
0.0
  0
LINE
  5
4E1
330
17
100
AcDbEntity
  8
A-ANNO-TEXT
100
AcDbLine
 10
7.525
 20
4.9399999999999995
 30
0.0
 11
7.525
 21
5.02
 31
0.0
  0
LINE
  5
4E2
330
17
100
AcDbEntity
  8
A-ANNO-TEXT
100
AcDbLine
 10
7.525
 20
5.07
 30
0.0
 11
7.525
 21
5.1499999999999995
 31
0.0
  0
LINE
  5
4E3
330
17
100
AcDbEntity
  8
A-ANNO-TEXT
100
AcDbLine
 10
7.525
 20
5.2
 30
0.0
 11
7.525
 21
5.279999999999999
 31
0.0
  0
LINE
  5
4E4
330
17
100
AcDbEntity
  8
A-ANNO-TEXT
100
AcDbLine
 10
7.525
 20
5.33
 30
0.0
 11
7.525
 21
5.41
 31
0.0
  0
LINE
  5
4E5
330
17
100
AcDbEntity
  8
A-ANNO-TEXT
100
AcDbLine
 10
7.525
 20
5.46
 30
0.0
 11
7.525
 21
5.54
 31
0.0
  0
LINE
  5
4E6
330
17
100
AcDbEntity
  8
A-ANNO-TEXT
100
AcDbLine
 10
7.525
 20
5.59
 30
0.0
 11
7.525
 21
5.67
 31
0.0
  0
LINE
  5
4E7
330
17
100
AcDbEntity
  8
A-ANNO-TEXT
100
AcDbLine
 10
7.525
 20
5.72
 30
0.0
 11
7.525
 21
5.8
 31
0.0
  0
LINE
  5
4E8
330
17
100
AcDbEntity
  8
A-ANNO-TEXT
100
AcDbLine
 10
7.525
 20
5.85
 30
0.0
 11
7.525
 21
5.93
 31
0.0
  0
LINE
  5
4E9
330
17
100
AcDbEntity
  8
A-ANNO-TEXT
100
AcDbLine
 10
7.525
 20
5.98
 30
0.0
 11
7.525
 21
6.0600000000000005
 31
0.0
  0
LINE
  5
4EA
330
17
100
AcDbEntity
  8
A-ANNO-TEXT
100
AcDbLine
 10
7.525
 20
6.11
 30
0.0
 11
7.525
 21
6.19
 31
0.0
  0
LINE
  5
4EB
330
17
100
AcDbEntity
  8
A-ANNO-TEXT
100
AcDbLine
 10
7.525
 20
6.24
 30
0.0
 11
7.525
 21
6.32
 31
0.0
  0
LINE
  5
4EC
330
17
100
AcDbEntity
  8
A-ANNO-TEXT
100
AcDbLine
 10
7.525
 20
6.370000000000001
 30
0.0
 11
7.525
 21
6.450000000000001
 31
0.0
  0
LINE
  5
4ED
330
17
100
AcDbEntity
  8
A-ANNO-TEXT
100
AcDbLine
 10
7.525
 20
6.500000000000001
 30
0.0
 11
7.525
 21
6.58
 31
0.0
  0
LINE
  5
4EE
330
17
100
AcDbEntity
  8
A-ANNO-TEXT
100
AcDbLine
 10
7.525
 20
6.630000000000001
 30
0.0
 11
7.525
 21
6.710000000000001
 31
0.0
  0
LINE
  5
4EF
330
17
100
AcDbEntity
  8
A-ANNO-TEXT
100
AcDbLine
 10
7.525
 20
6.76
 30
0.0
 11
7.525
 21
6.84
 31
0.0
  0
LINE
  5
4F0
330
17
100
AcDbEntity
  8
A-ANNO-TEXT
100
AcDbLine
 10
7.525
 20
6.890000000000001
 30
0.0
 11
7.525
 21
6.970000000000001
 31
0.0
  0
LINE
  5
4F1
330
17
100
AcDbEntity
  8
A-ANNO-TEXT
100
AcDbLine
 10
7.525
 20
7.02
 30
0.0
 11
7.525
 21
7.1
 31
0.0
  0
LINE
  5
4F2
330
17
100
AcDbEntity
  8
A-ANNO-TEXT
100
AcDbLine
 10
7.525
 20
7.15
 30
0.0
 11
7.525
 21
7.23
 31
0.0
  0
LINE
  5
4F3
330
17
100
AcDbEntity
  8
A-ANNO-TEXT
100
AcDbLine
 10
7.525
 20
7.279999999999999
 30
0.0
 11
7.525
 21
7.359999999999999
 31
0.0
  0
LINE
  5
4F4
330
17
100
AcDbEntity
  8
A-ANNO-TEXT
100
AcDbLine
 10
7.525
 20
7.41
 30
0.0
 11
7.525
 21
7.49
 31
0.0
  0
LINE
  5
4F5
330
17
100
AcDbEntity
  8
A-ANNO-TEXT
100
AcDbLine
 10
7.525
 20
7.539999999999999
 30
0.0
 11
7.525
 21
7.619999999999999
 31
0.0
  0
LINE
  5
4F6
330
17
100
AcDbEntity
  8
A-ANNO-TEXT
100
AcDbLine
 10
7.525
 20
7.67
 30
0.0
 11
7.525
 21
7.75
 31
0.0
  0
LINE
  5
4F7
330
17
100
AcDbEntity
  8
A-ANNO-TEXT
100
AcDbLine
 10
7.525
 20
7.799999999999999
 30
0.0
 11
7.525
 21
7.879999999999999
 31
0.0
  0
LINE
  5
4F8
330
17
100
AcDbEntity
  8
A-ANNO-TEXT
100
AcDbLine
 10
7.525
 20
7.93
 30
0.0
 11
7.525
 21
8.01
 31
0.0
  0
LINE
  5
4F9
330
17
100
AcDbEntity
  8
A-ANNO-TEXT
100
AcDbLine
 10
7.525
 20
8.059999999999999
 30
0.0
 11
7.525
 21
8.139999999999999
 31
0.0
  0
LINE
  5
4FA
330
17
100
AcDbEntity
  8
A-ANNO-TEXT
100
AcDbLine
 10
7.525
 20
8.19
 30
0.0
 11
7.525
 21
8.27
 31
0.0
  0
LINE
  5
4FB
330
17
100
AcDbEntity
  8
A-ANNO-TEXT
100
AcDbLine
 10
7.525
 20
8.319999999999999
 30
0.0
 11
7.525
 21
8.399999999999999
 31
0.0
  0
LINE
  5
4FC
330
17
100
AcDbEntity
  8
A-ANNO-TEXT
100
AcDbLine
 10
7.525
 20
8.45
 30
0.0
 11
7.525
 21
8.53
 31
0.0
  0
LINE
  5
4FD
330
17
100
AcDbEntity
  8
A-ANNO-TEXT
100
AcDbLine
 10
7.525
 20
8.579999999999998
 30
0.0
 11
7.525
 21
8.66
 31
0.0
  0
LINE
  5
4FE
330
17
100
AcDbEntity
  8
A-ANNO-TEXT
100
AcDbLine
 10
7.525
 20
8.709999999999999
 30
0.0
 11
7.525
 21
8.79
 31
0.0
  0
LINE
  5
4FF
330
17
100
AcDbEntity
  8
A-ANNO-TEXT
100
AcDbLine
 10
7.525
 20
8.84
 30
0.0
 11
7.525
 21
8.919999999999998
 31
0.0
  0
LINE
  5
500
330
17
100
AcDbEntity
  8
A-ANNO-TEXT
100
AcDbLine
 10
7.525
 20
8.969999999999999
 30
0.0
 11
7.525
 21
9.049999999999999
 31
0.0
  0
LINE
  5
501
330
17
100
AcDbEntity
  8
A-ANNO-TEXT
100
AcDbLine
 10
7.525
 20
9.099999999999998
 30
0.0
 11
7.525
 21
9.18
 31
0.0
  0
LINE
  5
502
330
17
100
AcDbEntity
  8
A-ANNO-TEXT
100
AcDbLine
 10
7.525
 20
9.229999999999999
 30
0.0
 11
7.525
 21
9.309999999999999
 31
0.0
  0
LINE
  5
503
330
17
100
AcDbEntity
  8
A-ANNO-TEXT
100
AcDbLine
 10
7.525
 20
9.36
 30
0.0
 11
7.525
 21
9.439999999999998
 31
0.0
  0
LINE
  5
504
330
17
100
AcDbEntity
  8
A-ANNO-TEXT
100
AcDbLine
 10
7.525
 20
9.489999999999998
 30
0.0
 11
7.525
 21
9.569999999999999
 31
0.0
  0
LINE
  5
505
330
17
100
AcDbEntity
  8
A-ANNO-TEXT
100
AcDbLine
 10
7.525
 20
9.619999999999997
 30
0.0
 11
7.525
 21
9.66375
 31
0.0
  0
TEXT
  5
506
330
17
100
AcDbEntity
  8
A-ANNO-TEXT
100
AcDbText
 10
7.425000000000001
 20
6.697775
 30
0.0
 40
0.043
  1
upper tier above (west of the dashed line), 7'-6" clear at the tier line — D-061
 50
90.0
  7
KS-REG
 72
1
 11
7.425000000000001
 21
6.697775
 31
0.0
100
AcDbText
  0
LINE
  5
507
330
17
100
AcDbEntity
  8
A-WALL-PRTN
100
AcDbLine
 10
5.65
 20
9.03875
 30
0.0
 11
6.275
 21
9.03875
 31
0.0
  0
LINE
  5
508
330
17
100
AcDbEntity
  8
A-WALL-PRTN
100
AcDbLine
 10
6.275
 20
9.03875
 30
0.0
 11
6.275
 21
9.66375
 31
0.0
  0
LINE
  5
509
330
17
100
AcDbEntity
  8
A-WALL-PRTN
100
AcDbLine
 10
6.275
 20
9.66375
 30
0.0
 11
5.65
 21
9.66375
 31
0.0
  0
LINE
  5
50A
330
17
100
AcDbEntity
  8
A-WALL-PRTN
100
AcDbLine
 10
5.65
 20
9.66375
 30
0.0
 11
5.65
 21
9.03875
 31
0.0
  0
LWPOLYLINE
  5
50B
330
17
100
AcDbEntity
  8
P-FIXT
100
AcDbPolyline
 90
4
 70
1
 10
5.737500000000001
 20
9.66375
 10
5.9375
 20
9.66375
 10
5.9375
 20
9.58875
 10
5.737500000000001
 20
9.58875
  0
LINE
  5
50C
330
17
100
AcDbEntity
  8
P-FIXT
100
AcDbLine
 10
5.9125000000000005
 20
9.47625
 30
0.0
 11
5.9099444369716805
 21
9.505367142574034
 31
0.0
  0
LINE
  5
50D
330
17
100
AcDbEntity
  8
P-FIXT
100
AcDbLine
 10
5.9099444369716805
 20
9.505367142574034
 30
0.0
 11
5.902451905283833
 21
9.532499999999999
 31
0.0
  0
LINE
  5
50E
330
17
100
AcDbEntity
  8
P-FIXT
100
AcDbLine
 10
5.902451905283833
 20
9.532499999999999
 30
0.0
 11
5.890533008588991
 21
9.555799512883485
 31
0.0
  0
LINE
  5
50F
330
17
100
AcDbEntity
  8
P-FIXT
100
AcDbLine
 10
5.890533008588991
 20
9.555799512883485
 30
0.0
 11
5.875
 21
9.573677857925748
 31
0.0
  0
LINE
  5
510
330
17
100
AcDbEntity
  8
P-FIXT
100
AcDbLine
 10
5.875
 20
9.573677857925748
 30
0.0
 11
5.8569114283826895
 21
9.58491665545752
 31
0.0
  0
LINE
  5
511
330
17
100
AcDbEntity
  8
P-FIXT
100
AcDbLine
 10
5.8569114283826895
 20
9.58491665545752
 30
0.0
 11
5.8375
 21
9.58875
 31
0.0
  0
LINE
  5
512
330
17
100
AcDbEntity
  8
P-FIXT
100
AcDbLine
 10
5.8375
 20
9.58875
 30
0.0
 11
5.818088571617311
 21
9.58491665545752
 31
0.0
  0
LINE
  5
513
330
17
100
AcDbEntity
  8
P-FIXT
100
AcDbLine
 10
5.818088571617311
 20
9.58491665545752
 30
0.0
 11
5.800000000000001
 21
9.573677857925748
 31
0.0
  0
LINE
  5
514
330
17
100
AcDbEntity
  8
P-FIXT
100
AcDbLine
 10
5.800000000000001
 20
9.573677857925748
 30
0.0
 11
5.784466991411009
 21
9.555799512883485
 31
0.0
  0
LINE
  5
515
330
17
100
AcDbEntity
  8
P-FIXT
100
AcDbLine
 10
5.784466991411009
 20
9.555799512883485
 30
0.0
 11
5.772548094716168
 21
9.532499999999999
 31
0.0
  0
LINE
  5
516
330
17
100
AcDbEntity
  8
P-FIXT
100
AcDbLine
 10
5.772548094716168
 20
9.532499999999999
 30
0.0
 11
5.76505556302832
 21
9.505367142574034
 31
0.0
  0
LINE
  5
517
330
17
100
AcDbEntity
  8
P-FIXT
100
AcDbLine
 10
5.76505556302832
 20
9.505367142574034
 30
0.0
 11
5.7625
 21
9.47625
 31
0.0
  0
LINE
  5
518
330
17
100
AcDbEntity
  8
P-FIXT
100
AcDbLine
 10
5.7625
 20
9.47625
 30
0.0
 11
5.76505556302832
 21
9.447132857425967
 31
0.0
  0
LINE
  5
519
330
17
100
AcDbEntity
  8
P-FIXT
100
AcDbLine
 10
5.76505556302832
 20
9.447132857425967
 30
0.0
 11
5.772548094716168
 21
9.419999999999998
 31
0.0
  0
LINE
  5
51A
330
17
100
AcDbEntity
  8
P-FIXT
100
AcDbLine
 10
5.772548094716168
 20
9.419999999999998
 30
0.0
 11
5.784466991411009
 21
9.396700487116512
 31
0.0
  0
LINE
  5
51B
330
17
100
AcDbEntity
  8
P-FIXT
100
AcDbLine
 10
5.784466991411009
 20
9.396700487116512
 30
0.0
 11
5.800000000000001
 21
9.378822142074249
 31
0.0
  0
LINE
  5
51C
330
17
100
AcDbEntity
  8
P-FIXT
100
AcDbLine
 10
5.800000000000001
 20
9.378822142074249
 30
0.0
 11
5.818088571617311
 21
9.367583344542478
 31
0.0
  0
LINE
  5
51D
330
17
100
AcDbEntity
  8
P-FIXT
100
AcDbLine
 10
5.818088571617311
 20
9.367583344542478
 30
0.0
 11
5.8375
 21
9.36375
 31
0.0
  0
LINE
  5
51E
330
17
100
AcDbEntity
  8
P-FIXT
100
AcDbLine
 10
5.8375
 20
9.36375
 30
0.0
 11
5.8569114283826895
 21
9.367583344542478
 31
0.0
  0
LINE
  5
51F
330
17
100
AcDbEntity
  8
P-FIXT
100
AcDbLine
 10
5.8569114283826895
 20
9.367583344542478
 30
0.0
 11
5.875
 21
9.378822142074249
 31
0.0
  0
LINE
  5
520
330
17
100
AcDbEntity
  8
P-FIXT
100
AcDbLine
 10
5.875
 20
9.378822142074249
 30
0.0
 11
5.890533008588991
 21
9.396700487116512
 31
0.0
  0
LINE
  5
521
330
17
100
AcDbEntity
  8
P-FIXT
100
AcDbLine
 10
5.890533008588991
 20
9.396700487116512
 30
0.0
 11
5.902451905283833
 21
9.419999999999998
 31
0.0
  0
LINE
  5
522
330
17
100
AcDbEntity
  8
P-FIXT
100
AcDbLine
 10
5.902451905283833
 20
9.419999999999998
 30
0.0
 11
5.9099444369716805
 21
9.447132857425967
 31
0.0
  0
LINE
  5
523
330
17
100
AcDbEntity
  8
P-FIXT
100
AcDbLine
 10
5.9099444369716805
 20
9.447132857425967
 30
0.0
 11
5.9125000000000005
 21
9.47625
 31
0.0
  0
TEXT
  5
524
330
17
100
AcDbEntity
  8
A-ANNO-TEXT
100
AcDbText
 10
6.0125
 20
9.15125
 30
0.0
 40
0.036
  1
WC
  7
KS-REG
 72
1
 11
6.0125
 21
9.15125
 31
0.0
100
AcDbText
  0
LINE
  5
525
330
17
100
AcDbEntity
  8
A-WALL-PRTN
100
AcDbLine
 10
6.275
 20
9.03875
 30
0.0
 11
6.65
 21
9.03875
 31
0.0
  0
LINE
  5
526
330
17
100
AcDbEntity
  8
A-WALL-PRTN
100
AcDbLine
 10
6.65
 20
9.03875
 30
0.0
 11
6.65
 21
9.66375
 31
0.0
  0
LINE
  5
527
330
17
100
AcDbEntity
  8
A-WALL-PRTN
100
AcDbLine
 10
6.65
 20
9.66375
 30
0.0
 11
6.275
 21
9.66375
 31
0.0
  0
LINE
  5
528
330
17
100
AcDbEntity
  8
A-WALL-PRTN
100
AcDbLine
 10
6.275
 20
9.66375
 30
0.0
 11
6.275
 21
9.03875
 31
0.0
  0
LWPOLYLINE
  5
529
330
17
100
AcDbEntity
  8
P-FIXT
100
AcDbPolyline
 90
4
 70
1
 10
6.362500000000001
 20
9.66375
 10
6.5625
 20
9.66375
 10
6.5625
 20
9.58875
 10
6.362500000000001
 20
9.58875
  0
LINE
  5
52A
330
17
100
AcDbEntity
  8
P-FIXT
100
AcDbLine
 10
6.5375000000000005
 20
9.47625
 30
0.0
 11
6.5349444369716805
 21
9.505367142574034
 31
0.0
  0
LINE
  5
52B
330
17
100
AcDbEntity
  8
P-FIXT
100
AcDbLine
 10
6.5349444369716805
 20
9.505367142574034
 30
0.0
 11
6.527451905283833
 21
9.532499999999999
 31
0.0
  0
LINE
  5
52C
330
17
100
AcDbEntity
  8
P-FIXT
100
AcDbLine
 10
6.527451905283833
 20
9.532499999999999
 30
0.0
 11
6.515533008588991
 21
9.555799512883485
 31
0.0
  0
LINE
  5
52D
330
17
100
AcDbEntity
  8
P-FIXT
100
AcDbLine
 10
6.515533008588991
 20
9.555799512883485
 30
0.0
 11
6.5
 21
9.573677857925748
 31
0.0
  0
LINE
  5
52E
330
17
100
AcDbEntity
  8
P-FIXT
100
AcDbLine
 10
6.5
 20
9.573677857925748
 30
0.0
 11
6.4819114283826895
 21
9.58491665545752
 31
0.0
  0
LINE
  5
52F
330
17
100
AcDbEntity
  8
P-FIXT
100
AcDbLine
 10
6.4819114283826895
 20
9.58491665545752
 30
0.0
 11
6.4625
 21
9.58875
 31
0.0
  0
LINE
  5
530
330
17
100
AcDbEntity
  8
P-FIXT
100
AcDbLine
 10
6.4625
 20
9.58875
 30
0.0
 11
6.443088571617311
 21
9.58491665545752
 31
0.0
  0
LINE
  5
531
330
17
100
AcDbEntity
  8
P-FIXT
100
AcDbLine
 10
6.443088571617311
 20
9.58491665545752
 30
0.0
 11
6.425000000000001
 21
9.573677857925748
 31
0.0
  0
LINE
  5
532
330
17
100
AcDbEntity
  8
P-FIXT
100
AcDbLine
 10
6.425000000000001
 20
9.573677857925748
 30
0.0
 11
6.409466991411009
 21
9.555799512883485
 31
0.0
  0
LINE
  5
533
330
17
100
AcDbEntity
  8
P-FIXT
100
AcDbLine
 10
6.409466991411009
 20
9.555799512883485
 30
0.0
 11
6.397548094716168
 21
9.532499999999999
 31
0.0
  0
LINE
  5
534
330
17
100
AcDbEntity
  8
P-FIXT
100
AcDbLine
 10
6.397548094716168
 20
9.532499999999999
 30
0.0
 11
6.39005556302832
 21
9.505367142574034
 31
0.0
  0
LINE
  5
535
330
17
100
AcDbEntity
  8
P-FIXT
100
AcDbLine
 10
6.39005556302832
 20
9.505367142574034
 30
0.0
 11
6.3875
 21
9.47625
 31
0.0
  0
LINE
  5
536
330
17
100
AcDbEntity
  8
P-FIXT
100
AcDbLine
 10
6.3875
 20
9.47625
 30
0.0
 11
6.39005556302832
 21
9.447132857425967
 31
0.0
  0
LINE
  5
537
330
17
100
AcDbEntity
  8
P-FIXT
100
AcDbLine
 10
6.39005556302832
 20
9.447132857425967
 30
0.0
 11
6.397548094716168
 21
9.419999999999998
 31
0.0
  0
LINE
  5
538
330
17
100
AcDbEntity
  8
P-FIXT
100
AcDbLine
 10
6.397548094716168
 20
9.419999999999998
 30
0.0
 11
6.409466991411009
 21
9.396700487116512
 31
0.0
  0
LINE
  5
539
330
17
100
AcDbEntity
  8
P-FIXT
100
AcDbLine
 10
6.409466991411009
 20
9.396700487116512
 30
0.0
 11
6.425000000000001
 21
9.378822142074249
 31
0.0
  0
LINE
  5
53A
330
17
100
AcDbEntity
  8
P-FIXT
100
AcDbLine
 10
6.425000000000001
 20
9.378822142074249
 30
0.0
 11
6.443088571617311
 21
9.367583344542478
 31
0.0
  0
LINE
  5
53B
330
17
100
AcDbEntity
  8
P-FIXT
100
AcDbLine
 10
6.443088571617311
 20
9.367583344542478
 30
0.0
 11
6.4625
 21
9.36375
 31
0.0
  0
LINE
  5
53C
330
17
100
AcDbEntity
  8
P-FIXT
100
AcDbLine
 10
6.4625
 20
9.36375
 30
0.0
 11
6.4819114283826895
 21
9.367583344542478
 31
0.0
  0
LINE
  5
53D
330
17
100
AcDbEntity
  8
P-FIXT
100
AcDbLine
 10
6.4819114283826895
 20
9.367583344542478
 30
0.0
 11
6.5
 21
9.378822142074249
 31
0.0
  0
LINE
  5
53E
330
17
100
AcDbEntity
  8
P-FIXT
100
AcDbLine
 10
6.5
 20
9.378822142074249
 30
0.0
 11
6.515533008588991
 21
9.396700487116512
 31
0.0
  0
LINE
  5
53F
330
17
100
AcDbEntity
  8
P-FIXT
100
AcDbLine
 10
6.515533008588991
 20
9.396700487116512
 30
0.0
 11
6.527451905283833
 21
9.419999999999998
 31
0.0
  0
LINE
  5
540
330
17
100
AcDbEntity
  8
P-FIXT
100
AcDbLine
 10
6.527451905283833
 20
9.419999999999998
 30
0.0
 11
6.5349444369716805
 21
9.447132857425967
 31
0.0
  0
LINE
  5
541
330
17
100
AcDbEntity
  8
P-FIXT
100
AcDbLine
 10
6.5349444369716805
 20
9.447132857425967
 30
0.0
 11
6.5375000000000005
 21
9.47625
 31
0.0
  0
TEXT
  5
542
330
17
100
AcDbEntity
  8
A-ANNO-TEXT
100
AcDbText
 10
6.4625
 20
9.15125
 30
0.0
 40
0.036
  1
AMB. WC
  7
KS-REG
 72
1
 11
6.4625
 21
9.15125
 31
0.0
100
AcDbText
  0
LINE
  5
543
330
17
100
AcDbEntity
  8
P-FIXT
100
AcDbLine
 10
5.65
 20
8.3
 30
0.0
 11
5.86875
 21
8.3
 31
0.0
  0
LINE
  5
544
330
17
100
AcDbEntity
  8
P-FIXT
100
AcDbLine
 10
5.86875
 20
8.3
 30
0.0
 11
5.86875
 21
8.6125
 31
0.0
  0
LINE
  5
545
330
17
100
AcDbEntity
  8
P-FIXT
100
AcDbLine
 10
5.86875
 20
8.6125
 30
0.0
 11
5.65
 21
8.6125
 31
0.0
  0
LINE
  5
546
330
17
100
AcDbEntity
  8
P-FIXT
100
AcDbLine
 10
5.65
 20
8.6125
 30
0.0
 11
5.65
 21
8.3
 31
0.0
  0
LINE
  5
547
330
17
100
AcDbEntity
  8
P-FIXT
100
AcDbLine
 10
5.828125
 20
8.45625
 30
0.0
 11
5.825782400557374
 21
8.48051428547836
 31
0.0
  0
LINE
  5
548
330
17
100
AcDbEntity
  8
P-FIXT
100
AcDbLine
 10
5.825782400557374
 20
8.48051428547836
 30
0.0
 11
5.818914246510181
 21
8.503125
 31
0.0
  0
LINE
  5
549
330
17
100
AcDbEntity
  8
P-FIXT
100
AcDbLine
 10
5.818914246510181
 20
8.503125
 30
0.0
 11
5.807988591206575
 21
8.522541260736238
 31
0.0
  0
LINE
  5
54A
330
17
100
AcDbEntity
  8
P-FIXT
100
AcDbLine
 10
5.807988591206575
 20
8.522541260736238
 30
0.0
 11
5.79375
 21
8.53743988160479
 31
0.0
  0
LINE
  5
54B
330
17
100
AcDbEntity
  8
P-FIXT
100
AcDbLine
 10
5.79375
 20
8.53743988160479
 30
0.0
 11
5.7771688093507985
 21
8.5468055462146
 31
0.0
  0
LINE
  5
54C
330
17
100
AcDbEntity
  8
P-FIXT
100
AcDbLine
 10
5.7771688093507985
 20
8.5468055462146
 30
0.0
 11
5.759375
 21
8.55
 31
0.0
  0
LINE
  5
54D
330
17
100
AcDbEntity
  8
P-FIXT
100
AcDbLine
 10
5.759375
 20
8.55
 30
0.0
 11
5.741581190649202
 21
8.5468055462146
 31
0.0
  0
LINE
  5
54E
330
17
100
AcDbEntity
  8
P-FIXT
100
AcDbLine
 10
5.741581190649202
 20
8.5468055462146
 30
0.0
 11
5.7250000000000005
 21
8.53743988160479
 31
0.0
  0
LINE
  5
54F
330
17
100
AcDbEntity
  8
P-FIXT
100
AcDbLine
 10
5.7250000000000005
 20
8.53743988160479
 30
0.0
 11
5.7107614087934255
 21
8.522541260736238
 31
0.0
  0
LINE
  5
550
330
17
100
AcDbEntity
  8
P-FIXT
100
AcDbLine
 10
5.7107614087934255
 20
8.522541260736238
 30
0.0
 11
5.69983575348982
 21
8.503125
 31
0.0
  0
LINE
  5
551
330
17
100
AcDbEntity
  8
P-FIXT
100
AcDbLine
 10
5.69983575348982
 20
8.503125
 30
0.0
 11
5.6929675994426265
 21
8.48051428547836
 31
0.0
  0
LINE
  5
552
330
17
100
AcDbEntity
  8
P-FIXT
100
AcDbLine
 10
5.6929675994426265
 20
8.48051428547836
 30
0.0
 11
5.690625000000001
 21
8.45625
 31
0.0
  0
LINE
  5
553
330
17
100
AcDbEntity
  8
P-FIXT
100
AcDbLine
 10
5.690625000000001
 20
8.45625
 30
0.0
 11
5.6929675994426265
 21
8.431985714521637
 31
0.0
  0
LINE
  5
554
330
17
100
AcDbEntity
  8
P-FIXT
100
AcDbLine
 10
5.6929675994426265
 20
8.431985714521637
 30
0.0
 11
5.69983575348982
 21
8.409375
 31
0.0
  0
LINE
  5
555
330
17
100
AcDbEntity
  8
P-FIXT
100
AcDbLine
 10
5.69983575348982
 20
8.409375
 30
0.0
 11
5.7107614087934255
 21
8.389958739263761
 31
0.0
  0
LINE
  5
556
330
17
100
AcDbEntity
  8
P-FIXT
100
AcDbLine
 10
5.7107614087934255
 20
8.389958739263761
 30
0.0
 11
5.7250000000000005
 21
8.375060118395208
 31
0.0
  0
LINE
  5
557
330
17
100
AcDbEntity
  8
P-FIXT
100
AcDbLine
 10
5.7250000000000005
 20
8.375060118395208
 30
0.0
 11
5.741581190649202
 21
8.3656944537854
 31
0.0
  0
LINE
  5
558
330
17
100
AcDbEntity
  8
P-FIXT
100
AcDbLine
 10
5.741581190649202
 20
8.3656944537854
 30
0.0
 11
5.759375
 21
8.3625
 31
0.0
  0
LINE
  5
559
330
17
100
AcDbEntity
  8
P-FIXT
100
AcDbLine
 10
5.759375
 20
8.3625
 30
0.0
 11
5.7771688093507985
 21
8.3656944537854
 31
0.0
  0
LINE
  5
55A
330
17
100
AcDbEntity
  8
P-FIXT
100
AcDbLine
 10
5.7771688093507985
 20
8.3656944537854
 30
0.0
 11
5.79375
 21
8.375060118395208
 31
0.0
  0
LINE
  5
55B
330
17
100
AcDbEntity
  8
P-FIXT
100
AcDbLine
 10
5.79375
 20
8.375060118395208
 30
0.0
 11
5.807988591206575
 21
8.389958739263761
 31
0.0
  0
LINE
  5
55C
330
17
100
AcDbEntity
  8
P-FIXT
100
AcDbLine
 10
5.807988591206575
 20
8.389958739263761
 30
0.0
 11
5.818914246510181
 21
8.409375
 31
0.0
  0
LINE
  5
55D
330
17
100
AcDbEntity
  8
P-FIXT
100
AcDbLine
 10
5.818914246510181
 20
8.409375
 30
0.0
 11
5.825782400557374
 21
8.431985714521637
 31
0.0
  0
LINE
  5
55E
330
17
100
AcDbEntity
  8
P-FIXT
100
AcDbLine
 10
5.825782400557374
 20
8.431985714521637
 30
0.0
 11
5.828125
 21
8.45625
 31
0.0
  0
TEXT
  5
55F
330
17
100
AcDbEntity
  8
A-ANNO-TEXT
100
AcDbText
 10
5.893750000000001
 20
8.41875
 30
0.0
 40
0.039999999999999994
  1
A
  7
KS-BOLD
 11
5.893750000000001
 21
8.41875
 31
0.0
100
AcDbText
  0
LINE
  5
560
330
17
100
AcDbEntity
  8
P-FIXT
100
AcDbLine
 10
5.65
 20
8.6125
 30
0.0
 11
5.86875
 21
8.6125
 31
0.0
  0
LINE
  5
561
330
17
100
AcDbEntity
  8
P-FIXT
100
AcDbLine
 10
5.86875
 20
8.6125
 30
0.0
 11
5.86875
 21
8.925
 31
0.0
  0
LINE
  5
562
330
17
100
AcDbEntity
  8
P-FIXT
100
AcDbLine
 10
5.86875
 20
8.925
 30
0.0
 11
5.65
 21
8.925
 31
0.0
  0
LINE
  5
563
330
17
100
AcDbEntity
  8
P-FIXT
100
AcDbLine
 10
5.65
 20
8.925
 30
0.0
 11
5.65
 21
8.6125
 31
0.0
  0
LINE
  5
564
330
17
100
AcDbEntity
  8
P-FIXT
100
AcDbLine
 10
5.828125
 20
8.76875
 30
0.0
 11
5.825782400557374
 21
8.79301428547836
 31
0.0
  0
LINE
  5
565
330
17
100
AcDbEntity
  8
P-FIXT
100
AcDbLine
 10
5.825782400557374
 20
8.79301428547836
 30
0.0
 11
5.818914246510181
 21
8.815625
 31
0.0
  0
LINE
  5
566
330
17
100
AcDbEntity
  8
P-FIXT
100
AcDbLine
 10
5.818914246510181
 20
8.815625
 30
0.0
 11
5.807988591206575
 21
8.835041260736238
 31
0.0
  0
LINE
  5
567
330
17
100
AcDbEntity
  8
P-FIXT
100
AcDbLine
 10
5.807988591206575
 20
8.835041260736238
 30
0.0
 11
5.79375
 21
8.84993988160479
 31
0.0
  0
LINE
  5
568
330
17
100
AcDbEntity
  8
P-FIXT
100
AcDbLine
 10
5.79375
 20
8.84993988160479
 30
0.0
 11
5.7771688093507985
 21
8.8593055462146
 31
0.0
  0
LINE
  5
569
330
17
100
AcDbEntity
  8
P-FIXT
100
AcDbLine
 10
5.7771688093507985
 20
8.8593055462146
 30
0.0
 11
5.759375
 21
8.8625
 31
0.0
  0
LINE
  5
56A
330
17
100
AcDbEntity
  8
P-FIXT
100
AcDbLine
 10
5.759375
 20
8.8625
 30
0.0
 11
5.741581190649202
 21
8.8593055462146
 31
0.0
  0
LINE
  5
56B
330
17
100
AcDbEntity
  8
P-FIXT
100
AcDbLine
 10
5.741581190649202
 20
8.8593055462146
 30
0.0
 11
5.7250000000000005
 21
8.84993988160479
 31
0.0
  0
LINE
  5
56C
330
17
100
AcDbEntity
  8
P-FIXT
100
AcDbLine
 10
5.7250000000000005
 20
8.84993988160479
 30
0.0
 11
5.7107614087934255
 21
8.835041260736238
 31
0.0
  0
LINE
  5
56D
330
17
100
AcDbEntity
  8
P-FIXT
100
AcDbLine
 10
5.7107614087934255
 20
8.835041260736238
 30
0.0
 11
5.69983575348982
 21
8.815625
 31
0.0
  0
LINE
  5
56E
330
17
100
AcDbEntity
  8
P-FIXT
100
AcDbLine
 10
5.69983575348982
 20
8.815625
 30
0.0
 11
5.6929675994426265
 21
8.79301428547836
 31
0.0
  0
LINE
  5
56F
330
17
100
AcDbEntity
  8
P-FIXT
100
AcDbLine
 10
5.6929675994426265
 20
8.79301428547836
 30
0.0
 11
5.690625000000001
 21
8.76875
 31
0.0
  0
LINE
  5
570
330
17
100
AcDbEntity
  8
P-FIXT
100
AcDbLine
 10
5.690625000000001
 20
8.76875
 30
0.0
 11
5.6929675994426265
 21
8.744485714521637
 31
0.0
  0
LINE
  5
571
330
17
100
AcDbEntity
  8
P-FIXT
100
AcDbLine
 10
5.6929675994426265
 20
8.744485714521637
 30
0.0
 11
5.69983575348982
 21
8.721875
 31
0.0
  0
LINE
  5
572
330
17
100
AcDbEntity
  8
P-FIXT
100
AcDbLine
 10
5.69983575348982
 20
8.721875
 30
0.0
 11
5.7107614087934255
 21
8.702458739263761
 31
0.0
  0
LINE
  5
573
330
17
100
AcDbEntity
  8
P-FIXT
100
AcDbLine
 10
5.7107614087934255
 20
8.702458739263761
 30
0.0
 11
5.7250000000000005
 21
8.687560118395208
 31
0.0
  0
LINE
  5
574
330
17
100
AcDbEntity
  8
P-FIXT
100
AcDbLine
 10
5.7250000000000005
 20
8.687560118395208
 30
0.0
 11
5.741581190649202
 21
8.6781944537854
 31
0.0
  0
LINE
  5
575
330
17
100
AcDbEntity
  8
P-FIXT
100
AcDbLine
 10
5.741581190649202
 20
8.6781944537854
 30
0.0
 11
5.759375
 21
8.675
 31
0.0
  0
LINE
  5
576
330
17
100
AcDbEntity
  8
P-FIXT
100
AcDbLine
 10
5.759375
 20
8.675
 30
0.0
 11
5.7771688093507985
 21
8.6781944537854
 31
0.0
  0
LINE
  5
577
330
17
100
AcDbEntity
  8
P-FIXT
100
AcDbLine
 10
5.7771688093507985
 20
8.6781944537854
 30
0.0
 11
5.79375
 21
8.687560118395208
 31
0.0
  0
LINE
  5
578
330
17
100
AcDbEntity
  8
P-FIXT
100
AcDbLine
 10
5.79375
 20
8.687560118395208
 30
0.0
 11
5.807988591206575
 21
8.702458739263761
 31
0.0
  0
LINE
  5
579
330
17
100
AcDbEntity
  8
P-FIXT
100
AcDbLine
 10
5.807988591206575
 20
8.702458739263761
 30
0.0
 11
5.818914246510181
 21
8.721875
 31
0.0
  0
LINE
  5
57A
330
17
100
AcDbEntity
  8
P-FIXT
100
AcDbLine
 10
5.818914246510181
 20
8.721875
 30
0.0
 11
5.825782400557374
 21
8.744485714521637
 31
0.0
  0
LINE
  5
57B
330
17
100
AcDbEntity
  8
P-FIXT
100
AcDbLine
 10
5.825782400557374
 20
8.744485714521637
 30
0.0
 11
5.828125
 21
8.76875
 31
0.0
  0
LINE
  5
57C
330
17
100
AcDbEntity
  8
A-CLER-ADA
100
AcDbLine
 10
5.86875
 20
8.3
 30
0.0
 11
5.9037500000000005
 21
8.3
 31
0.0
  0
LINE
  5
57D
330
17
100
AcDbEntity
  8
A-CLER-ADA
100
AcDbLine
 10
5.92875
 20
8.3
 30
0.0
 11
5.96375
 21
8.3
 31
0.0
  0
LINE
  5
57E
330
17
100
AcDbEntity
  8
A-CLER-ADA
100
AcDbLine
 10
5.9887500000000005
 20
8.3
 30
0.0
 11
6.023750000000001
 21
8.3
 31
0.0
  0
LINE
  5
57F
330
17
100
AcDbEntity
  8
A-CLER-ADA
100
AcDbLine
 10
6.04875
 20
8.3
 30
0.0
 11
6.08375
 21
8.3
 31
0.0
  0
LINE
  5
580
330
17
100
AcDbEntity
  8
A-CLER-ADA
100
AcDbLine
 10
6.108750000000001
 20
8.3
 30
0.0
 11
6.143750000000001
 21
8.3
 31
0.0
  0
LINE
  5
581
330
17
100
AcDbEntity
  8
A-CLER-ADA
100
AcDbLine
 10
6.16875
 20
8.3
 30
0.0
 11
6.20375
 21
8.3
 31
0.0
  0
LINE
  5
582
330
17
100
AcDbEntity
  8
A-CLER-ADA
100
AcDbLine
 10
6.228750000000001
 20
8.3
 30
0.0
 11
6.263750000000001
 21
8.3
 31
0.0
  0
LINE
  5
583
330
17
100
AcDbEntity
  8
A-CLER-ADA
100
AcDbLine
 10
6.28875
 20
8.3
 30
0.0
 11
6.32375
 21
8.3
 31
0.0
  0
LINE
  5
584
330
17
100
AcDbEntity
  8
A-CLER-ADA
100
AcDbLine
 10
6.348750000000001
 20
8.3
 30
0.0
 11
6.36875
 21
8.3
 31
0.0
  0
LINE
  5
585
330
17
100
AcDbEntity
  8
A-CLER-ADA
100
AcDbLine
 10
6.36875
 20
8.3
 30
0.0
 11
6.36875
 21
8.335
 31
0.0
  0
LINE
  5
586
330
17
100
AcDbEntity
  8
A-CLER-ADA
100
AcDbLine
 10
6.36875
 20
8.360000000000001
 30
0.0
 11
6.36875
 21
8.395000000000001
 31
0.0
  0
LINE
  5
587
330
17
100
AcDbEntity
  8
A-CLER-ADA
100
AcDbLine
 10
6.36875
 20
8.42
 30
0.0
 11
6.36875
 21
8.455
 31
0.0
  0
LINE
  5
588
330
17
100
AcDbEntity
  8
A-CLER-ADA
100
AcDbLine
 10
6.36875
 20
8.48
 30
0.0
 11
6.36875
 21
8.515
 31
0.0
  0
LINE
  5
589
330
17
100
AcDbEntity
  8
A-CLER-ADA
100
AcDbLine
 10
6.36875
 20
8.540000000000001
 30
0.0
 11
6.36875
 21
8.575000000000001
 31
0.0
  0
LINE
  5
58A
330
17
100
AcDbEntity
  8
A-CLER-ADA
100
AcDbLine
 10
6.36875
 20
8.600000000000001
 30
0.0
 11
6.36875
 21
8.6125
 31
0.0
  0
LINE
  5
58B
330
17
100
AcDbEntity
  8
A-CLER-ADA
100
AcDbLine
 10
6.36875
 20
8.6125
 30
0.0
 11
6.33375
 21
8.6125
 31
0.0
  0
LINE
  5
58C
330
17
100
AcDbEntity
  8
A-CLER-ADA
100
AcDbLine
 10
6.308750000000001
 20
8.6125
 30
0.0
 11
6.273750000000001
 21
8.6125
 31
0.0
  0
LINE
  5
58D
330
17
100
AcDbEntity
  8
A-CLER-ADA
100
AcDbLine
 10
6.24875
 20
8.6125
 30
0.0
 11
6.21375
 21
8.6125
 31
0.0
  0
LINE
  5
58E
330
17
100
AcDbEntity
  8
A-CLER-ADA
100
AcDbLine
 10
6.188750000000001
 20
8.6125
 30
0.0
 11
6.1537500000000005
 21
8.6125
 31
0.0
  0
LINE
  5
58F
330
17
100
AcDbEntity
  8
A-CLER-ADA
100
AcDbLine
 10
6.12875
 20
8.6125
 30
0.0
 11
6.09375
 21
8.6125
 31
0.0
  0
LINE
  5
590
330
17
100
AcDbEntity
  8
A-CLER-ADA
100
AcDbLine
 10
6.0687500000000005
 20
8.6125
 30
0.0
 11
6.03375
 21
8.6125
 31
0.0
  0
LINE
  5
591
330
17
100
AcDbEntity
  8
A-CLER-ADA
100
AcDbLine
 10
6.00875
 20
8.6125
 30
0.0
 11
5.97375
 21
8.6125
 31
0.0
  0
LINE
  5
592
330
17
100
AcDbEntity
  8
A-CLER-ADA
100
AcDbLine
 10
5.94875
 20
8.6125
 30
0.0
 11
5.91375
 21
8.6125
 31
0.0
  0
LINE
  5
593
330
17
100
AcDbEntity
  8
A-CLER-ADA
100
AcDbLine
 10
5.88875
 20
8.6125
 30
0.0
 11
5.86875
 21
8.6125
 31
0.0
  0
LINE
  5
594
330
17
100
AcDbEntity
  8
A-CLER-ADA
100
AcDbLine
 10
5.86875
 20
8.6125
 30
0.0
 11
5.86875
 21
8.5775
 31
0.0
  0
LINE
  5
595
330
17
100
AcDbEntity
  8
A-CLER-ADA
100
AcDbLine
 10
5.86875
 20
8.5525
 30
0.0
 11
5.86875
 21
8.5175
 31
0.0
  0
LINE
  5
596
330
17
100
AcDbEntity
  8
A-CLER-ADA
100
AcDbLine
 10
5.86875
 20
8.492500000000001
 30
0.0
 11
5.86875
 21
8.457500000000001
 31
0.0
  0
LINE
  5
597
330
17
100
AcDbEntity
  8
A-CLER-ADA
100
AcDbLine
 10
5.86875
 20
8.432500000000001
 30
0.0
 11
5.86875
 21
8.3975
 31
0.0
  0
LINE
  5
598
330
17
100
AcDbEntity
  8
A-CLER-ADA
100
AcDbLine
 10
5.86875
 20
8.3725
 30
0.0
 11
5.86875
 21
8.3375
 31
0.0
  0
LINE
  5
599
330
17
100
AcDbEntity
  8
A-CLER-ADA
100
AcDbLine
 10
5.86875
 20
8.3125
 30
0.0
 11
5.86875
 21
8.3
 31
0.0
  0
TEXT
  5
59A
330
17
100
AcDbEntity
  8
A-CLER-ADA
100
AcDbText
 10
6.11875
 20
8.41875
 30
0.0
 40
0.033999999999999996
  1
30x48
  7
KS-REG
 72
1
 11
6.11875
 21
8.41875
 31
0.0
100
AcDbText
  0
LINE
  5
59B
330
17
100
AcDbEntity
  8
A-CLER-ADA
100
AcDbLine
 10
6.775
 20
8.6625
 30
0.0
 11
6.764351820715334
 21
8.743380951594538
 31
0.0
  0
LINE
  5
59C
330
17
100
AcDbEntity
  8
A-CLER-ADA
100
AcDbLine
 10
6.733132938682638
 20
8.81875
 30
0.0
 11
6.6834708691207965
 21
8.883470869120796
 31
0.0
  0
LINE
  5
59D
330
17
100
AcDbEntity
  8
A-CLER-ADA
100
AcDbLine
 10
6.61875
 20
8.933132938682636
 30
0.0
 11
6.543380951594538
 21
8.964351820715333
 31
0.0
  0
LINE
  5
59E
330
17
100
AcDbEntity
  8
A-CLER-ADA
100
AcDbLine
 10
6.4625
 20
8.975
 30
0.0
 11
6.3816190484054625
 21
8.964351820715333
 31
0.0
  0
LINE
  5
59F
330
17
100
AcDbEntity
  8
A-CLER-ADA
100
AcDbLine
 10
6.30625
 20
8.933132938682636
 30
0.0
 11
6.241529130879204
 21
8.883470869120796
 31
0.0
  0
LINE
  5
5A0
330
17
100
AcDbEntity
  8
A-CLER-ADA
100
AcDbLine
 10
6.191867061317363
 20
8.81875
 30
0.0
 11
6.160648179284666
 21
8.743380951594538
 31
0.0
  0
LINE
  5
5A1
330
17
100
AcDbEntity
  8
A-CLER-ADA
100
AcDbLine
 10
6.15
 20
8.6625
 30
0.0
 11
6.160648179284666
 21
8.58161904840546
 31
0.0
  0
LINE
  5
5A2
330
17
100
AcDbEntity
  8
A-CLER-ADA
100
AcDbLine
 10
6.191867061317363
 20
8.50625
 30
0.0
 11
6.241529130879204
 21
8.441529130879204
 31
0.0
  0
LINE
  5
5A3
330
17
100
AcDbEntity
  8
A-CLER-ADA
100
AcDbLine
 10
6.30625
 20
8.391867061317363
 30
0.0
 11
6.3816190484054625
 21
8.360648179284667
 31
0.0
  0
LINE
  5
5A4
330
17
100
AcDbEntity
  8
A-CLER-ADA
100
AcDbLine
 10
6.4625
 20
8.35
 30
0.0
 11
6.543380951594538
 21
8.360648179284667
 31
0.0
  0
LINE
  5
5A5
330
17
100
AcDbEntity
  8
A-CLER-ADA
100
AcDbLine
 10
6.61875
 20
8.391867061317363
 30
0.0
 11
6.6834708691207965
 21
8.441529130879204
 31
0.0
  0
LINE
  5
5A6
330
17
100
AcDbEntity
  8
A-CLER-ADA
100
AcDbLine
 10
6.733132938682637
 20
8.50625
 30
0.0
 11
6.764351820715334
 21
8.58161904840546
 31
0.0
  0
TEXT
  5
5A7
330
17
100
AcDbEntity
  8
A-CLER-ADA
100
AcDbText
 10
6.4625
 20
8.625
 30
0.0
 40
0.036
  1
60" TURN
  7
KS-REG
 72
1
 11
6.4625
 21
8.625
 31
0.0
100
AcDbText
  0
LINE
  5
5A8
330
17
100
AcDbEntity
  8
P-FIXT
100
AcDbLine
 10
7.0875
 20
9.35125
 30
0.0
 11
7.7125
 21
9.35125
 31
0.0
  0
LINE
  5
5A9
330
17
100
AcDbEntity
  8
P-FIXT
100
AcDbLine
 10
7.7125
 20
9.35125
 30
0.0
 11
7.7125
 21
9.66375
 31
0.0
  0
LINE
  5
5AA
330
17
100
AcDbEntity
  8
P-FIXT
100
AcDbLine
 10
7.7125
 20
9.66375
 30
0.0
 11
7.0875
 21
9.66375
 31
0.0
  0
LINE
  5
5AB
330
17
100
AcDbEntity
  8
P-FIXT
100
AcDbLine
 10
7.0875
 20
9.66375
 30
0.0
 11
7.0875
 21
9.35125
 31
0.0
  0
LINE
  5
5AC
330
17
100
AcDbEntity
  8
P-FIXT
100
AcDbLine
 10
7.0875
 20
9.35125
 30
0.0
 11
7.7125
 21
9.66375
 31
0.0
  0
LINE
  5
5AD
330
17
100
AcDbEntity
  8
P-FIXT
100
AcDbLine
 10
7.0875
 20
9.66375
 30
0.0
 11
7.7125
 21
9.35125
 31
0.0
  0
TEXT
  5
5AE
330
17
100
AcDbEntity
  8
A-ANNO-TEXT
100
AcDbText
 10
7.4
 20
9.53875
 30
0.0
 40
0.036
  1
ROLL-IN
  7
KS-BOLD
 72
1
 11
7.4
 21
9.53875
 31
0.0
100
AcDbText
  0
LINE
  5
5AF
330
17
100
AcDbEntity
  8
A-CLER-ADA
100
AcDbLine
 10
7.0875
 20
9.03875
 30
0.0
 11
7.1225000000000005
 21
9.03875
 31
0.0
  0
LINE
  5
5B0
330
17
100
AcDbEntity
  8
A-CLER-ADA
100
AcDbLine
 10
7.1475
 20
9.03875
 30
0.0
 11
7.1825
 21
9.03875
 31
0.0
  0
LINE
  5
5B1
330
17
100
AcDbEntity
  8
A-CLER-ADA
100
AcDbLine
 10
7.2075000000000005
 20
9.03875
 30
0.0
 11
7.242500000000001
 21
9.03875
 31
0.0
  0
LINE
  5
5B2
330
17
100
AcDbEntity
  8
A-CLER-ADA
100
AcDbLine
 10
7.2675
 20
9.03875
 30
0.0
 11
7.3025
 21
9.03875
 31
0.0
  0
LINE
  5
5B3
330
17
100
AcDbEntity
  8
A-CLER-ADA
100
AcDbLine
 10
7.327500000000001
 20
9.03875
 30
0.0
 11
7.362500000000001
 21
9.03875
 31
0.0
  0
LINE
  5
5B4
330
17
100
AcDbEntity
  8
A-CLER-ADA
100
AcDbLine
 10
7.3875
 20
9.03875
 30
0.0
 11
7.4225
 21
9.03875
 31
0.0
  0
LINE
  5
5B5
330
17
100
AcDbEntity
  8
A-CLER-ADA
100
AcDbLine
 10
7.447500000000001
 20
9.03875
 30
0.0
 11
7.482500000000001
 21
9.03875
 31
0.0
  0
LINE
  5
5B6
330
17
100
AcDbEntity
  8
A-CLER-ADA
100
AcDbLine
 10
7.5075
 20
9.03875
 30
0.0
 11
7.5425
 21
9.03875
 31
0.0
  0
LINE
  5
5B7
330
17
100
AcDbEntity
  8
A-CLER-ADA
100
AcDbLine
 10
7.567500000000001
 20
9.03875
 30
0.0
 11
7.602500000000001
 21
9.03875
 31
0.0
  0
LINE
  5
5B8
330
17
100
AcDbEntity
  8
A-CLER-ADA
100
AcDbLine
 10
7.6275
 20
9.03875
 30
0.0
 11
7.6625000000000005
 21
9.03875
 31
0.0
  0
LINE
  5
5B9
330
17
100
AcDbEntity
  8
A-CLER-ADA
100
AcDbLine
 10
7.687500000000001
 20
9.03875
 30
0.0
 11
7.7125
 21
9.03875
 31
0.0
  0
LINE
  5
5BA
330
17
100
AcDbEntity
  8
A-CLER-ADA
100
AcDbLine
 10
7.7125
 20
9.03875
 30
0.0
 11
7.7125
 21
9.07375
 31
0.0
  0
LINE
  5
5BB
330
17
100
AcDbEntity
  8
A-CLER-ADA
100
AcDbLine
 10
7.7125
 20
9.09875
 30
0.0
 11
7.7125
 21
9.133750000000001
 31
0.0
  0
LINE
  5
5BC
330
17
100
AcDbEntity
  8
A-CLER-ADA
100
AcDbLine
 10
7.7125
 20
9.15875
 30
0.0
 11
7.7125
 21
9.19375
 31
0.0
  0
LINE
  5
5BD
330
17
100
AcDbEntity
  8
A-CLER-ADA
100
AcDbLine
 10
7.7125
 20
9.21875
 30
0.0
 11
7.7125
 21
9.25375
 31
0.0
  0
LINE
  5
5BE
330
17
100
AcDbEntity
  8
A-CLER-ADA
100
AcDbLine
 10
7.7125
 20
9.27875
 30
0.0
 11
7.7125
 21
9.31375
 31
0.0
  0
LINE
  5
5BF
330
17
100
AcDbEntity
  8
A-CLER-ADA
100
AcDbLine
 10
7.7125
 20
9.338750000000001
 30
0.0
 11
7.7125
 21
9.35125
 31
0.0
  0
LINE
  5
5C0
330
17
100
AcDbEntity
  8
A-CLER-ADA
100
AcDbLine
 10
7.7125
 20
9.35125
 30
0.0
 11
7.6775
 21
9.35125
 31
0.0
  0
LINE
  5
5C1
330
17
100
AcDbEntity
  8
A-CLER-ADA
100
AcDbLine
 10
7.652500000000001
 20
9.35125
 30
0.0
 11
7.617500000000001
 21
9.35125
 31
0.0
  0
LINE
  5
5C2
330
17
100
AcDbEntity
  8
A-CLER-ADA
100
AcDbLine
 10
7.5925
 20
9.35125
 30
0.0
 11
7.5575
 21
9.35125
 31
0.0
  0
LINE
  5
5C3
330
17
100
AcDbEntity
  8
A-CLER-ADA
100
AcDbLine
 10
7.532500000000001
 20
9.35125
 30
0.0
 11
7.4975000000000005
 21
9.35125
 31
0.0
  0
LINE
  5
5C4
330
17
100
AcDbEntity
  8
A-CLER-ADA
100
AcDbLine
 10
7.4725
 20
9.35125
 30
0.0
 11
7.4375
 21
9.35125
 31
0.0
  0
LINE
  5
5C5
330
17
100
AcDbEntity
  8
A-CLER-ADA
100
AcDbLine
 10
7.4125000000000005
 20
9.35125
 30
0.0
 11
7.3775
 21
9.35125
 31
0.0
  0
LINE
  5
5C6
330
17
100
AcDbEntity
  8
A-CLER-ADA
100
AcDbLine
 10
7.3525
 20
9.35125
 30
0.0
 11
7.3175
 21
9.35125
 31
0.0
  0
LINE
  5
5C7
330
17
100
AcDbEntity
  8
A-CLER-ADA
100
AcDbLine
 10
7.2925
 20
9.35125
 30
0.0
 11
7.2575
 21
9.35125
 31
0.0
  0
LINE
  5
5C8
330
17
100
AcDbEntity
  8
A-CLER-ADA
100
AcDbLine
 10
7.2325
 20
9.35125
 30
0.0
 11
7.1975
 21
9.35125
 31
0.0
  0
LINE
  5
5C9
330
17
100
AcDbEntity
  8
A-CLER-ADA
100
AcDbLine
 10
7.1725
 20
9.35125
 30
0.0
 11
7.1375
 21
9.35125
 31
0.0
  0
LINE
  5
5CA
330
17
100
AcDbEntity
  8
A-CLER-ADA
100
AcDbLine
 10
7.1125
 20
9.35125
 30
0.0
 11
7.0875
 21
9.35125
 31
0.0
  0
LINE
  5
5CB
330
17
100
AcDbEntity
  8
A-CLER-ADA
100
AcDbLine
 10
7.0875
 20
9.35125
 30
0.0
 11
7.0875
 21
9.31625
 31
0.0
  0
LINE
  5
5CC
330
17
100
AcDbEntity
  8
A-CLER-ADA
100
AcDbLine
 10
7.0875
 20
9.29125
 30
0.0
 11
7.0875
 21
9.25625
 31
0.0
  0
LINE
  5
5CD
330
17
100
AcDbEntity
  8
A-CLER-ADA
100
AcDbLine
 10
7.0875
 20
9.231250000000001
 30
0.0
 11
7.0875
 21
9.196250000000001
 31
0.0
  0
LINE
  5
5CE
330
17
100
AcDbEntity
  8
A-CLER-ADA
100
AcDbLine
 10
7.0875
 20
9.17125
 30
0.0
 11
7.0875
 21
9.13625
 31
0.0
  0
LINE
  5
5CF
330
17
100
AcDbEntity
  8
A-CLER-ADA
100
AcDbLine
 10
7.0875
 20
9.11125
 30
0.0
 11
7.0875
 21
9.07625
 31
0.0
  0
LINE
  5
5D0
330
17
100
AcDbEntity
  8
A-CLER-ADA
100
AcDbLine
 10
7.0875
 20
9.05125
 30
0.0
 11
7.0875
 21
9.03875
 31
0.0
  0
TEXT
  5
5D1
330
17
100
AcDbEntity
  8
A-CLER-ADA
100
AcDbText
 10
7.4
 20
9.157499999999999
 30
0.0
 40
0.033999999999999996
  1
30x60
  7
KS-REG
 72
1
 11
7.4
 21
9.157499999999999
 31
0.0
100
AcDbText
  0
LINE
  5
5D2
330
17
100
AcDbEntity
  8
P-FIXT
100
AcDbLine
 10
8.025
 20
8.2375
 30
0.0
 11
8.4
 21
8.2375
 31
0.0
  0
LINE
  5
5D3
330
17
100
AcDbEntity
  8
P-FIXT
100
AcDbLine
 10
8.4
 20
8.2375
 30
0.0
 11
8.4
 21
8.6125
 31
0.0
  0
LINE
  5
5D4
330
17
100
AcDbEntity
  8
P-FIXT
100
AcDbLine
 10
8.4
 20
8.6125
 30
0.0
 11
8.025
 21
8.6125
 31
0.0
  0
LINE
  5
5D5
330
17
100
AcDbEntity
  8
P-FIXT
100
AcDbLine
 10
8.025
 20
8.6125
 30
0.0
 11
8.025
 21
8.2375
 31
0.0
  0
LINE
  5
5D6
330
17
100
AcDbEntity
  8
P-FIXT
100
AcDbLine
 10
8.025
 20
8.2375
 30
0.0
 11
8.4
 21
8.6125
 31
0.0
  0
LINE
  5
5D7
330
17
100
AcDbEntity
  8
P-FIXT
100
AcDbLine
 10
8.025
 20
8.6125
 30
0.0
 11
8.4
 21
8.2375
 31
0.0
  0
LINE
  5
5D8
330
17
100
AcDbEntity
  8
P-FIXT
100
AcDbLine
 10
8.025
 20
8.6125
 30
0.0
 11
8.4
 21
8.6125
 31
0.0
  0
LINE
  5
5D9
330
17
100
AcDbEntity
  8
P-FIXT
100
AcDbLine
 10
8.4
 20
8.6125
 30
0.0
 11
8.4
 21
8.9875
 31
0.0
  0
LINE
  5
5DA
330
17
100
AcDbEntity
  8
P-FIXT
100
AcDbLine
 10
8.4
 20
8.9875
 30
0.0
 11
8.025
 21
8.9875
 31
0.0
  0
LINE
  5
5DB
330
17
100
AcDbEntity
  8
P-FIXT
100
AcDbLine
 10
8.025
 20
8.9875
 30
0.0
 11
8.025
 21
8.6125
 31
0.0
  0
LINE
  5
5DC
330
17
100
AcDbEntity
  8
P-FIXT
100
AcDbLine
 10
8.025
 20
8.6125
 30
0.0
 11
8.4
 21
8.9875
 31
0.0
  0
LINE
  5
5DD
330
17
100
AcDbEntity
  8
P-FIXT
100
AcDbLine
 10
8.025
 20
8.9875
 30
0.0
 11
8.4
 21
8.6125
 31
0.0
  0
LINE
  5
5DE
330
17
100
AcDbEntity
  8
P-FIXT
100
AcDbLine
 10
8.025
 20
8.9875
 30
0.0
 11
8.4
 21
8.9875
 31
0.0
  0
LINE
  5
5DF
330
17
100
AcDbEntity
  8
P-FIXT
100
AcDbLine
 10
8.4
 20
8.9875
 30
0.0
 11
8.4
 21
9.3625
 31
0.0
  0
LINE
  5
5E0
330
17
100
AcDbEntity
  8
P-FIXT
100
AcDbLine
 10
8.4
 20
9.3625
 30
0.0
 11
8.025
 21
9.3625
 31
0.0
  0
LINE
  5
5E1
330
17
100
AcDbEntity
  8
P-FIXT
100
AcDbLine
 10
8.025
 20
9.3625
 30
0.0
 11
8.025
 21
8.9875
 31
0.0
  0
LINE
  5
5E2
330
17
100
AcDbEntity
  8
P-FIXT
100
AcDbLine
 10
8.025
 20
8.9875
 30
0.0
 11
8.4
 21
9.3625
 31
0.0
  0
LINE
  5
5E3
330
17
100
AcDbEntity
  8
P-FIXT
100
AcDbLine
 10
8.025
 20
9.3625
 30
0.0
 11
8.4
 21
8.9875
 31
0.0
  0
TEXT
  5
5E4
330
17
100
AcDbEntity
  8
A-ANNO-TEXT
100
AcDbText
 10
7.525
 20
8.6
 30
0.0
 40
0.039999999999999994
  1
DRYING
  7
KS-REG
 72
1
 11
7.525
 21
8.6
 31
0.0
100
AcDbText
  0
LINE
  5
5E5
330
17
100
AcDbEntity
  8
P-FIXT
100
AcDbLine
 10
8.2125
 20
5.05
 30
0.0
 11
8.4
 21
5.05
 31
0.0
  0
LINE
  5
5E6
330
17
100
AcDbEntity
  8
P-FIXT
100
AcDbLine
 10
8.4
 20
5.05
 30
0.0
 11
8.4
 21
8.175
 31
0.0
  0
LINE
  5
5E7
330
17
100
AcDbEntity
  8
P-FIXT
100
AcDbLine
 10
8.4
 20
8.175
 30
0.0
 11
8.2125
 21
8.175
 31
0.0
  0
LINE
  5
5E8
330
17
100
AcDbEntity
  8
P-FIXT
100
AcDbLine
 10
8.2125
 20
8.175
 30
0.0
 11
8.2125
 21
5.05
 31
0.0
  0
LINE
  5
5E9
330
17
100
AcDbEntity
  8
P-FIXT
100
AcDbLine
 10
8.2125
 20
5.20625
 30
0.0
 11
8.4
 21
5.20625
 31
0.0
  0
LINE
  5
5EA
330
17
100
AcDbEntity
  8
P-FIXT
100
AcDbLine
 10
8.2125
 20
5.3625
 30
0.0
 11
8.4
 21
5.3625
 31
0.0
  0
LINE
  5
5EB
330
17
100
AcDbEntity
  8
P-FIXT
100
AcDbLine
 10
8.2125
 20
5.51875
 30
0.0
 11
8.4
 21
5.51875
 31
0.0
  0
LINE
  5
5EC
330
17
100
AcDbEntity
  8
P-FIXT
100
AcDbLine
 10
8.2125
 20
5.675
 30
0.0
 11
8.4
 21
5.675
 31
0.0
  0
LINE
  5
5ED
330
17
100
AcDbEntity
  8
P-FIXT
100
AcDbLine
 10
8.2125
 20
5.83125
 30
0.0
 11
8.4
 21
5.83125
 31
0.0
  0
LINE
  5
5EE
330
17
100
AcDbEntity
  8
P-FIXT
100
AcDbLine
 10
8.2125
 20
5.9875
 30
0.0
 11
8.4
 21
5.9875
 31
0.0
  0
LINE
  5
5EF
330
17
100
AcDbEntity
  8
P-FIXT
100
AcDbLine
 10
8.2125
 20
6.14375
 30
0.0
 11
8.4
 21
6.14375
 31
0.0
  0
LINE
  5
5F0
330
17
100
AcDbEntity
  8
P-FIXT
100
AcDbLine
 10
8.2125
 20
6.3
 30
0.0
 11
8.4
 21
6.3
 31
0.0
  0
LINE
  5
5F1
330
17
100
AcDbEntity
  8
P-FIXT
100
AcDbLine
 10
8.2125
 20
6.45625
 30
0.0
 11
8.4
 21
6.45625
 31
0.0
  0
LINE
  5
5F2
330
17
100
AcDbEntity
  8
P-FIXT
100
AcDbLine
 10
8.2125
 20
6.6125
 30
0.0
 11
8.4
 21
6.6125
 31
0.0
  0
LINE
  5
5F3
330
17
100
AcDbEntity
  8
P-FIXT
100
AcDbLine
 10
8.2125
 20
6.76875
 30
0.0
 11
8.4
 21
6.76875
 31
0.0
  0
LINE
  5
5F4
330
17
100
AcDbEntity
  8
P-FIXT
100
AcDbLine
 10
8.2125
 20
6.925
 30
0.0
 11
8.4
 21
6.925
 31
0.0
  0
LINE
  5
5F5
330
17
100
AcDbEntity
  8
P-FIXT
100
AcDbLine
 10
8.2125
 20
7.08125
 30
0.0
 11
8.4
 21
7.08125
 31
0.0
  0
LINE
  5
5F6
330
17
100
AcDbEntity
  8
P-FIXT
100
AcDbLine
 10
8.2125
 20
7.2375
 30
0.0
 11
8.4
 21
7.2375
 31
0.0
  0
LINE
  5
5F7
330
17
100
AcDbEntity
  8
P-FIXT
100
AcDbLine
 10
8.2125
 20
7.39375
 30
0.0
 11
8.4
 21
7.39375
 31
0.0
  0
LINE
  5
5F8
330
17
100
AcDbEntity
  8
P-FIXT
100
AcDbLine
 10
8.2125
 20
7.55
 30
0.0
 11
8.4
 21
7.55
 31
0.0
  0
LINE
  5
5F9
330
17
100
AcDbEntity
  8
P-FIXT
100
AcDbLine
 10
8.2125
 20
7.70625
 30
0.0
 11
8.4
 21
7.70625
 31
0.0
  0
LINE
  5
5FA
330
17
100
AcDbEntity
  8
P-FIXT
100
AcDbLine
 10
8.2125
 20
7.8625
 30
0.0
 11
8.4
 21
7.8625
 31
0.0
  0
LINE
  5
5FB
330
17
100
AcDbEntity
  8
P-FIXT
100
AcDbLine
 10
8.2125
 20
8.01875
 30
0.0
 11
8.4
 21
8.01875
 31
0.0
  0
TEXT
  5
5FC
330
17
100
AcDbEntity
  8
A-ANNO-TEXT
100
AcDbText
 10
8.30625
 20
5.090625
 30
0.0
 40
0.036
  1
A
  7
KS-BOLD
 72
1
 11
8.30625
 21
5.090625
 31
0.0
100
AcDbText
  0
LINE
  5
5FD
330
17
100
AcDbEntity
  8
P-FIXT
100
AcDbLine
 10
5.65
 20
6.45625
 30
0.0
 11
5.8375
 21
6.45625
 31
0.0
  0
LINE
  5
5FE
330
17
100
AcDbEntity
  8
P-FIXT
100
AcDbLine
 10
5.8375
 20
6.45625
 30
0.0
 11
5.8375
 21
8.175
 31
0.0
  0
LINE
  5
5FF
330
17
100
AcDbEntity
  8
P-FIXT
100
AcDbLine
 10
5.8375
 20
8.175
 30
0.0
 11
5.65
 21
8.175
 31
0.0
  0
LINE
  5
600
330
17
100
AcDbEntity
  8
P-FIXT
100
AcDbLine
 10
5.65
 20
8.175
 30
0.0
 11
5.65
 21
6.45625
 31
0.0
  0
LINE
  5
601
330
17
100
AcDbEntity
  8
P-FIXT
100
AcDbLine
 10
5.65
 20
6.6125
 30
0.0
 11
5.8375
 21
6.6125
 31
0.0
  0
LINE
  5
602
330
17
100
AcDbEntity
  8
P-FIXT
100
AcDbLine
 10
5.65
 20
6.76875
 30
0.0
 11
5.8375
 21
6.76875
 31
0.0
  0
LINE
  5
603
330
17
100
AcDbEntity
  8
P-FIXT
100
AcDbLine
 10
5.65
 20
6.925
 30
0.0
 11
5.8375
 21
6.925
 31
0.0
  0
LINE
  5
604
330
17
100
AcDbEntity
  8
P-FIXT
100
AcDbLine
 10
5.65
 20
7.08125
 30
0.0
 11
5.8375
 21
7.08125
 31
0.0
  0
LINE
  5
605
330
17
100
AcDbEntity
  8
P-FIXT
100
AcDbLine
 10
5.65
 20
7.2375
 30
0.0
 11
5.8375
 21
7.2375
 31
0.0
  0
LINE
  5
606
330
17
100
AcDbEntity
  8
P-FIXT
100
AcDbLine
 10
5.65
 20
7.39375
 30
0.0
 11
5.8375
 21
7.39375
 31
0.0
  0
LINE
  5
607
330
17
100
AcDbEntity
  8
P-FIXT
100
AcDbLine
 10
5.65
 20
7.55
 30
0.0
 11
5.8375
 21
7.55
 31
0.0
  0
LINE
  5
608
330
17
100
AcDbEntity
  8
P-FIXT
100
AcDbLine
 10
5.65
 20
7.70625
 30
0.0
 11
5.8375
 21
7.70625
 31
0.0
  0
LINE
  5
609
330
17
100
AcDbEntity
  8
P-FIXT
100
AcDbLine
 10
5.65
 20
7.8625
 30
0.0
 11
5.8375
 21
7.8625
 31
0.0
  0
LINE
  5
60A
330
17
100
AcDbEntity
  8
P-FIXT
100
AcDbLine
 10
5.65
 20
8.01875
 30
0.0
 11
5.8375
 21
8.01875
 31
0.0
  0
TEXT
  5
60B
330
17
100
AcDbEntity
  8
A-ANNO-TEXT
100
AcDbText
 10
5.74375
 20
6.496874999999999
 30
0.0
 40
0.036
  1
A
  7
KS-BOLD
 72
1
 11
5.74375
 21
6.496874999999999
 31
0.0
100
AcDbText
  0
LINE
  5
60C
330
17
100
AcDbEntity
  8
P-FIXT
100
AcDbLine
 10
6.275
 20
6.425
 30
0.0
 11
6.4625
 21
6.425
 31
0.0
  0
LINE
  5
60D
330
17
100
AcDbEntity
  8
P-FIXT
100
AcDbLine
 10
6.4625
 20
6.425
 30
0.0
 11
6.4625
 21
7.925
 31
0.0
  0
LINE
  5
60E
330
17
100
AcDbEntity
  8
P-FIXT
100
AcDbLine
 10
6.4625
 20
7.925
 30
0.0
 11
6.275
 21
7.925
 31
0.0
  0
LINE
  5
60F
330
17
100
AcDbEntity
  8
P-FIXT
100
AcDbLine
 10
6.275
 20
7.925
 30
0.0
 11
6.275
 21
6.425
 31
0.0
  0
TEXT
  5
610
330
17
100
AcDbEntity
  8
A-ANNO-TEXT
100
AcDbText
 10
6.4
 20
7.175
 30
0.0
 40
0.036
  1
BENCH 12'
 50
90.0
  7
KS-REG
 72
1
 11
6.4
 21
7.175
 31
0.0
100
AcDbText
  0
LINE
  5
611
330
17
100
AcDbEntity
  8
P-FIXT
100
AcDbLine
 10
7.5875
 20
5.55
 30
0.0
 11
7.775
 21
5.55
 31
0.0
  0
LINE
  5
612
330
17
100
AcDbEntity
  8
P-FIXT
100
AcDbLine
 10
7.775
 20
5.55
 30
0.0
 11
7.775
 21
7.3
 31
0.0
  0
LINE
  5
613
330
17
100
AcDbEntity
  8
P-FIXT
100
AcDbLine
 10
7.775
 20
7.3
 30
0.0
 11
7.5875
 21
7.3
 31
0.0
  0
LINE
  5
614
330
17
100
AcDbEntity
  8
P-FIXT
100
AcDbLine
 10
7.5875
 20
7.3
 30
0.0
 11
7.5875
 21
5.55
 31
0.0
  0
TEXT
  5
615
330
17
100
AcDbEntity
  8
A-ANNO-TEXT
100
AcDbText
 10
7.7125
 20
6.425
 30
0.0
 40
0.036
  1
BENCH 14'
 50
90.0
  7
KS-REG
 72
1
 11
7.7125
 21
6.425
 31
0.0
100
AcDbText
  0
LINE
  5
616
330
17
100
AcDbEntity
  8
P-FIXT
100
AcDbLine
 10
5.65
 20
5.55
 30
0.0
 11
5.9
 21
5.55
 31
0.0
  0
LINE
  5
617
330
17
100
AcDbEntity
  8
P-FIXT
100
AcDbLine
 10
5.9
 20
5.55
 30
0.0
 11
5.9
 21
6.05
 31
0.0
  0
LINE
  5
618
330
17
100
AcDbEntity
  8
P-FIXT
100
AcDbLine
 10
5.9
 20
6.05
 30
0.0
 11
5.65
 21
6.05
 31
0.0
  0
LINE
  5
619
330
17
100
AcDbEntity
  8
P-FIXT
100
AcDbLine
 10
5.65
 20
6.05
 30
0.0
 11
5.65
 21
5.55
 31
0.0
  0
LINE
  5
61A
330
17
100
AcDbEntity
  8
P-FIXT
100
AcDbLine
 10
5.65
 20
5.55
 30
0.0
 11
5.9
 21
6.05
 31
0.0
  0
LINE
  5
61B
330
17
100
AcDbEntity
  8
P-FIXT
100
AcDbLine
 10
5.65
 20
6.05
 30
0.0
 11
5.9
 21
5.55
 31
0.0
  0
LINE
  5
61C
330
17
100
AcDbEntity
  8
A-CLER-ADA
100
AcDbLine
 10
5.65
 20
5.2375
 30
0.0
 11
5.6850000000000005
 21
5.2375
 31
0.0
  0
LINE
  5
61D
330
17
100
AcDbEntity
  8
A-CLER-ADA
100
AcDbLine
 10
5.71
 20
5.2375
 30
0.0
 11
5.745
 21
5.2375
 31
0.0
  0
LINE
  5
61E
330
17
100
AcDbEntity
  8
A-CLER-ADA
100
AcDbLine
 10
5.7700000000000005
 20
5.2375
 30
0.0
 11
5.805000000000001
 21
5.2375
 31
0.0
  0
LINE
  5
61F
330
17
100
AcDbEntity
  8
A-CLER-ADA
100
AcDbLine
 10
5.83
 20
5.2375
 30
0.0
 11
5.865
 21
5.2375
 31
0.0
  0
LINE
  5
620
330
17
100
AcDbEntity
  8
A-CLER-ADA
100
AcDbLine
 10
5.890000000000001
 20
5.2375
 30
0.0
 11
5.925000000000001
 21
5.2375
 31
0.0
  0
LINE
  5
621
330
17
100
AcDbEntity
  8
A-CLER-ADA
100
AcDbLine
 10
5.95
 20
5.2375
 30
0.0
 11
5.985
 21
5.2375
 31
0.0
  0
LINE
  5
622
330
17
100
AcDbEntity
  8
A-CLER-ADA
100
AcDbLine
 10
6.010000000000001
 20
5.2375
 30
0.0
 11
6.045000000000001
 21
5.2375
 31
0.0
  0
LINE
  5
623
330
17
100
AcDbEntity
  8
A-CLER-ADA
100
AcDbLine
 10
6.07
 20
5.2375
 30
0.0
 11
6.105
 21
5.2375
 31
0.0
  0
LINE
  5
624
330
17
100
AcDbEntity
  8
A-CLER-ADA
100
AcDbLine
 10
6.130000000000001
 20
5.2375
 30
0.0
 11
6.15
 21
5.2375
 31
0.0
  0
LINE
  5
625
330
17
100
AcDbEntity
  8
A-CLER-ADA
100
AcDbLine
 10
6.15
 20
5.2375
 30
0.0
 11
6.15
 21
5.2725
 31
0.0
  0
LINE
  5
626
330
17
100
AcDbEntity
  8
A-CLER-ADA
100
AcDbLine
 10
6.15
 20
5.297499999999999
 30
0.0
 11
6.15
 21
5.3325
 31
0.0
  0
LINE
  5
627
330
17
100
AcDbEntity
  8
A-CLER-ADA
100
AcDbLine
 10
6.15
 20
5.3575
 30
0.0
 11
6.15
 21
5.3925
 31
0.0
  0
LINE
  5
628
330
17
100
AcDbEntity
  8
A-CLER-ADA
100
AcDbLine
 10
6.15
 20
5.4174999999999995
 30
0.0
 11
6.15
 21
5.4525
 31
0.0
  0
LINE
  5
629
330
17
100
AcDbEntity
  8
A-CLER-ADA
100
AcDbLine
 10
6.15
 20
5.4775
 30
0.0
 11
6.15
 21
5.5125
 31
0.0
  0
LINE
  5
62A
330
17
100
AcDbEntity
  8
A-CLER-ADA
100
AcDbLine
 10
6.15
 20
5.5375
 30
0.0
 11
6.15
 21
5.55
 31
0.0
  0
LINE
  5
62B
330
17
100
AcDbEntity
  8
A-CLER-ADA
100
AcDbLine
 10
6.15
 20
5.55
 30
0.0
 11
6.115
 21
5.55
 31
0.0
  0
LINE
  5
62C
330
17
100
AcDbEntity
  8
A-CLER-ADA
100
AcDbLine
 10
6.090000000000001
 20
5.55
 30
0.0
 11
6.055000000000001
 21
5.55
 31
0.0
  0
LINE
  5
62D
330
17
100
AcDbEntity
  8
A-CLER-ADA
100
AcDbLine
 10
6.03
 20
5.55
 30
0.0
 11
5.995
 21
5.55
 31
0.0
  0
LINE
  5
62E
330
17
100
AcDbEntity
  8
A-CLER-ADA
100
AcDbLine
 10
5.970000000000001
 20
5.55
 30
0.0
 11
5.9350000000000005
 21
5.55
 31
0.0
  0
LINE
  5
62F
330
17
100
AcDbEntity
  8
A-CLER-ADA
100
AcDbLine
 10
5.91
 20
5.55
 30
0.0
 11
5.875
 21
5.55
 31
0.0
  0
LINE
  5
630
330
17
100
AcDbEntity
  8
A-CLER-ADA
100
AcDbLine
 10
5.8500000000000005
 20
5.55
 30
0.0
 11
5.815
 21
5.55
 31
0.0
  0
LINE
  5
631
330
17
100
AcDbEntity
  8
A-CLER-ADA
100
AcDbLine
 10
5.79
 20
5.55
 30
0.0
 11
5.755
 21
5.55
 31
0.0
  0
LINE
  5
632
330
17
100
AcDbEntity
  8
A-CLER-ADA
100
AcDbLine
 10
5.73
 20
5.55
 30
0.0
 11
5.695
 21
5.55
 31
0.0
  0
LINE
  5
633
330
17
100
AcDbEntity
  8
A-CLER-ADA
100
AcDbLine
 10
5.67
 20
5.55
 30
0.0
 11
5.65
 21
5.55
 31
0.0
  0
LINE
  5
634
330
17
100
AcDbEntity
  8
A-CLER-ADA
100
AcDbLine
 10
5.65
 20
5.55
 30
0.0
 11
5.65
 21
5.515
 31
0.0
  0
LINE
  5
635
330
17
100
AcDbEntity
  8
A-CLER-ADA
100
AcDbLine
 10
5.65
 20
5.49
 30
0.0
 11
5.65
 21
5.455
 31
0.0
  0
LINE
  5
636
330
17
100
AcDbEntity
  8
A-CLER-ADA
100
AcDbLine
 10
5.65
 20
5.43
 30
0.0
 11
5.65
 21
5.395
 31
0.0
  0
LINE
  5
637
330
17
100
AcDbEntity
  8
A-CLER-ADA
100
AcDbLine
 10
5.65
 20
5.37
 30
0.0
 11
5.65
 21
5.335
 31
0.0
  0
LINE
  5
638
330
17
100
AcDbEntity
  8
A-CLER-ADA
100
AcDbLine
 10
5.65
 20
5.31
 30
0.0
 11
5.65
 21
5.2749999999999995
 31
0.0
  0
LINE
  5
639
330
17
100
AcDbEntity
  8
A-CLER-ADA
100
AcDbLine
 10
5.65
 20
5.25
 30
0.0
 11
5.65
 21
5.2375
 31
0.0
  0
TEXT
  5
63A
330
17
100
AcDbEntity
  8
A-CLER-ADA
100
AcDbText
 10
5.9
 20
5.35625
 30
0.0
 40
0.033999999999999996
  1
30x48
  7
KS-REG
 72
1
 11
5.9
 21
5.35625
 31
0.0
100
AcDbText
  0
LINE
  5
63B
330
17
100
AcDbEntity
  8
P-FIXT
100
AcDbLine
 10
6.65
 20
6.05
 30
0.0
 11
6.9625
 21
6.05
 31
0.0
  0
LINE
  5
63C
330
17
100
AcDbEntity
  8
P-FIXT
100
AcDbLine
 10
6.9625
 20
6.05
 30
0.0
 11
6.9625
 21
6.8
 31
0.0
  0
LINE
  5
63D
330
17
100
AcDbEntity
  8
P-FIXT
100
AcDbLine
 10
6.9625
 20
6.8
 30
0.0
 11
6.65
 21
6.8
 31
0.0
  0
LINE
  5
63E
330
17
100
AcDbEntity
  8
P-FIXT
100
AcDbLine
 10
6.65
 20
6.8
 30
0.0
 11
6.65
 21
6.05
 31
0.0
  0
TEXT
  5
63F
330
17
100
AcDbEntity
  8
A-ANNO-TEXT
100
AcDbText
 10
6.8375
 20
6.425
 30
0.0
 40
0.036
  1
TRAINER TABLE (ASSUMED)
 50
90.0
  7
KS-REG
 72
1
 11
6.8375
 21
6.425
 31
0.0
100
AcDbText
  0
LINE
  5
640
330
17
100
AcDbEntity
  8
A-CLER-ADA
100
AcDbLine
 10
6.8375
 20
4.55
 30
0.0
 11
6.8725000000000005
 21
4.55
 31
0.0
  0
LINE
  5
641
330
17
100
AcDbEntity
  8
A-CLER-ADA
100
AcDbLine
 10
6.8975
 20
4.55
 30
0.0
 11
6.9325
 21
4.55
 31
0.0
  0
LINE
  5
642
330
17
100
AcDbEntity
  8
A-CLER-ADA
100
AcDbLine
 10
6.9575000000000005
 20
4.55
 30
0.0
 11
6.992500000000001
 21
4.55
 31
0.0
  0
LINE
  5
643
330
17
100
AcDbEntity
  8
A-CLER-ADA
100
AcDbLine
 10
7.0175
 20
4.55
 30
0.0
 11
7.0525
 21
4.55
 31
0.0
  0
LINE
  5
644
330
17
100
AcDbEntity
  8
A-CLER-ADA
100
AcDbLine
 10
7.077500000000001
 20
4.55
 30
0.0
 11
7.112500000000001
 21
4.55
 31
0.0
  0
LINE
  5
645
330
17
100
AcDbEntity
  8
A-CLER-ADA
100
AcDbLine
 10
7.1375
 20
4.55
 30
0.0
 11
7.1725
 21
4.55
 31
0.0
  0
LINE
  5
646
330
17
100
AcDbEntity
  8
A-CLER-ADA
100
AcDbLine
 10
7.197500000000001
 20
4.55
 30
0.0
 11
7.232500000000001
 21
4.55
 31
0.0
  0
LINE
  5
647
330
17
100
AcDbEntity
  8
A-CLER-ADA
100
AcDbLine
 10
7.2575
 20
4.55
 30
0.0
 11
7.2925
 21
4.55
 31
0.0
  0
LINE
  5
648
330
17
100
AcDbEntity
  8
A-CLER-ADA
100
AcDbLine
 10
7.317500000000001
 20
4.55
 30
0.0
 11
7.352500000000001
 21
4.55
 31
0.0
  0
LINE
  5
649
330
17
100
AcDbEntity
  8
A-CLER-ADA
100
AcDbLine
 10
7.3775
 20
4.55
 30
0.0
 11
7.4
 21
4.55
 31
0.0
  0
LINE
  5
64A
330
17
100
AcDbEntity
  8
A-CLER-ADA
100
AcDbLine
 10
7.4
 20
4.55
 30
0.0
 11
7.4
 21
4.585
 31
0.0
  0
LINE
  5
64B
330
17
100
AcDbEntity
  8
A-CLER-ADA
100
AcDbLine
 10
7.4
 20
4.609999999999999
 30
0.0
 11
7.4
 21
4.645
 31
0.0
  0
LINE
  5
64C
330
17
100
AcDbEntity
  8
A-CLER-ADA
100
AcDbLine
 10
7.4
 20
4.67
 30
0.0
 11
7.4
 21
4.705
 31
0.0
  0
LINE
  5
64D
330
17
100
AcDbEntity
  8
A-CLER-ADA
100
AcDbLine
 10
7.4
 20
4.7299999999999995
 30
0.0
 11
7.4
 21
4.765
 31
0.0
  0
LINE
  5
64E
330
17
100
AcDbEntity
  8
A-CLER-ADA
100
AcDbLine
 10
7.4
 20
4.79
 30
0.0
 11
7.4
 21
4.825
 31
0.0
  0
LINE
  5
64F
330
17
100
AcDbEntity
  8
A-CLER-ADA
100
AcDbLine
 10
7.4
 20
4.85
 30
0.0
 11
7.4
 21
4.885
 31
0.0
  0
LINE
  5
650
330
17
100
AcDbEntity
  8
A-CLER-ADA
100
AcDbLine
 10
7.4
 20
4.91
 30
0.0
 11
7.4
 21
4.945
 31
0.0
  0
LINE
  5
651
330
17
100
AcDbEntity
  8
A-CLER-ADA
100
AcDbLine
 10
7.4
 20
4.97
 30
0.0
 11
7.4
 21
5.005
 31
0.0
  0
LINE
  5
652
330
17
100
AcDbEntity
  8
A-CLER-ADA
100
AcDbLine
 10
7.4
 20
5.03
 30
0.0
 11
7.4
 21
5.065
 31
0.0
  0
LINE
  5
653
330
17
100
AcDbEntity
  8
A-CLER-ADA
100
AcDbLine
 10
7.4
 20
5.09
 30
0.0
 11
7.4
 21
5.125
 31
0.0
  0
LINE
  5
654
330
17
100
AcDbEntity
  8
A-CLER-ADA
100
AcDbLine
 10
7.4
 20
5.15
 30
0.0
 11
7.4
 21
5.175
 31
0.0
  0
LINE
  5
655
330
17
100
AcDbEntity
  8
A-CLER-ADA
100
AcDbLine
 10
7.4
 20
5.175
 30
0.0
 11
7.365
 21
5.175
 31
0.0
  0
LINE
  5
656
330
17
100
AcDbEntity
  8
A-CLER-ADA
100
AcDbLine
 10
7.340000000000001
 20
5.175
 30
0.0
 11
7.305000000000001
 21
5.175
 31
0.0
  0
LINE
  5
657
330
17
100
AcDbEntity
  8
A-CLER-ADA
100
AcDbLine
 10
7.28
 20
5.175
 30
0.0
 11
7.245
 21
5.175
 31
0.0
  0
LINE
  5
658
330
17
100
AcDbEntity
  8
A-CLER-ADA
100
AcDbLine
 10
7.220000000000001
 20
5.175
 30
0.0
 11
7.1850000000000005
 21
5.175
 31
0.0
  0
LINE
  5
659
330
17
100
AcDbEntity
  8
A-CLER-ADA
100
AcDbLine
 10
7.16
 20
5.175
 30
0.0
 11
7.125
 21
5.175
 31
0.0
  0
LINE
  5
65A
330
17
100
AcDbEntity
  8
A-CLER-ADA
100
AcDbLine
 10
7.1000000000000005
 20
5.175
 30
0.0
 11
7.065
 21
5.175
 31
0.0
  0
LINE
  5
65B
330
17
100
AcDbEntity
  8
A-CLER-ADA
100
AcDbLine
 10
7.04
 20
5.175
 30
0.0
 11
7.005
 21
5.175
 31
0.0
  0
LINE
  5
65C
330
17
100
AcDbEntity
  8
A-CLER-ADA
100
AcDbLine
 10
6.98
 20
5.175
 30
0.0
 11
6.945
 21
5.175
 31
0.0
  0
LINE
  5
65D
330
17
100
AcDbEntity
  8
A-CLER-ADA
100
AcDbLine
 10
6.92
 20
5.175
 30
0.0
 11
6.885
 21
5.175
 31
0.0
  0
LINE
  5
65E
330
17
100
AcDbEntity
  8
A-CLER-ADA
100
AcDbLine
 10
6.86
 20
5.175
 30
0.0
 11
6.8375
 21
5.175
 31
0.0
  0
LINE
  5
65F
330
17
100
AcDbEntity
  8
A-CLER-ADA
100
AcDbLine
 10
6.8375
 20
5.175
 30
0.0
 11
6.8375
 21
5.14
 31
0.0
  0
LINE
  5
660
330
17
100
AcDbEntity
  8
A-CLER-ADA
100
AcDbLine
 10
6.8375
 20
5.115
 30
0.0
 11
6.8375
 21
5.08
 31
0.0
  0
LINE
  5
661
330
17
100
AcDbEntity
  8
A-CLER-ADA
100
AcDbLine
 10
6.8375
 20
5.055
 30
0.0
 11
6.8375
 21
5.02
 31
0.0
  0
LINE
  5
662
330
17
100
AcDbEntity
  8
A-CLER-ADA
100
AcDbLine
 10
6.8375
 20
4.995
 30
0.0
 11
6.8375
 21
4.96
 31
0.0
  0
LINE
  5
663
330
17
100
AcDbEntity
  8
A-CLER-ADA
100
AcDbLine
 10
6.8375
 20
4.935
 30
0.0
 11
6.8375
 21
4.8999999999999995
 31
0.0
  0
LINE
  5
664
330
17
100
AcDbEntity
  8
A-CLER-ADA
100
AcDbLine
 10
6.8375
 20
4.875
 30
0.0
 11
6.8375
 21
4.84
 31
0.0
  0
LINE
  5
665
330
17
100
AcDbEntity
  8
A-CLER-ADA
100
AcDbLine
 10
6.8375
 20
4.8149999999999995
 30
0.0
 11
6.8375
 21
4.779999999999999
 31
0.0
  0
LINE
  5
666
330
17
100
AcDbEntity
  8
A-CLER-ADA
100
AcDbLine
 10
6.8375
 20
4.755
 30
0.0
 11
6.8375
 21
4.72
 31
0.0
  0
LINE
  5
667
330
17
100
AcDbEntity
  8
A-CLER-ADA
100
AcDbLine
 10
6.8375
 20
4.694999999999999
 30
0.0
 11
6.8375
 21
4.659999999999999
 31
0.0
  0
LINE
  5
668
330
17
100
AcDbEntity
  8
A-CLER-ADA
100
AcDbLine
 10
6.8375
 20
4.635
 30
0.0
 11
6.8375
 21
4.6
 31
0.0
  0
LINE
  5
669
330
17
100
AcDbEntity
  8
A-CLER-ADA
100
AcDbLine
 10
6.8375
 20
4.574999999999999
 30
0.0
 11
6.8375
 21
4.55
 31
0.0
  0
TEXT
  5
66A
330
17
100
AcDbEntity
  8
A-CLER-ADA
100
AcDbText
 10
7.11875
 20
4.825
 30
0.0
 40
0.033999999999999996
  1
pull side
  7
KS-REG
 72
1
 11
7.11875
 21
4.825
 31
0.0
100
AcDbText
  0
LINE
  5
66B
330
17
100
AcDbEntity
  8
LS-CPTH
100
AcDbLine
 10
5.7125
 20
9.60125
 30
0.0
 11
5.7625
 21
9.60125
 31
0.0
  0
LINE
  5
66C
330
17
100
AcDbEntity
  8
LS-CPTH
100
AcDbLine
 10
5.7925
 20
9.60125
 30
0.0
 11
5.8425
 21
9.60125
 31
0.0
  0
LINE
  5
66D
330
17
100
AcDbEntity
  8
LS-CPTH
100
AcDbLine
 10
5.8725000000000005
 20
9.60125
 30
0.0
 11
5.9225
 21
9.60125
 31
0.0
  0
LINE
  5
66E
330
17
100
AcDbEntity
  8
LS-CPTH
100
AcDbLine
 10
5.952500000000001
 20
9.60125
 30
0.0
 11
6.0025
 21
9.60125
 31
0.0
  0
LINE
  5
66F
330
17
100
AcDbEntity
  8
LS-CPTH
100
AcDbLine
 10
6.032500000000001
 20
9.60125
 30
0.0
 11
6.05625
 21
9.60125
 31
0.0
  0
LINE
  5
670
330
17
100
AcDbEntity
  8
LS-CPTH
100
AcDbLine
 10
6.05625
 20
9.60125
 30
0.0
 11
6.05625
 21
9.55125
 31
0.0
  0
LINE
  5
671
330
17
100
AcDbEntity
  8
LS-CPTH
100
AcDbLine
 10
6.05625
 20
9.52125
 30
0.0
 11
6.05625
 21
9.47125
 31
0.0
  0
LINE
  5
672
330
17
100
AcDbEntity
  8
LS-CPTH
100
AcDbLine
 10
6.05625
 20
9.44125
 30
0.0
 11
6.05625
 21
9.39125
 31
0.0
  0
LINE
  5
673
330
17
100
AcDbEntity
  8
LS-CPTH
100
AcDbLine
 10
6.05625
 20
9.36125
 30
0.0
 11
6.05625
 21
9.311250000000001
 31
0.0
  0
LINE
  5
674
330
17
100
AcDbEntity
  8
LS-CPTH
100
AcDbLine
 10
6.05625
 20
9.28125
 30
0.0
 11
6.05625
 21
9.231250000000001
 31
0.0
  0
LINE
  5
675
330
17
100
AcDbEntity
  8
LS-CPTH
100
AcDbLine
 10
6.05625
 20
9.20125
 30
0.0
 11
6.05625
 21
9.151250000000001
 31
0.0
  0
LINE
  5
676
330
17
100
AcDbEntity
  8
LS-CPTH
100
AcDbLine
 10
6.05625
 20
9.12125
 30
0.0
 11
6.05625
 21
9.071250000000001
 31
0.0
  0
LINE
  5
677
330
17
100
AcDbEntity
  8
LS-CPTH
100
AcDbLine
 10
6.05625
 20
9.04125
 30
0.0
 11
6.05625
 21
9.03875
 31
0.0
  0
LINE
  5
678
330
17
100
AcDbEntity
  8
LS-CPTH
100
AcDbLine
 10
6.05625
 20
9.03875
 30
0.0
 11
6.10625
 21
9.03875
 31
0.0
  0
LINE
  5
679
330
17
100
AcDbEntity
  8
LS-CPTH
100
AcDbLine
 10
6.13625
 20
9.03875
 30
0.0
 11
6.18625
 21
9.03875
 31
0.0
  0
LINE
  5
67A
330
17
100
AcDbEntity
  8
LS-CPTH
100
AcDbLine
 10
6.2162500000000005
 20
9.03875
 30
0.0
 11
6.26625
 21
9.03875
 31
0.0
  0
LINE
  5
67B
330
17
100
AcDbEntity
  8
LS-CPTH
100
AcDbLine
 10
6.296250000000001
 20
9.03875
 30
0.0
 11
6.34625
 21
9.03875
 31
0.0
  0
LINE
  5
67C
330
17
100
AcDbEntity
  8
LS-CPTH
100
AcDbLine
 10
6.376250000000001
 20
9.03875
 30
0.0
 11
6.4262500000000005
 21
9.03875
 31
0.0
  0
LINE
  5
67D
330
17
100
AcDbEntity
  8
LS-CPTH
100
AcDbLine
 10
6.456250000000001
 20
9.03875
 30
0.0
 11
6.5062500000000005
 21
9.03875
 31
0.0
  0
LINE
  5
67E
330
17
100
AcDbEntity
  8
LS-CPTH
100
AcDbLine
 10
6.536250000000001
 20
9.03875
 30
0.0
 11
6.586250000000001
 21
9.03875
 31
0.0
  0
LINE
  5
67F
330
17
100
AcDbEntity
  8
LS-CPTH
100
AcDbLine
 10
6.616250000000001
 20
9.03875
 30
0.0
 11
6.666250000000001
 21
9.03875
 31
0.0
  0
LINE
  5
680
330
17
100
AcDbEntity
  8
LS-CPTH
100
AcDbLine
 10
6.696250000000001
 20
9.03875
 30
0.0
 11
6.746250000000001
 21
9.03875
 31
0.0
  0
LINE
  5
681
330
17
100
AcDbEntity
  8
LS-CPTH
100
AcDbLine
 10
6.776250000000001
 20
9.03875
 30
0.0
 11
6.826250000000001
 21
9.03875
 31
0.0
  0
LINE
  5
682
330
17
100
AcDbEntity
  8
LS-CPTH
100
AcDbLine
 10
6.8375
 20
9.03875
 30
0.0
 11
6.8375
 21
8.98875
 31
0.0
  0
LINE
  5
683
330
17
100
AcDbEntity
  8
LS-CPTH
100
AcDbLine
 10
6.8375
 20
8.95875
 30
0.0
 11
6.8375
 21
8.90875
 31
0.0
  0
LINE
  5
684
330
17
100
AcDbEntity
  8
LS-CPTH
100
AcDbLine
 10
6.8375
 20
8.87875
 30
0.0
 11
6.8375
 21
8.82875
 31
0.0
  0
LINE
  5
685
330
17
100
AcDbEntity
  8
LS-CPTH
100
AcDbLine
 10
6.8375
 20
8.79875
 30
0.0
 11
6.8375
 21
8.748750000000001
 31
0.0
  0
LINE
  5
686
330
17
100
AcDbEntity
  8
LS-CPTH
100
AcDbLine
 10
6.8375
 20
8.71875
 30
0.0
 11
6.8375
 21
8.668750000000001
 31
0.0
  0
LINE
  5
687
330
17
100
AcDbEntity
  8
LS-CPTH
100
AcDbLine
 10
6.8375
 20
8.63875
 30
0.0
 11
6.8375
 21
8.588750000000001
 31
0.0
  0
LINE
  5
688
330
17
100
AcDbEntity
  8
LS-CPTH
100
AcDbLine
 10
6.8375
 20
8.55875
 30
0.0
 11
6.8375
 21
8.508750000000001
 31
0.0
  0
LINE
  5
689
330
17
100
AcDbEntity
  8
LS-CPTH
100
AcDbLine
 10
6.8375
 20
8.47875
 30
0.0
 11
6.8375
 21
8.42875
 31
0.0
  0
LINE
  5
68A
330
17
100
AcDbEntity
  8
LS-CPTH
100
AcDbLine
 10
6.8375
 20
8.39875
 30
0.0
 11
6.8375
 21
8.34875
 31
0.0
  0
LINE
  5
68B
330
17
100
AcDbEntity
  8
LS-CPTH
100
AcDbLine
 10
6.8375
 20
8.31875
 30
0.0
 11
6.8375
 21
8.26875
 31
0.0
  0
LINE
  5
68C
330
17
100
AcDbEntity
  8
LS-CPTH
100
AcDbLine
 10
6.8375
 20
8.23875
 30
0.0
 11
6.8375
 21
8.18875
 31
0.0
  0
LINE
  5
68D
330
17
100
AcDbEntity
  8
LS-CPTH
100
AcDbLine
 10
6.8375
 20
8.175
 30
0.0
 11
6.8875
 21
8.175
 31
0.0
  0
LINE
  5
68E
330
17
100
AcDbEntity
  8
LS-CPTH
100
AcDbLine
 10
6.9175
 20
8.175
 30
0.0
 11
6.9675
 21
8.175
 31
0.0
  0
LINE
  5
68F
330
17
100
AcDbEntity
  8
LS-CPTH
100
AcDbLine
 10
6.9975000000000005
 20
8.175
 30
0.0
 11
7.025
 21
8.175
 31
0.0
  0
LINE
  5
690
330
17
100
AcDbEntity
  8
LS-CPTH
100
AcDbLine
 10
7.025
 20
8.175
 30
0.0
 11
7.025
 21
8.125
 31
0.0
  0
LINE
  5
691
330
17
100
AcDbEntity
  8
LS-CPTH
100
AcDbLine
 10
7.025
 20
8.095
 30
0.0
 11
7.025
 21
8.045
 31
0.0
  0
LINE
  5
692
330
17
100
AcDbEntity
  8
LS-CPTH
100
AcDbLine
 10
7.025
 20
8.015
 30
0.0
 11
7.025
 21
7.965000000000001
 31
0.0
  0
LINE
  5
693
330
17
100
AcDbEntity
  8
LS-CPTH
100
AcDbLine
 10
7.025
 20
7.9350000000000005
 30
0.0
 11
7.025
 21
7.885000000000001
 31
0.0
  0
LINE
  5
694
330
17
100
AcDbEntity
  8
LS-CPTH
100
AcDbLine
 10
7.025
 20
7.855
 30
0.0
 11
7.025
 21
7.805000000000001
 31
0.0
  0
LINE
  5
695
330
17
100
AcDbEntity
  8
LS-CPTH
100
AcDbLine
 10
7.025
 20
7.775
 30
0.0
 11
7.025
 21
7.7250000000000005
 31
0.0
  0
LINE
  5
696
330
17
100
AcDbEntity
  8
LS-CPTH
100
AcDbLine
 10
7.025
 20
7.695
 30
0.0
 11
7.025
 21
7.6450000000000005
 31
0.0
  0
LINE
  5
697
330
17
100
AcDbEntity
  8
LS-CPTH
100
AcDbLine
 10
7.025
 20
7.615
 30
0.0
 11
7.025
 21
7.565
 31
0.0
  0
LINE
  5
698
330
17
100
AcDbEntity
  8
LS-CPTH
100
AcDbLine
 10
7.025
 20
7.535
 30
0.0
 11
7.025
 21
7.485
 31
0.0
  0
LINE
  5
699
330
17
100
AcDbEntity
  8
LS-CPTH
100
AcDbLine
 10
7.025
 20
7.455
 30
0.0
 11
7.025
 21
7.405
 31
0.0
  0
LINE
  5
69A
330
17
100
AcDbEntity
  8
LS-CPTH
100
AcDbLine
 10
7.025
 20
7.375
 30
0.0
 11
7.025
 21
7.325
 31
0.0
  0
LINE
  5
69B
330
17
100
AcDbEntity
  8
LS-CPTH
100
AcDbLine
 10
7.025
 20
7.295
 30
0.0
 11
7.025
 21
7.245
 31
0.0
  0
LINE
  5
69C
330
17
100
AcDbEntity
  8
LS-CPTH
100
AcDbLine
 10
7.025
 20
7.215
 30
0.0
 11
7.025
 21
7.165
 31
0.0
  0
LINE
  5
69D
330
17
100
AcDbEntity
  8
LS-CPTH
100
AcDbLine
 10
7.025
 20
7.135
 30
0.0
 11
7.025
 21
7.085
 31
0.0
  0
LINE
  5
69E
330
17
100
AcDbEntity
  8
LS-CPTH
100
AcDbLine
 10
7.025
 20
7.055
 30
0.0
 11
7.025
 21
7.005
 31
0.0
  0
LINE
  5
69F
330
17
100
AcDbEntity
  8
LS-CPTH
100
AcDbLine
 10
7.025
 20
6.975
 30
0.0
 11
7.025
 21
6.925
 31
0.0
  0
LINE
  5
6A0
330
17
100
AcDbEntity
  8
LS-CPTH
100
AcDbLine
 10
7.025
 20
6.895
 30
0.0
 11
7.025
 21
6.845
 31
0.0
  0
LINE
  5
6A1
330
17
100
AcDbEntity
  8
LS-CPTH
100
AcDbLine
 10
7.025
 20
6.8149999999999995
 30
0.0
 11
7.025
 21
6.765
 31
0.0
  0
LINE
  5
6A2
330
17
100
AcDbEntity
  8
LS-CPTH
100
AcDbLine
 10
7.025
 20
6.734999999999999
 30
0.0
 11
7.025
 21
6.685
 31
0.0
  0
LINE
  5
6A3
330
17
100
AcDbEntity
  8
LS-CPTH
100
AcDbLine
 10
7.025
 20
6.654999999999999
 30
0.0
 11
7.025
 21
6.6049999999999995
 31
0.0
  0
LINE
  5
6A4
330
17
100
AcDbEntity
  8
LS-CPTH
100
AcDbLine
 10
7.025
 20
6.574999999999999
 30
0.0
 11
7.025
 21
6.5249999999999995
 31
0.0
  0
LINE
  5
6A5
330
17
100
AcDbEntity
  8
LS-CPTH
100
AcDbLine
 10
7.025
 20
6.494999999999999
 30
0.0
 11
7.025
 21
6.444999999999999
 31
0.0
  0
LINE
  5
6A6
330
17
100
AcDbEntity
  8
LS-CPTH
100
AcDbLine
 10
7.025
 20
6.414999999999999
 30
0.0
 11
7.025
 21
6.364999999999999
 31
0.0
  0
LINE
  5
6A7
330
17
100
AcDbEntity
  8
LS-CPTH
100
AcDbLine
 10
7.025
 20
6.334999999999999
 30
0.0
 11
7.025
 21
6.284999999999999
 31
0.0
  0
LINE
  5
6A8
330
17
100
AcDbEntity
  8
LS-CPTH
100
AcDbLine
 10
7.025
 20
6.254999999999999
 30
0.0
 11
7.025
 21
6.204999999999999
 31
0.0
  0
LINE
  5
6A9
330
17
100
AcDbEntity
  8
LS-CPTH
100
AcDbLine
 10
7.025
 20
6.174999999999999
 30
0.0
 11
7.025
 21
6.125
 31
0.0
  0
LINE
  5
6AA
330
17
100
AcDbEntity
  8
LS-CPTH
100
AcDbLine
 10
7.025
 20
6.095
 30
0.0
 11
7.025
 21
6.045
 31
0.0
  0
LINE
  5
6AB
330
17
100
AcDbEntity
  8
LS-CPTH
100
AcDbLine
 10
7.025
 20
6.015000000000001
 30
0.0
 11
7.025
 21
5.965
 31
0.0
  0
LINE
  5
6AC
330
17
100
AcDbEntity
  8
LS-CPTH
100
AcDbLine
 10
7.025
 20
5.9350000000000005
 30
0.0
 11
7.025
 21
5.885000000000001
 31
0.0
  0
LINE
  5
6AD
330
17
100
AcDbEntity
  8
LS-CPTH
100
AcDbLine
 10
7.025
 20
5.855
 30
0.0
 11
7.025
 21
5.8050000000000015
 31
0.0
  0
LINE
  5
6AE
330
17
100
AcDbEntity
  8
LS-CPTH
100
AcDbLine
 10
7.025
 20
5.775000000000001
 30
0.0
 11
7.025
 21
5.725000000000001
 31
0.0
  0
LINE
  5
6AF
330
17
100
AcDbEntity
  8
LS-CPTH
100
AcDbLine
 10
7.025
 20
5.695000000000002
 30
0.0
 11
7.025
 21
5.645000000000001
 31
0.0
  0
LINE
  5
6B0
330
17
100
AcDbEntity
  8
LS-CPTH
100
AcDbLine
 10
7.025
 20
5.615000000000002
 30
0.0
 11
7.025
 21
5.565000000000002
 31
0.0
  0
LINE
  5
6B1
330
17
100
AcDbEntity
  8
LS-CPTH
100
AcDbLine
 10
7.025
 20
5.535000000000002
 30
0.0
 11
7.025
 21
5.485000000000003
 31
0.0
  0
LINE
  5
6B2
330
17
100
AcDbEntity
  8
LS-CPTH
100
AcDbLine
 10
7.025
 20
5.455000000000003
 30
0.0
 11
7.025
 21
5.405000000000003
 31
0.0
  0
LINE
  5
6B3
330
17
100
AcDbEntity
  8
LS-CPTH
100
AcDbLine
 10
7.025
 20
5.3750000000000036
 30
0.0
 11
7.025
 21
5.325000000000003
 31
0.0
  0
LINE
  5
6B4
330
17
100
AcDbEntity
  8
LS-CPTH
100
AcDbLine
 10
7.025
 20
5.2950000000000035
 30
0.0
 11
7.025
 21
5.245000000000004
 31
0.0
  0
LINE
  5
6B5
330
17
100
AcDbEntity
  8
LS-CPTH
100
AcDbLine
 10
7.025
 20
5.215000000000003
 30
0.0
 11
7.025
 21
5.1650000000000045
 31
0.0
  0
LINE
  5
6B6
330
17
100
AcDbEntity
  8
LS-CPTH
100
AcDbLine
 10
7.025
 20
5.135000000000004
 30
0.0
 11
7.025
 21
5.085000000000004
 31
0.0
  0
LINE
  5
6B7
330
17
100
AcDbEntity
  8
LS-CPTH
100
AcDbLine
 10
7.025
 20
5.055000000000005
 30
0.0
 11
7.025
 21
5.005000000000004
 31
0.0
  0
LINE
  5
6B8
330
17
100
AcDbEntity
  8
LS-CPTH
100
AcDbLine
 10
7.025
 20
4.975000000000005
 30
0.0
 11
7.025
 21
4.925000000000005
 31
0.0
  0
LINE
  5
6B9
330
17
100
AcDbEntity
  8
LS-CPTH
100
AcDbLine
 10
7.025
 20
4.895000000000005
 30
0.0
 11
7.025
 21
4.845000000000006
 31
0.0
  0
LINE
  5
6BA
330
17
100
AcDbEntity
  8
LS-CPTH
100
AcDbLine
 10
7.025
 20
4.815000000000006
 30
0.0
 11
7.025
 21
4.765000000000006
 31
0.0
  0
LINE
  5
6BB
330
17
100
AcDbEntity
  8
LS-CPTH
100
AcDbLine
 10
7.025
 20
4.7350000000000065
 30
0.0
 11
7.025
 21
4.685000000000006
 31
0.0
  0
LINE
  5
6BC
330
17
100
AcDbEntity
  8
LS-CPTH
100
AcDbLine
 10
7.025
 20
4.6550000000000065
 30
0.0
 11
7.025
 21
4.605000000000007
 31
0.0
  0
LINE
  5
6BD
330
17
100
AcDbEntity
  8
LS-CPTH
100
AcDbLine
 10
7.025
 20
4.575000000000006
 30
0.0
 11
7.025
 21
4.55
 31
0.0
  0
HATCH
  5
6BE
330
17
100
AcDbEntity
  8
LS-CPTH
 62
7
420
0
100
AcDbHatch
 10
0.0
 20
0.0
 30
0.0
210
0.0
220
0.0
230
1.0
  2
SOLID
 70
1
 71
0
 91
1
 92
3
 72
0
 73
1
 93
4
 10
5.6875
 20
9.57625
 10
5.737500000000001
 20
9.57625
 10
5.737500000000001
 20
9.62625
 10
5.6875
 20
9.62625
 97
0
 75
0
 76
1
 98
0
  0
TEXT
  5
6BF
330
17
100
AcDbEntity
  8
LS-CPTH
100
AcDbText
 10
6.6875
 20
9.3625
 30
0.0
 40
0.04599999999999999
  1
CP 51'
  7
KS-BOLD
 72
1
 11
6.6875
 21
9.3625
 31
0.0
100
AcDbText
  0
LINE
  5
6C0
330
17
100
AcDbEntity
  8
A-ANNO-DIMS
100
AcDbLine
 10
5.65
 20
4.43
 30
0.0
 11
8.4
 21
4.43
 31
0.0
  0
LINE
  5
6C1
330
17
100
AcDbEntity
  8
A-ANNO-DIMS
100
AcDbLine
 10
5.65
 20
4.39
 30
0.0
 11
5.65
 21
4.47
 31
0.0
  0
LINE
  5
6C2
330
17
100
AcDbEntity
  8
A-ANNO-DIMS
100
AcDbLine
 10
8.4
 20
4.39
 30
0.0
 11
8.4
 21
4.47
 31
0.0
  0
TEXT
  5
6C3
330
17
100
AcDbEntity
  8
A-ANNO-DIMS
100
AcDbText
 10
7.025
 20
4.33
 30
0.0
 40
0.055
  1
22'-0"
  7
KS-REG
 72
1
 11
7.025
 21
4.33
 31
0.0
100
AcDbText
  0
LINE
  5
6C4
330
17
100
AcDbEntity
  8
A-ANNO-DIMS
100
AcDbLine
 10
5.53
 20
4.55
 30
0.0
 11
5.53
 21
9.66375
 31
0.0
  0
LINE
  5
6C5
330
17
100
AcDbEntity
  8
A-ANNO-DIMS
100
AcDbLine
 10
5.49
 20
4.55
 30
0.0
 11
5.57
 21
4.55
 31
0.0
  0
LINE
  5
6C6
330
17
100
AcDbEntity
  8
A-ANNO-DIMS
100
AcDbLine
 10
5.49
 20
9.66375
 30
0.0
 11
5.57
 21
9.66375
 31
0.0
  0
TEXT
  5
6C7
330
17
100
AcDbEntity
  8
A-ANNO-DIMS
100
AcDbText
 10
5.48
 20
7.106875
 30
0.0
 40
0.055
  1
40'-11"
 50
90.0
  7
KS-REG
 72
1
 11
5.48
 21
7.106875
 31
0.0
100
AcDbText
  0
TEXT
  5
6C8
330
17
100
AcDbEntity
  8
A-ANNO-TEXT
100
AcDbText
 10
5.65
 20
9.83375
 30
0.0
 40
0.076
  1
EVENT LOCKER ROOM 3 — 900 SF · 18 occ.
  7
KS-BOLD
 11
5.65
 21
9.83375
 31
0.0
100
AcDbText
  0
TEXT
  5
6C9
330
17
100
AcDbEntity
  8
A-ANNO-TEXT
100
AcDbText
 10
5.65
 20
9.71875
 30
0.0
 40
0.049
  1
1/8" = 1'-0" · door on the S wall → EXIT (E) passage · common path 51 ft ≤ 75 (PASS)
  7
KS-REG
 11
5.65
 21
9.71875
 31
0.0
100
AcDbText
  0
LINE
  5
6CA
330
17
100
AcDbEntity
  8
A-WALL
100
AcDbLine
 10
8.75
 20
9.66375
 30
0.0
 11
9.9375
 21
9.66375
 31
0.0
  0
LINE
  5
6CB
330
17
100
AcDbEntity
  8
A-WALL
100
AcDbLine
 10
10.3125
 20
9.66375
 30
0.0
 11
11.5
 21
9.66375
 31
0.0
  0
LINE
  5
6CC
330
17
100
AcDbEntity
  8
A-WALL
100
AcDbLine
 10
11.5
 20
9.66375
 30
0.0
 11
11.5
 21
4.55
 31
0.0
  0
LINE
  5
6CD
330
17
100
AcDbEntity
  8
A-WALL
100
AcDbLine
 10
11.5
 20
4.55
 30
0.0
 11
8.75
 21
4.55
 31
0.0
  0
LINE
  5
6CE
330
17
100
AcDbEntity
  8
A-WALL
100
AcDbLine
 10
8.75
 20
4.55
 30
0.0
 11
8.75
 21
9.66375
 31
0.0
  0
LINE
  5
6CF
330
17
100
AcDbEntity
  8
A-DOOR
100
AcDbLine
 10
9.9375
 20
9.66375
 30
0.0
 11
9.9375
 21
9.28875
 31
0.0
  0
LINE
  5
6D0
330
17
100
AcDbEntity
  8
A-DOOR
100
AcDbLine
 10
10.3125
 20
9.66375
 30
0.0
 11
10.30929182301518
 21
9.614802677917481
 31
0.0
  0
LINE
  5
6D1
330
17
100
AcDbEntity
  8
A-DOOR
100
AcDbLine
 10
10.30929182301518
 20
9.614802677917481
 30
0.0
 11
10.2997221848584
 21
9.566692858086554
 31
0.0
  0
LINE
  5
6D2
330
17
100
AcDbEntity
  8
A-DOOR
100
AcDbLine
 10
10.2997221848584
 20
9.566692858086554
 30
0.0
 11
10.283954824691733
 21
9.520243712863092
 31
0.0
  0
LINE
  5
6D3
330
17
100
AcDbEntity
  8
A-DOOR
100
AcDbLine
 10
10.283954824691733
 20
9.520243712863092
 30
0.0
 11
10.262259526419165
 21
9.47625
 31
0.0
  0
LINE
  5
6D4
330
17
100
AcDbEntity
  8
A-DOOR
100
AcDbLine
 10
10.262259526419165
 20
9.47625
 30
0.0
 11
10.235007502609214
 21
9.43546446412173
 31
0.0
  0
LINE
  5
6D5
330
17
100
AcDbEntity
  8
A-DOOR
100
AcDbLine
 10
10.235007502609214
 20
9.43546446412173
 30
0.0
 11
10.202665042944956
 21
9.398584957055043
 31
0.0
  0
LINE
  5
6D6
330
17
100
AcDbEntity
  8
A-DOOR
100
AcDbLine
 10
10.202665042944956
 20
9.398584957055043
 30
0.0
 11
10.165785535878271
 21
9.366242497390786
 31
0.0
  0
LINE
  5
6D7
330
17
100
AcDbEntity
  8
A-DOOR
100
AcDbLine
 10
10.165785535878271
 20
9.366242497390786
 30
0.0
 11
10.125
 21
9.338990473580836
 31
0.0
  0
LINE
  5
6D8
330
17
100
AcDbEntity
  8
A-DOOR
100
AcDbLine
 10
10.125
 20
9.338990473580836
 30
0.0
 11
10.081006287136908
 21
9.317295175308267
 31
0.0
  0
LINE
  5
6D9
330
17
100
AcDbEntity
  8
A-DOOR
100
AcDbLine
 10
10.081006287136908
 20
9.317295175308267
 30
0.0
 11
10.034557141913446
 21
9.301527815141599
 31
0.0
  0
LINE
  5
6DA
330
17
100
AcDbEntity
  8
A-DOOR
100
AcDbLine
 10
10.034557141913446
 20
9.301527815141599
 30
0.0
 11
9.986447322082519
 21
9.29195817698482
 31
0.0
  0
LINE
  5
6DB
330
17
100
AcDbEntity
  8
A-DOOR
100
AcDbLine
 10
9.986447322082519
 20
9.29195817698482
 30
0.0
 11
9.9375
 21
9.28875
 31
0.0
  0
LINE
  5
6DC
330
17
100
AcDbEntity
  8
A-WALL-PRTN
100
AcDbLine
 10
8.75
 20
6.038749999999999
 30
0.0
 11
9.75
 21
6.038749999999999
 31
0.0
  0
LINE
  5
6DD
330
17
100
AcDbEntity
  8
A-WALL-PRTN
100
AcDbLine
 10
10.125
 20
6.038749999999999
 30
0.0
 11
10.375
 21
6.038749999999999
 31
0.0
  0
LINE
  5
6DE
330
17
100
AcDbEntity
  8
A-WALL-PRTN
100
AcDbLine
 10
10.875
 20
6.038749999999999
 30
0.0
 11
11.5
 21
6.038749999999999
 31
0.0
  0
LINE
  5
6DF
330
17
100
AcDbEntity
  8
A-WALL-PRTN
100
AcDbLine
 10
10.125
 20
6.038749999999999
 30
0.0
 11
10.125
 21
4.55
 31
0.0
  0
LINE
  5
6E0
330
17
100
AcDbEntity
  8
A-WALL-PRTN
100
AcDbLine
 10
8.75
 20
5.175
 30
0.0
 11
8.97875
 21
5.175
 31
0.0
  0
LINE
  5
6E1
330
17
100
AcDbEntity
  8
A-WALL-PRTN
100
AcDbLine
 10
9.33375
 20
5.175
 30
0.0
 11
9.385
 21
5.175
 31
0.0
  0
LINE
  5
6E2
330
17
100
AcDbEntity
  8
A-WALL-PRTN
100
AcDbLine
 10
9.71875
 20
5.175
 30
0.0
 11
9.75
 21
5.175
 31
0.0
  0
LINE
  5
6E3
330
17
100
AcDbEntity
  8
A-WALL-PRTN
100
AcDbLine
 10
9.375
 20
5.175
 30
0.0
 11
9.375
 21
4.55
 31
0.0
  0
LINE
  5
6E4
330
17
100
AcDbEntity
  8
A-WALL-PRTN
100
AcDbLine
 10
9.75
 20
5.175
 30
0.0
 11
9.75
 21
4.55
 31
0.0
  0
LINE
  5
6E5
330
17
100
AcDbEntity
  8
A-DOOR
100
AcDbLine
 10
10.125
 20
6.038749999999999
 30
0.0
 11
10.125
 21
5.663749999999999
 31
0.0
  0
LINE
  5
6E6
330
17
100
AcDbEntity
  8
A-DOOR
100
AcDbLine
 10
9.75
 20
6.038749999999999
 30
0.0
 11
9.75320817698482
 21
5.98980267791748
 31
0.0
  0
LINE
  5
6E7
330
17
100
AcDbEntity
  8
A-DOOR
100
AcDbLine
 10
9.75320817698482
 20
5.98980267791748
 30
0.0
 11
9.7627778151416
 21
5.9416928580865545
 31
0.0
  0
LINE
  5
6E8
330
17
100
AcDbEntity
  8
A-DOOR
100
AcDbLine
 10
9.7627778151416
 20
5.9416928580865545
 30
0.0
 11
9.778545175308267
 21
5.89524371286309
 31
0.0
  0
LINE
  5
6E9
330
17
100
AcDbEntity
  8
A-DOOR
100
AcDbLine
 10
9.778545175308267
 20
5.89524371286309
 30
0.0
 11
9.800240473580835
 21
5.851249999999999
 31
0.0
  0
LINE
  5
6EA
330
17
100
AcDbEntity
  8
A-DOOR
100
AcDbLine
 10
9.800240473580835
 20
5.851249999999999
 30
0.0
 11
9.827492497390786
 21
5.810464464121729
 31
0.0
  0
LINE
  5
6EB
330
17
100
AcDbEntity
  8
A-DOOR
100
AcDbLine
 10
9.827492497390786
 20
5.810464464121729
 30
0.0
 11
9.859834957055044
 21
5.773584957055045
 31
0.0
  0
LINE
  5
6EC
330
17
100
AcDbEntity
  8
A-DOOR
100
AcDbLine
 10
9.859834957055044
 20
5.773584957055045
 30
0.0
 11
9.896714464121729
 21
5.741242497390786
 31
0.0
  0
LINE
  5
6ED
330
17
100
AcDbEntity
  8
A-DOOR
100
AcDbLine
 10
9.896714464121729
 20
5.741242497390786
 30
0.0
 11
9.9375
 21
5.713990473580835
 31
0.0
  0
LINE
  5
6EE
330
17
100
AcDbEntity
  8
A-DOOR
100
AcDbLine
 10
9.9375
 20
5.713990473580835
 30
0.0
 11
9.981493712863092
 21
5.692295175308267
 31
0.0
  0
LINE
  5
6EF
330
17
100
AcDbEntity
  8
A-DOOR
100
AcDbLine
 10
9.981493712863092
 20
5.692295175308267
 30
0.0
 11
10.027942858086554
 21
5.676527815141599
 31
0.0
  0
LINE
  5
6F0
330
17
100
AcDbEntity
  8
A-DOOR
100
AcDbLine
 10
10.027942858086554
 20
5.676527815141599
 30
0.0
 11
10.076052677917481
 21
5.666958176984821
 31
0.0
  0
LINE
  5
6F1
330
17
100
AcDbEntity
  8
A-DOOR
100
AcDbLine
 10
10.076052677917481
 20
5.666958176984821
 30
0.0
 11
10.125
 21
5.663749999999999
 31
0.0
  0
LINE
  5
6F2
330
17
100
AcDbEntity
  8
A-DOOR
100
AcDbLine
 10
9.33375
 20
5.175
 30
0.0
 11
9.33375
 21
5.53
 31
0.0
  0
LINE
  5
6F3
330
17
100
AcDbEntity
  8
A-DOOR
100
AcDbLine
 10
8.97875
 20
5.175
 30
0.0
 11
8.981787074212297
 21
5.221336798238118
 31
0.0
  0
LINE
  5
6F4
330
17
100
AcDbEntity
  8
A-DOOR
100
AcDbLine
 10
8.981787074212297
 20
5.221336798238118
 30
0.0
 11
8.990846331667381
 21
5.266880761011395
 31
0.0
  0
LINE
  5
6F5
330
17
100
AcDbEntity
  8
A-DOOR
100
AcDbLine
 10
8.990846331667381
 20
5.266880761011395
 30
0.0
 11
9.005772765958493
 21
5.310852618489607
 31
0.0
  0
LINE
  5
6F6
330
17
100
AcDbEntity
  8
A-DOOR
100
AcDbLine
 10
9.005772765958493
 20
5.310852618489607
 30
0.0
 11
9.026310981656524
 21
5.3525
 31
0.0
  0
LINE
  5
6F7
330
17
100
AcDbEntity
  8
A-DOOR
100
AcDbLine
 10
9.026310981656524
 20
5.3525
 30
0.0
 11
9.052109564196611
 21
5.391110307298096
 31
0.0
  0
LINE
  5
6F8
330
17
100
AcDbEntity
  8
A-DOOR
100
AcDbLine
 10
9.052109564196611
 20
5.391110307298096
 30
0.0
 11
9.082727092678775
 21
5.426022907321224
 31
0.0
  0
LINE
  5
6F9
330
17
100
AcDbEntity
  8
A-DOOR
100
AcDbLine
 10
9.082727092678775
 20
5.426022907321224
 30
0.0
 11
9.117639692701903
 21
5.456640435803388
 31
0.0
  0
LINE
  5
6FA
330
17
100
AcDbEntity
  8
A-DOOR
100
AcDbLine
 10
9.117639692701903
 20
5.456640435803388
 30
0.0
 11
9.15625
 21
5.4824390183434755
 31
0.0
  0
LINE
  5
6FB
330
17
100
AcDbEntity
  8
A-DOOR
100
AcDbLine
 10
9.15625
 20
5.4824390183434755
 30
0.0
 11
9.197897381510392
 21
5.502977234041507
 31
0.0
  0
LINE
  5
6FC
330
17
100
AcDbEntity
  8
A-DOOR
100
AcDbLine
 10
9.197897381510392
 20
5.502977234041507
 30
0.0
 11
9.241869238988604
 21
5.517903668332619
 31
0.0
  0
LINE
  5
6FD
330
17
100
AcDbEntity
  8
A-DOOR
100
AcDbLine
 10
9.241869238988604
 20
5.517903668332619
 30
0.0
 11
9.287413201761881
 21
5.526962925787703
 31
0.0
  0
LINE
  5
6FE
330
17
100
AcDbEntity
  8
A-DOOR
100
AcDbLine
 10
9.287413201761881
 20
5.526962925787703
 30
0.0
 11
9.33375
 21
5.53
 31
0.0
  0
LINE
  5
6FF
330
17
100
AcDbEntity
  8
A-DOOR
100
AcDbLine
 10
9.71875
 20
5.175
 30
0.0
 11
9.71875
 21
5.50875
 31
0.0
  0
LINE
  5
700
330
17
100
AcDbEntity
  8
A-DOOR
100
AcDbLine
 10
9.385
 20
5.175
 30
0.0
 11
9.38785527751649
 21
5.218563116653442
 31
0.0
  0
LINE
  5
701
330
17
100
AcDbEntity
  8
A-DOOR
100
AcDbLine
 10
9.38785527751649
 20
5.218563116653442
 30
0.0
 11
9.396372255476024
 21
5.261380856302966
 31
0.0
  0
LINE
  5
702
330
17
100
AcDbEntity
  8
A-DOOR
100
AcDbLine
 10
9.396372255476024
 20
5.261380856302966
 30
0.0
 11
9.410405206024357
 21
5.302720595551849
 31
0.0
  0
LINE
  5
703
330
17
100
AcDbEntity
  8
A-DOOR
100
AcDbLine
 10
9.410405206024357
 20
5.302720595551849
 30
0.0
 11
9.429714021486944
 21
5.341875
 31
0.0
  0
LINE
  5
704
330
17
100
AcDbEntity
  8
A-DOOR
100
AcDbLine
 10
9.429714021486944
 20
5.341875
 30
0.0
 11
9.4539683226778
 21
5.37817412693166
 31
0.0
  0
LINE
  5
705
330
17
100
AcDbEntity
  8
A-DOOR
100
AcDbLine
 10
9.4539683226778
 20
5.37817412693166
 30
0.0
 11
9.48275311177899
 21
5.41099688822101
 31
0.0
  0
LINE
  5
706
330
17
100
AcDbEntity
  8
A-DOOR
100
AcDbLine
 10
9.48275311177899
 20
5.41099688822101
 30
0.0
 11
9.51557587306834
 21
5.439781677322199
 31
0.0
  0
LINE
  5
707
330
17
100
AcDbEntity
  8
A-DOOR
100
AcDbLine
 10
9.51557587306834
 20
5.439781677322199
 30
0.0
 11
9.551875
 21
5.464035978513056
 31
0.0
  0
LINE
  5
708
330
17
100
AcDbEntity
  8
A-DOOR
100
AcDbLine
 10
9.551875
 20
5.464035978513056
 30
0.0
 11
9.59102940444815
 21
5.4833447939756415
 31
0.0
  0
LINE
  5
709
330
17
100
AcDbEntity
  8
A-DOOR
100
AcDbLine
 10
9.59102940444815
 20
5.4833447939756415
 30
0.0
 11
9.632369143697034
 21
5.497377744523976
 31
0.0
  0
LINE
  5
70A
330
17
100
AcDbEntity
  8
A-DOOR
100
AcDbLine
 10
9.632369143697034
 20
5.497377744523976
 30
0.0
 11
9.675186883346559
 21
5.505894722483509
 31
0.0
  0
LINE
  5
70B
330
17
100
AcDbEntity
  8
A-DOOR
100
AcDbLine
 10
9.675186883346559
 20
5.505894722483509
 30
0.0
 11
9.71875
 21
5.50875
 31
0.0
  0
LINE
  5
70C
330
17
100
AcDbEntity
  8
A-ANNO-TEXT
100
AcDbLine
 10
10.625
 20
9.66375
 30
0.0
 11
10.625
 21
9.58375
 31
0.0
  0
LINE
  5
70D
330
17
100
AcDbEntity
  8
A-ANNO-TEXT
100
AcDbLine
 10
10.625
 20
9.53375
 30
0.0
 11
10.625
 21
9.45375
 31
0.0
  0
LINE
  5
70E
330
17
100
AcDbEntity
  8
A-ANNO-TEXT
100
AcDbLine
 10
10.625
 20
9.40375
 30
0.0
 11
10.625
 21
9.32375
 31
0.0
  0
LINE
  5
70F
330
17
100
AcDbEntity
  8
A-ANNO-TEXT
100
AcDbLine
 10
10.625
 20
9.27375
 30
0.0
 11
10.625
 21
9.19375
 31
0.0
  0
LINE
  5
710
330
17
100
AcDbEntity
  8
A-ANNO-TEXT
100
AcDbLine
 10
10.625
 20
9.14375
 30
0.0
 11
10.625
 21
9.06375
 31
0.0
  0
LINE
  5
711
330
17
100
AcDbEntity
  8
A-ANNO-TEXT
100
AcDbLine
 10
10.625
 20
9.01375
 30
0.0
 11
10.625
 21
8.93375
 31
0.0
  0
LINE
  5
712
330
17
100
AcDbEntity
  8
A-ANNO-TEXT
100
AcDbLine
 10
10.625
 20
8.883750000000001
 30
0.0
 11
10.625
 21
8.80375
 31
0.0
  0
LINE
  5
713
330
17
100
AcDbEntity
  8
A-ANNO-TEXT
100
AcDbLine
 10
10.625
 20
8.75375
 30
0.0
 11
10.625
 21
8.67375
 31
0.0
  0
LINE
  5
714
330
17
100
AcDbEntity
  8
A-ANNO-TEXT
100
AcDbLine
 10
10.625
 20
8.623750000000001
 30
0.0
 11
10.625
 21
8.54375
 31
0.0
  0
LINE
  5
715
330
17
100
AcDbEntity
  8
A-ANNO-TEXT
100
AcDbLine
 10
10.625
 20
8.49375
 30
0.0
 11
10.625
 21
8.41375
 31
0.0
  0
LINE
  5
716
330
17
100
AcDbEntity
  8
A-ANNO-TEXT
100
AcDbLine
 10
10.625
 20
8.36375
 30
0.0
 11
10.625
 21
8.28375
 31
0.0
  0
LINE
  5
717
330
17
100
AcDbEntity
  8
A-ANNO-TEXT
100
AcDbLine
 10
10.625
 20
8.23375
 30
0.0
 11
10.625
 21
8.15375
 31
0.0
  0
LINE
  5
718
330
17
100
AcDbEntity
  8
A-ANNO-TEXT
100
AcDbLine
 10
10.625
 20
8.10375
 30
0.0
 11
10.625
 21
8.02375
 31
0.0
  0
LINE
  5
719
330
17
100
AcDbEntity
  8
A-ANNO-TEXT
100
AcDbLine
 10
10.625
 20
7.97375
 30
0.0
 11
10.625
 21
7.89375
 31
0.0
  0
LINE
  5
71A
330
17
100
AcDbEntity
  8
A-ANNO-TEXT
100
AcDbLine
 10
10.625
 20
7.84375
 30
0.0
 11
10.625
 21
7.76375
 31
0.0
  0
LINE
  5
71B
330
17
100
AcDbEntity
  8
A-ANNO-TEXT
100
AcDbLine
 10
10.625
 20
7.713749999999999
 30
0.0
 11
10.625
 21
7.633749999999999
 31
0.0
  0
LINE
  5
71C
330
17
100
AcDbEntity
  8
A-ANNO-TEXT
100
AcDbLine
 10
10.625
 20
7.58375
 30
0.0
 11
10.625
 21
7.50375
 31
0.0
  0
LINE
  5
71D
330
17
100
AcDbEntity
  8
A-ANNO-TEXT
100
AcDbLine
 10
10.625
 20
7.453749999999999
 30
0.0
 11
10.625
 21
7.373749999999999
 31
0.0
  0
LINE
  5
71E
330
17
100
AcDbEntity
  8
A-ANNO-TEXT
100
AcDbLine
 10
10.625
 20
7.32375
 30
0.0
 11
10.625
 21
7.24375
 31
0.0
  0
LINE
  5
71F
330
17
100
AcDbEntity
  8
A-ANNO-TEXT
100
AcDbLine
 10
10.625
 20
7.19375
 30
0.0
 11
10.625
 21
7.11375
 31
0.0
  0
LINE
  5
720
330
17
100
AcDbEntity
  8
A-ANNO-TEXT
100
AcDbLine
 10
10.625
 20
7.063750000000001
 30
0.0
 11
10.625
 21
6.983750000000001
 31
0.0
  0
LINE
  5
721
330
17
100
AcDbEntity
  8
A-ANNO-TEXT
100
AcDbLine
 10
10.625
 20
6.93375
 30
0.0
 11
10.625
 21
6.85375
 31
0.0
  0
LINE
  5
722
330
17
100
AcDbEntity
  8
A-ANNO-TEXT
100
AcDbLine
 10
10.625
 20
6.803750000000001
 30
0.0
 11
10.625
 21
6.723750000000001
 31
0.0
  0
LINE
  5
723
330
17
100
AcDbEntity
  8
A-ANNO-TEXT
100
AcDbLine
 10
10.625
 20
6.67375
 30
0.0
 11
10.625
 21
6.59375
 31
0.0
  0
LINE
  5
724
330
17
100
AcDbEntity
  8
A-ANNO-TEXT
100
AcDbLine
 10
10.625
 20
6.543750000000001
 30
0.0
 11
10.625
 21
6.463750000000001
 31
0.0
  0
LINE
  5
725
330
17
100
AcDbEntity
  8
A-ANNO-TEXT
100
AcDbLine
 10
10.625
 20
6.41375
 30
0.0
 11
10.625
 21
6.33375
 31
0.0
  0
LINE
  5
726
330
17
100
AcDbEntity
  8
A-ANNO-TEXT
100
AcDbLine
 10
10.625
 20
6.283750000000001
 30
0.0
 11
10.625
 21
6.203750000000001
 31
0.0
  0
LINE
  5
727
330
17
100
AcDbEntity
  8
A-ANNO-TEXT
100
AcDbLine
 10
10.625
 20
6.1537500000000005
 30
0.0
 11
10.625
 21
6.07375
 31
0.0
  0
LINE
  5
728
330
17
100
AcDbEntity
  8
A-ANNO-TEXT
100
AcDbLine
 10
10.625
 20
6.0237500000000015
 30
0.0
 11
10.625
 21
5.943750000000001
 31
0.0
  0
LINE
  5
729
330
17
100
AcDbEntity
  8
A-ANNO-TEXT
100
AcDbLine
 10
10.625
 20
5.893750000000001
 30
0.0
 11
10.625
 21
5.813750000000001
 31
0.0
  0
LINE
  5
72A
330
17
100
AcDbEntity
  8
A-ANNO-TEXT
100
AcDbLine
 10
10.625
 20
5.763750000000002
 30
0.0
 11
10.625
 21
5.683750000000002
 31
0.0
  0
LINE
  5
72B
330
17
100
AcDbEntity
  8
A-ANNO-TEXT
100
AcDbLine
 10
10.625
 20
5.633750000000001
 30
0.0
 11
10.625
 21
5.553750000000001
 31
0.0
  0
LINE
  5
72C
330
17
100
AcDbEntity
  8
A-ANNO-TEXT
100
AcDbLine
 10
10.625
 20
5.503750000000001
 30
0.0
 11
10.625
 21
5.423750000000001
 31
0.0
  0
LINE
  5
72D
330
17
100
AcDbEntity
  8
A-ANNO-TEXT
100
AcDbLine
 10
10.625
 20
5.373750000000001
 30
0.0
 11
10.625
 21
5.293750000000001
 31
0.0
  0
LINE
  5
72E
330
17
100
AcDbEntity
  8
A-ANNO-TEXT
100
AcDbLine
 10
10.625
 20
5.243750000000001
 30
0.0
 11
10.625
 21
5.163750000000001
 31
0.0
  0
LINE
  5
72F
330
17
100
AcDbEntity
  8
A-ANNO-TEXT
100
AcDbLine
 10
10.625
 20
5.113750000000001
 30
0.0
 11
10.625
 21
5.033750000000001
 31
0.0
  0
LINE
  5
730
330
17
100
AcDbEntity
  8
A-ANNO-TEXT
100
AcDbLine
 10
10.625
 20
4.9837500000000015
 30
0.0
 11
10.625
 21
4.903750000000001
 31
0.0
  0
LINE
  5
731
330
17
100
AcDbEntity
  8
A-ANNO-TEXT
100
AcDbLine
 10
10.625
 20
4.853750000000002
 30
0.0
 11
10.625
 21
4.7737500000000015
 31
0.0
  0
LINE
  5
732
330
17
100
AcDbEntity
  8
A-ANNO-TEXT
100
AcDbLine
 10
10.625
 20
4.723750000000002
 30
0.0
 11
10.625
 21
4.643750000000002
 31
0.0
  0
LINE
  5
733
330
17
100
AcDbEntity
  8
A-ANNO-TEXT
100
AcDbLine
 10
10.625
 20
4.593750000000002
 30
0.0
 11
10.625
 21
4.55
 31
0.0
  0
TEXT
  5
734
330
17
100
AcDbEntity
  8
A-ANNO-TEXT
100
AcDbText
 10
10.525
 20
7.515974999999999
 30
0.0
 40
0.043
  1
upper tier above (west of the dashed line), 7'-6" clear at the tier line — D-061
 50
90.0
  7
KS-REG
 72
1
 11
10.525
 21
7.515974999999999
 31
0.0
100
AcDbText
  0
LINE
  5
735
330
17
100
AcDbEntity
  8
A-WALL-PRTN
100
AcDbLine
 10
8.75
 20
5.175
 30
0.0
 11
9.375
 21
5.175
 31
0.0
  0
LINE
  5
736
330
17
100
AcDbEntity
  8
A-WALL-PRTN
100
AcDbLine
 10
9.375
 20
5.175
 30
0.0
 11
9.375
 21
4.55
 31
0.0
  0
LINE
  5
737
330
17
100
AcDbEntity
  8
A-WALL-PRTN
100
AcDbLine
 10
9.375
 20
4.55
 30
0.0
 11
8.75
 21
4.55
 31
0.0
  0
LINE
  5
738
330
17
100
AcDbEntity
  8
A-WALL-PRTN
100
AcDbLine
 10
8.75
 20
4.55
 30
0.0
 11
8.75
 21
5.175
 31
0.0
  0
LWPOLYLINE
  5
739
330
17
100
AcDbEntity
  8
P-FIXT
100
AcDbPolyline
 90
4
 70
1
 10
8.8375
 20
4.55
 10
9.0375
 20
4.55
 10
9.0375
 20
4.625
 10
8.8375
 20
4.625
  0
LINE
  5
73A
330
17
100
AcDbEntity
  8
P-FIXT
100
AcDbLine
 10
9.0125
 20
4.7375
 30
0.0
 11
9.00994443697168
 21
4.708382857425966
 31
0.0
  0
LINE
  5
73B
330
17
100
AcDbEntity
  8
P-FIXT
100
AcDbLine
 10
9.00994443697168
 20
4.708382857425966
 30
0.0
 11
9.002451905283833
 21
4.6812499999999995
 31
0.0
  0
LINE
  5
73C
330
17
100
AcDbEntity
  8
P-FIXT
100
AcDbLine
 10
9.002451905283833
 20
4.6812499999999995
 30
0.0
 11
8.990533008588992
 21
4.657950487116513
 31
0.0
  0
LINE
  5
73D
330
17
100
AcDbEntity
  8
P-FIXT
100
AcDbLine
 10
8.990533008588992
 20
4.657950487116513
 30
0.0
 11
8.975
 21
4.64007214207425
 31
0.0
  0
LINE
  5
73E
330
17
100
AcDbEntity
  8
P-FIXT
100
AcDbLine
 10
8.975
 20
4.64007214207425
 30
0.0
 11
8.95691142838269
 21
4.628833344542479
 31
0.0
  0
LINE
  5
73F
330
17
100
AcDbEntity
  8
P-FIXT
100
AcDbLine
 10
8.95691142838269
 20
4.628833344542479
 30
0.0
 11
8.9375
 21
4.625
 31
0.0
  0
LINE
  5
740
330
17
100
AcDbEntity
  8
P-FIXT
100
AcDbLine
 10
8.9375
 20
4.625
 30
0.0
 11
8.91808857161731
 21
4.628833344542479
 31
0.0
  0
LINE
  5
741
330
17
100
AcDbEntity
  8
P-FIXT
100
AcDbLine
 10
8.91808857161731
 20
4.628833344542479
 30
0.0
 11
8.9
 21
4.64007214207425
 31
0.0
  0
LINE
  5
742
330
17
100
AcDbEntity
  8
P-FIXT
100
AcDbLine
 10
8.9
 20
4.64007214207425
 30
0.0
 11
8.884466991411008
 21
4.657950487116513
 31
0.0
  0
LINE
  5
743
330
17
100
AcDbEntity
  8
P-FIXT
100
AcDbLine
 10
8.884466991411008
 20
4.657950487116513
 30
0.0
 11
8.872548094716167
 21
4.6812499999999995
 31
0.0
  0
LINE
  5
744
330
17
100
AcDbEntity
  8
P-FIXT
100
AcDbLine
 10
8.872548094716167
 20
4.6812499999999995
 30
0.0
 11
8.86505556302832
 21
4.708382857425966
 31
0.0
  0
LINE
  5
745
330
17
100
AcDbEntity
  8
P-FIXT
100
AcDbLine
 10
8.86505556302832
 20
4.708382857425966
 30
0.0
 11
8.8625
 21
4.7375
 31
0.0
  0
LINE
  5
746
330
17
100
AcDbEntity
  8
P-FIXT
100
AcDbLine
 10
8.8625
 20
4.7375
 30
0.0
 11
8.86505556302832
 21
4.766617142574034
 31
0.0
  0
LINE
  5
747
330
17
100
AcDbEntity
  8
P-FIXT
100
AcDbLine
 10
8.86505556302832
 20
4.766617142574034
 30
0.0
 11
8.872548094716167
 21
4.79375
 31
0.0
  0
LINE
  5
748
330
17
100
AcDbEntity
  8
P-FIXT
100
AcDbLine
 10
8.872548094716167
 20
4.79375
 30
0.0
 11
8.884466991411008
 21
4.817049512883487
 31
0.0
  0
LINE
  5
749
330
17
100
AcDbEntity
  8
P-FIXT
100
AcDbLine
 10
8.884466991411008
 20
4.817049512883487
 30
0.0
 11
8.9
 21
4.8349278579257495
 31
0.0
  0
LINE
  5
74A
330
17
100
AcDbEntity
  8
P-FIXT
100
AcDbLine
 10
8.9
 20
4.8349278579257495
 30
0.0
 11
8.91808857161731
 21
4.8461666554575205
 31
0.0
  0
LINE
  5
74B
330
17
100
AcDbEntity
  8
P-FIXT
100
AcDbLine
 10
8.91808857161731
 20
4.8461666554575205
 30
0.0
 11
8.9375
 21
4.85
 31
0.0
  0
LINE
  5
74C
330
17
100
AcDbEntity
  8
P-FIXT
100
AcDbLine
 10
8.9375
 20
4.85
 30
0.0
 11
8.95691142838269
 21
4.8461666554575205
 31
0.0
  0
LINE
  5
74D
330
17
100
AcDbEntity
  8
P-FIXT
100
AcDbLine
 10
8.95691142838269
 20
4.8461666554575205
 30
0.0
 11
8.975
 21
4.8349278579257495
 31
0.0
  0
LINE
  5
74E
330
17
100
AcDbEntity
  8
P-FIXT
100
AcDbLine
 10
8.975
 20
4.8349278579257495
 30
0.0
 11
8.990533008588992
 21
4.817049512883487
 31
0.0
  0
LINE
  5
74F
330
17
100
AcDbEntity
  8
P-FIXT
100
AcDbLine
 10
8.990533008588992
 20
4.817049512883487
 30
0.0
 11
9.002451905283833
 21
4.79375
 31
0.0
  0
LINE
  5
750
330
17
100
AcDbEntity
  8
P-FIXT
100
AcDbLine
 10
9.002451905283833
 20
4.79375
 30
0.0
 11
9.00994443697168
 21
4.766617142574034
 31
0.0
  0
LINE
  5
751
330
17
100
AcDbEntity
  8
P-FIXT
100
AcDbLine
 10
9.00994443697168
 20
4.766617142574034
 30
0.0
 11
9.0125
 21
4.7375
 31
0.0
  0
TEXT
  5
752
330
17
100
AcDbEntity
  8
A-ANNO-TEXT
100
AcDbText
 10
9.1125
 20
5.0625
 30
0.0
 40
0.036
  1
WC
  7
KS-REG
 72
1
 11
9.1125
 21
5.0625
 31
0.0
100
AcDbText
  0
LINE
  5
753
330
17
100
AcDbEntity
  8
A-WALL-PRTN
100
AcDbLine
 10
9.375
 20
5.175
 30
0.0
 11
9.75
 21
5.175
 31
0.0
  0
LINE
  5
754
330
17
100
AcDbEntity
  8
A-WALL-PRTN
100
AcDbLine
 10
9.75
 20
5.175
 30
0.0
 11
9.75
 21
4.55
 31
0.0
  0
LINE
  5
755
330
17
100
AcDbEntity
  8
A-WALL-PRTN
100
AcDbLine
 10
9.75
 20
4.55
 30
0.0
 11
9.375
 21
4.55
 31
0.0
  0
LINE
  5
756
330
17
100
AcDbEntity
  8
A-WALL-PRTN
100
AcDbLine
 10
9.375
 20
4.55
 30
0.0
 11
9.375
 21
5.175
 31
0.0
  0
LWPOLYLINE
  5
757
330
17
100
AcDbEntity
  8
P-FIXT
100
AcDbPolyline
 90
4
 70
1
 10
9.4625
 20
4.55
 10
9.6625
 20
4.55
 10
9.6625
 20
4.625
 10
9.4625
 20
4.625
  0
LINE
  5
758
330
17
100
AcDbEntity
  8
P-FIXT
100
AcDbLine
 10
9.6375
 20
4.7375
 30
0.0
 11
9.63494443697168
 21
4.708382857425966
 31
0.0
  0
LINE
  5
759
330
17
100
AcDbEntity
  8
P-FIXT
100
AcDbLine
 10
9.63494443697168
 20
4.708382857425966
 30
0.0
 11
9.627451905283833
 21
4.6812499999999995
 31
0.0
  0
LINE
  5
75A
330
17
100
AcDbEntity
  8
P-FIXT
100
AcDbLine
 10
9.627451905283833
 20
4.6812499999999995
 30
0.0
 11
9.615533008588992
 21
4.657950487116513
 31
0.0
  0
LINE
  5
75B
330
17
100
AcDbEntity
  8
P-FIXT
100
AcDbLine
 10
9.615533008588992
 20
4.657950487116513
 30
0.0
 11
9.6
 21
4.64007214207425
 31
0.0
  0
LINE
  5
75C
330
17
100
AcDbEntity
  8
P-FIXT
100
AcDbLine
 10
9.6
 20
4.64007214207425
 30
0.0
 11
9.58191142838269
 21
4.628833344542479
 31
0.0
  0
LINE
  5
75D
330
17
100
AcDbEntity
  8
P-FIXT
100
AcDbLine
 10
9.58191142838269
 20
4.628833344542479
 30
0.0
 11
9.5625
 21
4.625
 31
0.0
  0
LINE
  5
75E
330
17
100
AcDbEntity
  8
P-FIXT
100
AcDbLine
 10
9.5625
 20
4.625
 30
0.0
 11
9.54308857161731
 21
4.628833344542479
 31
0.0
  0
LINE
  5
75F
330
17
100
AcDbEntity
  8
P-FIXT
100
AcDbLine
 10
9.54308857161731
 20
4.628833344542479
 30
0.0
 11
9.525
 21
4.64007214207425
 31
0.0
  0
LINE
  5
760
330
17
100
AcDbEntity
  8
P-FIXT
100
AcDbLine
 10
9.525
 20
4.64007214207425
 30
0.0
 11
9.509466991411008
 21
4.657950487116513
 31
0.0
  0
LINE
  5
761
330
17
100
AcDbEntity
  8
P-FIXT
100
AcDbLine
 10
9.509466991411008
 20
4.657950487116513
 30
0.0
 11
9.497548094716167
 21
4.6812499999999995
 31
0.0
  0
LINE
  5
762
330
17
100
AcDbEntity
  8
P-FIXT
100
AcDbLine
 10
9.497548094716167
 20
4.6812499999999995
 30
0.0
 11
9.49005556302832
 21
4.708382857425966
 31
0.0
  0
LINE
  5
763
330
17
100
AcDbEntity
  8
P-FIXT
100
AcDbLine
 10
9.49005556302832
 20
4.708382857425966
 30
0.0
 11
9.4875
 21
4.7375
 31
0.0
  0
LINE
  5
764
330
17
100
AcDbEntity
  8
P-FIXT
100
AcDbLine
 10
9.4875
 20
4.7375
 30
0.0
 11
9.49005556302832
 21
4.766617142574034
 31
0.0
  0
LINE
  5
765
330
17
100
AcDbEntity
  8
P-FIXT
100
AcDbLine
 10
9.49005556302832
 20
4.766617142574034
 30
0.0
 11
9.497548094716167
 21
4.79375
 31
0.0
  0
LINE
  5
766
330
17
100
AcDbEntity
  8
P-FIXT
100
AcDbLine
 10
9.497548094716167
 20
4.79375
 30
0.0
 11
9.509466991411008
 21
4.817049512883487
 31
0.0
  0
LINE
  5
767
330
17
100
AcDbEntity
  8
P-FIXT
100
AcDbLine
 10
9.509466991411008
 20
4.817049512883487
 30
0.0
 11
9.525
 21
4.8349278579257495
 31
0.0
  0
LINE
  5
768
330
17
100
AcDbEntity
  8
P-FIXT
100
AcDbLine
 10
9.525
 20
4.8349278579257495
 30
0.0
 11
9.54308857161731
 21
4.8461666554575205
 31
0.0
  0
LINE
  5
769
330
17
100
AcDbEntity
  8
P-FIXT
100
AcDbLine
 10
9.54308857161731
 20
4.8461666554575205
 30
0.0
 11
9.5625
 21
4.85
 31
0.0
  0
LINE
  5
76A
330
17
100
AcDbEntity
  8
P-FIXT
100
AcDbLine
 10
9.5625
 20
4.85
 30
0.0
 11
9.58191142838269
 21
4.8461666554575205
 31
0.0
  0
LINE
  5
76B
330
17
100
AcDbEntity
  8
P-FIXT
100
AcDbLine
 10
9.58191142838269
 20
4.8461666554575205
 30
0.0
 11
9.6
 21
4.8349278579257495
 31
0.0
  0
LINE
  5
76C
330
17
100
AcDbEntity
  8
P-FIXT
100
AcDbLine
 10
9.6
 20
4.8349278579257495
 30
0.0
 11
9.615533008588992
 21
4.817049512883487
 31
0.0
  0
LINE
  5
76D
330
17
100
AcDbEntity
  8
P-FIXT
100
AcDbLine
 10
9.615533008588992
 20
4.817049512883487
 30
0.0
 11
9.627451905283833
 21
4.79375
 31
0.0
  0
LINE
  5
76E
330
17
100
AcDbEntity
  8
P-FIXT
100
AcDbLine
 10
9.627451905283833
 20
4.79375
 30
0.0
 11
9.63494443697168
 21
4.766617142574034
 31
0.0
  0
LINE
  5
76F
330
17
100
AcDbEntity
  8
P-FIXT
100
AcDbLine
 10
9.63494443697168
 20
4.766617142574034
 30
0.0
 11
9.6375
 21
4.7375
 31
0.0
  0
TEXT
  5
770
330
17
100
AcDbEntity
  8
A-ANNO-TEXT
100
AcDbText
 10
9.5625
 20
5.0625
 30
0.0
 40
0.036
  1
AMB. WC
  7
KS-REG
 72
1
 11
9.5625
 21
5.0625
 31
0.0
100
AcDbText
  0
LINE
  5
771
330
17
100
AcDbEntity
  8
P-FIXT
100
AcDbLine
 10
8.75
 20
5.913749999999999
 30
0.0
 11
8.96875
 21
5.913749999999999
 31
0.0
  0
LINE
  5
772
330
17
100
AcDbEntity
  8
P-FIXT
100
AcDbLine
 10
8.96875
 20
5.913749999999999
 30
0.0
 11
8.96875
 21
5.601249999999999
 31
0.0
  0
LINE
  5
773
330
17
100
AcDbEntity
  8
P-FIXT
100
AcDbLine
 10
8.96875
 20
5.601249999999999
 30
0.0
 11
8.75
 21
5.601249999999999
 31
0.0
  0
LINE
  5
774
330
17
100
AcDbEntity
  8
P-FIXT
100
AcDbLine
 10
8.75
 20
5.601249999999999
 30
0.0
 11
8.75
 21
5.913749999999999
 31
0.0
  0
LINE
  5
775
330
17
100
AcDbEntity
  8
P-FIXT
100
AcDbLine
 10
8.928125
 20
5.757499999999999
 30
0.0
 11
8.925782400557374
 21
5.733235714521638
 31
0.0
  0
LINE
  5
776
330
17
100
AcDbEntity
  8
P-FIXT
100
AcDbLine
 10
8.925782400557374
 20
5.733235714521638
 30
0.0
 11
8.91891424651018
 21
5.710624999999999
 31
0.0
  0
LINE
  5
777
330
17
100
AcDbEntity
  8
P-FIXT
100
AcDbLine
 10
8.91891424651018
 20
5.710624999999999
 30
0.0
 11
8.907988591206575
 21
5.691208739263761
 31
0.0
  0
LINE
  5
778
330
17
100
AcDbEntity
  8
P-FIXT
100
AcDbLine
 10
8.907988591206575
 20
5.691208739263761
 30
0.0
 11
8.89375
 21
5.676310118395208
 31
0.0
  0
LINE
  5
779
330
17
100
AcDbEntity
  8
P-FIXT
100
AcDbLine
 10
8.89375
 20
5.676310118395208
 30
0.0
 11
8.877168809350799
 21
5.6669444537853995
 31
0.0
  0
LINE
  5
77A
330
17
100
AcDbEntity
  8
P-FIXT
100
AcDbLine
 10
8.877168809350799
 20
5.6669444537853995
 30
0.0
 11
8.859375
 21
5.663749999999999
 31
0.0
  0
LINE
  5
77B
330
17
100
AcDbEntity
  8
P-FIXT
100
AcDbLine
 10
8.859375
 20
5.663749999999999
 30
0.0
 11
8.841581190649201
 21
5.6669444537853995
 31
0.0
  0
LINE
  5
77C
330
17
100
AcDbEntity
  8
P-FIXT
100
AcDbLine
 10
8.841581190649201
 20
5.6669444537853995
 30
0.0
 11
8.825
 21
5.676310118395208
 31
0.0
  0
LINE
  5
77D
330
17
100
AcDbEntity
  8
P-FIXT
100
AcDbLine
 10
8.825
 20
5.676310118395208
 30
0.0
 11
8.810761408793425
 21
5.691208739263761
 31
0.0
  0
LINE
  5
77E
330
17
100
AcDbEntity
  8
P-FIXT
100
AcDbLine
 10
8.810761408793425
 20
5.691208739263761
 30
0.0
 11
8.79983575348982
 21
5.710624999999999
 31
0.0
  0
LINE
  5
77F
330
17
100
AcDbEntity
  8
P-FIXT
100
AcDbLine
 10
8.79983575348982
 20
5.710624999999999
 30
0.0
 11
8.792967599442626
 21
5.733235714521638
 31
0.0
  0
LINE
  5
780
330
17
100
AcDbEntity
  8
P-FIXT
100
AcDbLine
 10
8.792967599442626
 20
5.733235714521638
 30
0.0
 11
8.790625
 21
5.757499999999999
 31
0.0
  0
LINE
  5
781
330
17
100
AcDbEntity
  8
P-FIXT
100
AcDbLine
 10
8.790625
 20
5.757499999999999
 30
0.0
 11
8.792967599442626
 21
5.781764285478361
 31
0.0
  0
LINE
  5
782
330
17
100
AcDbEntity
  8
P-FIXT
100
AcDbLine
 10
8.792967599442626
 20
5.781764285478361
 30
0.0
 11
8.79983575348982
 21
5.804374999999999
 31
0.0
  0
LINE
  5
783
330
17
100
AcDbEntity
  8
P-FIXT
100
AcDbLine
 10
8.79983575348982
 20
5.804374999999999
 30
0.0
 11
8.810761408793425
 21
5.823791260736238
 31
0.0
  0
LINE
  5
784
330
17
100
AcDbEntity
  8
P-FIXT
100
AcDbLine
 10
8.810761408793425
 20
5.823791260736238
 30
0.0
 11
8.825
 21
5.8386898816047905
 31
0.0
  0
LINE
  5
785
330
17
100
AcDbEntity
  8
P-FIXT
100
AcDbLine
 10
8.825
 20
5.8386898816047905
 30
0.0
 11
8.841581190649201
 21
5.848055546214599
 31
0.0
  0
LINE
  5
786
330
17
100
AcDbEntity
  8
P-FIXT
100
AcDbLine
 10
8.841581190649201
 20
5.848055546214599
 30
0.0
 11
8.859375
 21
5.851249999999999
 31
0.0
  0
LINE
  5
787
330
17
100
AcDbEntity
  8
P-FIXT
100
AcDbLine
 10
8.859375
 20
5.851249999999999
 30
0.0
 11
8.877168809350799
 21
5.848055546214599
 31
0.0
  0
LINE
  5
788
330
17
100
AcDbEntity
  8
P-FIXT
100
AcDbLine
 10
8.877168809350799
 20
5.848055546214599
 30
0.0
 11
8.89375
 21
5.8386898816047905
 31
0.0
  0
LINE
  5
789
330
17
100
AcDbEntity
  8
P-FIXT
100
AcDbLine
 10
8.89375
 20
5.8386898816047905
 30
0.0
 11
8.907988591206575
 21
5.823791260736238
 31
0.0
  0
LINE
  5
78A
330
17
100
AcDbEntity
  8
P-FIXT
100
AcDbLine
 10
8.907988591206575
 20
5.823791260736238
 30
0.0
 11
8.91891424651018
 21
5.804374999999999
 31
0.0
  0
LINE
  5
78B
330
17
100
AcDbEntity
  8
P-FIXT
100
AcDbLine
 10
8.91891424651018
 20
5.804374999999999
 30
0.0
 11
8.925782400557374
 21
5.781764285478361
 31
0.0
  0
LINE
  5
78C
330
17
100
AcDbEntity
  8
P-FIXT
100
AcDbLine
 10
8.925782400557374
 20
5.781764285478361
 30
0.0
 11
8.928125
 21
5.757499999999999
 31
0.0
  0
TEXT
  5
78D
330
17
100
AcDbEntity
  8
A-ANNO-TEXT
100
AcDbText
 10
8.99375
 20
5.795
 30
0.0
 40
0.039999999999999994
  1
A
  7
KS-BOLD
 11
8.99375
 21
5.795
 31
0.0
100
AcDbText
  0
LINE
  5
78E
330
17
100
AcDbEntity
  8
P-FIXT
100
AcDbLine
 10
8.75
 20
5.601249999999999
 30
0.0
 11
8.96875
 21
5.601249999999999
 31
0.0
  0
LINE
  5
78F
330
17
100
AcDbEntity
  8
P-FIXT
100
AcDbLine
 10
8.96875
 20
5.601249999999999
 30
0.0
 11
8.96875
 21
5.288749999999999
 31
0.0
  0
LINE
  5
790
330
17
100
AcDbEntity
  8
P-FIXT
100
AcDbLine
 10
8.96875
 20
5.288749999999999
 30
0.0
 11
8.75
 21
5.288749999999999
 31
0.0
  0
LINE
  5
791
330
17
100
AcDbEntity
  8
P-FIXT
100
AcDbLine
 10
8.75
 20
5.288749999999999
 30
0.0
 11
8.75
 21
5.601249999999999
 31
0.0
  0
LINE
  5
792
330
17
100
AcDbEntity
  8
P-FIXT
100
AcDbLine
 10
8.928125
 20
5.444999999999999
 30
0.0
 11
8.925782400557374
 21
5.420735714521638
 31
0.0
  0
LINE
  5
793
330
17
100
AcDbEntity
  8
P-FIXT
100
AcDbLine
 10
8.925782400557374
 20
5.420735714521638
 30
0.0
 11
8.91891424651018
 21
5.398124999999999
 31
0.0
  0
LINE
  5
794
330
17
100
AcDbEntity
  8
P-FIXT
100
AcDbLine
 10
8.91891424651018
 20
5.398124999999999
 30
0.0
 11
8.907988591206575
 21
5.378708739263761
 31
0.0
  0
LINE
  5
795
330
17
100
AcDbEntity
  8
P-FIXT
100
AcDbLine
 10
8.907988591206575
 20
5.378708739263761
 30
0.0
 11
8.89375
 21
5.363810118395208
 31
0.0
  0
LINE
  5
796
330
17
100
AcDbEntity
  8
P-FIXT
100
AcDbLine
 10
8.89375
 20
5.363810118395208
 30
0.0
 11
8.877168809350799
 21
5.3544444537853995
 31
0.0
  0
LINE
  5
797
330
17
100
AcDbEntity
  8
P-FIXT
100
AcDbLine
 10
8.877168809350799
 20
5.3544444537853995
 30
0.0
 11
8.859375
 21
5.351249999999999
 31
0.0
  0
LINE
  5
798
330
17
100
AcDbEntity
  8
P-FIXT
100
AcDbLine
 10
8.859375
 20
5.351249999999999
 30
0.0
 11
8.841581190649201
 21
5.3544444537853995
 31
0.0
  0
LINE
  5
799
330
17
100
AcDbEntity
  8
P-FIXT
100
AcDbLine
 10
8.841581190649201
 20
5.3544444537853995
 30
0.0
 11
8.825
 21
5.363810118395208
 31
0.0
  0
LINE
  5
79A
330
17
100
AcDbEntity
  8
P-FIXT
100
AcDbLine
 10
8.825
 20
5.363810118395208
 30
0.0
 11
8.810761408793425
 21
5.378708739263761
 31
0.0
  0
LINE
  5
79B
330
17
100
AcDbEntity
  8
P-FIXT
100
AcDbLine
 10
8.810761408793425
 20
5.378708739263761
 30
0.0
 11
8.79983575348982
 21
5.398124999999999
 31
0.0
  0
LINE
  5
79C
330
17
100
AcDbEntity
  8
P-FIXT
100
AcDbLine
 10
8.79983575348982
 20
5.398124999999999
 30
0.0
 11
8.792967599442626
 21
5.420735714521638
 31
0.0
  0
LINE
  5
79D
330
17
100
AcDbEntity
  8
P-FIXT
100
AcDbLine
 10
8.792967599442626
 20
5.420735714521638
 30
0.0
 11
8.790625
 21
5.444999999999999
 31
0.0
  0
LINE
  5
79E
330
17
100
AcDbEntity
  8
P-FIXT
100
AcDbLine
 10
8.790625
 20
5.444999999999999
 30
0.0
 11
8.792967599442626
 21
5.469264285478361
 31
0.0
  0
LINE
  5
79F
330
17
100
AcDbEntity
  8
P-FIXT
100
AcDbLine
 10
8.792967599442626
 20
5.469264285478361
 30
0.0
 11
8.79983575348982
 21
5.491874999999999
 31
0.0
  0
LINE
  5
7A0
330
17
100
AcDbEntity
  8
P-FIXT
100
AcDbLine
 10
8.79983575348982
 20
5.491874999999999
 30
0.0
 11
8.810761408793425
 21
5.511291260736238
 31
0.0
  0
LINE
  5
7A1
330
17
100
AcDbEntity
  8
P-FIXT
100
AcDbLine
 10
8.810761408793425
 20
5.511291260736238
 30
0.0
 11
8.825
 21
5.5261898816047905
 31
0.0
  0
LINE
  5
7A2
330
17
100
AcDbEntity
  8
P-FIXT
100
AcDbLine
 10
8.825
 20
5.5261898816047905
 30
0.0
 11
8.841581190649201
 21
5.535555546214599
 31
0.0
  0
LINE
  5
7A3
330
17
100
AcDbEntity
  8
P-FIXT
100
AcDbLine
 10
8.841581190649201
 20
5.535555546214599
 30
0.0
 11
8.859375
 21
5.538749999999999
 31
0.0
  0
LINE
  5
7A4
330
17
100
AcDbEntity
  8
P-FIXT
100
AcDbLine
 10
8.859375
 20
5.538749999999999
 30
0.0
 11
8.877168809350799
 21
5.535555546214599
 31
0.0
  0
LINE
  5
7A5
330
17
100
AcDbEntity
  8
P-FIXT
100
AcDbLine
 10
8.877168809350799
 20
5.535555546214599
 30
0.0
 11
8.89375
 21
5.5261898816047905
 31
0.0
  0
LINE
  5
7A6
330
17
100
AcDbEntity
  8
P-FIXT
100
AcDbLine
 10
8.89375
 20
5.5261898816047905
 30
0.0
 11
8.907988591206575
 21
5.511291260736238
 31
0.0
  0
LINE
  5
7A7
330
17
100
AcDbEntity
  8
P-FIXT
100
AcDbLine
 10
8.907988591206575
 20
5.511291260736238
 30
0.0
 11
8.91891424651018
 21
5.491874999999999
 31
0.0
  0
LINE
  5
7A8
330
17
100
AcDbEntity
  8
P-FIXT
100
AcDbLine
 10
8.91891424651018
 20
5.491874999999999
 30
0.0
 11
8.925782400557374
 21
5.469264285478361
 31
0.0
  0
LINE
  5
7A9
330
17
100
AcDbEntity
  8
P-FIXT
100
AcDbLine
 10
8.925782400557374
 20
5.469264285478361
 30
0.0
 11
8.928125
 21
5.444999999999999
 31
0.0
  0
LINE
  5
7AA
330
17
100
AcDbEntity
  8
A-CLER-ADA
100
AcDbLine
 10
8.96875
 20
5.913749999999999
 30
0.0
 11
9.00375
 21
5.913749999999999
 31
0.0
  0
LINE
  5
7AB
330
17
100
AcDbEntity
  8
A-CLER-ADA
100
AcDbLine
 10
9.02875
 20
5.913749999999999
 30
0.0
 11
9.06375
 21
5.913749999999999
 31
0.0
  0
LINE
  5
7AC
330
17
100
AcDbEntity
  8
A-CLER-ADA
100
AcDbLine
 10
9.08875
 20
5.913749999999999
 30
0.0
 11
9.12375
 21
5.913749999999999
 31
0.0
  0
LINE
  5
7AD
330
17
100
AcDbEntity
  8
A-CLER-ADA
100
AcDbLine
 10
9.14875
 20
5.913749999999999
 30
0.0
 11
9.18375
 21
5.913749999999999
 31
0.0
  0
LINE
  5
7AE
330
17
100
AcDbEntity
  8
A-CLER-ADA
100
AcDbLine
 10
9.20875
 20
5.913749999999999
 30
0.0
 11
9.24375
 21
5.913749999999999
 31
0.0
  0
LINE
  5
7AF
330
17
100
AcDbEntity
  8
A-CLER-ADA
100
AcDbLine
 10
9.26875
 20
5.913749999999999
 30
0.0
 11
9.30375
 21
5.913749999999999
 31
0.0
  0
LINE
  5
7B0
330
17
100
AcDbEntity
  8
A-CLER-ADA
100
AcDbLine
 10
9.32875
 20
5.913749999999999
 30
0.0
 11
9.36375
 21
5.913749999999999
 31
0.0
  0
LINE
  5
7B1
330
17
100
AcDbEntity
  8
A-CLER-ADA
100
AcDbLine
 10
9.38875
 20
5.913749999999999
 30
0.0
 11
9.42375
 21
5.913749999999999
 31
0.0
  0
LINE
  5
7B2
330
17
100
AcDbEntity
  8
A-CLER-ADA
100
AcDbLine
 10
9.44875
 20
5.913749999999999
 30
0.0
 11
9.46875
 21
5.913749999999999
 31
0.0
  0
LINE
  5
7B3
330
17
100
AcDbEntity
  8
A-CLER-ADA
100
AcDbLine
 10
9.46875
 20
5.913749999999999
 30
0.0
 11
9.46875
 21
5.878749999999999
 31
0.0
  0
LINE
  5
7B4
330
17
100
AcDbEntity
  8
A-CLER-ADA
100
AcDbLine
 10
9.46875
 20
5.85375
 30
0.0
 11
9.46875
 21
5.81875
 31
0.0
  0
LINE
  5
7B5
330
17
100
AcDbEntity
  8
A-CLER-ADA
100
AcDbLine
 10
9.46875
 20
5.793749999999999
 30
0.0
 11
9.46875
 21
5.758749999999999
 31
0.0
  0
LINE
  5
7B6
330
17
100
AcDbEntity
  8
A-CLER-ADA
100
AcDbLine
 10
9.46875
 20
5.73375
 30
0.0
 11
9.46875
 21
5.6987499999999995
 31
0.0
  0
LINE
  5
7B7
330
17
100
AcDbEntity
  8
A-CLER-ADA
100
AcDbLine
 10
9.46875
 20
5.673749999999999
 30
0.0
 11
9.46875
 21
5.638749999999999
 31
0.0
  0
LINE
  5
7B8
330
17
100
AcDbEntity
  8
A-CLER-ADA
100
AcDbLine
 10
9.46875
 20
5.61375
 30
0.0
 11
9.46875
 21
5.601249999999999
 31
0.0
  0
LINE
  5
7B9
330
17
100
AcDbEntity
  8
A-CLER-ADA
100
AcDbLine
 10
9.46875
 20
5.601249999999999
 30
0.0
 11
9.43375
 21
5.601249999999999
 31
0.0
  0
LINE
  5
7BA
330
17
100
AcDbEntity
  8
A-CLER-ADA
100
AcDbLine
 10
9.40875
 20
5.601249999999999
 30
0.0
 11
9.37375
 21
5.601249999999999
 31
0.0
  0
LINE
  5
7BB
330
17
100
AcDbEntity
  8
A-CLER-ADA
100
AcDbLine
 10
9.34875
 20
5.601249999999999
 30
0.0
 11
9.31375
 21
5.601249999999999
 31
0.0
  0
LINE
  5
7BC
330
17
100
AcDbEntity
  8
A-CLER-ADA
100
AcDbLine
 10
9.28875
 20
5.601249999999999
 30
0.0
 11
9.25375
 21
5.601249999999999
 31
0.0
  0
LINE
  5
7BD
330
17
100
AcDbEntity
  8
A-CLER-ADA
100
AcDbLine
 10
9.22875
 20
5.601249999999999
 30
0.0
 11
9.19375
 21
5.601249999999999
 31
0.0
  0
LINE
  5
7BE
330
17
100
AcDbEntity
  8
A-CLER-ADA
100
AcDbLine
 10
9.16875
 20
5.601249999999999
 30
0.0
 11
9.13375
 21
5.601249999999999
 31
0.0
  0
LINE
  5
7BF
330
17
100
AcDbEntity
  8
A-CLER-ADA
100
AcDbLine
 10
9.10875
 20
5.601249999999999
 30
0.0
 11
9.07375
 21
5.601249999999999
 31
0.0
  0
LINE
  5
7C0
330
17
100
AcDbEntity
  8
A-CLER-ADA
100
AcDbLine
 10
9.04875
 20
5.601249999999999
 30
0.0
 11
9.01375
 21
5.601249999999999
 31
0.0
  0
LINE
  5
7C1
330
17
100
AcDbEntity
  8
A-CLER-ADA
100
AcDbLine
 10
8.98875
 20
5.601249999999999
 30
0.0
 11
8.96875
 21
5.601249999999999
 31
0.0
  0
LINE
  5
7C2
330
17
100
AcDbEntity
  8
A-CLER-ADA
100
AcDbLine
 10
8.96875
 20
5.601249999999999
 30
0.0
 11
8.96875
 21
5.6362499999999995
 31
0.0
  0
LINE
  5
7C3
330
17
100
AcDbEntity
  8
A-CLER-ADA
100
AcDbLine
 10
8.96875
 20
5.661249999999999
 30
0.0
 11
8.96875
 21
5.696249999999999
 31
0.0
  0
LINE
  5
7C4
330
17
100
AcDbEntity
  8
A-CLER-ADA
100
AcDbLine
 10
8.96875
 20
5.7212499999999995
 30
0.0
 11
8.96875
 21
5.75625
 31
0.0
  0
LINE
  5
7C5
330
17
100
AcDbEntity
  8
A-CLER-ADA
100
AcDbLine
 10
8.96875
 20
5.781249999999999
 30
0.0
 11
8.96875
 21
5.816249999999999
 31
0.0
  0
LINE
  5
7C6
330
17
100
AcDbEntity
  8
A-CLER-ADA
100
AcDbLine
 10
8.96875
 20
5.84125
 30
0.0
 11
8.96875
 21
5.87625
 31
0.0
  0
LINE
  5
7C7
330
17
100
AcDbEntity
  8
A-CLER-ADA
100
AcDbLine
 10
8.96875
 20
5.901249999999999
 30
0.0
 11
8.96875
 21
5.913749999999999
 31
0.0
  0
TEXT
  5
7C8
330
17
100
AcDbEntity
  8
A-CLER-ADA
100
AcDbText
 10
9.21875
 20
5.795
 30
0.0
 40
0.033999999999999996
  1
30x48
  7
KS-REG
 72
1
 11
9.21875
 21
5.795
 31
0.0
100
AcDbText
  0
LINE
  5
7C9
330
17
100
AcDbEntity
  8
A-CLER-ADA
100
AcDbLine
 10
9.875
 20
5.55125
 30
0.0
 11
9.864351820715333
 21
5.470369048405462
 31
0.0
  0
LINE
  5
7CA
330
17
100
AcDbEntity
  8
A-CLER-ADA
100
AcDbLine
 10
9.833132938682636
 20
5.395
 30
0.0
 11
9.783470869120796
 21
5.3302791308792035
 31
0.0
  0
LINE
  5
7CB
330
17
100
AcDbEntity
  8
A-CLER-ADA
100
AcDbLine
 10
9.71875
 20
5.280617061317362
 30
0.0
 11
9.643380951594537
 21
5.249398179284666
 31
0.0
  0
LINE
  5
7CC
330
17
100
AcDbEntity
  8
A-CLER-ADA
100
AcDbLine
 10
9.5625
 20
5.23875
 30
0.0
 11
9.481619048405463
 21
5.249398179284666
 31
0.0
  0
LINE
  5
7CD
330
17
100
AcDbEntity
  8
A-CLER-ADA
100
AcDbLine
 10
9.40625
 20
5.280617061317362
 30
0.0
 11
9.341529130879204
 21
5.3302791308792035
 31
0.0
  0
LINE
  5
7CE
330
17
100
AcDbEntity
  8
A-CLER-ADA
100
AcDbLine
 10
9.291867061317364
 20
5.395
 30
0.0
 11
9.260648179284667
 21
5.470369048405462
 31
0.0
  0
LINE
  5
7CF
330
17
100
AcDbEntity
  8
A-CLER-ADA
100
AcDbLine
 10
9.25
 20
5.55125
 30
0.0
 11
9.260648179284667
 21
5.6321309515945375
 31
0.0
  0
LINE
  5
7D0
330
17
100
AcDbEntity
  8
A-CLER-ADA
100
AcDbLine
 10
9.291867061317364
 20
5.7075
 30
0.0
 11
9.341529130879204
 21
5.772220869120796
 31
0.0
  0
LINE
  5
7D1
330
17
100
AcDbEntity
  8
A-CLER-ADA
100
AcDbLine
 10
9.40625
 20
5.821882938682636
 30
0.0
 11
9.481619048405463
 21
5.853101820715334
 31
0.0
  0
LINE
  5
7D2
330
17
100
AcDbEntity
  8
A-CLER-ADA
100
AcDbLine
 10
9.5625
 20
5.86375
 30
0.0
 11
9.643380951594537
 21
5.853101820715334
 31
0.0
  0
LINE
  5
7D3
330
17
100
AcDbEntity
  8
A-CLER-ADA
100
AcDbLine
 10
9.71875
 20
5.821882938682636
 30
0.0
 11
9.783470869120796
 21
5.772220869120796
 31
0.0
  0
LINE
  5
7D4
330
17
100
AcDbEntity
  8
A-CLER-ADA
100
AcDbLine
 10
9.833132938682636
 20
5.7075
 30
0.0
 11
9.864351820715333
 21
5.6321309515945375
 31
0.0
  0
TEXT
  5
7D5
330
17
100
AcDbEntity
  8
A-CLER-ADA
100
AcDbText
 10
9.5625
 20
5.588749999999999
 30
0.0
 40
0.036
  1
60" TURN
  7
KS-REG
 72
1
 11
9.5625
 21
5.588749999999999
 31
0.0
100
AcDbText
  0
LINE
  5
7D6
330
17
100
AcDbEntity
  8
P-FIXT
100
AcDbLine
 10
10.1875
 20
4.8625
 30
0.0
 11
10.8125
 21
4.8625
 31
0.0
  0
LINE
  5
7D7
330
17
100
AcDbEntity
  8
P-FIXT
100
AcDbLine
 10
10.8125
 20
4.8625
 30
0.0
 11
10.8125
 21
4.55
 31
0.0
  0
LINE
  5
7D8
330
17
100
AcDbEntity
  8
P-FIXT
100
AcDbLine
 10
10.8125
 20
4.55
 30
0.0
 11
10.1875
 21
4.55
 31
0.0
  0
LINE
  5
7D9
330
17
100
AcDbEntity
  8
P-FIXT
100
AcDbLine
 10
10.1875
 20
4.55
 30
0.0
 11
10.1875
 21
4.8625
 31
0.0
  0
LINE
  5
7DA
330
17
100
AcDbEntity
  8
P-FIXT
100
AcDbLine
 10
10.1875
 20
4.8625
 30
0.0
 11
10.8125
 21
4.55
 31
0.0
  0
LINE
  5
7DB
330
17
100
AcDbEntity
  8
P-FIXT
100
AcDbLine
 10
10.1875
 20
4.55
 30
0.0
 11
10.8125
 21
4.8625
 31
0.0
  0
TEXT
  5
7DC
330
17
100
AcDbEntity
  8
A-ANNO-TEXT
100
AcDbText
 10
10.5
 20
4.675
 30
0.0
 40
0.036
  1
ROLL-IN
  7
KS-BOLD
 72
1
 11
10.5
 21
4.675
 31
0.0
100
AcDbText
  0
LINE
  5
7DD
330
17
100
AcDbEntity
  8
A-CLER-ADA
100
AcDbLine
 10
10.1875
 20
5.175
 30
0.0
 11
10.2225
 21
5.175
 31
0.0
  0
LINE
  5
7DE
330
17
100
AcDbEntity
  8
A-CLER-ADA
100
AcDbLine
 10
10.2475
 20
5.175
 30
0.0
 11
10.2825
 21
5.175
 31
0.0
  0
LINE
  5
7DF
330
17
100
AcDbEntity
  8
A-CLER-ADA
100
AcDbLine
 10
10.3075
 20
5.175
 30
0.0
 11
10.3425
 21
5.175
 31
0.0
  0
LINE
  5
7E0
330
17
100
AcDbEntity
  8
A-CLER-ADA
100
AcDbLine
 10
10.3675
 20
5.175
 30
0.0
 11
10.4025
 21
5.175
 31
0.0
  0
LINE
  5
7E1
330
17
100
AcDbEntity
  8
A-CLER-ADA
100
AcDbLine
 10
10.4275
 20
5.175
 30
0.0
 11
10.4625
 21
5.175
 31
0.0
  0
LINE
  5
7E2
330
17
100
AcDbEntity
  8
A-CLER-ADA
100
AcDbLine
 10
10.4875
 20
5.175
 30
0.0
 11
10.5225
 21
5.175
 31
0.0
  0
LINE
  5
7E3
330
17
100
AcDbEntity
  8
A-CLER-ADA
100
AcDbLine
 10
10.5475
 20
5.175
 30
0.0
 11
10.5825
 21
5.175
 31
0.0
  0
LINE
  5
7E4
330
17
100
AcDbEntity
  8
A-CLER-ADA
100
AcDbLine
 10
10.6075
 20
5.175
 30
0.0
 11
10.6425
 21
5.175
 31
0.0
  0
LINE
  5
7E5
330
17
100
AcDbEntity
  8
A-CLER-ADA
100
AcDbLine
 10
10.6675
 20
5.175
 30
0.0
 11
10.7025
 21
5.175
 31
0.0
  0
LINE
  5
7E6
330
17
100
AcDbEntity
  8
A-CLER-ADA
100
AcDbLine
 10
10.727500000000001
 20
5.175
 30
0.0
 11
10.762500000000001
 21
5.175
 31
0.0
  0
LINE
  5
7E7
330
17
100
AcDbEntity
  8
A-CLER-ADA
100
AcDbLine
 10
10.7875
 20
5.175
 30
0.0
 11
10.8125
 21
5.175
 31
0.0
  0
LINE
  5
7E8
330
17
100
AcDbEntity
  8
A-CLER-ADA
100
AcDbLine
 10
10.8125
 20
5.175
 30
0.0
 11
10.8125
 21
5.14
 31
0.0
  0
LINE
  5
7E9
330
17
100
AcDbEntity
  8
A-CLER-ADA
100
AcDbLine
 10
10.8125
 20
5.115
 30
0.0
 11
10.8125
 21
5.08
 31
0.0
  0
LINE
  5
7EA
330
17
100
AcDbEntity
  8
A-CLER-ADA
100
AcDbLine
 10
10.8125
 20
5.055
 30
0.0
 11
10.8125
 21
5.02
 31
0.0
  0
LINE
  5
7EB
330
17
100
AcDbEntity
  8
A-CLER-ADA
100
AcDbLine
 10
10.8125
 20
4.995
 30
0.0
 11
10.8125
 21
4.96
 31
0.0
  0
LINE
  5
7EC
330
17
100
AcDbEntity
  8
A-CLER-ADA
100
AcDbLine
 10
10.8125
 20
4.935
 30
0.0
 11
10.8125
 21
4.8999999999999995
 31
0.0
  0
LINE
  5
7ED
330
17
100
AcDbEntity
  8
A-CLER-ADA
100
AcDbLine
 10
10.8125
 20
4.875
 30
0.0
 11
10.8125
 21
4.8625
 31
0.0
  0
LINE
  5
7EE
330
17
100
AcDbEntity
  8
A-CLER-ADA
100
AcDbLine
 10
10.8125
 20
4.8625
 30
0.0
 11
10.7775
 21
4.8625
 31
0.0
  0
LINE
  5
7EF
330
17
100
AcDbEntity
  8
A-CLER-ADA
100
AcDbLine
 10
10.7525
 20
4.8625
 30
0.0
 11
10.7175
 21
4.8625
 31
0.0
  0
LINE
  5
7F0
330
17
100
AcDbEntity
  8
A-CLER-ADA
100
AcDbLine
 10
10.6925
 20
4.8625
 30
0.0
 11
10.6575
 21
4.8625
 31
0.0
  0
LINE
  5
7F1
330
17
100
AcDbEntity
  8
A-CLER-ADA
100
AcDbLine
 10
10.6325
 20
4.8625
 30
0.0
 11
10.5975
 21
4.8625
 31
0.0
  0
LINE
  5
7F2
330
17
100
AcDbEntity
  8
A-CLER-ADA
100
AcDbLine
 10
10.5725
 20
4.8625
 30
0.0
 11
10.5375
 21
4.8625
 31
0.0
  0
LINE
  5
7F3
330
17
100
AcDbEntity
  8
A-CLER-ADA
100
AcDbLine
 10
10.5125
 20
4.8625
 30
0.0
 11
10.4775
 21
4.8625
 31
0.0
  0
LINE
  5
7F4
330
17
100
AcDbEntity
  8
A-CLER-ADA
100
AcDbLine
 10
10.4525
 20
4.8625
 30
0.0
 11
10.4175
 21
4.8625
 31
0.0
  0
LINE
  5
7F5
330
17
100
AcDbEntity
  8
A-CLER-ADA
100
AcDbLine
 10
10.3925
 20
4.8625
 30
0.0
 11
10.3575
 21
4.8625
 31
0.0
  0
LINE
  5
7F6
330
17
100
AcDbEntity
  8
A-CLER-ADA
100
AcDbLine
 10
10.3325
 20
4.8625
 30
0.0
 11
10.2975
 21
4.8625
 31
0.0
  0
LINE
  5
7F7
330
17
100
AcDbEntity
  8
A-CLER-ADA
100
AcDbLine
 10
10.272499999999999
 20
4.8625
 30
0.0
 11
10.237499999999999
 21
4.8625
 31
0.0
  0
LINE
  5
7F8
330
17
100
AcDbEntity
  8
A-CLER-ADA
100
AcDbLine
 10
10.2125
 20
4.8625
 30
0.0
 11
10.1875
 21
4.8625
 31
0.0
  0
LINE
  5
7F9
330
17
100
AcDbEntity
  8
A-CLER-ADA
100
AcDbLine
 10
10.1875
 20
4.8625
 30
0.0
 11
10.1875
 21
4.8975
 31
0.0
  0
LINE
  5
7FA
330
17
100
AcDbEntity
  8
A-CLER-ADA
100
AcDbLine
 10
10.1875
 20
4.922499999999999
 30
0.0
 11
10.1875
 21
4.9575
 31
0.0
  0
LINE
  5
7FB
330
17
100
AcDbEntity
  8
A-CLER-ADA
100
AcDbLine
 10
10.1875
 20
4.9825
 30
0.0
 11
10.1875
 21
5.0175
 31
0.0
  0
LINE
  5
7FC
330
17
100
AcDbEntity
  8
A-CLER-ADA
100
AcDbLine
 10
10.1875
 20
5.0424999999999995
 30
0.0
 11
10.1875
 21
5.0775
 31
0.0
  0
LINE
  5
7FD
330
17
100
AcDbEntity
  8
A-CLER-ADA
100
AcDbLine
 10
10.1875
 20
5.1025
 30
0.0
 11
10.1875
 21
5.1375
 31
0.0
  0
LINE
  5
7FE
330
17
100
AcDbEntity
  8
A-CLER-ADA
100
AcDbLine
 10
10.1875
 20
5.1625
 30
0.0
 11
10.1875
 21
5.175
 31
0.0
  0
TEXT
  5
7FF
330
17
100
AcDbEntity
  8
A-CLER-ADA
100
AcDbText
 10
10.5
 20
5.0562499999999995
 30
0.0
 40
0.033999999999999996
  1
30x60
  7
KS-REG
 72
1
 11
10.5
 21
5.0562499999999995
 31
0.0
100
AcDbText
  0
LINE
  5
800
330
17
100
AcDbEntity
  8
P-FIXT
100
AcDbLine
 10
11.125
 20
5.976249999999999
 30
0.0
 11
11.5
 21
5.976249999999999
 31
0.0
  0
LINE
  5
801
330
17
100
AcDbEntity
  8
P-FIXT
100
AcDbLine
 10
11.5
 20
5.976249999999999
 30
0.0
 11
11.5
 21
5.601249999999999
 31
0.0
  0
LINE
  5
802
330
17
100
AcDbEntity
  8
P-FIXT
100
AcDbLine
 10
11.5
 20
5.601249999999999
 30
0.0
 11
11.125
 21
5.601249999999999
 31
0.0
  0
LINE
  5
803
330
17
100
AcDbEntity
  8
P-FIXT
100
AcDbLine
 10
11.125
 20
5.601249999999999
 30
0.0
 11
11.125
 21
5.976249999999999
 31
0.0
  0
LINE
  5
804
330
17
100
AcDbEntity
  8
P-FIXT
100
AcDbLine
 10
11.125
 20
5.976249999999999
 30
0.0
 11
11.5
 21
5.601249999999999
 31
0.0
  0
LINE
  5
805
330
17
100
AcDbEntity
  8
P-FIXT
100
AcDbLine
 10
11.125
 20
5.601249999999999
 30
0.0
 11
11.5
 21
5.976249999999999
 31
0.0
  0
LINE
  5
806
330
17
100
AcDbEntity
  8
P-FIXT
100
AcDbLine
 10
11.125
 20
5.601249999999999
 30
0.0
 11
11.5
 21
5.601249999999999
 31
0.0
  0
LINE
  5
807
330
17
100
AcDbEntity
  8
P-FIXT
100
AcDbLine
 10
11.5
 20
5.601249999999999
 30
0.0
 11
11.5
 21
5.226249999999999
 31
0.0
  0
LINE
  5
808
330
17
100
AcDbEntity
  8
P-FIXT
100
AcDbLine
 10
11.5
 20
5.226249999999999
 30
0.0
 11
11.125
 21
5.226249999999999
 31
0.0
  0
LINE
  5
809
330
17
100
AcDbEntity
  8
P-FIXT
100
AcDbLine
 10
11.125
 20
5.226249999999999
 30
0.0
 11
11.125
 21
5.601249999999999
 31
0.0
  0
LINE
  5
80A
330
17
100
AcDbEntity
  8
P-FIXT
100
AcDbLine
 10
11.125
 20
5.601249999999999
 30
0.0
 11
11.5
 21
5.226249999999999
 31
0.0
  0
LINE
  5
80B
330
17
100
AcDbEntity
  8
P-FIXT
100
AcDbLine
 10
11.125
 20
5.226249999999999
 30
0.0
 11
11.5
 21
5.601249999999999
 31
0.0
  0
LINE
  5
80C
330
17
100
AcDbEntity
  8
P-FIXT
100
AcDbLine
 10
11.125
 20
5.226249999999999
 30
0.0
 11
11.5
 21
5.226249999999999
 31
0.0
  0
LINE
  5
80D
330
17
100
AcDbEntity
  8
P-FIXT
100
AcDbLine
 10
11.5
 20
5.226249999999999
 30
0.0
 11
11.5
 21
4.851249999999999
 31
0.0
  0
LINE
  5
80E
330
17
100
AcDbEntity
  8
P-FIXT
100
AcDbLine
 10
11.5
 20
4.851249999999999
 30
0.0
 11
11.125
 21
4.851249999999999
 31
0.0
  0
LINE
  5
80F
330
17
100
AcDbEntity
  8
P-FIXT
100
AcDbLine
 10
11.125
 20
4.851249999999999
 30
0.0
 11
11.125
 21
5.226249999999999
 31
0.0
  0
LINE
  5
810
330
17
100
AcDbEntity
  8
P-FIXT
100
AcDbLine
 10
11.125
 20
5.226249999999999
 30
0.0
 11
11.5
 21
4.851249999999999
 31
0.0
  0
LINE
  5
811
330
17
100
AcDbEntity
  8
P-FIXT
100
AcDbLine
 10
11.125
 20
4.851249999999999
 30
0.0
 11
11.5
 21
5.226249999999999
 31
0.0
  0
TEXT
  5
812
330
17
100
AcDbEntity
  8
A-ANNO-TEXT
100
AcDbText
 10
10.625
 20
5.61375
 30
0.0
 40
0.039999999999999994
  1
DRYING
  7
KS-REG
 72
1
 11
10.625
 21
5.61375
 31
0.0
100
AcDbText
  0
LINE
  5
813
330
17
100
AcDbEntity
  8
P-FIXT
100
AcDbLine
 10
11.3125
 20
9.16375
 30
0.0
 11
11.5
 21
9.16375
 31
0.0
  0
LINE
  5
814
330
17
100
AcDbEntity
  8
P-FIXT
100
AcDbLine
 10
11.5
 20
9.16375
 30
0.0
 11
11.5
 21
6.038749999999999
 31
0.0
  0
LINE
  5
815
330
17
100
AcDbEntity
  8
P-FIXT
100
AcDbLine
 10
11.5
 20
6.038749999999999
 30
0.0
 11
11.3125
 21
6.038749999999999
 31
0.0
  0
LINE
  5
816
330
17
100
AcDbEntity
  8
P-FIXT
100
AcDbLine
 10
11.3125
 20
6.038749999999999
 30
0.0
 11
11.3125
 21
9.16375
 31
0.0
  0
LINE
  5
817
330
17
100
AcDbEntity
  8
P-FIXT
100
AcDbLine
 10
11.3125
 20
9.0075
 30
0.0
 11
11.5
 21
9.0075
 31
0.0
  0
LINE
  5
818
330
17
100
AcDbEntity
  8
P-FIXT
100
AcDbLine
 10
11.3125
 20
8.85125
 30
0.0
 11
11.5
 21
8.85125
 31
0.0
  0
LINE
  5
819
330
17
100
AcDbEntity
  8
P-FIXT
100
AcDbLine
 10
11.3125
 20
8.695
 30
0.0
 11
11.5
 21
8.695
 31
0.0
  0
LINE
  5
81A
330
17
100
AcDbEntity
  8
P-FIXT
100
AcDbLine
 10
11.3125
 20
8.53875
 30
0.0
 11
11.5
 21
8.53875
 31
0.0
  0
LINE
  5
81B
330
17
100
AcDbEntity
  8
P-FIXT
100
AcDbLine
 10
11.3125
 20
8.3825
 30
0.0
 11
11.5
 21
8.3825
 31
0.0
  0
LINE
  5
81C
330
17
100
AcDbEntity
  8
P-FIXT
100
AcDbLine
 10
11.3125
 20
8.22625
 30
0.0
 11
11.5
 21
8.22625
 31
0.0
  0
LINE
  5
81D
330
17
100
AcDbEntity
  8
P-FIXT
100
AcDbLine
 10
11.3125
 20
8.07
 30
0.0
 11
11.5
 21
8.07
 31
0.0
  0
LINE
  5
81E
330
17
100
AcDbEntity
  8
P-FIXT
100
AcDbLine
 10
11.3125
 20
7.913749999999999
 30
0.0
 11
11.5
 21
7.913749999999999
 31
0.0
  0
LINE
  5
81F
330
17
100
AcDbEntity
  8
P-FIXT
100
AcDbLine
 10
11.3125
 20
7.757499999999999
 30
0.0
 11
11.5
 21
7.757499999999999
 31
0.0
  0
LINE
  5
820
330
17
100
AcDbEntity
  8
P-FIXT
100
AcDbLine
 10
11.3125
 20
7.601249999999999
 30
0.0
 11
11.5
 21
7.601249999999999
 31
0.0
  0
LINE
  5
821
330
17
100
AcDbEntity
  8
P-FIXT
100
AcDbLine
 10
11.3125
 20
7.444999999999999
 30
0.0
 11
11.5
 21
7.444999999999999
 31
0.0
  0
LINE
  5
822
330
17
100
AcDbEntity
  8
P-FIXT
100
AcDbLine
 10
11.3125
 20
7.288749999999999
 30
0.0
 11
11.5
 21
7.288749999999999
 31
0.0
  0
LINE
  5
823
330
17
100
AcDbEntity
  8
P-FIXT
100
AcDbLine
 10
11.3125
 20
7.132499999999999
 30
0.0
 11
11.5
 21
7.132499999999999
 31
0.0
  0
LINE
  5
824
330
17
100
AcDbEntity
  8
P-FIXT
100
AcDbLine
 10
11.3125
 20
6.976249999999999
 30
0.0
 11
11.5
 21
6.976249999999999
 31
0.0
  0
LINE
  5
825
330
17
100
AcDbEntity
  8
P-FIXT
100
AcDbLine
 10
11.3125
 20
6.819999999999999
 30
0.0
 11
11.5
 21
6.819999999999999
 31
0.0
  0
LINE
  5
826
330
17
100
AcDbEntity
  8
P-FIXT
100
AcDbLine
 10
11.3125
 20
6.663749999999999
 30
0.0
 11
11.5
 21
6.663749999999999
 31
0.0
  0
LINE
  5
827
330
17
100
AcDbEntity
  8
P-FIXT
100
AcDbLine
 10
11.3125
 20
6.507499999999999
 30
0.0
 11
11.5
 21
6.507499999999999
 31
0.0
  0
LINE
  5
828
330
17
100
AcDbEntity
  8
P-FIXT
100
AcDbLine
 10
11.3125
 20
6.351249999999999
 30
0.0
 11
11.5
 21
6.351249999999999
 31
0.0
  0
LINE
  5
829
330
17
100
AcDbEntity
  8
P-FIXT
100
AcDbLine
 10
11.3125
 20
6.194999999999999
 30
0.0
 11
11.5
 21
6.194999999999999
 31
0.0
  0
TEXT
  5
82A
330
17
100
AcDbEntity
  8
A-ANNO-TEXT
100
AcDbText
 10
11.40625
 20
9.123124999999998
 30
0.0
 40
0.036
  1
A
  7
KS-BOLD
 72
1
 11
11.40625
 21
9.123124999999998
 31
0.0
100
AcDbText
  0
LINE
  5
82B
330
17
100
AcDbEntity
  8
P-FIXT
100
AcDbLine
 10
8.75
 20
7.757499999999999
 30
0.0
 11
8.9375
 21
7.757499999999999
 31
0.0
  0
LINE
  5
82C
330
17
100
AcDbEntity
  8
P-FIXT
100
AcDbLine
 10
8.9375
 20
7.757499999999999
 30
0.0
 11
8.9375
 21
6.038749999999999
 31
0.0
  0
LINE
  5
82D
330
17
100
AcDbEntity
  8
P-FIXT
100
AcDbLine
 10
8.9375
 20
6.038749999999999
 30
0.0
 11
8.75
 21
6.038749999999999
 31
0.0
  0
LINE
  5
82E
330
17
100
AcDbEntity
  8
P-FIXT
100
AcDbLine
 10
8.75
 20
6.038749999999999
 30
0.0
 11
8.75
 21
7.757499999999999
 31
0.0
  0
LINE
  5
82F
330
17
100
AcDbEntity
  8
P-FIXT
100
AcDbLine
 10
8.75
 20
7.601249999999999
 30
0.0
 11
8.9375
 21
7.601249999999999
 31
0.0
  0
LINE
  5
830
330
17
100
AcDbEntity
  8
P-FIXT
100
AcDbLine
 10
8.75
 20
7.444999999999999
 30
0.0
 11
8.9375
 21
7.444999999999999
 31
0.0
  0
LINE
  5
831
330
17
100
AcDbEntity
  8
P-FIXT
100
AcDbLine
 10
8.75
 20
7.288749999999999
 30
0.0
 11
8.9375
 21
7.288749999999999
 31
0.0
  0
LINE
  5
832
330
17
100
AcDbEntity
  8
P-FIXT
100
AcDbLine
 10
8.75
 20
7.132499999999999
 30
0.0
 11
8.9375
 21
7.132499999999999
 31
0.0
  0
LINE
  5
833
330
17
100
AcDbEntity
  8
P-FIXT
100
AcDbLine
 10
8.75
 20
6.976249999999999
 30
0.0
 11
8.9375
 21
6.976249999999999
 31
0.0
  0
LINE
  5
834
330
17
100
AcDbEntity
  8
P-FIXT
100
AcDbLine
 10
8.75
 20
6.819999999999999
 30
0.0
 11
8.9375
 21
6.819999999999999
 31
0.0
  0
LINE
  5
835
330
17
100
AcDbEntity
  8
P-FIXT
100
AcDbLine
 10
8.75
 20
6.663749999999999
 30
0.0
 11
8.9375
 21
6.663749999999999
 31
0.0
  0
LINE
  5
836
330
17
100
AcDbEntity
  8
P-FIXT
100
AcDbLine
 10
8.75
 20
6.507499999999999
 30
0.0
 11
8.9375
 21
6.507499999999999
 31
0.0
  0
LINE
  5
837
330
17
100
AcDbEntity
  8
P-FIXT
100
AcDbLine
 10
8.75
 20
6.351249999999999
 30
0.0
 11
8.9375
 21
6.351249999999999
 31
0.0
  0
LINE
  5
838
330
17
100
AcDbEntity
  8
P-FIXT
100
AcDbLine
 10
8.75
 20
6.194999999999999
 30
0.0
 11
8.9375
 21
6.194999999999999
 31
0.0
  0
TEXT
  5
839
330
17
100
AcDbEntity
  8
A-ANNO-TEXT
100
AcDbText
 10
8.84375
 20
7.716875
 30
0.0
 40
0.036
  1
A
  7
KS-BOLD
 72
1
 11
8.84375
 21
7.716875
 31
0.0
100
AcDbText
  0
LINE
  5
83A
330
17
100
AcDbEntity
  8
P-FIXT
100
AcDbLine
 10
9.375
 20
7.788749999999999
 30
0.0
 11
9.5625
 21
7.788749999999999
 31
0.0
  0
LINE
  5
83B
330
17
100
AcDbEntity
  8
P-FIXT
100
AcDbLine
 10
9.5625
 20
7.788749999999999
 30
0.0
 11
9.5625
 21
6.288749999999999
 31
0.0
  0
LINE
  5
83C
330
17
100
AcDbEntity
  8
P-FIXT
100
AcDbLine
 10
9.5625
 20
6.288749999999999
 30
0.0
 11
9.375
 21
6.288749999999999
 31
0.0
  0
LINE
  5
83D
330
17
100
AcDbEntity
  8
P-FIXT
100
AcDbLine
 10
9.375
 20
6.288749999999999
 30
0.0
 11
9.375
 21
7.788749999999999
 31
0.0
  0
TEXT
  5
83E
330
17
100
AcDbEntity
  8
A-ANNO-TEXT
100
AcDbText
 10
9.5
 20
7.038749999999999
 30
0.0
 40
0.036
  1
BENCH 12'
 50
90.0
  7
KS-REG
 72
1
 11
9.5
 21
7.038749999999999
 31
0.0
100
AcDbText
  0
LINE
  5
83F
330
17
100
AcDbEntity
  8
P-FIXT
100
AcDbLine
 10
10.6875
 20
8.66375
 30
0.0
 11
10.875
 21
8.66375
 31
0.0
  0
LINE
  5
840
330
17
100
AcDbEntity
  8
P-FIXT
100
AcDbLine
 10
10.875
 20
8.66375
 30
0.0
 11
10.875
 21
6.913749999999999
 31
0.0
  0
LINE
  5
841
330
17
100
AcDbEntity
  8
P-FIXT
100
AcDbLine
 10
10.875
 20
6.913749999999999
 30
0.0
 11
10.6875
 21
6.913749999999999
 31
0.0
  0
LINE
  5
842
330
17
100
AcDbEntity
  8
P-FIXT
100
AcDbLine
 10
10.6875
 20
6.913749999999999
 30
0.0
 11
10.6875
 21
8.66375
 31
0.0
  0
TEXT
  5
843
330
17
100
AcDbEntity
  8
A-ANNO-TEXT
100
AcDbText
 10
10.8125
 20
7.788749999999999
 30
0.0
 40
0.036
  1
BENCH 14'
 50
90.0
  7
KS-REG
 72
1
 11
10.8125
 21
7.788749999999999
 31
0.0
100
AcDbText
  0
LINE
  5
844
330
17
100
AcDbEntity
  8
P-FIXT
100
AcDbLine
 10
8.75
 20
8.66375
 30
0.0
 11
9.0
 21
8.66375
 31
0.0
  0
LINE
  5
845
330
17
100
AcDbEntity
  8
P-FIXT
100
AcDbLine
 10
9.0
 20
8.66375
 30
0.0
 11
9.0
 21
8.16375
 31
0.0
  0
LINE
  5
846
330
17
100
AcDbEntity
  8
P-FIXT
100
AcDbLine
 10
9.0
 20
8.16375
 30
0.0
 11
8.75
 21
8.16375
 31
0.0
  0
LINE
  5
847
330
17
100
AcDbEntity
  8
P-FIXT
100
AcDbLine
 10
8.75
 20
8.16375
 30
0.0
 11
8.75
 21
8.66375
 31
0.0
  0
LINE
  5
848
330
17
100
AcDbEntity
  8
P-FIXT
100
AcDbLine
 10
8.75
 20
8.66375
 30
0.0
 11
9.0
 21
8.16375
 31
0.0
  0
LINE
  5
849
330
17
100
AcDbEntity
  8
P-FIXT
100
AcDbLine
 10
8.75
 20
8.16375
 30
0.0
 11
9.0
 21
8.66375
 31
0.0
  0
LINE
  5
84A
330
17
100
AcDbEntity
  8
A-CLER-ADA
100
AcDbLine
 10
8.75
 20
8.97625
 30
0.0
 11
8.785
 21
8.97625
 31
0.0
  0
LINE
  5
84B
330
17
100
AcDbEntity
  8
A-CLER-ADA
100
AcDbLine
 10
8.81
 20
8.97625
 30
0.0
 11
8.845
 21
8.97625
 31
0.0
  0
LINE
  5
84C
330
17
100
AcDbEntity
  8
A-CLER-ADA
100
AcDbLine
 10
8.87
 20
8.97625
 30
0.0
 11
8.905
 21
8.97625
 31
0.0
  0
LINE
  5
84D
330
17
100
AcDbEntity
  8
A-CLER-ADA
100
AcDbLine
 10
8.93
 20
8.97625
 30
0.0
 11
8.965
 21
8.97625
 31
0.0
  0
LINE
  5
84E
330
17
100
AcDbEntity
  8
A-CLER-ADA
100
AcDbLine
 10
8.99
 20
8.97625
 30
0.0
 11
9.025
 21
8.97625
 31
0.0
  0
LINE
  5
84F
330
17
100
AcDbEntity
  8
A-CLER-ADA
100
AcDbLine
 10
9.05
 20
8.97625
 30
0.0
 11
9.085
 21
8.97625
 31
0.0
  0
LINE
  5
850
330
17
100
AcDbEntity
  8
A-CLER-ADA
100
AcDbLine
 10
9.11
 20
8.97625
 30
0.0
 11
9.145
 21
8.97625
 31
0.0
  0
LINE
  5
851
330
17
100
AcDbEntity
  8
A-CLER-ADA
100
AcDbLine
 10
9.17
 20
8.97625
 30
0.0
 11
9.205
 21
8.97625
 31
0.0
  0
LINE
  5
852
330
17
100
AcDbEntity
  8
A-CLER-ADA
100
AcDbLine
 10
9.23
 20
8.97625
 30
0.0
 11
9.25
 21
8.97625
 31
0.0
  0
LINE
  5
853
330
17
100
AcDbEntity
  8
A-CLER-ADA
100
AcDbLine
 10
9.25
 20
8.97625
 30
0.0
 11
9.25
 21
8.94125
 31
0.0
  0
LINE
  5
854
330
17
100
AcDbEntity
  8
A-CLER-ADA
100
AcDbLine
 10
9.25
 20
8.91625
 30
0.0
 11
9.25
 21
8.88125
 31
0.0
  0
LINE
  5
855
330
17
100
AcDbEntity
  8
A-CLER-ADA
100
AcDbLine
 10
9.25
 20
8.856250000000001
 30
0.0
 11
9.25
 21
8.821250000000001
 31
0.0
  0
LINE
  5
856
330
17
100
AcDbEntity
  8
A-CLER-ADA
100
AcDbLine
 10
9.25
 20
8.79625
 30
0.0
 11
9.25
 21
8.76125
 31
0.0
  0
LINE
  5
857
330
17
100
AcDbEntity
  8
A-CLER-ADA
100
AcDbLine
 10
9.25
 20
8.73625
 30
0.0
 11
9.25
 21
8.70125
 31
0.0
  0
LINE
  5
858
330
17
100
AcDbEntity
  8
A-CLER-ADA
100
AcDbLine
 10
9.25
 20
8.67625
 30
0.0
 11
9.25
 21
8.66375
 31
0.0
  0
LINE
  5
859
330
17
100
AcDbEntity
  8
A-CLER-ADA
100
AcDbLine
 10
9.25
 20
8.66375
 30
0.0
 11
9.215
 21
8.66375
 31
0.0
  0
LINE
  5
85A
330
17
100
AcDbEntity
  8
A-CLER-ADA
100
AcDbLine
 10
9.19
 20
8.66375
 30
0.0
 11
9.155
 21
8.66375
 31
0.0
  0
LINE
  5
85B
330
17
100
AcDbEntity
  8
A-CLER-ADA
100
AcDbLine
 10
9.13
 20
8.66375
 30
0.0
 11
9.095
 21
8.66375
 31
0.0
  0
LINE
  5
85C
330
17
100
AcDbEntity
  8
A-CLER-ADA
100
AcDbLine
 10
9.07
 20
8.66375
 30
0.0
 11
9.035
 21
8.66375
 31
0.0
  0
LINE
  5
85D
330
17
100
AcDbEntity
  8
A-CLER-ADA
100
AcDbLine
 10
9.01
 20
8.66375
 30
0.0
 11
8.975
 21
8.66375
 31
0.0
  0
LINE
  5
85E
330
17
100
AcDbEntity
  8
A-CLER-ADA
100
AcDbLine
 10
8.95
 20
8.66375
 30
0.0
 11
8.915
 21
8.66375
 31
0.0
  0
LINE
  5
85F
330
17
100
AcDbEntity
  8
A-CLER-ADA
100
AcDbLine
 10
8.89
 20
8.66375
 30
0.0
 11
8.855
 21
8.66375
 31
0.0
  0
LINE
  5
860
330
17
100
AcDbEntity
  8
A-CLER-ADA
100
AcDbLine
 10
8.83
 20
8.66375
 30
0.0
 11
8.795
 21
8.66375
 31
0.0
  0
LINE
  5
861
330
17
100
AcDbEntity
  8
A-CLER-ADA
100
AcDbLine
 10
8.77
 20
8.66375
 30
0.0
 11
8.75
 21
8.66375
 31
0.0
  0
LINE
  5
862
330
17
100
AcDbEntity
  8
A-CLER-ADA
100
AcDbLine
 10
8.75
 20
8.66375
 30
0.0
 11
8.75
 21
8.69875
 31
0.0
  0
LINE
  5
863
330
17
100
AcDbEntity
  8
A-CLER-ADA
100
AcDbLine
 10
8.75
 20
8.72375
 30
0.0
 11
8.75
 21
8.758750000000001
 31
0.0
  0
LINE
  5
864
330
17
100
AcDbEntity
  8
A-CLER-ADA
100
AcDbLine
 10
8.75
 20
8.78375
 30
0.0
 11
8.75
 21
8.81875
 31
0.0
  0
LINE
  5
865
330
17
100
AcDbEntity
  8
A-CLER-ADA
100
AcDbLine
 10
8.75
 20
8.84375
 30
0.0
 11
8.75
 21
8.87875
 31
0.0
  0
LINE
  5
866
330
17
100
AcDbEntity
  8
A-CLER-ADA
100
AcDbLine
 10
8.75
 20
8.90375
 30
0.0
 11
8.75
 21
8.93875
 31
0.0
  0
LINE
  5
867
330
17
100
AcDbEntity
  8
A-CLER-ADA
100
AcDbLine
 10
8.75
 20
8.963750000000001
 30
0.0
 11
8.75
 21
8.97625
 31
0.0
  0
TEXT
  5
868
330
17
100
AcDbEntity
  8
A-CLER-ADA
100
AcDbText
 10
9.0
 20
8.857499999999998
 30
0.0
 40
0.033999999999999996
  1
30x48
  7
KS-REG
 72
1
 11
9.0
 21
8.857499999999998
 31
0.0
100
AcDbText
  0
LINE
  5
869
330
17
100
AcDbEntity
  8
P-FIXT
100
AcDbLine
 10
9.75
 20
8.16375
 30
0.0
 11
10.0625
 21
8.16375
 31
0.0
  0
LINE
  5
86A
330
17
100
AcDbEntity
  8
P-FIXT
100
AcDbLine
 10
10.0625
 20
8.16375
 30
0.0
 11
10.0625
 21
7.413749999999999
 31
0.0
  0
LINE
  5
86B
330
17
100
AcDbEntity
  8
P-FIXT
100
AcDbLine
 10
10.0625
 20
7.413749999999999
 30
0.0
 11
9.75
 21
7.413749999999999
 31
0.0
  0
LINE
  5
86C
330
17
100
AcDbEntity
  8
P-FIXT
100
AcDbLine
 10
9.75
 20
7.413749999999999
 30
0.0
 11
9.75
 21
8.16375
 31
0.0
  0
TEXT
  5
86D
330
17
100
AcDbEntity
  8
A-ANNO-TEXT
100
AcDbText
 10
9.9375
 20
7.788749999999999
 30
0.0
 40
0.036
  1
TRAINER TABLE (ASSUMED)
 50
90.0
  7
KS-REG
 72
1
 11
9.9375
 21
7.788749999999999
 31
0.0
100
AcDbText
  0
LINE
  5
86E
330
17
100
AcDbEntity
  8
A-CLER-ADA
100
AcDbLine
 10
9.9375
 20
9.66375
 30
0.0
 11
9.9725
 21
9.66375
 31
0.0
  0
LINE
  5
86F
330
17
100
AcDbEntity
  8
A-CLER-ADA
100
AcDbLine
 10
9.9975
 20
9.66375
 30
0.0
 11
10.0325
 21
9.66375
 31
0.0
  0
LINE
  5
870
330
17
100
AcDbEntity
  8
A-CLER-ADA
100
AcDbLine
 10
10.0575
 20
9.66375
 30
0.0
 11
10.0925
 21
9.66375
 31
0.0
  0
LINE
  5
871
330
17
100
AcDbEntity
  8
A-CLER-ADA
100
AcDbLine
 10
10.1175
 20
9.66375
 30
0.0
 11
10.1525
 21
9.66375
 31
0.0
  0
LINE
  5
872
330
17
100
AcDbEntity
  8
A-CLER-ADA
100
AcDbLine
 10
10.1775
 20
9.66375
 30
0.0
 11
10.2125
 21
9.66375
 31
0.0
  0
LINE
  5
873
330
17
100
AcDbEntity
  8
A-CLER-ADA
100
AcDbLine
 10
10.2375
 20
9.66375
 30
0.0
 11
10.2725
 21
9.66375
 31
0.0
  0
LINE
  5
874
330
17
100
AcDbEntity
  8
A-CLER-ADA
100
AcDbLine
 10
10.2975
 20
9.66375
 30
0.0
 11
10.3325
 21
9.66375
 31
0.0
  0
LINE
  5
875
330
17
100
AcDbEntity
  8
A-CLER-ADA
100
AcDbLine
 10
10.3575
 20
9.66375
 30
0.0
 11
10.3925
 21
9.66375
 31
0.0
  0
LINE
  5
876
330
17
100
AcDbEntity
  8
A-CLER-ADA
100
AcDbLine
 10
10.4175
 20
9.66375
 30
0.0
 11
10.4525
 21
9.66375
 31
0.0
  0
LINE
  5
877
330
17
100
AcDbEntity
  8
A-CLER-ADA
100
AcDbLine
 10
10.477500000000001
 20
9.66375
 30
0.0
 11
10.5
 21
9.66375
 31
0.0
  0
LINE
  5
878
330
17
100
AcDbEntity
  8
A-CLER-ADA
100
AcDbLine
 10
10.5
 20
9.66375
 30
0.0
 11
10.5
 21
9.62875
 31
0.0
  0
LINE
  5
879
330
17
100
AcDbEntity
  8
A-CLER-ADA
100
AcDbLine
 10
10.5
 20
9.60375
 30
0.0
 11
10.5
 21
9.56875
 31
0.0
  0
LINE
  5
87A
330
17
100
AcDbEntity
  8
A-CLER-ADA
100
AcDbLine
 10
10.5
 20
9.543750000000001
 30
0.0
 11
10.5
 21
9.508750000000001
 31
0.0
  0
LINE
  5
87B
330
17
100
AcDbEntity
  8
A-CLER-ADA
100
AcDbLine
 10
10.5
 20
9.48375
 30
0.0
 11
10.5
 21
9.44875
 31
0.0
  0
LINE
  5
87C
330
17
100
AcDbEntity
  8
A-CLER-ADA
100
AcDbLine
 10
10.5
 20
9.42375
 30
0.0
 11
10.5
 21
9.38875
 31
0.0
  0
LINE
  5
87D
330
17
100
AcDbEntity
  8
A-CLER-ADA
100
AcDbLine
 10
10.5
 20
9.36375
 30
0.0
 11
10.5
 21
9.32875
 31
0.0
  0
LINE
  5
87E
330
17
100
AcDbEntity
  8
A-CLER-ADA
100
AcDbLine
 10
10.5
 20
9.30375
 30
0.0
 11
10.5
 21
9.26875
 31
0.0
  0
LINE
  5
87F
330
17
100
AcDbEntity
  8
A-CLER-ADA
100
AcDbLine
 10
10.5
 20
9.24375
 30
0.0
 11
10.5
 21
9.20875
 31
0.0
  0
LINE
  5
880
330
17
100
AcDbEntity
  8
A-CLER-ADA
100
AcDbLine
 10
10.5
 20
9.18375
 30
0.0
 11
10.5
 21
9.14875
 31
0.0
  0
LINE
  5
881
330
17
100
AcDbEntity
  8
A-CLER-ADA
100
AcDbLine
 10
10.5
 20
9.12375
 30
0.0
 11
10.5
 21
9.08875
 31
0.0
  0
LINE
  5
882
330
17
100
AcDbEntity
  8
A-CLER-ADA
100
AcDbLine
 10
10.5
 20
9.06375
 30
0.0
 11
10.5
 21
9.03875
 31
0.0
  0
LINE
  5
883
330
17
100
AcDbEntity
  8
A-CLER-ADA
100
AcDbLine
 10
10.5
 20
9.03875
 30
0.0
 11
10.465
 21
9.03875
 31
0.0
  0
LINE
  5
884
330
17
100
AcDbEntity
  8
A-CLER-ADA
100
AcDbLine
 10
10.44
 20
9.03875
 30
0.0
 11
10.405
 21
9.03875
 31
0.0
  0
LINE
  5
885
330
17
100
AcDbEntity
  8
A-CLER-ADA
100
AcDbLine
 10
10.38
 20
9.03875
 30
0.0
 11
10.345
 21
9.03875
 31
0.0
  0
LINE
  5
886
330
17
100
AcDbEntity
  8
A-CLER-ADA
100
AcDbLine
 10
10.32
 20
9.03875
 30
0.0
 11
10.285
 21
9.03875
 31
0.0
  0
LINE
  5
887
330
17
100
AcDbEntity
  8
A-CLER-ADA
100
AcDbLine
 10
10.26
 20
9.03875
 30
0.0
 11
10.225
 21
9.03875
 31
0.0
  0
LINE
  5
888
330
17
100
AcDbEntity
  8
A-CLER-ADA
100
AcDbLine
 10
10.2
 20
9.03875
 30
0.0
 11
10.165
 21
9.03875
 31
0.0
  0
LINE
  5
889
330
17
100
AcDbEntity
  8
A-CLER-ADA
100
AcDbLine
 10
10.14
 20
9.03875
 30
0.0
 11
10.105
 21
9.03875
 31
0.0
  0
LINE
  5
88A
330
17
100
AcDbEntity
  8
A-CLER-ADA
100
AcDbLine
 10
10.08
 20
9.03875
 30
0.0
 11
10.045
 21
9.03875
 31
0.0
  0
LINE
  5
88B
330
17
100
AcDbEntity
  8
A-CLER-ADA
100
AcDbLine
 10
10.02
 20
9.03875
 30
0.0
 11
9.985
 21
9.03875
 31
0.0
  0
LINE
  5
88C
330
17
100
AcDbEntity
  8
A-CLER-ADA
100
AcDbLine
 10
9.959999999999999
 20
9.03875
 30
0.0
 11
9.9375
 21
9.03875
 31
0.0
  0
LINE
  5
88D
330
17
100
AcDbEntity
  8
A-CLER-ADA
100
AcDbLine
 10
9.9375
 20
9.03875
 30
0.0
 11
9.9375
 21
9.07375
 31
0.0
  0
LINE
  5
88E
330
17
100
AcDbEntity
  8
A-CLER-ADA
100
AcDbLine
 10
9.9375
 20
9.09875
 30
0.0
 11
9.9375
 21
9.133750000000001
 31
0.0
  0
LINE
  5
88F
330
17
100
AcDbEntity
  8
A-CLER-ADA
100
AcDbLine
 10
9.9375
 20
9.15875
 30
0.0
 11
9.9375
 21
9.19375
 31
0.0
  0
LINE
  5
890
330
17
100
AcDbEntity
  8
A-CLER-ADA
100
AcDbLine
 10
9.9375
 20
9.21875
 30
0.0
 11
9.9375
 21
9.25375
 31
0.0
  0
LINE
  5
891
330
17
100
AcDbEntity
  8
A-CLER-ADA
100
AcDbLine
 10
9.9375
 20
9.27875
 30
0.0
 11
9.9375
 21
9.31375
 31
0.0
  0
LINE
  5
892
330
17
100
AcDbEntity
  8
A-CLER-ADA
100
AcDbLine
 10
9.9375
 20
9.338750000000001
 30
0.0
 11
9.9375
 21
9.373750000000001
 31
0.0
  0
LINE
  5
893
330
17
100
AcDbEntity
  8
A-CLER-ADA
100
AcDbLine
 10
9.9375
 20
9.39875
 30
0.0
 11
9.9375
 21
9.43375
 31
0.0
  0
LINE
  5
894
330
17
100
AcDbEntity
  8
A-CLER-ADA
100
AcDbLine
 10
9.9375
 20
9.45875
 30
0.0
 11
9.9375
 21
9.49375
 31
0.0
  0
LINE
  5
895
330
17
100
AcDbEntity
  8
A-CLER-ADA
100
AcDbLine
 10
9.9375
 20
9.51875
 30
0.0
 11
9.9375
 21
9.55375
 31
0.0
  0
LINE
  5
896
330
17
100
AcDbEntity
  8
A-CLER-ADA
100
AcDbLine
 10
9.9375
 20
9.578750000000001
 30
0.0
 11
9.9375
 21
9.613750000000001
 31
0.0
  0
LINE
  5
897
330
17
100
AcDbEntity
  8
A-CLER-ADA
100
AcDbLine
 10
9.9375
 20
9.63875
 30
0.0
 11
9.9375
 21
9.66375
 31
0.0
  0
TEXT
  5
898
330
17
100
AcDbEntity
  8
A-CLER-ADA
100
AcDbText
 10
10.21875
 20
9.388749999999998
 30
0.0
 40
0.033999999999999996
  1
pull side
  7
KS-REG
 72
1
 11
10.21875
 21
9.388749999999998
 31
0.0
100
AcDbText
  0
LINE
  5
899
330
17
100
AcDbEntity
  8
LS-CPTH
100
AcDbLine
 10
8.8125
 20
4.6125
 30
0.0
 11
8.8625
 21
4.6125
 31
0.0
  0
LINE
  5
89A
330
17
100
AcDbEntity
  8
LS-CPTH
100
AcDbLine
 10
8.8925
 20
4.6125
 30
0.0
 11
8.9425
 21
4.6125
 31
0.0
  0
LINE
  5
89B
330
17
100
AcDbEntity
  8
LS-CPTH
100
AcDbLine
 10
8.9725
 20
4.6125
 30
0.0
 11
9.0225
 21
4.6125
 31
0.0
  0
LINE
  5
89C
330
17
100
AcDbEntity
  8
LS-CPTH
100
AcDbLine
 10
9.0525
 20
4.6125
 30
0.0
 11
9.1025
 21
4.6125
 31
0.0
  0
LINE
  5
89D
330
17
100
AcDbEntity
  8
LS-CPTH
100
AcDbLine
 10
9.1325
 20
4.6125
 30
0.0
 11
9.15625
 21
4.6125
 31
0.0
  0
LINE
  5
89E
330
17
100
AcDbEntity
  8
LS-CPTH
100
AcDbLine
 10
9.15625
 20
4.6125
 30
0.0
 11
9.15625
 21
4.6625
 31
0.0
  0
LINE
  5
89F
330
17
100
AcDbEntity
  8
LS-CPTH
100
AcDbLine
 10
9.15625
 20
4.6925
 30
0.0
 11
9.15625
 21
4.7425
 31
0.0
  0
LINE
  5
8A0
330
17
100
AcDbEntity
  8
LS-CPTH
100
AcDbLine
 10
9.15625
 20
4.7725
 30
0.0
 11
9.15625
 21
4.8225
 31
0.0
  0
LINE
  5
8A1
330
17
100
AcDbEntity
  8
LS-CPTH
100
AcDbLine
 10
9.15625
 20
4.8525
 30
0.0
 11
9.15625
 21
4.9025
 31
0.0
  0
LINE
  5
8A2
330
17
100
AcDbEntity
  8
LS-CPTH
100
AcDbLine
 10
9.15625
 20
4.9325
 30
0.0
 11
9.15625
 21
4.9825
 31
0.0
  0
LINE
  5
8A3
330
17
100
AcDbEntity
  8
LS-CPTH
100
AcDbLine
 10
9.15625
 20
5.0125
 30
0.0
 11
9.15625
 21
5.0625
 31
0.0
  0
LINE
  5
8A4
330
17
100
AcDbEntity
  8
LS-CPTH
100
AcDbLine
 10
9.15625
 20
5.092499999999999
 30
0.0
 11
9.15625
 21
5.1425
 31
0.0
  0
LINE
  5
8A5
330
17
100
AcDbEntity
  8
LS-CPTH
100
AcDbLine
 10
9.15625
 20
5.172499999999999
 30
0.0
 11
9.15625
 21
5.175
 31
0.0
  0
LINE
  5
8A6
330
17
100
AcDbEntity
  8
LS-CPTH
100
AcDbLine
 10
9.15625
 20
5.175
 30
0.0
 11
9.20625
 21
5.175
 31
0.0
  0
LINE
  5
8A7
330
17
100
AcDbEntity
  8
LS-CPTH
100
AcDbLine
 10
9.23625
 20
5.175
 30
0.0
 11
9.28625
 21
5.175
 31
0.0
  0
LINE
  5
8A8
330
17
100
AcDbEntity
  8
LS-CPTH
100
AcDbLine
 10
9.31625
 20
5.175
 30
0.0
 11
9.36625
 21
5.175
 31
0.0
  0
LINE
  5
8A9
330
17
100
AcDbEntity
  8
LS-CPTH
100
AcDbLine
 10
9.39625
 20
5.175
 30
0.0
 11
9.44625
 21
5.175
 31
0.0
  0
LINE
  5
8AA
330
17
100
AcDbEntity
  8
LS-CPTH
100
AcDbLine
 10
9.47625
 20
5.175
 30
0.0
 11
9.52625
 21
5.175
 31
0.0
  0
LINE
  5
8AB
330
17
100
AcDbEntity
  8
LS-CPTH
100
AcDbLine
 10
9.55625
 20
5.175
 30
0.0
 11
9.60625
 21
5.175
 31
0.0
  0
LINE
  5
8AC
330
17
100
AcDbEntity
  8
LS-CPTH
100
AcDbLine
 10
9.63625
 20
5.175
 30
0.0
 11
9.68625
 21
5.175
 31
0.0
  0
LINE
  5
8AD
330
17
100
AcDbEntity
  8
LS-CPTH
100
AcDbLine
 10
9.71625
 20
5.175
 30
0.0
 11
9.76625
 21
5.175
 31
0.0
  0
LINE
  5
8AE
330
17
100
AcDbEntity
  8
LS-CPTH
100
AcDbLine
 10
9.79625
 20
5.175
 30
0.0
 11
9.84625
 21
5.175
 31
0.0
  0
LINE
  5
8AF
330
17
100
AcDbEntity
  8
LS-CPTH
100
AcDbLine
 10
9.87625
 20
5.175
 30
0.0
 11
9.92625
 21
5.175
 31
0.0
  0
LINE
  5
8B0
330
17
100
AcDbEntity
  8
LS-CPTH
100
AcDbLine
 10
9.9375
 20
5.175
 30
0.0
 11
9.9375
 21
5.225
 31
0.0
  0
LINE
  5
8B1
330
17
100
AcDbEntity
  8
LS-CPTH
100
AcDbLine
 10
9.9375
 20
5.255
 30
0.0
 11
9.9375
 21
5.305
 31
0.0
  0
LINE
  5
8B2
330
17
100
AcDbEntity
  8
LS-CPTH
100
AcDbLine
 10
9.9375
 20
5.335
 30
0.0
 11
9.9375
 21
5.385
 31
0.0
  0
LINE
  5
8B3
330
17
100
AcDbEntity
  8
LS-CPTH
100
AcDbLine
 10
9.9375
 20
5.415
 30
0.0
 11
9.9375
 21
5.465
 31
0.0
  0
LINE
  5
8B4
330
17
100
AcDbEntity
  8
LS-CPTH
100
AcDbLine
 10
9.9375
 20
5.495
 30
0.0
 11
9.9375
 21
5.545
 31
0.0
  0
LINE
  5
8B5
330
17
100
AcDbEntity
  8
LS-CPTH
100
AcDbLine
 10
9.9375
 20
5.575
 30
0.0
 11
9.9375
 21
5.625
 31
0.0
  0
LINE
  5
8B6
330
17
100
AcDbEntity
  8
LS-CPTH
100
AcDbLine
 10
9.9375
 20
5.654999999999999
 30
0.0
 11
9.9375
 21
5.705
 31
0.0
  0
LINE
  5
8B7
330
17
100
AcDbEntity
  8
LS-CPTH
100
AcDbLine
 10
9.9375
 20
5.734999999999999
 30
0.0
 11
9.9375
 21
5.785
 31
0.0
  0
LINE
  5
8B8
330
17
100
AcDbEntity
  8
LS-CPTH
100
AcDbLine
 10
9.9375
 20
5.8149999999999995
 30
0.0
 11
9.9375
 21
5.865
 31
0.0
  0
LINE
  5
8B9
330
17
100
AcDbEntity
  8
LS-CPTH
100
AcDbLine
 10
9.9375
 20
5.895
 30
0.0
 11
9.9375
 21
5.945
 31
0.0
  0
LINE
  5
8BA
330
17
100
AcDbEntity
  8
LS-CPTH
100
AcDbLine
 10
9.9375
 20
5.975
 30
0.0
 11
9.9375
 21
6.025
 31
0.0
  0
LINE
  5
8BB
330
17
100
AcDbEntity
  8
LS-CPTH
100
AcDbLine
 10
9.9375
 20
6.038749999999999
 30
0.0
 11
9.9875
 21
6.038749999999999
 31
0.0
  0
LINE
  5
8BC
330
17
100
AcDbEntity
  8
LS-CPTH
100
AcDbLine
 10
10.0175
 20
6.038749999999999
 30
0.0
 11
10.0675
 21
6.038749999999999
 31
0.0
  0
LINE
  5
8BD
330
17
100
AcDbEntity
  8
LS-CPTH
100
AcDbLine
 10
10.0975
 20
6.038749999999999
 30
0.0
 11
10.125
 21
6.038749999999999
 31
0.0
  0
LINE
  5
8BE
330
17
100
AcDbEntity
  8
LS-CPTH
100
AcDbLine
 10
10.125
 20
6.038749999999999
 30
0.0
 11
10.125
 21
6.088749999999999
 31
0.0
  0
LINE
  5
8BF
330
17
100
AcDbEntity
  8
LS-CPTH
100
AcDbLine
 10
10.125
 20
6.1187499999999995
 30
0.0
 11
10.125
 21
6.168749999999999
 31
0.0
  0
LINE
  5
8C0
330
17
100
AcDbEntity
  8
LS-CPTH
100
AcDbLine
 10
10.125
 20
6.1987499999999995
 30
0.0
 11
10.125
 21
6.248749999999999
 31
0.0
  0
LINE
  5
8C1
330
17
100
AcDbEntity
  8
LS-CPTH
100
AcDbLine
 10
10.125
 20
6.27875
 30
0.0
 11
10.125
 21
6.328749999999999
 31
0.0
  0
LINE
  5
8C2
330
17
100
AcDbEntity
  8
LS-CPTH
100
AcDbLine
 10
10.125
 20
6.35875
 30
0.0
 11
10.125
 21
6.4087499999999995
 31
0.0
  0
LINE
  5
8C3
330
17
100
AcDbEntity
  8
LS-CPTH
100
AcDbLine
 10
10.125
 20
6.43875
 30
0.0
 11
10.125
 21
6.48875
 31
0.0
  0
LINE
  5
8C4
330
17
100
AcDbEntity
  8
LS-CPTH
100
AcDbLine
 10
10.125
 20
6.518749999999999
 30
0.0
 11
10.125
 21
6.56875
 31
0.0
  0
LINE
  5
8C5
330
17
100
AcDbEntity
  8
LS-CPTH
100
AcDbLine
 10
10.125
 20
6.598749999999999
 30
0.0
 11
10.125
 21
6.64875
 31
0.0
  0
LINE
  5
8C6
330
17
100
AcDbEntity
  8
LS-CPTH
100
AcDbLine
 10
10.125
 20
6.678749999999999
 30
0.0
 11
10.125
 21
6.72875
 31
0.0
  0
LINE
  5
8C7
330
17
100
AcDbEntity
  8
LS-CPTH
100
AcDbLine
 10
10.125
 20
6.758749999999999
 30
0.0
 11
10.125
 21
6.80875
 31
0.0
  0
LINE
  5
8C8
330
17
100
AcDbEntity
  8
LS-CPTH
100
AcDbLine
 10
10.125
 20
6.838749999999999
 30
0.0
 11
10.125
 21
6.88875
 31
0.0
  0
LINE
  5
8C9
330
17
100
AcDbEntity
  8
LS-CPTH
100
AcDbLine
 10
10.125
 20
6.918749999999999
 30
0.0
 11
10.125
 21
6.96875
 31
0.0
  0
LINE
  5
8CA
330
17
100
AcDbEntity
  8
LS-CPTH
100
AcDbLine
 10
10.125
 20
6.998749999999999
 30
0.0
 11
10.125
 21
7.04875
 31
0.0
  0
LINE
  5
8CB
330
17
100
AcDbEntity
  8
LS-CPTH
100
AcDbLine
 10
10.125
 20
7.078749999999999
 30
0.0
 11
10.125
 21
7.12875
 31
0.0
  0
LINE
  5
8CC
330
17
100
AcDbEntity
  8
LS-CPTH
100
AcDbLine
 10
10.125
 20
7.1587499999999995
 30
0.0
 11
10.125
 21
7.20875
 31
0.0
  0
LINE
  5
8CD
330
17
100
AcDbEntity
  8
LS-CPTH
100
AcDbLine
 10
10.125
 20
7.23875
 30
0.0
 11
10.125
 21
7.28875
 31
0.0
  0
LINE
  5
8CE
330
17
100
AcDbEntity
  8
LS-CPTH
100
AcDbLine
 10
10.125
 20
7.31875
 30
0.0
 11
10.125
 21
7.36875
 31
0.0
  0
LINE
  5
8CF
330
17
100
AcDbEntity
  8
LS-CPTH
100
AcDbLine
 10
10.125
 20
7.39875
 30
0.0
 11
10.125
 21
7.44875
 31
0.0
  0
LINE
  5
8D0
330
17
100
AcDbEntity
  8
LS-CPTH
100
AcDbLine
 10
10.125
 20
7.47875
 30
0.0
 11
10.125
 21
7.5287500000000005
 31
0.0
  0
LINE
  5
8D1
330
17
100
AcDbEntity
  8
LS-CPTH
100
AcDbLine
 10
10.125
 20
7.55875
 30
0.0
 11
10.125
 21
7.608750000000001
 31
0.0
  0
LINE
  5
8D2
330
17
100
AcDbEntity
  8
LS-CPTH
100
AcDbLine
 10
10.125
 20
7.63875
 30
0.0
 11
10.125
 21
7.688750000000001
 31
0.0
  0
LINE
  5
8D3
330
17
100
AcDbEntity
  8
LS-CPTH
100
AcDbLine
 10
10.125
 20
7.71875
 30
0.0
 11
10.125
 21
7.768750000000001
 31
0.0
  0
LINE
  5
8D4
330
17
100
AcDbEntity
  8
LS-CPTH
100
AcDbLine
 10
10.125
 20
7.79875
 30
0.0
 11
10.125
 21
7.848750000000001
 31
0.0
  0
LINE
  5
8D5
330
17
100
AcDbEntity
  8
LS-CPTH
100
AcDbLine
 10
10.125
 20
7.87875
 30
0.0
 11
10.125
 21
7.928750000000001
 31
0.0
  0
LINE
  5
8D6
330
17
100
AcDbEntity
  8
LS-CPTH
100
AcDbLine
 10
10.125
 20
7.95875
 30
0.0
 11
10.125
 21
8.008750000000001
 31
0.0
  0
LINE
  5
8D7
330
17
100
AcDbEntity
  8
LS-CPTH
100
AcDbLine
 10
10.125
 20
8.03875
 30
0.0
 11
10.125
 21
8.088750000000001
 31
0.0
  0
LINE
  5
8D8
330
17
100
AcDbEntity
  8
LS-CPTH
100
AcDbLine
 10
10.125
 20
8.11875
 30
0.0
 11
10.125
 21
8.16875
 31
0.0
  0
LINE
  5
8D9
330
17
100
AcDbEntity
  8
LS-CPTH
100
AcDbLine
 10
10.125
 20
8.19875
 30
0.0
 11
10.125
 21
8.24875
 31
0.0
  0
LINE
  5
8DA
330
17
100
AcDbEntity
  8
LS-CPTH
100
AcDbLine
 10
10.125
 20
8.278749999999999
 30
0.0
 11
10.125
 21
8.32875
 31
0.0
  0
LINE
  5
8DB
330
17
100
AcDbEntity
  8
LS-CPTH
100
AcDbLine
 10
10.125
 20
8.358749999999999
 30
0.0
 11
10.125
 21
8.40875
 31
0.0
  0
LINE
  5
8DC
330
17
100
AcDbEntity
  8
LS-CPTH
100
AcDbLine
 10
10.125
 20
8.438749999999999
 30
0.0
 11
10.125
 21
8.48875
 31
0.0
  0
LINE
  5
8DD
330
17
100
AcDbEntity
  8
LS-CPTH
100
AcDbLine
 10
10.125
 20
8.518749999999999
 30
0.0
 11
10.125
 21
8.568749999999998
 31
0.0
  0
LINE
  5
8DE
330
17
100
AcDbEntity
  8
LS-CPTH
100
AcDbLine
 10
10.125
 20
8.598749999999999
 30
0.0
 11
10.125
 21
8.648749999999998
 31
0.0
  0
LINE
  5
8DF
330
17
100
AcDbEntity
  8
LS-CPTH
100
AcDbLine
 10
10.125
 20
8.678749999999997
 30
0.0
 11
10.125
 21
8.728749999999998
 31
0.0
  0
LINE
  5
8E0
330
17
100
AcDbEntity
  8
LS-CPTH
100
AcDbLine
 10
10.125
 20
8.758749999999997
 30
0.0
 11
10.125
 21
8.808749999999996
 31
0.0
  0
LINE
  5
8E1
330
17
100
AcDbEntity
  8
LS-CPTH
100
AcDbLine
 10
10.125
 20
8.838749999999997
 30
0.0
 11
10.125
 21
8.888749999999996
 31
0.0
  0
LINE
  5
8E2
330
17
100
AcDbEntity
  8
LS-CPTH
100
AcDbLine
 10
10.125
 20
8.918749999999996
 30
0.0
 11
10.125
 21
8.968749999999996
 31
0.0
  0
LINE
  5
8E3
330
17
100
AcDbEntity
  8
LS-CPTH
100
AcDbLine
 10
10.125
 20
8.998749999999996
 30
0.0
 11
10.125
 21
9.048749999999997
 31
0.0
  0
LINE
  5
8E4
330
17
100
AcDbEntity
  8
LS-CPTH
100
AcDbLine
 10
10.125
 20
9.078749999999996
 30
0.0
 11
10.125
 21
9.128749999999997
 31
0.0
  0
LINE
  5
8E5
330
17
100
AcDbEntity
  8
LS-CPTH
100
AcDbLine
 10
10.125
 20
9.158749999999996
 30
0.0
 11
10.125
 21
9.208749999999995
 31
0.0
  0
LINE
  5
8E6
330
17
100
AcDbEntity
  8
LS-CPTH
100
AcDbLine
 10
10.125
 20
9.238749999999996
 30
0.0
 11
10.125
 21
9.288749999999995
 31
0.0
  0
LINE
  5
8E7
330
17
100
AcDbEntity
  8
LS-CPTH
100
AcDbLine
 10
10.125
 20
9.318749999999994
 30
0.0
 11
10.125
 21
9.368749999999995
 31
0.0
  0
LINE
  5
8E8
330
17
100
AcDbEntity
  8
LS-CPTH
100
AcDbLine
 10
10.125
 20
9.398749999999994
 30
0.0
 11
10.125
 21
9.448749999999993
 31
0.0
  0
LINE
  5
8E9
330
17
100
AcDbEntity
  8
LS-CPTH
100
AcDbLine
 10
10.125
 20
9.478749999999994
 30
0.0
 11
10.125
 21
9.528749999999993
 31
0.0
  0
LINE
  5
8EA
330
17
100
AcDbEntity
  8
LS-CPTH
100
AcDbLine
 10
10.125
 20
9.558749999999993
 30
0.0
 11
10.125
 21
9.608749999999993
 31
0.0
  0
LINE
  5
8EB
330
17
100
AcDbEntity
  8
LS-CPTH
100
AcDbLine
 10
10.125
 20
9.638749999999993
 30
0.0
 11
10.125
 21
9.66375
 31
0.0
  0
HATCH
  5
8EC
330
17
100
AcDbEntity
  8
LS-CPTH
 62
7
420
0
100
AcDbHatch
 10
0.0
 20
0.0
 30
0.0
210
0.0
220
0.0
230
1.0
  2
SOLID
 70
1
 71
0
 91
1
 92
3
 72
0
 73
1
 93
4
 10
8.7875
 20
4.5874999999999995
 10
8.8375
 20
4.5874999999999995
 10
8.8375
 20
4.6375
 10
8.7875
 20
4.6375
 97
0
 75
0
 76
1
 98
0
  0
TEXT
  5
8ED
330
17
100
AcDbEntity
  8
LS-CPTH
100
AcDbText
 10
9.7875
 20
4.851249999999999
 30
0.0
 40
0.04599999999999999
  1
CP 51'
  7
KS-BOLD
 72
1
 11
9.7875
 21
4.851249999999999
 31
0.0
100
AcDbText
  0
LINE
  5
8EE
330
17
100
AcDbEntity
  8
A-ANNO-DIMS
100
AcDbLine
 10
8.75
 20
4.43
 30
0.0
 11
11.5
 21
4.43
 31
0.0
  0
LINE
  5
8EF
330
17
100
AcDbEntity
  8
A-ANNO-DIMS
100
AcDbLine
 10
8.75
 20
4.39
 30
0.0
 11
8.75
 21
4.47
 31
0.0
  0
LINE
  5
8F0
330
17
100
AcDbEntity
  8
A-ANNO-DIMS
100
AcDbLine
 10
11.5
 20
4.39
 30
0.0
 11
11.5
 21
4.47
 31
0.0
  0
TEXT
  5
8F1
330
17
100
AcDbEntity
  8
A-ANNO-DIMS
100
AcDbText
 10
10.125
 20
4.33
 30
0.0
 40
0.055
  1
22'-0"
  7
KS-REG
 72
1
 11
10.125
 21
4.33
 31
0.0
100
AcDbText
  0
LINE
  5
8F2
330
17
100
AcDbEntity
  8
A-ANNO-DIMS
100
AcDbLine
 10
8.63
 20
4.55
 30
0.0
 11
8.63
 21
9.66375
 31
0.0
  0
LINE
  5
8F3
330
17
100
AcDbEntity
  8
A-ANNO-DIMS
100
AcDbLine
 10
8.590000000000002
 20
4.55
 30
0.0
 11
8.67
 21
4.55
 31
0.0
  0
LINE
  5
8F4
330
17
100
AcDbEntity
  8
A-ANNO-DIMS
100
AcDbLine
 10
8.590000000000002
 20
9.66375
 30
0.0
 11
8.67
 21
9.66375
 31
0.0
  0
TEXT
  5
8F5
330
17
100
AcDbEntity
  8
A-ANNO-DIMS
100
AcDbText
 10
8.58
 20
7.106875
 30
0.0
 40
0.055
  1
40'-11"
 50
90.0
  7
KS-REG
 72
1
 11
8.58
 21
7.106875
 31
0.0
100
AcDbText
  0
TEXT
  5
8F6
330
17
100
AcDbEntity
  8
A-ANNO-TEXT
100
AcDbText
 10
8.75
 20
9.83375
 30
0.0
 40
0.076
  1
EVENT LOCKER ROOM 4 — 900 SF · 18 occ.
  7
KS-BOLD
 11
8.75
 21
9.83375
 31
0.0
100
AcDbText
  0
TEXT
  5
8F7
330
17
100
AcDbEntity
  8
A-ANNO-TEXT
100
AcDbText
 10
8.75
 20
9.71875
 30
0.0
 40
0.049
  1
1/8" = 1'-0" · door on the N wall → EXIT (E) passage · common path 51 ft ≤ 75 (PASS)
  7
KS-REG
 11
8.75
 21
9.71875
 31
0.0
100
AcDbText
  0
LINE
  5
8F8
330
17
100
AcDbEntity
  8
A-WALL
100
AcDbLine
 10
5.55
 20
2.2
 30
0.0
 11
6.95
 21
2.2
 31
0.0
  0
LINE
  5
8F9
330
17
100
AcDbEntity
  8
A-WALL
100
AcDbLine
 10
6.95
 20
2.2
 30
0.0
 11
6.95
 21
3.924446666666667
 31
0.0
  0
LINE
  5
8FA
330
17
100
AcDbEntity
  8
A-WALL
100
AcDbLine
 10
6.95
 20
3.924446666666667
 30
0.0
 11
6.789446666666667
 21
3.924446666666667
 31
0.0
  0
LINE
  5
8FB
330
17
100
AcDbEntity
  8
A-WALL
100
AcDbLine
 10
6.789446666666667
 20
3.924446666666667
 30
0.0
 11
6.789446666666667
 21
3.8800000000000003
 31
0.0
  0
LINE
  5
8FC
330
17
100
AcDbEntity
  8
A-WALL
100
AcDbLine
 10
6.789446666666667
 20
3.8800000000000003
 30
0.0
 11
5.55
 21
3.8800000000000003
 31
0.0
  0
LINE
  5
8FD
330
17
100
AcDbEntity
  8
A-WALL
100
AcDbLine
 10
5.55
 20
3.8800000000000003
 30
0.0
 11
5.55
 21
2.2
 31
0.0
  0
LWPOLYLINE
  5
8FE
330
17
100
AcDbEntity
  8
A-ANNO-DIMS
100
AcDbPolyline
 90
4
 70
1
 10
5.923333333333333
 20
2.5733333333333337
 10
6.803333333333333
 20
2.5733333333333337
 10
6.803333333333333
 20
3.693333333333334
 10
5.923333333333333
 20
3.693333333333334
  0
HATCH
  5
8FF
330
17
100
AcDbEntity
  8
A-ANNO-TEXT
 62
7
420
12303291
100
AcDbHatch
 10
0.0
 20
0.0
 30
0.0
210
0.0
220
0.0
230
1.0
  2
SOLID
 70
1
 71
0
 91
1
 92
3
 72
0
 73
1
 93
4
 10
6.1613999999999995
 20
3.6933333333333334
 10
6.375666666666667
 20
3.6933333333333334
 10
6.375666666666667
 20
3.8800000000000003
 10
6.1613999999999995
 20
3.8800000000000003
 97
0
 75
0
 76
1
 98
0
  0
LWPOLYLINE
  5
900
330
17
100
AcDbEntity
  8
A-ANNO-TEXT
100
AcDbPolyline
 90
4
 70
1
 10
6.1613999999999995
 20
3.6933333333333334
 10
6.375666666666667
 20
3.6933333333333334
 10
6.375666666666667
 20
3.8800000000000003
 10
6.1613999999999995
 20
3.8800000000000003
  0
TEXT
  5
901
330
17
100
AcDbEntity
  8
A-ANNO-TEXT
100
AcDbText
 10
6.268533333333333
 20
3.7566666666666673
 30
0.0
 40
0.05
  1
1
  7
KS-BOLD
 72
1
 11
6.268533333333333
 21
3.7566666666666673
 31
0.0
100
AcDbText
  0
HATCH
  5
902
330
17
100
AcDbEntity
  8
A-ANNO-TEXT
 62
7
420
12303291
100
AcDbHatch
 10
0.0
 20
0.0
 30
0.0
210
0.0
220
0.0
230
1.0
  2
SOLID
 70
1
 71
0
 91
1
 92
3
 72
0
 73
1
 93
4
 10
6.429
 20
3.6933333333333334
 10
6.643266666666666
 20
3.6933333333333334
 10
6.643266666666666
 20
3.8800000000000003
 10
6.429
 20
3.8800000000000003
 97
0
 75
0
 76
1
 98
0
  0
LWPOLYLINE
  5
903
330
17
100
AcDbEntity
  8
A-ANNO-TEXT
100
AcDbPolyline
 90
4
 70
1
 10
6.429
 20
3.6933333333333334
 10
6.643266666666666
 20
3.6933333333333334
 10
6.643266666666666
 20
3.8800000000000003
 10
6.429
 20
3.8800000000000003
  0
TEXT
  5
904
330
17
100
AcDbEntity
  8
A-ANNO-TEXT
100
AcDbText
 10
6.536133333333334
 20
3.7566666666666673
 30
0.0
 40
0.05
  1
2
  7
KS-BOLD
 72
1
 11
6.536133333333334
 21
3.7566666666666673
 31
0.0
100
AcDbText
  0
HATCH
  5
905
330
17
100
AcDbEntity
  8
A-ANNO-TEXT
 62
7
420
12303291
100
AcDbHatch
 10
0.0
 20
0.0
 30
0.0
210
0.0
220
0.0
230
1.0
  2
SOLID
 70
1
 71
0
 91
1
 92
3
 72
0
 73
1
 93
4
 10
6.803333333333333
 20
3.4206000000000003
 10
6.95
 20
3.4206000000000003
 10
6.95
 20
3.6933333333333334
 10
6.803333333333333
 20
3.6933333333333334
 97
0
 75
0
 76
1
 98
0
  0
LWPOLYLINE
  5
906
330
17
100
AcDbEntity
  8
A-ANNO-TEXT
100
AcDbPolyline
 90
4
 70
1
 10
6.803333333333333
 20
3.4206000000000003
 10
6.95
 20
3.4206000000000003
 10
6.95
 20
3.6933333333333334
 10
6.803333333333333
 20
3.6933333333333334
  0
TEXT
  5
907
330
17
100
AcDbEntity
  8
A-ANNO-TEXT
100
AcDbText
 10
6.876666666666667
 20
3.526966666666667
 30
0.0
 40
0.05
  1
3
  7
KS-BOLD
 72
1
 11
6.876666666666667
 21
3.526966666666667
 31
0.0
100
AcDbText
  0
HATCH
  5
908
330
17
100
AcDbEntity
  8
A-ANNO-TEXT
 62
7
420
12303291
100
AcDbHatch
 10
0.0
 20
0.0
 30
0.0
210
0.0
220
0.0
230
1.0
  2
SOLID
 70
1
 71
0
 91
1
 92
3
 72
0
 73
1
 93
4
 10
6.803333333333333
 20
3.0945333333333336
 10
6.95
 20
3.0945333333333336
 10
6.95
 20
3.3672666666666666
 10
6.803333333333333
 20
3.3672666666666666
 97
0
 75
0
 76
1
 98
0
  0
LWPOLYLINE
  5
909
330
17
100
AcDbEntity
  8
A-ANNO-TEXT
100
AcDbPolyline
 90
4
 70
1
 10
6.803333333333333
 20
3.0945333333333336
 10
6.95
 20
3.0945333333333336
 10
6.95
 20
3.3672666666666666
 10
6.803333333333333
 20
3.3672666666666666
  0
TEXT
  5
90A
330
17
100
AcDbEntity
  8
A-ANNO-TEXT
100
AcDbText
 10
6.876666666666667
 20
3.2009000000000003
 30
0.0
 40
0.05
  1
4
  7
KS-BOLD
 72
1
 11
6.876666666666667
 21
3.2009000000000003
 31
0.0
100
AcDbText
  0
HATCH
  5
90B
330
17
100
AcDbEntity
  8
A-ANNO-TEXT
 62
7
420
15266538
100
AcDbHatch
 10
0.0
 20
0.0
 30
0.0
210
0.0
220
0.0
230
1.0
  2
SOLID
 70
1
 71
0
 91
1
 92
3
 72
0
 73
1
 93
4
 10
6.375666666666667
 20
3.6933333333333334
 10
6.429
 20
3.6933333333333334
 10
6.429
 20
3.8800000000000003
 10
6.375666666666667
 20
3.8800000000000003
 97
0
 75
0
 76
1
 98
0
  0
LWPOLYLINE
  5
90C
330
17
100
AcDbEntity
  8
A-ANNO-TEXT
100
AcDbPolyline
 90
4
 70
1
 10
6.375666666666667
 20
3.6933333333333334
 10
6.429
 20
3.6933333333333334
 10
6.429
 20
3.8800000000000003
 10
6.375666666666667
 20
3.8800000000000003
  0
HATCH
  5
90D
330
17
100
AcDbEntity
  8
A-ANNO-TEXT
 62
7
420
15266538
100
AcDbHatch
 10
0.0
 20
0.0
 30
0.0
210
0.0
220
0.0
230
1.0
  2
SOLID
 70
1
 71
0
 91
1
 92
3
 72
0
 73
1
 93
4
 10
6.803333333333333
 20
3.3672666666666666
 10
6.95
 20
3.3672666666666666
 10
6.95
 20
3.4206000000000003
 10
6.803333333333333
 20
3.4206000000000003
 97
0
 75
0
 76
1
 98
0
  0
LWPOLYLINE
  5
90E
330
17
100
AcDbEntity
  8
A-ANNO-TEXT
100
AcDbPolyline
 90
4
 70
1
 10
6.803333333333333
 20
3.3672666666666666
 10
6.95
 20
3.3672666666666666
 10
6.95
 20
3.4206000000000003
 10
6.803333333333333
 20
3.4206000000000003
  0
TEXT
  5
90F
330
17
100
AcDbEntity
  8
A-ANNO-TEXT
100
AcDbText
 10
6.402333333333333
 20
3.95
 30
0.0
 40
0.04599999999999999
  1
X5
  7
KS-BOLD
 72
1
 11
6.402333333333333
 21
3.95
 31
0.0
100
AcDbText
  0
TEXT
  5
910
330
17
100
AcDbEntity
  8
A-ANNO-TEXT
100
AcDbText
 10
6.976666666666667
 20
3.3800000000000003
 30
0.0
 40
0.04599999999999999
  1
X7
  7
KS-BOLD
 11
6.976666666666667
 21
3.3800000000000003
 31
0.0
100
AcDbText
  0
TEXT
  5
911
330
17
100
AcDbEntity
  8
A-ANNO-TEXT
100
AcDbText
 10
5.55
 20
4.0200000000000005
 30
0.0
 40
0.054000000000000006
  1
KEY PLAN — L1 (A-101 G) · 1" = 150'
  7
KS-BOLD
 11
5.55
 21
4.0200000000000005
 31
0.0
100
AcDbText
  0
TEXT
  5
912
330
17
100
AcDbEntity
  8
A-ANNO-TEXT
100
AcDbText
 10
5.55
 20
2.0700000000000003
 30
0.0
 40
0.04599999999999999
  1
grey = rooms 1-4 · green = EXIT (N) / (E) passages
  7
KS-REG
 11
5.55
 21
2.0700000000000003
 31
0.0
100
AcDbText
  0
TEXT
  5
913
330
17
100
AcDbEntity
  8
A-ANNO-TEXT
100
AcDbText
 10
7.45
 20
4.04
 30
0.0
 40
0.06599999999999999
  1
FIXTURES + FURNITURE PER ROOM (ASSUMED; ADA 2010 minimums)
  7
KS-BOLD
 11
7.45
 21
4.04
 31
0.0
100
AcDbText
  0
LINE
  5
914
330
17
100
AcDbEntity
  8
A-ANNO-TEXT
100
AcDbLine
 10
7.45
 20
3.995
 30
0.0
 11
11.5
 21
3.995
 31
0.0
  0
TEXT
  5
915
330
17
100
AcDbEntity
  8
G-ANNO-TABL
100
AcDbText
 10
7.45
 20
3.868
 30
0.0
 40
0.05
  1
ITEM
  7
KS-BOLD
 11
7.45
 21
3.868
 31
0.0
100
AcDbText
  0
TEXT
  5
916
330
17
100
AcDbEntity
  8
G-ANNO-TABL
100
AcDbText
 10
8.6
 20
3.868
 30
0.0
 40
0.05
  1
RM 1-2
  7
KS-BOLD
 72
2
 11
8.6
 21
3.868
 31
0.0
100
AcDbText
  0
TEXT
  5
917
330
17
100
AcDbEntity
  8
G-ANNO-TABL
100
AcDbText
 10
9.1
 20
3.868
 30
0.0
 40
0.05
  1
RM 3-4
  7
KS-BOLD
 72
2
 11
9.1
 21
3.868
 31
0.0
100
AcDbText
  0
TEXT
  5
918
330
17
100
AcDbEntity
  8
G-ANNO-TABL
100
AcDbText
 10
9.2
 20
3.868
 30
0.0
 40
0.05
  1
BASIS
  7
KS-BOLD
 11
9.2
 21
3.868
 31
0.0
100
AcDbText
  0
LINE
  5
919
330
17
100
AcDbEntity
  8
G-ANNO-TABL
100
AcDbLine
 10
7.45
 20
3.8329999999999997
 30
0.0
 11
11.5
 21
3.8329999999999997
 31
0.0
  0
TEXT
  5
91A
330
17
100
AcDbEntity
  8
G-ANNO-TABL
100
AcDbText
 10
7.45
 20
3.7359999999999998
 30
0.0
 40
0.05
  1
Water closets
  7
KS-REG
 11
7.45
 21
3.7359999999999998
 31
0.0
100
AcDbText
  0
TEXT
  5
91B
330
17
100
AcDbEntity
  8
G-ANNO-TABL
100
AcDbText
 10
8.6
 20
3.7359999999999998
 30
0.0
 40
0.05
  1
2
  7
KS-REG
 72
2
 11
8.6
 21
3.7359999999999998
 31
0.0
100
AcDbText
  0
TEXT
  5
91C
330
17
100
AcDbEntity
  8
G-ANNO-TABL
100
AcDbText
 10
9.1
 20
3.7359999999999998
 30
0.0
 40
0.05
  1
2
  7
KS-REG
 72
2
 11
9.1
 21
3.7359999999999998
 31
0.0
100
AcDbText
  0
TEXT
  5
91D
330
17
100
AcDbEntity
  8
G-ANNO-TABL
100
AcDbText
 10
9.2
 20
3.7359999999999998
 30
0.0
 40
0.05
  1
1 wheelchair 60x60 (604.8.1) + 1 ambulatory 36x60 (604.8.2)
  7
KS-REG
 11
9.2
 21
3.7359999999999998
 31
0.0
100
AcDbText
  0
TEXT
  5
91E
330
17
100
AcDbEntity
  8
G-ANNO-TABL
100
AcDbText
 10
7.45
 20
3.6239999999999997
 30
0.0
 40
0.05
  1
Lavatories
  7
KS-REG
 11
7.45
 21
3.6239999999999997
 31
0.0
100
AcDbText
  0
TEXT
  5
91F
330
17
100
AcDbEntity
  8
G-ANNO-TABL
100
AcDbText
 10
8.6
 20
3.6239999999999997
 30
0.0
 40
0.05
  1
2
  7
KS-REG
 72
2
 11
8.6
 21
3.6239999999999997
 31
0.0
100
AcDbText
  0
TEXT
  5
920
330
17
100
AcDbEntity
  8
G-ANNO-TABL
100
AcDbText
 10
9.1
 20
3.6239999999999997
 30
0.0
 40
0.05
  1
2
  7
KS-REG
 72
2
 11
9.1
 21
3.6239999999999997
 31
0.0
100
AcDbText
  0
TEXT
  5
921
330
17
100
AcDbEntity
  8
G-ANNO-TABL
100
AcDbText
 10
9.2
 20
3.6239999999999997
 30
0.0
 40
0.05
  1
1 accessible: 30x48 forward, rim ≤ 34 in (606)
  7
KS-REG
 11
9.2
 21
3.6239999999999997
 31
0.0
100
AcDbText
  0
TEXT
  5
922
330
17
100
AcDbEntity
  8
G-ANNO-TABL
100
AcDbText
 10
7.45
 20
3.5119999999999996
 30
0.0
 40
0.05
  1
Showers
  7
KS-REG
 11
7.45
 21
3.5119999999999996
 31
0.0
100
AcDbText
  0
TEXT
  5
923
330
17
100
AcDbEntity
  8
G-ANNO-TABL
100
AcDbText
 10
8.6
 20
3.5119999999999996
 30
0.0
 40
0.05
  1
4
  7
KS-REG
 72
2
 11
8.6
 21
3.5119999999999996
 31
0.0
100
AcDbText
  0
TEXT
  5
924
330
17
100
AcDbEntity
  8
G-ANNO-TABL
100
AcDbText
 10
9.1
 20
3.5119999999999996
 30
0.0
 40
0.05
  1
4
  7
KS-REG
 72
2
 11
9.1
 21
3.5119999999999996
 31
0.0
100
AcDbText
  0
TEXT
  5
925
330
17
100
AcDbEntity
  8
G-ANNO-TABL
100
AcDbText
 10
9.2
 20
3.5119999999999996
 30
0.0
 40
0.05
  1
1 roll-in 30x60 + 30x60 clear (608.2.2) + 3 at 36x36
  7
KS-REG
 11
9.2
 21
3.5119999999999996
 31
0.0
100
AcDbText
  0
TEXT
  5
926
330
17
100
AcDbEntity
  8
G-ANNO-TABL
100
AcDbText
 10
7.45
 20
3.3999999999999995
 30
0.0
 40
0.05
  1
Lockers 15 in
  7
KS-REG
 11
7.45
 21
3.3999999999999995
 31
0.0
100
AcDbText
  0
TEXT
  5
927
330
17
100
AcDbEntity
  8
G-ANNO-TABL
100
AcDbText
 10
8.6
 20
3.3999999999999995
 30
0.0
 40
0.05
  1
32
  7
KS-REG
 72
2
 11
8.6
 21
3.3999999999999995
 31
0.0
100
AcDbText
  0
TEXT
  5
928
330
17
100
AcDbEntity
  8
G-ANNO-TABL
100
AcDbText
 10
9.1
 20
3.3999999999999995
 30
0.0
 40
0.05
  1
31
  7
KS-REG
 72
2
 11
9.1
 21
3.3999999999999995
 31
0.0
100
AcDbText
  0
TEXT
  5
929
330
17
100
AcDbEntity
  8
G-ANNO-TABL
100
AcDbText
 10
9.2
 20
3.3999999999999995
 30
0.0
 40
0.05
  1
2 accessible ≥ 5 % = 2 / 2 (225.2.1, 811)
  7
KS-REG
 11
9.2
 21
3.3999999999999995
 31
0.0
100
AcDbText
  0
TEXT
  5
92A
330
17
100
AcDbEntity
  8
G-ANNO-TABL
100
AcDbText
 10
7.45
 20
3.2879999999999994
 30
0.0
 40
0.05
  1
Benches
  7
KS-REG
 11
7.45
 21
3.2879999999999994
 31
0.0
100
AcDbText
  0
TEXT
  5
92B
330
17
100
AcDbEntity
  8
G-ANNO-TABL
100
AcDbText
 10
8.6
 20
3.2879999999999994
 30
0.0
 40
0.05
  1
2 + 1
  7
KS-REG
 72
2
 11
8.6
 21
3.2879999999999994
 31
0.0
100
AcDbText
  0
TEXT
  5
92C
330
17
100
AcDbEntity
  8
G-ANNO-TABL
100
AcDbText
 10
9.1
 20
3.2879999999999994
 30
0.0
 40
0.05
  1
2 + 1
  7
KS-REG
 72
2
 11
9.1
 21
3.2879999999999994
 31
0.0
100
AcDbText
  0
TEXT
  5
92D
330
17
100
AcDbEntity
  8
G-ANNO-TABL
100
AcDbText
 10
9.2
 20
3.2879999999999994
 30
0.0
 40
0.05
  1
team benches + 1 accessible 24x48, wall-affixed (903)
  7
KS-REG
 11
9.2
 21
3.2879999999999994
 31
0.0
100
AcDbText
  0
TEXT
  5
92E
330
17
100
AcDbEntity
  8
G-ANNO-TABL
100
AcDbText
 10
7.45
 20
3.1759999999999993
 30
0.0
 40
0.05
  1
Room door
  7
KS-REG
 11
7.45
 21
3.1759999999999993
 31
0.0
100
AcDbText
  0
TEXT
  5
92F
330
17
100
AcDbEntity
  8
G-ANNO-TABL
100
AcDbText
 10
8.6
 20
3.1759999999999993
 30
0.0
 40
0.05
  1
36 in
  7
KS-REG
 72
2
 11
8.6
 21
3.1759999999999993
 31
0.0
100
AcDbText
  0
TEXT
  5
930
330
17
100
AcDbEntity
  8
G-ANNO-TABL
100
AcDbText
 10
9.1
 20
3.1759999999999993
 30
0.0
 40
0.05
  1
36 in
  7
KS-REG
 72
2
 11
9.1
 21
3.1759999999999993
 31
0.0
100
AcDbText
  0
TEXT
  5
931
330
17
100
AcDbEntity
  8
G-ANNO-TABL
100
AcDbText
 10
9.2
 20
3.1759999999999993
 30
0.0
 40
0.05
  1
34 in clear (404.2.3), swings in (IBC 1010.1.2.1, < 50)
  7
KS-REG
 11
9.2
 21
3.1759999999999993
 31
0.0
100
AcDbText
  0
TEXT
  5
932
330
17
100
AcDbEntity
  8
G-ANNO-TABL
100
AcDbText
 10
7.45
 20
3.063999999999999
 30
0.0
 40
0.05
  1
Occupant load
  7
KS-REG
 11
7.45
 21
3.063999999999999
 31
0.0
100
AcDbText
  0
TEXT
  5
933
330
17
100
AcDbEntity
  8
G-ANNO-TABL
100
AcDbText
 10
8.6
 20
3.063999999999999
 30
0.0
 40
0.05
  1
18
  7
KS-REG
 72
2
 11
8.6
 21
3.063999999999999
 31
0.0
100
AcDbText
  0
TEXT
  5
934
330
17
100
AcDbEntity
  8
G-ANNO-TABL
100
AcDbText
 10
9.1
 20
3.063999999999999
 30
0.0
 40
0.05
  1
18
  7
KS-REG
 72
2
 11
9.1
 21
3.063999999999999
 31
0.0
100
AcDbText
  0
TEXT
  5
935
330
17
100
AcDbEntity
  8
G-ANNO-TABL
100
AcDbText
 10
9.2
 20
3.063999999999999
 30
0.0
 40
0.05
  1
900 SF / 50 gross (T1004.5) ≤ 49: one door OK
  7
KS-REG
 11
9.2
 21
3.063999999999999
 31
0.0
100
AcDbText
  0
LINE
  5
936
330
17
100
AcDbEntity
  8
A-ANNO-TEXT
100
AcDbLine
 10
11.72
 20
10.360000000000001
 30
0.0
 11
11.72
 21
1.9500000000000002
 31
0.0
  0
TEXT
  5
937
330
17
100
AcDbEntity
  8
A-ANNO-TEXT
100
AcDbText
 10
11.85
 20
10.402833333333334
 30
0.0
 40
0.053
  1
Schematic enlarged plans: fixture counts, benches, lockers and showers ASSUMED (KEYSTONE). Accessible fixture
  7
KS-REG
 11
11.85
 21
10.402833333333334
 31
0.0
100
AcDbText
  0
TEXT
  5
938
330
17
100
AcDbEntity
  8
A-ANNO-TEXT
100
AcDbText
 10
11.85
 20
10.305666666666667
 30
0.0
 40
0.053
  1
sizes are ADA 2010 minimums for the architect to develop; not a code review (D-008).
  7
KS-REG
 11
11.85
 21
10.305666666666667
 31
0.0
100
AcDbText
  0
TEXT
  5
939
330
17
100
AcDbEntity
  8
A-ANNO-TEXT
100
AcDbText
 10
11.85
 20
10.071375
 30
0.0
 40
0.06999999999999999
  1
COMMON PATH — VERIFIED ON THIS LAYOUT (T1006.2.1)
  7
KS-BOLD
 11
11.85
 21
10.071375
 31
0.0
100
AcDbText
  0
LINE
  5
93A
330
17
100
AcDbEntity
  8
A-ANNO-TEXT
100
AcDbLine
 10
11.85
 20
10.026375
 30
0.0
 11
16.5
 21
10.026375
 31
0.0
  0
TEXT
  5
93B
330
17
100
AcDbEntity
  8
A-ANNO-TEXT
100
AcDbText
 10
11.85
 20
9.914208333333333
 30
0.0
 40
0.053
  1
One exit access doorway allowed when the space holds <= 49 occupants and the common path of egress travel is
  7
KS-REG
 11
11.85
 21
9.914208333333333
 31
0.0
100
AcDbText
  0
TEXT
  5
93C
330
17
100
AcDbEntity
  8
A-ANNO-TEXT
100
AcDbText
 10
11.85
 20
9.817041666666666
 30
0.0
 40
0.053
  1
<= 75 ft (Group A, sprinklered) — IBC 2021 1006.2.1, Table 1006.2.1. Measured rectilinear from the most remote
  7
KS-REG
 11
11.85
 21
9.817041666666666
 31
0.0
100
AcDbText
  0
TEXT
  5
93D
330
17
100
AcDbEntity
  8
A-ANNO-TEXT
100
AcDbText
 10
11.85
 20
9.719875
 30
0.0
 40
0.053
  1
point, through the inner doorways, to the room door; the common path ends at the room door because the exit
  7
KS-REG
 11
11.85
 21
9.719875
 31
0.0
100
AcDbText
  0
TEXT
  5
93E
330
17
100
AcDbEntity
  8
A-ANNO-TEXT
100
AcDbText
 10
11.85
 20
9.622708333333334
 30
0.0
 40
0.053
  1
passage offers two directions (exterior exit door, or vomitory to the event floor).
  7
KS-REG
 11
11.85
 21
9.622708333333334
 31
0.0
100
AcDbText
  0
TEXT
  5
93F
330
17
100
AcDbEntity
  8
G-ANNO-TABL
100
AcDbText
 10
11.85
 20
9.483416666666667
 30
0.0
 40
0.052000000000000005
  1
ROOM
  7
KS-BOLD
 11
11.85
 21
9.483416666666667
 31
0.0
100
AcDbText
  0
TEXT
  5
940
330
17
100
AcDbEntity
  8
G-ANNO-TABL
100
AcDbText
 10
12.469999999999999
 20
9.483416666666667
 30
0.0
 40
0.052000000000000005
  1
OCC.
  7
KS-BOLD
 72
2
 11
12.469999999999999
 21
9.483416666666667
 31
0.0
100
AcDbText
  0
TEXT
  5
941
330
17
100
AcDbEntity
  8
G-ANNO-TABL
100
AcDbText
 10
12.57
 20
9.483416666666667
 30
0.0
 40
0.052000000000000005
  1
WORST POINT
  7
KS-BOLD
 11
12.57
 21
9.483416666666667
 31
0.0
100
AcDbText
  0
TEXT
  5
942
330
17
100
AcDbEntity
  8
G-ANNO-TABL
100
AcDbText
 10
14.6
 20
9.483416666666667
 30
0.0
 40
0.052000000000000005
  1
CP ft
  7
KS-BOLD
 72
2
 11
14.6
 21
9.483416666666667
 31
0.0
100
AcDbText
  0
TEXT
  5
943
330
17
100
AcDbEntity
  8
G-ANNO-TABL
100
AcDbText
 10
14.7
 20
9.483416666666667
 30
0.0
 40
0.052000000000000005
  1
RESULT
  7
KS-BOLD
 11
14.7
 21
9.483416666666667
 31
0.0
100
AcDbText
  0
TEXT
  5
944
330
17
100
AcDbEntity
  8
G-ANNO-TABL
100
AcDbText
 10
16.45
 20
9.483416666666667
 30
0.0
 40
0.052000000000000005
  1
+ TO EXIT
  7
KS-BOLD
 72
2
 11
16.45
 21
9.483416666666667
 31
0.0
100
AcDbText
  0
LINE
  5
945
330
17
100
AcDbEntity
  8
G-ANNO-TABL
100
AcDbLine
 10
11.85
 20
9.448416666666667
 30
0.0
 11
16.5
 21
9.448416666666667
 31
0.0
  0
TEXT
  5
946
330
17
100
AcDbEntity
  8
G-ANNO-TABL
100
AcDbText
 10
11.85
 20
9.348416666666667
 30
0.0
 40
0.052000000000000005
  1
1
  7
KS-REG
 11
11.85
 21
9.348416666666667
 31
0.0
100
AcDbText
  0
TEXT
  5
947
330
17
100
AcDbEntity
  8
G-ANNO-TABL
100
AcDbText
 10
12.469999999999999
 20
9.348416666666667
 30
0.0
 40
0.052000000000000005
  1
18
  7
KS-REG
 72
2
 11
12.469999999999999
 21
9.348416666666667
 31
0.0
100
AcDbText
  0
TEXT
  5
948
330
17
100
AcDbEntity
  8
G-ANNO-TABL
100
AcDbText
 10
12.57
 20
9.348416666666667
 30
0.0
 40
0.052000000000000005
  1
accessible WC far corner
  7
KS-REG
 11
12.57
 21
9.348416666666667
 31
0.0
100
AcDbText
  0
TEXT
  5
949
330
17
100
AcDbEntity
  8
G-ANNO-TABL
100
AcDbText
 10
14.6
 20
9.348416666666667
 30
0.0
 40
0.052000000000000005
  1
45.6
  7
KS-REG
 72
2
 11
14.6
 21
9.348416666666667
 31
0.0
100
AcDbText
  0
TEXT
  5
94A
330
17
100
AcDbEntity
  8
G-ANNO-TABL
100
AcDbText
 10
14.7
 20
9.348416666666667
 30
0.0
 40
0.052000000000000005
  1
≤ 75 PASS
  7
KS-REG
 11
14.7
 21
9.348416666666667
 31
0.0
100
AcDbText
  0
TEXT
  5
94B
330
17
100
AcDbEntity
  8
G-ANNO-TABL
100
AcDbText
 10
16.45
 20
9.348416666666667
 30
0.0
 40
0.052000000000000005
  1
X5 64 ft
  7
KS-REG
 72
2
 11
16.45
 21
9.348416666666667
 31
0.0
100
AcDbText
  0
TEXT
  5
94C
330
17
100
AcDbEntity
  8
G-ANNO-TABL
100
AcDbText
 10
11.85
 20
9.233416666666667
 30
0.0
 40
0.052000000000000005
  1
2
  7
KS-REG
 11
11.85
 21
9.233416666666667
 31
0.0
100
AcDbText
  0
TEXT
  5
94D
330
17
100
AcDbEntity
  8
G-ANNO-TABL
100
AcDbText
 10
12.469999999999999
 20
9.233416666666667
 30
0.0
 40
0.052000000000000005
  1
18
  7
KS-REG
 72
2
 11
12.469999999999999
 21
9.233416666666667
 31
0.0
100
AcDbText
  0
TEXT
  5
94E
330
17
100
AcDbEntity
  8
G-ANNO-TABL
100
AcDbText
 10
12.57
 20
9.233416666666667
 30
0.0
 40
0.052000000000000005
  1
accessible WC far corner
  7
KS-REG
 11
12.57
 21
9.233416666666667
 31
0.0
100
AcDbText
  0
TEXT
  5
94F
330
17
100
AcDbEntity
  8
G-ANNO-TABL
100
AcDbText
 10
14.6
 20
9.233416666666667
 30
0.0
 40
0.052000000000000005
  1
45.6
  7
KS-REG
 72
2
 11
14.6
 21
9.233416666666667
 31
0.0
100
AcDbText
  0
TEXT
  5
950
330
17
100
AcDbEntity
  8
G-ANNO-TABL
100
AcDbText
 10
14.7
 20
9.233416666666667
 30
0.0
 40
0.052000000000000005
  1
≤ 75 PASS
  7
KS-REG
 11
14.7
 21
9.233416666666667
 31
0.0
100
AcDbText
  0
TEXT
  5
951
330
17
100
AcDbEntity
  8
G-ANNO-TABL
100
AcDbText
 10
16.45
 20
9.233416666666667
 30
0.0
 40
0.052000000000000005
  1
X5 64 ft
  7
KS-REG
 72
2
 11
16.45
 21
9.233416666666667
 31
0.0
100
AcDbText
  0
TEXT
  5
952
330
17
100
AcDbEntity
  8
G-ANNO-TABL
100
AcDbText
 10
11.85
 20
9.118416666666667
 30
0.0
 40
0.052000000000000005
  1
3
  7
KS-REG
 11
11.85
 21
9.118416666666667
 31
0.0
100
AcDbText
  0
TEXT
  5
953
330
17
100
AcDbEntity
  8
G-ANNO-TABL
100
AcDbText
 10
12.469999999999999
 20
9.118416666666667
 30
0.0
 40
0.052000000000000005
  1
18
  7
KS-REG
 72
2
 11
12.469999999999999
 21
9.118416666666667
 31
0.0
100
AcDbText
  0
TEXT
  5
954
330
17
100
AcDbEntity
  8
G-ANNO-TABL
100
AcDbText
 10
12.57
 20
9.118416666666667
 30
0.0
 40
0.052000000000000005
  1
accessible WC far corner
  7
KS-REG
 11
12.57
 21
9.118416666666667
 31
0.0
100
AcDbText
  0
TEXT
  5
955
330
17
100
AcDbEntity
  8
G-ANNO-TABL
100
AcDbText
 10
14.6
 20
9.118416666666667
 30
0.0
 40
0.052000000000000005
  1
50.9
  7
KS-REG
 72
2
 11
14.6
 21
9.118416666666667
 31
0.0
100
AcDbText
  0
TEXT
  5
956
330
17
100
AcDbEntity
  8
G-ANNO-TABL
100
AcDbText
 10
14.7
 20
9.118416666666667
 30
0.0
 40
0.052000000000000005
  1
≤ 75 PASS
  7
KS-REG
 11
14.7
 21
9.118416666666667
 31
0.0
100
AcDbText
  0
TEXT
  5
957
330
17
100
AcDbEntity
  8
G-ANNO-TABL
100
AcDbText
 10
16.45
 20
9.118416666666667
 30
0.0
 40
0.052000000000000005
  1
X7 66 ft
  7
KS-REG
 72
2
 11
16.45
 21
9.118416666666667
 31
0.0
100
AcDbText
  0
TEXT
  5
958
330
17
100
AcDbEntity
  8
G-ANNO-TABL
100
AcDbText
 10
11.85
 20
9.003416666666666
 30
0.0
 40
0.052000000000000005
  1
4
  7
KS-REG
 11
11.85
 21
9.003416666666666
 31
0.0
100
AcDbText
  0
TEXT
  5
959
330
17
100
AcDbEntity
  8
G-ANNO-TABL
100
AcDbText
 10
12.469999999999999
 20
9.003416666666666
 30
0.0
 40
0.052000000000000005
  1
18
  7
KS-REG
 72
2
 11
12.469999999999999
 21
9.003416666666666
 31
0.0
100
AcDbText
  0
TEXT
  5
95A
330
17
100
AcDbEntity
  8
G-ANNO-TABL
100
AcDbText
 10
12.57
 20
9.003416666666666
 30
0.0
 40
0.052000000000000005
  1
accessible WC far corner
  7
KS-REG
 11
12.57
 21
9.003416666666666
 31
0.0
100
AcDbText
  0
TEXT
  5
95B
330
17
100
AcDbEntity
  8
G-ANNO-TABL
100
AcDbText
 10
14.6
 20
9.003416666666666
 30
0.0
 40
0.052000000000000005
  1
50.9
  7
KS-REG
 72
2
 11
14.6
 21
9.003416666666666
 31
0.0
100
AcDbText
  0
TEXT
  5
95C
330
17
100
AcDbEntity
  8
G-ANNO-TABL
100
AcDbText
 10
14.7
 20
9.003416666666666
 30
0.0
 40
0.052000000000000005
  1
≤ 75 PASS
  7
KS-REG
 11
14.7
 21
9.003416666666666
 31
0.0
100
AcDbText
  0
TEXT
  5
95D
330
17
100
AcDbEntity
  8
G-ANNO-TABL
100
AcDbText
 10
16.45
 20
9.003416666666666
 30
0.0
 40
0.052000000000000005
  1
X7 66 ft
  7
KS-REG
 72
2
 11
16.45
 21
9.003416666666666
 31
0.0
100
AcDbText
  0
TEXT
  5
95E
330
17
100
AcDbEntity
  8
A-ANNO-TEXT
100
AcDbText
 10
11.85
 20
8.85625
 30
0.0
 40
0.053
  1
Other points checked per room: shower far corner, locker aisle NW, locker aisle SW (rooms 1-2); all shorter. Travel to
  7
KS-REG
 11
11.85
 21
8.85625
 31
0.0
100
AcDbText
  0
TEXT
  5
95F
330
17
100
AcDbEntity
  8
A-ANNO-TEXT
100
AcDbText
 10
11.85
 20
8.759083333333333
 30
0.0
 40
0.053
  1
the exit door (CP + passage) ≤ 66 ft vs 250 ft (T1017.2). Rectilinear on this layout; walls, door hardware and fixtures
  7
KS-REG
 11
11.85
 21
8.759083333333333
 31
0.0
100
AcDbText
  0
TEXT
  5
960
330
17
100
AcDbEntity
  8
A-ANNO-TEXT
100
AcDbText
 10
11.85
 20
8.661916666666666
 30
0.0
 40
0.053
  1
ASSUMED → UNVERIFIED until the architect's layout.
  7
KS-REG
 11
11.85
 21
8.661916666666666
 31
0.0
100
AcDbText
  0
TEXT
  5
961
330
17
100
AcDbEntity
  8
A-ANNO-TEXT
100
AcDbText
 10
11.85
 20
8.427624999999999
 30
0.0
 40
0.06999999999999999
  1
ACCESSIBILITY (ADA 2010 STANDARDS) — WHAT IS DRAWN
  7
KS-BOLD
 11
11.85
 21
8.427624999999999
 31
0.0
100
AcDbText
  0
LINE
  5
962
330
17
100
AcDbEntity
  8
A-ANNO-TEXT
100
AcDbLine
 10
11.85
 20
8.382624999999999
 30
0.0
 11
16.5
 21
8.382624999999999
 31
0.0
  0
TEXT
  5
963
330
17
100
AcDbEntity
  8
A-ANNO-TEXT
100
AcDbText
 10
11.85
 20
8.272291666666666
 30
0.0
 40
0.052000000000000005
  1
·
  7
KS-REG
 11
11.85
 21
8.272291666666666
 31
0.0
100
AcDbText
  0
TEXT
  5
964
330
17
100
AcDbEntity
  8
A-ANNO-TEXT
100
AcDbText
 10
11.95
 20
8.272291666666666
 30
0.0
 40
0.052000000000000005
  1
2 WC per room ASSUMED: 1 wheelchair compartment 60 x 60 in (≥ 60 x 59 floor-mounted, 604.8.1.1; WC centerline
  7
KS-REG
 11
11.95
 21
8.272291666666666
 31
0.0
100
AcDbText
  0
TEXT
  5
965
330
17
100
AcDbEntity
  8
A-ANNO-TEXT
100
AcDbText
 10
11.95
 20
8.176958333333333
 30
0.0
 40
0.052000000000000005
  1
18 in from the side wall, 604.2; door in the front partition at the far side, 604.8.1.2) + 1 ambulatory compartment 36
  7
KS-REG
 11
11.95
 21
8.176958333333333
 31
0.0
100
AcDbText
  0
TEXT
  5
966
330
17
100
AcDbEntity
  8
A-ANNO-TEXT
100
AcDbText
 10
11.95
 20
8.081625
 30
0.0
 40
0.052000000000000005
  1
x 60 in (35-37 x ≥ 60, 604.8.2.1; not required below 6 compartments, 213.3.1, provided ASSUMED); 2 lavatories, 1
  7
KS-REG
 11
11.95
 21
8.081625
 31
0.0
100
AcDbText
  0
TEXT
  5
967
330
17
100
AcDbEntity
  8
A-ANNO-TEXT
100
AcDbText
 10
11.95
 20
7.986291666666667
 30
0.0
 40
0.052000000000000005
  1
with forward-approach 30 x 48 in clear floor + knee / toe clearance, rim ≤ 34 in (606.2, 606.3); 60 in turning circle
  7
KS-REG
 11
11.95
 21
7.986291666666667
 31
0.0
100
AcDbText
  0
TEXT
  5
968
330
17
100
AcDbEntity
  8
A-ANNO-TEXT
100
AcDbText
 10
11.95
 20
7.890958333333334
 30
0.0
 40
0.052000000000000005
  1
(304.3.1); no urinals (rooms serve either team / sex, ASSUMED)
  7
KS-REG
 11
11.95
 21
7.890958333333334
 31
0.0
100
AcDbText
  0
TEXT
  5
969
330
17
100
AcDbEntity
  8
A-ANNO-TEXT
100
AcDbText
 10
11.85
 20
7.771791666666667
 30
0.0
 40
0.052000000000000005
  1
·
  7
KS-REG
 11
11.85
 21
7.771791666666667
 31
0.0
100
AcDbText
  0
TEXT
  5
96A
330
17
100
AcDbEntity
  8
A-ANNO-TEXT
100
AcDbText
 10
11.95
 20
7.771791666666667
 30
0.0
 40
0.052000000000000005
  1
4 showers per room ASSUMED: 1 standard roll-in 30 x 60 in inside with a 60 in entry and a 30 x 60 in clearance at
  7
KS-REG
 11
11.95
 21
7.771791666666667
 31
0.0
100
AcDbText
  0
TEXT
  5
96B
330
17
100
AcDbEntity
  8
A-ANNO-TEXT
100
AcDbText
 10
11.95
 20
7.676458333333334
 30
0.0
 40
0.052000000000000005
  1
the open face (608.2.2, 608.2.2.1) = the accessible shower (213.3.6); 3 stalls 36 x 36 in (transfer size, 608.2.1)
  7
KS-REG
 11
11.95
 21
7.676458333333334
 31
0.0
100
AcDbText
  0
TEXT
  5
96C
330
17
100
AcDbEntity
  8
A-ANNO-TEXT
100
AcDbText
 10
11.85
 20
7.557291666666667
 30
0.0
 40
0.052000000000000005
  1
·
  7
KS-REG
 11
11.85
 21
7.557291666666667
 31
0.0
100
AcDbText
  0
TEXT
  5
96D
330
17
100
AcDbEntity
  8
A-ANNO-TEXT
100
AcDbText
 10
11.95
 20
7.557291666666667
 30
0.0
 40
0.052000000000000005
  1
freestanding team benches 18 in deep ASSUMED; one accessible bench per room: 24 x 48 in seat, 17-19 in high,
  7
KS-REG
 11
11.95
 21
7.557291666666667
 31
0.0
100
AcDbText
  0
TEXT
  5
96E
330
17
100
AcDbEntity
  8
A-ANNO-TEXT
100
AcDbText
 10
11.95
 20
7.4619583333333335
 30
0.0
 40
0.052000000000000005
  1
affixed to a wall (back support), 30 x 48 in clear floor at its end parallel to its short axis (ADA 803.4, 903.2-903.5)
  7
KS-REG
 11
11.95
 21
7.4619583333333335
 31
0.0
100
AcDbText
  0
TEXT
  5
96F
330
17
100
AcDbEntity
  8
A-ANNO-TEXT
100
AcDbText
 10
11.85
 20
7.342791666666667
 30
0.0
 40
0.052000000000000005
  1
·
  7
KS-REG
 11
11.85
 21
7.342791666666667
 31
0.0
100
AcDbText
  0
TEXT
  5
970
330
17
100
AcDbEntity
  8
A-ANNO-TEXT
100
AcDbText
 10
11.95
 20
7.342791666666667
 30
0.0
 40
0.052000000000000005
  1
15 x 18 x 72 in single-tier lockers ASSUMED; at least 5 % (min. 1) accessible: storage within 15-48 in reach (ADA
  7
KS-REG
 11
11.95
 21
7.342791666666667
 31
0.0
100
AcDbText
  0
TEXT
  5
971
330
17
100
AcDbEntity
  8
A-ANNO-TEXT
100
AcDbText
 10
11.95
 20
7.247458333333333
 30
0.0
 40
0.052000000000000005
  1
225.2.1, 811, 308.2.1), 30 x 48 in clear floor (305.3)
  7
KS-REG
 11
11.95
 21
7.247458333333333
 31
0.0
100
AcDbText
  0
TEXT
  5
972
330
17
100
AcDbEntity
  8
A-ANNO-TEXT
100
AcDbText
 10
11.85
 20
7.128291666666667
 30
0.0
 40
0.052000000000000005
  1
·
  7
KS-REG
 11
11.85
 21
7.128291666666667
 31
0.0
100
AcDbText
  0
TEXT
  5
973
330
17
100
AcDbEntity
  8
A-ANNO-TEXT
100
AcDbText
 10
11.95
 20
7.128291666666667
 30
0.0
 40
0.052000000000000005
  1
36 in leaf ≈ 34 in clear ≥ 32 in (ADA 404.2.3; IBC 1010.1.1); swings INTO the room so the 8 ft exit passage stays
  7
KS-REG
 11
11.95
 21
7.128291666666667
 31
0.0
100
AcDbText
  0
TEXT
  5
974
330
17
100
AcDbEntity
  8
A-ANNO-TEXT
100
AcDbText
 10
11.95
 20
7.032958333333333
 30
0.0
 40
0.052000000000000005
  1
clear — allowed below 50 occupants (IBC 1010.1.2.1) with a 30 x 48 in space beyond the swing (ADA 803.3);
  7
KS-REG
 11
11.95
 21
7.032958333333333
 31
0.0
100
AcDbText
  0
TEXT
  5
975
330
17
100
AcDbEntity
  8
A-ANNO-TEXT
100
AcDbText
 10
11.95
 20
6.937625
 30
0.0
 40
0.052000000000000005
  1
pull-side maneuvering 60 in perpendicular + 18 in beyond the latch (ADA Table 404.2.4.1)
  7
KS-REG
 11
11.95
 21
6.937625
 31
0.0
100
AcDbText
  0
TEXT
  5
976
330
17
100
AcDbEntity
  8
A-ANNO-TEXT
100
AcDbText
 10
11.85
 20
6.818458333333333
 30
0.0
 40
0.052000000000000005
  1
·
  7
KS-REG
 11
11.85
 21
6.818458333333333
 31
0.0
100
AcDbText
  0
TEXT
  5
977
330
17
100
AcDbEntity
  8
A-ANNO-TEXT
100
AcDbText
 10
11.95
 20
6.818458333333333
 30
0.0
 40
0.052000000000000005
  1
36 in min clear width along the locker aisles and to every accessible element (ADA 403.5.1)
  7
KS-REG
 11
11.95
 21
6.818458333333333
 31
0.0
100
AcDbText
  0
TEXT
  5
978
330
17
100
AcDbEntity
  8
A-ANNO-TEXT
100
AcDbText
 10
11.85
 20
6.699291666666666
 30
0.0
 40
0.052000000000000005
  1
·
  7
KS-REG
 11
11.85
 21
6.699291666666666
 31
0.0
100
AcDbText
  0
TEXT
  5
979
330
17
100
AcDbEntity
  8
A-ANNO-TEXT
100
AcDbText
 10
11.95
 20
6.699291666666666
 30
0.0
 40
0.052000000000000005
  1
Locker room itself: turning space 304 inside (803.2); door swing leaves 30 x 48 clear beyond the arc (803.3).
  7
KS-REG
 11
11.95
 21
6.699291666666666
 31
0.0
100
AcDbText
  0
TEXT
  5
97A
330
17
100
AcDbEntity
  8
A-ANNO-TEXT
100
AcDbText
 10
11.95
 20
6.603958333333333
 30
0.0
 40
0.052000000000000005
  1
Scoping: 5 % / min. 1 of each locker-room type (222.1) — all 4 rooms laid out the same way.
  7
KS-REG
 11
11.95
 21
6.603958333333333
 31
0.0
100
AcDbText
  0
TEXT
  5
97B
330
17
100
AcDbEntity
  8
A-ANNO-TEXT
100
AcDbText
 10
11.85
 20
6.370125
 30
0.0
 40
0.06999999999999999
  1
NOTES
  7
KS-BOLD
 11
11.85
 21
6.370125
 31
0.0
100
AcDbText
  0
LINE
  5
97C
330
17
100
AcDbEntity
  8
A-ANNO-TEXT
100
AcDbLine
 10
11.85
 20
6.325125
 30
0.0
 11
16.5
 21
6.325125
 31
0.0
  0
TEXT
  5
97D
330
17
100
AcDbEntity
  8
A-ANNO-TEXT
100
AcDbText
 10
11.85
 20
6.212958333333334
 30
0.0
 40
0.053
  1
·
  7
KS-REG
 11
11.85
 21
6.212958333333334
 31
0.0
100
AcDbText
  0
TEXT
  5
97E
330
17
100
AcDbEntity
  8
A-ANNO-TEXT
100
AcDbText
 10
11.95
 20
6.212958333333334
 30
0.0
 40
0.053
  1
Rooms: 3,600 SF total (4 x 900, D-060 settled), envelopes from P2-A-101 Rev G, unchanged. The 15 ft of each
  7
KS-REG
 11
11.95
 21
6.212958333333334
 31
0.0
100
AcDbText
  0
TEXT
  5
97F
330
17
100
AcDbEntity
  8
A-ANNO-TEXT
100
AcDbText
 10
11.95
 20
6.115791666666667
 30
0.0
 40
0.053
  1
room nearest the arena lies under the upper tier: 7'-6" clear at the tier line rising away from it (D-061; 1'-6"
  7
KS-REG
 11
11.95
 21
6.115791666666667
 31
0.0
100
AcDbText
  0
TEXT
  5
980
330
17
100
AcDbEntity
  8
A-ANNO-TEXT
100
AcDbText
 10
11.95
 20
6.018625000000001
 30
0.0
 40
0.053
  1
structure ASSUMED, zero margin) — lockers 72 in and shower / toilet partitions fit.
  7
KS-REG
 11
11.95
 21
6.018625000000001
 31
0.0
100
AcDbText
  0
TEXT
  5
981
330
17
100
AcDbEntity
  8
A-ANNO-TEXT
100
AcDbText
 10
11.85
 20
5.897166666666668
 30
0.0
 40
0.053
  1
·
  7
KS-REG
 11
11.85
 21
5.897166666666668
 31
0.0
100
AcDbText
  0
TEXT
  5
982
330
17
100
AcDbEntity
  8
A-ANNO-TEXT
100
AcDbText
 10
11.95
 20
5.897166666666668
 30
0.0
 40
0.053
  1
Wet zone on the inner wall (rooms 1-2) / inner end (rooms 3-4), away from the exterior wall; plumbing walls back
  7
KS-REG
 11
11.95
 21
5.897166666666668
 31
0.0
100
AcDbText
  0
TEXT
  5
983
330
17
100
AcDbEntity
  8
A-ANNO-TEXT
100
AcDbText
 10
11.95
 20
5.800000000000002
 30
0.0
 40
0.053
  1
onto equipment / mech rooms (ASSUMED). No urinals: rooms serve either team (ASSUMED). Floor drains, finishes,
  7
KS-REG
 11
11.95
 21
5.800000000000002
 31
0.0
100
AcDbText
  0
TEXT
  5
984
330
17
100
AcDbEntity
  8
A-ANNO-TEXT
100
AcDbText
 10
11.95
 20
5.702833333333335
 30
0.0
 40
0.053
  1
ventilation: architect / MEP.
  7
KS-REG
 11
11.95
 21
5.702833333333335
 31
0.0
100
AcDbText
  0
TEXT
  5
985
330
17
100
AcDbEntity
  8
A-ANNO-TEXT
100
AcDbText
 10
11.85
 20
5.581375000000002
 30
0.0
 40
0.053
  1
·
  7
KS-REG
 11
11.85
 21
5.581375000000002
 31
0.0
100
AcDbText
  0
TEXT
  5
986
330
17
100
AcDbEntity
  8
A-ANNO-TEXT
100
AcDbText
 10
11.95
 20
5.581375000000002
 30
0.0
 40
0.053
  1
Rooms 2 and 4 are mirror images of rooms 1 and 3 (doors face the shared exit passages).
  7
KS-REG
 11
11.95
 21
5.581375000000002
 31
0.0
100
AcDbText
  0
TEXT
  5
987
330
17
100
AcDbEntity
  8
A-ANNO-TEXT
100
AcDbText
 10
11.85
 20
5.347083333333336
 30
0.0
 40
0.06999999999999999
  1
RESTROOM CORE — NOT IN THIS REVISION
  7
KS-BOLD
 11
11.85
 21
5.347083333333336
 31
0.0
100
AcDbText
  0
LINE
  5
988
330
17
100
AcDbEntity
  8
A-ANNO-TEXT
100
AcDbLine
 10
11.85
 20
5.302083333333336
 30
0.0
 11
16.5
 21
5.302083333333336
 31
0.0
  0
TEXT
  5
989
330
17
100
AcDbEntity
  8
A-ANNO-TEXT
100
AcDbText
 10
11.85
 20
5.18991666666667
 30
0.0
 40
0.053
  1
L1 public restroom core NOT in this revision: waits on D-064 (OPEN: size for the worst case or limit the events).
  7
KS-REG
 11
11.85
 21
5.18991666666667
 31
0.0
100
AcDbText
  0
TEXT
  5
98A
330
17
100
AcDbEntity
  8
A-ANNO-TEXT
100
AcDbText
 10
11.85
 20
5.092750000000003
 30
0.0
 40
0.053
  1
Drawn later on P2-A-401 once Shane decides.
  7
KS-REG
 11
11.85
 21
5.092750000000003
 31
0.0
100
AcDbText
  0
TEXT
  5
98B
330
17
100
AcDbEntity
  8
A-ANNO-TEXT
100
AcDbText
 10
11.85
 20
4.97679166666667
 30
0.0
 40
0.05
  1
Legend: A = accessible element · dashed box = ADA clear floor / clearance · dashed circle = 60 in turning space · X box =
  7
KS-REG
 11
11.85
 21
4.97679166666667
 31
0.0
100
AcDbText
  0
TEXT
  5
98C
330
17
100
AcDbEntity
  8
A-ANNO-TEXT
100
AcDbText
 10
11.85
 20
4.885125000000003
 30
0.0
 40
0.05
  1
shower / accessible bench · red dashed = worst common path (dot = remote point).
  7
KS-REG
 11
11.85
 21
4.885125000000003
 31
0.0
100
AcDbText
  0
TEXT
  5
98D
330
17
100
AcDbEntity
  8
A-ANNO-TEXT
100
AcDbText
 10
11.85
 20
4.77054166666667
 30
0.0
 40
0.05
  1
Sources: params/phase2_enlarged.yaml; params/phase2_plan_rev_g.yaml; ADA 2010 Standards 213.3.1, 213.3.6, 222.1,
  7
KS-REG
 11
11.85
 21
4.77054166666667
 31
0.0
100
AcDbText
  0
TEXT
  5
98E
330
17
100
AcDbEntity
  8
A-ANNO-TEXT
100
AcDbText
 10
11.85
 20
4.678875000000003
 30
0.0
 40
0.05
  1
225.2.1, 304.3, 305.3, 308.2.1, 403.5.1, 404.2.3, 404.2.4.1, 604, 606, 608, 803, 811, 903 (www.ada.gov, retrieved
  7
KS-REG
 11
11.85
 21
4.678875000000003
 31
0.0
100
AcDbText
  0
TEXT
  5
98F
330
17
100
AcDbEntity
  8
A-ANNO-TEXT
100
AcDbText
 10
11.85
 20
4.587208333333336
 30
0.0
 40
0.05
  1
2026-10-04); IBC 2021 1006.2.1, 1010.1.1, 1010.1.2.1, T1004.5, T1017.2 (UpCodes); D-060, D-061, D-064; Shane
  7
KS-REG
 11
11.85
 21
4.587208333333336
 31
0.0
100
AcDbText
  0
TEXT
  5
990
330
17
100
AcDbEntity
  8
A-ANNO-TEXT
100
AcDbText
 10
11.85
 20
4.49554166666667
 30
0.0
 40
0.05
  1
2026-10-04 11:24 AM CT.
  7
KS-REG
 11
11.85
 21
4.49554166666667
 31
0.0
100
AcDbText
  0
ENDSEC
  0
SECTION
  2
OBJECTS
  0
DICTIONARY
  5
A
330
0
100
AcDbDictionary
281
1
  3
ACAD_COLOR
350
B
  3
ACAD_GROUP
350
C
  3
ACAD_LAYOUT
350
D
  3
ACAD_MATERIAL
350
E
  3
ACAD_MLEADERSTYLE
350
F
  3
ACAD_MLINESTYLE
350
10
  3
ACAD_PLOTSETTINGS
350
11
  3
ACAD_PLOTSTYLENAME
350
12
  3
ACAD_SCALELIST
350
14
  3
ACAD_TABLESTYLE
350
15
  3
ACAD_VISUALSTYLE
350
16
  3
EZDXF_META
350
2D
  0
DICTIONARY
  5
B
330
A
100
AcDbDictionary
281
1
  0
DICTIONARY
  5
C
330
A
100
AcDbDictionary
281
1
  0
DICTIONARY
  5
D
330
A
100
AcDbDictionary
281
1
  3
Model
350
1A
  3
Layout1
350
1E
  0
DICTIONARY
  5
E
330
A
100
AcDbDictionary
281
1
  3
ByBlock
350
1F
  3
ByLayer
350
20
  3
Global
350
21
  0
DICTIONARY
  5
F
330
A
100
AcDbDictionary
281
1
  3
Standard
350
2C
  0
DICTIONARY
  5
10
330
A
100
AcDbDictionary
281
1
  3
Standard
350
22
  0
DICTIONARY
  5
11
330
A
100
AcDbDictionary
281
1
  0
ACDBDICTIONARYWDFLT
  5
12
330
A
100
AcDbDictionary
281
1
  3
Normal
350
13
100
AcDbDictionaryWithDefault
340
13
  0
ACDBPLACEHOLDER
  5
13
330
12
  0
DICTIONARY
  5
14
330
A
100
AcDbDictionary
281
1
  0
DICTIONARY
  5
15
330
A
100
AcDbDictionary
281
1
  0
DICTIONARY
  5
16
330
A
100
AcDbDictionary
281
1
  0
LAYOUT
  5
1A
330
D
100
AcDbPlotSettings
  1

  4
A3
  6

 40
7.5
 41
20.0
 42
7.5
 43
20.0
 44
420.0
 45
297.0
 46
0.0
 47
0.0
 48
0.0
 49
0.0
140
0.0
141
0.0
142
1.0
143
1.0
 70
1024
 72
1
 73
0
 74
5
  7

 75
16
 76
0
 77
2
 78
300
147
1.0
148
0.0
149
0.0
100
AcDbLayout
  1
Model
 70
1
 71
0
 10
0.0
 20
0.0
 11
420.0
 21
297.0
 12
0.0
 22
0.0
 32
0.0
 14
1e+20
 24
1e+20
 34
1e+20
 15
-1e+20
 25
-1e+20
 35
-1e+20
146
0.0
 13
0.0
 23
0.0
 33
0.0
 16
1.0
 26
0.0
 36
0.0
 17
0.0
 27
1.0
 37
0.0
 76
1
330
17
  0
LAYOUT
  5
1E
330
D
100
AcDbPlotSettings
  1

  4
A3
  6

 40
7.5
 41
20.0
 42
7.5
 43
20.0
 44
420.0
 45
297.0
 46
0.0
 47
0.0
 48
0.0
 49
0.0
140
0.0
141
0.0
142
1.0
143
1.0
 70
0
 72
1
 73
0
 74
5
  7

 75
16
 76
0
 77
2
 78
300
147
1.0
148
0.0
149
0.0
100
AcDbLayout
  1
Layout1
 70
1
 71
1
 10
0.0
 20
0.0
 11
420.0
 21
297.0
 12
0.0
 22
0.0
 32
0.0
 14
1e+20
 24
1e+20
 34
1e+20
 15
-1e+20
 25
-1e+20
 35
-1e+20
146
0.0
 13
0.0
 23
0.0
 33
0.0
 16
1.0
 26
0.0
 36
0.0
 17
0.0
 27
1.0
 37
0.0
 76
1
330
1B
  0
MATERIAL
  5
1F
102
{ACAD_REACTORS
330
E
102
}
330
E
100
AcDbMaterial
  1
ByBlock
  2

 70
0
 40
1.0
 71
1
 41
1.0
 91
-1023410177
 42
1.0
 72
1
  3

 73
1
 74
1
 75
1
 44
0.5
 73
0
 45
1.0
 46
1.0
 77
1
  4

 78
1
 79
1
170
1
 48
1.0
171
1
  6

172
1
173
1
174
1
140
1.0
141
1.0
175
1
  7

176
1
177
1
178
1
143
1.0
179
1
  8

270
1
271
1
272
1
145
1.0
146
1.0
273
1
  9

274
1
275
1
276
1
 42
1.0
 72
1
  3

 73
1
 74
1
 75
1
 94
63
  0
MATERIAL
  5
20
102
{ACAD_REACTORS
330
E
102
}
330
E
100
AcDbMaterial
  1
ByLayer
  2

 70
0
 40
1.0
 71
1
 41
1.0
 91
-1023410177
 42
1.0
 72
1
  3

 73
1
 74
1
 75
1
 44
0.5
 73
0
 45
1.0
 46
1.0
 77
1
  4

 78
1
 79
1
170
1
 48
1.0
171
1
  6

172
1
173
1
174
1
140
1.0
141
1.0
175
1
  7

176
1
177
1
178
1
143
1.0
179
1
  8

270
1
271
1
272
1
145
1.0
146
1.0
273
1
  9

274
1
275
1
276
1
 42
1.0
 72
1
  3

 73
1
 74
1
 75
1
 94
63
  0
MATERIAL
  5
21
102
{ACAD_REACTORS
330
E
102
}
330
E
100
AcDbMaterial
  1
Global
  2

 70
0
 40
1.0
 71
1
 41
1.0
 91
-1023410177
 42
1.0
 72
1
  3

 73
1
 74
1
 75
1
 44
0.5
 73
0
 45
1.0
 46
1.0
 77
1
  4

 78
1
 79
1
170
1
 48
1.0
171
1
  6

172
1
173
1
174
1
140
1.0
141
1.0
175
1
  7

176
1
177
1
178
1
143
1.0
179
1
  8

270
1
271
1
272
1
145
1.0
146
1.0
273
1
  9

274
1
275
1
276
1
 42
1.0
 72
1
  3

 73
1
 74
1
 75
1
 94
63
  0
MLINESTYLE
  5
22
102
{ACAD_REACTORS
330
10
102
}
330
10
100
AcDbMlineStyle
  2
Standard
 70
0
  3

 62
256
 51
90.0
 52
90.0
 71
2
 49
0.5
 62
256
  6
BYLAYER
 49
-0.5
 62
256
  6
BYLAYER
  0
MLEADERSTYLE
  5
2C
102
{ACAD_REACTORS
330
F
102
}
330
F
100
AcDbMLeaderStyle
179
2
170
2
171
1
172
0
 90
2
 40
0.0
 41
0.0
173
1
 91
-1056964608
 92
-2
290
1
 42
2.0
291
1
 43
8.0
  3
Standard
 44
4.0
300

342
29
174
1
175
1
176
0
178
1
 93
-1056964608
 45
4.0
292
0
297
0
 46
4.0
 94
-1056964608
 47
1.0
 49
1.0
140
1.0
294
1
141
0.0
177
0
142
1.0
295
0
296
0
143
3.75
271
0
272
9
273
9
  0
DICTIONARY
  5
2D
330
A
100
AcDbDictionary
280
1
281
1
  3
CREATED_BY_EZDXF
350
2E
  3
WRITTEN_BY_EZDXF
350
993
  0
DICTIONARYVAR
  5
2E
330
2D
100
DictionaryVariables
280
0
  1
1.4.4 @ 2026-10-04T16:29:40.387847+00:00
  0
DICTIONARYVAR
  5
993
330
2D
100
DictionaryVariables
280
0
  1
1.4.4 @ 2026-10-04T16:29:40.438791+00:00
  0
ENDSEC
  0
EOF
