  0
SECTION
  2
HEADER
  9
$ACADVER
  1
AC1024
  9
$ACADMAINTVER
 70
6
  9
$DWGCODEPAGE
  3
ANSI_1252
  9
$LASTSAVEDBY
  1
ezdxf
  9
$INSBASE
 10
0.0
 20
0.0
 30
0.0
  9
$EXTMIN
 10
1e+20
 20
1e+20
 30
1e+20
  9
$EXTMAX
 10
-1e+20
 20
-1e+20
 30
-1e+20
  9
$LIMMIN
 10
0.0
 20
0.0
  9
$LIMMAX
 10
420.0
 20
297.0
  9
$ORTHOMODE
 70
0
  9
$REGENMODE
 70
1
  9
$FILLMODE
 70
1
  9
$QTEXTMODE
 70
0
  9
$MIRRTEXT
 70
1
  9
$LTSCALE
 40
1.0
  9
$ATTMODE
 70
1
  9
$TEXTSIZE
 40
2.5
  9
$TRACEWID
 40
1.0
  9
$TEXTSTYLE
  7
Standard
  9
$CLAYER
  8
0
  9
$CELTYPE
  6
ByLayer
  9
$CECOLOR
 62
256
  9
$CELTSCALE
 40
1.0
  9
$DISPSILH
 70
0
  9
$DIMSCALE
 40
1.0
  9
$DIMASZ
 40
2.5
  9
$DIMEXO
 40
0.625
  9
$DIMDLI
 40
3.75
  9
$DIMRND
 40
0.0
  9
$DIMDLE
 40
0.0
  9
$DIMEXE
 40
1.25
  9
$DIMTP
 40
0.0
  9
$DIMTM
 40
0.0
  9
$DIMTXT
 40
2.5
  9
$DIMCEN
 40
2.5
  9
$DIMTSZ
 40
0.0
  9
$DIMTOL
 70
0
  9
$DIMLIM
 70
0
  9
$DIMTIH
 70
0
  9
$DIMTOH
 70
0
  9
$DIMSE1
 70
0
  9
$DIMSE2
 70
0
  9
$DIMTAD
 70
1
  9
$DIMZIN
 70
8
  9
$DIMBLK
  1

  9
$DIMASO
 70
1
  9
$DIMSHO
 70
1
  9
$DIMPOST
  1

  9
$DIMAPOST
  1

  9
$DIMALT
 70
0
  9
$DIMALTD
 70
3
  9
$DIMALTF
 40
0.03937007874
  9
$DIMLFAC
 40
1.0
  9
$DIMTOFL
 70
1
  9
$DIMTVP
 40
0.0
  9
$DIMTIX
 70
0
  9
$DIMSOXD
 70
0
  9
$DIMSAH
 70
0
  9
$DIMBLK1
  1

  9
$DIMBLK2
  1

  9
$DIMSTYLE
  2
ISO-25
  9
$DIMCLRD
 70
0
  9
$DIMCLRE
 70
0
  9
$DIMCLRT
 70
0
  9
$DIMTFAC
 40
1.0
  9
$DIMGAP
 40
0.625
  9
$DIMJUST
 70
0
  9
$DIMSD1
 70
0
  9
$DIMSD2
 70
0
  9
$DIMTOLJ
 70
0
  9
$DIMTZIN
 70
8
  9
$DIMALTZ
 70
0
  9
$DIMALTTZ
 70
0
  9
$DIMUPT
 70
0
  9
$DIMDEC
 70
2
  9
$DIMTDEC
 70
2
  9
$DIMALTU
 70
2
  9
$DIMALTTD
 70
3
  9
$DIMTXSTY
  7
Standard
  9
$DIMAUNIT
 70
0
  9
$DIMADEC
 70
0
  9
$DIMALTRND
 40
0.0
  9
$DIMAZIN
 70
0
  9
$DIMDSEP
 70
44
  9
$DIMATFIT
 70
3
  9
$DIMFRAC
 70
0
  9
$DIMLDRBLK
  1

  9
$DIMLUNIT
 70
2
  9
$DIMLWD
 70
-2
  9
$DIMLWE
 70
-2
  9
$DIMTMOVE
 70
0
  9
$DIMFXL
 40
1.0
  9
$DIMFXLON
 70
0
  9
$DIMJOGANG
 40
0.785398163397
  9
$DIMTFILL
 70
0
  9
$DIMTFILLCLR
 70
0
  9
$DIMARCSYM
 70
0
  9
$DIMLTYPE
  6

  9
$DIMLTEX1
  6

  9
$DIMLTEX2
  6

  9
$DIMTXTDIRECTION
 70
0
  9
$LUNITS
 70
2
  9
$LUPREC
 70
4
  9
$SKETCHINC
 40
1.0
  9
$FILLETRAD
 40
10.0
  9
$AUNITS
 70
0
  9
$AUPREC
 70
2
  9
$MENU
  1
.
  9
$ELEVATION
 40
0.0
  9
$PELEVATION
 40
0.0
  9
$THICKNESS
 40
0.0
  9
$LIMCHECK
 70
0
  9
$CHAMFERA
 40
0.0
  9
$CHAMFERB
 40
0.0
  9
$CHAMFERC
 40
0.0
  9
$CHAMFERD
 40
0.0
  9
$SKPOLY
 70
0
  9
$TDCREATE
 40
2461318.495613426
  9
$TDUCREATE
 40
2458532.153996898
  9
$TDUPDATE
 40
2461318.495613426
  9
$TDUUPDATE
 40
2458532.1544311
  9
$TDINDWG
 40
0.0
  9
$TDUSRTIMER
 40
0.0
  9
$USRTIMER
 70
1
  9
$ANGBASE
 50
0.0
  9
$ANGDIR
 70
0
  9
$PDMODE
 70
0
  9
$PDSIZE
 40
0.0
  9
$PLINEWID
 40
0.0
  9
$SPLFRAME
 70
0
  9
$SPLINETYPE
 70
6
  9
$SPLINESEGS
 70
8
  9
$HANDSEED
  5
55F
  9
$SURFTAB1
 70
6
  9
$SURFTAB2
 70
6
  9
$SURFTYPE
 70
6
  9
$SURFU
 70
6
  9
$SURFV
 70
6
  9
$UCSBASE
  2

  9
$UCSNAME
  2

  9
$UCSORG
 10
0.0
 20
0.0
 30
0.0
  9
$UCSXDIR
 10
1.0
 20
0.0
 30
0.0
  9
$UCSYDIR
 10
0.0
 20
1.0
 30
0.0
  9
$UCSORTHOREF
  2

  9
$UCSORTHOVIEW
 70
0
  9
$UCSORGTOP
 10
0.0
 20
0.0
 30
0.0
  9
$UCSORGBOTTOM
 10
0.0
 20
0.0
 30
0.0
  9
$UCSORGLEFT
 10
0.0
 20
0.0
 30
0.0
  9
$UCSORGRIGHT
 10
0.0
 20
0.0
 30
0.0
  9
$UCSORGFRONT
 10
0.0
 20
0.0
 30
0.0
  9
$UCSORGBACK
 10
0.0
 20
0.0
 30
0.0
  9
$PUCSBASE
  2

  9
$PUCSNAME
  2

  9
$PUCSORG
 10
0.0
 20
0.0
 30
0.0
  9
$PUCSXDIR
 10
1.0
 20
0.0
 30
0.0
  9
$PUCSYDIR
 10
0.0
 20
1.0
 30
0.0
  9
$PUCSORTHOREF
  2

  9
$PUCSORTHOVIEW
 70
0
  9
$PUCSORGTOP
 10
0.0
 20
0.0
 30
0.0
  9
$PUCSORGBOTTOM
 10
0.0
 20
0.0
 30
0.0
  9
$PUCSORGLEFT
 10
0.0
 20
0.0
 30
0.0
  9
$PUCSORGRIGHT
 10
0.0
 20
0.0
 30
0.0
  9
$PUCSORGFRONT
 10
0.0
 20
0.0
 30
0.0
  9
$PUCSORGBACK
 10
0.0
 20
0.0
 30
0.0
  9
$USERI1
 70
0
  9
$USERI2
 70
0
  9
$USERI3
 70
0
  9
$USERI4
 70
0
  9
$USERI5
 70
0
  9
$USERR1
 40
0.0
  9
$USERR2
 40
0.0
  9
$USERR3
 40
0.0
  9
$USERR4
 40
0.0
  9
$USERR5
 40
0.0
  9
$WORLDVIEW
 70
1
  9
$SHADEDGE
 70
3
  9
$SHADEDIF
 70
70
  9
$TILEMODE
 70
1
  9
$MAXACTVP
 70
64
  9
$PINSBASE
 10
0.0
 20
0.0
 30
0.0
  9
$PLIMCHECK
 70
0
  9
$PEXTMIN
 10
1e+20
 20
1e+20
 30
1e+20
  9
$PEXTMAX
 10
-1e+20
 20
-1e+20
 30
-1e+20
  9
$PLIMMIN
 10
0.0
 20
0.0
  9
$PLIMMAX
 10
420.0
 20
297.0
  9
$UNITMODE
 70
0
  9
$VISRETAIN
 70
1
  9
$PLINEGEN
 70
0
  9
$PSLTSCALE
 70
1
  9
$TREEDEPTH
 70
3020
  9
$CMLSTYLE
  2
Standard
  9
$CMLJUST
 70
0
  9
$CMLSCALE
 40
20.0
  9
$PROXYGRAPHICS
 70
1
  9
$MEASUREMENT
 70
0
  9
$CELWEIGHT
370
-1
  9
$ENDCAPS
280
0
  9
$JOINSTYLE
280
0
  9
$LWDISPLAY
290
0
  9
$INSUNITS
 70
1
  9
$HYPERLINKBASE
  1

  9
$STYLESHEET
  1

  9
$XEDIT
290
1
  9
$CEPSNTYPE
380
0
  9
$PSTYLEMODE
290
1
  9
$FINGERPRINTGUID
  2
{063B70E0-5941-471C-91C8-94F73F26036B}
  9
$VERSIONGUID
  2
{B3491BFE-48D4-45A2-9AA7-2FB0A4DB8786}
  9
$EXTNAMES
290
1
  9
$PSVPSCALE
 40
0.0
  9
$OLESTARTUP
290
0
  9
$SORTENTS
280
127
  9
$INDEXCTL
280
0
  9
$HIDETEXT
280
1
  9
$XCLIPFRAME
280
1
  9
$HALOGAP
280
0
  9
$OBSCOLOR
 70
257
  9
$OBSLTYPE
280
0
  9
$INTERSECTIONDISPLAY
280
0
  9
$INTERSECTIONCOLOR
 70
257
  9
$DIMASSOC
280
2
  9
$PROJECTNAME
  1

  9
$CAMERADISPLAY
290
0
  9
$LENSLENGTH
 40
50.0
  9
$CAMERAHEIGHT
 40
0.0
  9
$STEPSPERSEC
 40
24.0
  9
$STEPSIZE
 40
100.0
  9
$3DDWFPREC
 40
2.0
  9
$PSOLWIDTH
 40
0.005
  9
$PSOLHEIGHT
 40
0.08
  9
$LOFTANG1
 40
1.570796326795
  9
$LOFTANG2
 40
1.570796326795
  9
$LOFTMAG1
 40
0.0
  9
$LOFTMAG2
 40
0.0
  9
$LOFTPARAM
 70
7
  9
$LOFTNORMALS
280
1
  9
$LATITUDE
 40
37.795
  9
$LONGITUDE
 40
-122.394
  9
$NORTHDIRECTION
 40
0.0
  9
$TIMEZONE
 70
-8000
  9
$LIGHTGLYPHDISPLAY
280
1
  9
$TILEMODELIGHTSYNCH
280
1
  9
$CMATERIAL
347
20
  9
$SOLIDHIST
280
0
  9
$SHOWHIST
280
1
  9
$DWFFRAME
280
2
  9
$DGNFRAME
280
2
  9
$REALWORLDSCALE
290
1
  9
$INTERFERECOLOR
 62
256
  9
$CSHADOW
280
0
  9
$SHADOWPLANELOCATION
 40
0.0
  0
ENDSEC
  0
SECTION
  2
CLASSES
  0
CLASS
  1
ACDBDICTIONARYWDFLT
  2
AcDbDictionaryWithDefault
  3
ObjectDBX Classes
 90
0
 91
0
280
0
281
0
  0
CLASS
  1
SUN
  2
AcDbSun
  3
SCENEOE
 90
1153
 91
0
280
0
281
0
  0
CLASS
  1
VISUALSTYLE
  2
AcDbVisualStyle
  3
ObjectDBX Classes
 90
4095
 91
0
280
0
281
0
  0
CLASS
  1
MATERIAL
  2
AcDbMaterial
  3
ObjectDBX Classes
 90
1153
 91
0
280
0
281
0
  0
CLASS
  1
SCALE
  2
AcDbScale
  3
ObjectDBX Classes
 90
1153
 91
0
280
0
281
0
  0
CLASS
  1
TABLESTYLE
  2
AcDbTableStyle
  3
ObjectDBX Classes
 90
4095
 91
0
280
0
281
0
  0
CLASS
  1
MLEADERSTYLE
  2
AcDbMLeaderStyle
  3
ACDB_MLEADERSTYLE_CLASS
 90
4095
 91
0
280
0
281
0
  0
CLASS
  1
DICTIONARYVAR
  2
AcDbDictionaryVar
  3
ObjectDBX Classes
 90
0
 91
0
280
0
281
0
  0
CLASS
  1
CELLSTYLEMAP
  2
AcDbCellStyleMap
  3
ObjectDBX Classes
 90
1152
 91
0
280
0
281
0
  0
CLASS
  1
MENTALRAYRENDERSETTINGS
  2
AcDbMentalRayRenderSettings
  3
SCENEOE
 90
1024
 91
0
280
0
281
0
  0
CLASS
  1
ACDBDETAILVIEWSTYLE
  2
AcDbDetailViewStyle
  3
ObjectDBX Classes
 90
1025
 91
0
280
0
281
0
  0
CLASS
  1
ACDBSECTIONVIEWSTYLE
  2
AcDbSectionViewStyle
  3
ObjectDBX Classes
 90
1025
 91
0
280
0
281
0
  0
CLASS
  1
RASTERVARIABLES
  2
AcDbRasterVariables
  3
ISM
 90
0
 91
0
280
0
281
0
  0
CLASS
  1
ACDBPLACEHOLDER
  2
AcDbPlaceHolder
  3
ObjectDBX Classes
 90
0
 91
0
280
0
281
0
  0
CLASS
  1
LAYOUT
  2
AcDbLayout
  3
ObjectDBX Classes
 90
0
 91
0
280
0
281
0
  0
ENDSEC
  0
SECTION
  2
TABLES
  0
TABLE
  2
VPORT
  5
8
330
0
100
AcDbSymbolTable
 70
1
  0
VPORT
  5
23
330
8
100
AcDbSymbolTableRecord
100
AcDbViewportTableRecord
  2
*Active
 70
0
 10
0.0
 20
0.0
 11
1.0
 21
1.0
 12
0.0
 22
0.0
 13
0.0
 23
0.0
 14
0.5
 24
0.5
 15
0.5
 25
0.5
 16
0.0
 26
0.0
 36
1.0
 17
0.0
 27
0.0
 37
0.0
 40
1000.0
 41
1.34
 42
50.0
 43
0.0
 44
0.0
 50
0.0
 51
0.0
 71
0
 72
1000
 73
1
 74
3
 75
0
 76
0
 77
0
 78
0
281
0
 65
0
146
0.0
  0
ENDTAB
  0
TABLE
  2
LTYPE
  5
2
330
0
100
AcDbSymbolTable
 70
3
  0
LTYPE
  5
24
330
2
100
AcDbSymbolTableRecord
100
AcDbLinetypeTableRecord
  2
ByBlock
 70
0
  3

 72
65
 73
0
 40
0.0
  0
LTYPE
  5
25
330
2
100
AcDbSymbolTableRecord
100
AcDbLinetypeTableRecord
  2
ByLayer
 70
0
  3

 72
65
 73
0
 40
0.0
  0
LTYPE
  5
26
330
2
100
AcDbSymbolTableRecord
100
AcDbLinetypeTableRecord
  2
Continuous
 70
0
  3

 72
65
 73
0
 40
0.0
  0
ENDTAB
  0
TABLE
  2
LAYER
  5
1
330
0
100
AcDbSymbolTable
 70
13
  0
LAYER
  5
27
330
1
100
AcDbSymbolTableRecord
100
AcDbLayerTableRecord
  2
0
 70
0
 62
7
  6
Continuous
370
-3
390
13
347
21
  0
LAYER
  5
28
330
1
100
AcDbSymbolTableRecord
100
AcDbLayerTableRecord
  2
Defpoints
 70
0
 62
7
  6
Continuous
290
0
370
-3
390
13
347
21
  0
LAYER
  5
31
330
1
100
AcDbSymbolTableRecord
100
AcDbLayerTableRecord
  2
G-ANNO-TTLB
 70
0
 62
7
  6
Continuous
370
-3
390
13
347
21
  0
LAYER
  5
32
330
1
100
AcDbSymbolTableRecord
100
AcDbLayerTableRecord
  2
A-ANNO-TEXT
 70
0
 62
7
  6
Continuous
370
-3
390
13
347
21
  0
LAYER
  5
33
330
1
100
AcDbSymbolTableRecord
100
AcDbLayerTableRecord
  2
A-SEAT-TELE
 70
0
 62
7
  6
Continuous
370
-3
390
13
347
21
  0
LAYER
  5
34
330
1
100
AcDbSymbolTableRecord
100
AcDbLayerTableRecord
  2
A-WALL
 70
0
 62
7
  6
Continuous
370
-3
390
13
347
21
  0
LAYER
  5
35
330
1
100
AcDbSymbolTableRecord
100
AcDbLayerTableRecord
  2
A-AREA-ZONE
 70
0
 62
7
  6
Continuous
370
-3
390
13
347
21
  0
LAYER
  5
36
330
1
100
AcDbSymbolTableRecord
100
AcDbLayerTableRecord
  2
A-EQPM-MATS
 70
0
 62
7
  6
Continuous
370
-3
390
13
347
21
  0
LAYER
  5
37
330
1
100
AcDbSymbolTableRecord
100
AcDbLayerTableRecord
  2
A-FURN
 70
0
 62
7
  6
Continuous
370
-3
390
13
347
21
  0
LAYER
  5
38
330
1
100
AcDbSymbolTableRecord
100
AcDbLayerTableRecord
  2
A-ANNO-DIMS
 70
0
 62
7
  6
Continuous
370
-3
390
13
347
21
  0
LAYER
  5
39
330
1
100
AcDbSymbolTableRecord
100
AcDbLayerTableRecord
  2
A-FLOR-CRT
 70
0
 62
7
  6
Continuous
370
-3
390
13
347
21
  0
LAYER
  5
3A
330
1
100
AcDbSymbolTableRecord
100
AcDbLayerTableRecord
  2
A-HATCH
 70
0
 62
7
  6
Continuous
370
-3
390
13
347
21
  0
LAYER
  5
3B
330
1
100
AcDbSymbolTableRecord
100
AcDbLayerTableRecord
  2
G-ANNO-TABL
 70
0
 62
7
  6
Continuous
370
-3
390
13
347
21
  0
ENDTAB
  0
TABLE
  2
STYLE
  5
5
330
0
100
AcDbSymbolTable
 70
3
  0
STYLE
  5
29
330
5
100
AcDbSymbolTableRecord
100
AcDbTextStyleTableRecord
  2
Standard
 70
0
 40
0.0
 41
1.0
 50
0.0
 71
0
 42
2.5
  3
txt
  4

  0
STYLE
  5
2F
330
5
100
AcDbSymbolTableRecord
100
AcDbTextStyleTableRecord
  2
KS-REG
 70
0
 40
0.0
 41
1.0
 50
0.0
 71
0
 42
2.5
  3
DejaVuSans.ttf
  4

  0
STYLE
  5
30
330
5
100
AcDbSymbolTableRecord
100
AcDbTextStyleTableRecord
  2
KS-BOLD
 70
0
 40
0.0
 41
1.0
 50
0.0
 71
0
 42
2.5
  3
DejaVuSans-Bold.ttf
  4

  0
ENDTAB
  0
TABLE
  2
VIEW
  5
7
330
0
100
AcDbSymbolTable
 70
0
  0
ENDTAB
  0
TABLE
  2
UCS
  5
6
330
0
100
AcDbSymbolTable
 70
0
  0
ENDTAB
  0
TABLE
  2
APPID
  5
3
330
0
100
AcDbSymbolTable
 70
3
  0
APPID
  5
2A
330
3
100
AcDbSymbolTableRecord
100
AcDbRegAppTableRecord
  2
ACAD
 70
0
  0
APPID
  5
55C
330
3
100
AcDbSymbolTableRecord
100
AcDbRegAppTableRecord
  2
HATCHBACKGROUNDCOLOR
 70
0
  0
APPID
  5
55D
330
3
100
AcDbSymbolTableRecord
100
AcDbRegAppTableRecord
  2
EZDXF
 70
0
  0
ENDTAB
  0
TABLE
  2
DIMSTYLE
  5
4
330
0
100
AcDbSymbolTable
 70
1
100
AcDbDimStyleTable
  0
DIMSTYLE
105
2B
330
4
100
AcDbSymbolTableRecord
100
AcDbDimStyleTableRecord
  2
Standard
 70
0
 40
1.0
 41
2.5
 42
0.625
 43
3.75
 44
1.25
 45
0.0
 46
0.0
 47
0.0
 48
0.0
 49
2.5
140
2.5
141
2.5
142
0.0
143
0.03937007874
144
1.0
145
0.0
146
1.0
147
0.625
148
0.0
 69
0
 70
0
 71
0
 72
0
 73
0
 74
0
 75
0
 76
0
 77
1
 78
8
 79
3
170
0
171
3
172
1
173
0
174
0
175
0
176
0
177
0
178
0
179
2
271
2
272
2
273
2
274
3
275
0
276
0
277
2
278
44
279
0
280
0
281
0
282
0
283
0
284
8
285
0
286
0
288
0
289
3
290
0
371
-2
372
-2
  0
ENDTAB
  0
TABLE
  2
BLOCK_RECORD
  5
9
330
0
100
AcDbSymbolTable
 70
2
  0
BLOCK_RECORD
  5
17
330
9
100
AcDbSymbolTableRecord
100
AcDbBlockTableRecord
  2
*Model_Space
340
1A
 70
0
280
1
281
0
  0
BLOCK_RECORD
  5
1B
330
9
100
AcDbSymbolTableRecord
100
AcDbBlockTableRecord
  2
*Paper_Space
340
1E
 70
0
280
1
281
0
  0
ENDTAB
  0
ENDSEC
  0
SECTION
  2
BLOCKS
  0
BLOCK
  5
18
330
17
100
AcDbEntity
  8
0
100
AcDbBlockBegin
  2
*Model_Space
 70
0
 10
0.0
 20
0.0
 30
0.0
  3
*Model_Space
  1

  0
ENDBLK
  5
19
330
17
100
AcDbEntity
  8
0
100
AcDbBlockEnd
  0
BLOCK
  5
1C
330
1B
100
AcDbEntity
  8
0
100
AcDbBlockBegin
  2
*Paper_Space
 70
0
 10
0.0
 20
0.0
 30
0.0
  3
*Paper_Space
  1

  0
ENDBLK
  5
1D
330
1B
100
AcDbEntity
  8
0
100
AcDbBlockEnd
  0
ENDSEC
  0
SECTION
  2
ENTITIES
  0
LWPOLYLINE
  5
3C
330
17
100
AcDbEntity
  8
G-ANNO-TTLB
100
AcDbPolyline
 90
4
 70
1
 10
0.5
 20
0.5
 10
16.5
 20
0.5
 10
16.5
 20
10.5
 10
0.5
 20
10.5
  0
LWPOLYLINE
  5
3D
330
17
100
AcDbEntity
  8
G-ANNO-TTLB
100
AcDbPolyline
 90
4
 70
1
 10
0.5
 20
1.45
 10
16.5
 20
1.45
 10
16.5
 20
1.85
 10
0.5
 20
1.85
  0
TEXT
  5
3E
330
17
100
AcDbEntity
  8
G-ANNO-TTLB
100
AcDbText
 10
8.5
 20
1.5699999999999998
 30
0.0
 40
0.16999999999999998
  1
PRELIMINARY — CONCEPTUAL DESIGN — NOT FOR CONSTRUCTION
  7
KS-BOLD
 72
1
 11
8.5
 21
1.5699999999999998
 31
0.0
100
AcDbText
  0
LINE
  5
3F
330
17
100
AcDbEntity
  8
G-ANNO-TTLB
100
AcDbLine
 10
0.5
 20
1.45
 30
0.0
 11
16.5
 21
1.45
 31
0.0
  0
TEXT
  5
40
330
17
100
AcDbEntity
  8
G-ANNO-TTLB
100
AcDbText
 10
0.58
 20
1.28
 30
0.0
 40
0.06999999999999999
  1
PROJECT
  7
KS-REG
 11
0.58
 21
1.28
 31
0.0
100
AcDbText
  0
TEXT
  5
41
330
17
100
AcDbEntity
  8
G-ANNO-TTLB
100
AcDbText
 10
0.58
 20
0.9991666666666666
 30
0.0
 40
0.11499999999999999
  1
Hazel Green Regional Athletic Complex
  7
KS-BOLD
 11
0.58
 21
0.9991666666666666
 31
0.0
100
AcDbText
  0
TEXT
  5
42
330
17
100
AcDbEntity
  8
G-ANNO-TTLB
100
AcDbText
 10
0.58
 20
0.7883333333333333
 30
0.0
 40
0.11499999999999999
  1
Trojan Horse Arena · Hazel Green area, Madison
  7
KS-BOLD
 11
0.58
 21
0.7883333333333333
 31
0.0
100
AcDbText
  0
TEXT
  5
43
330
17
100
AcDbEntity
  8
G-ANNO-TTLB
100
AcDbText
 10
0.58
 20
0.5775
 30
0.0
 40
0.11499999999999999
  1
County, Alabama (site TBD, D-006)
  7
KS-BOLD
 11
0.58
 21
0.5775
 31
0.0
100
AcDbText
  0
LINE
  5
44
330
17
100
AcDbEntity
  8
G-ANNO-TTLB
100
AcDbLine
 10
5.2
 20
0.5
 30
0.0
 11
5.2
 21
1.45
 31
0.0
  0
TEXT
  5
45
330
17
100
AcDbEntity
  8
G-ANNO-TTLB
100
AcDbText
 10
5.28
 20
1.28
 30
0.0
 40
0.06999999999999999
  1
PHASE
  7
KS-REG
 11
5.28
 21
1.28
 31
0.0
100
AcDbText
  0
TEXT
  5
46
330
17
100
AcDbEntity
  8
G-ANNO-TTLB
100
AcDbText
 10
5.28
 20
0.9716666666666667
 30
0.0
 40
0.13
  1
PHASE 2
  7
KS-BOLD
 11
5.28
 21
0.9716666666666667
 31
0.0
100
AcDbText
  0
LINE
  5
47
330
17
100
AcDbEntity
  8
G-ANNO-TTLB
100
AcDbLine
 10
6.7
 20
0.5
 30
0.0
 11
6.7
 21
1.45
 31
0.0
  0
TEXT
  5
48
330
17
100
AcDbEntity
  8
G-ANNO-TTLB
100
AcDbText
 10
6.78
 20
1.28
 30
0.0
 40
0.06999999999999999
  1
SHEET TITLE
  7
KS-REG
 11
6.78
 21
1.28
 31
0.0
100
AcDbText
  0
TEXT
  5
49
330
17
100
AcDbEntity
  8
G-ANNO-TTLB
100
AcDbText
 10
6.78
 20
0.9991666666666666
 30
0.0
 40
0.11499999999999999
  1
FLOOR OVERLAYS
  7
KS-BOLD
 11
6.78
 21
0.9991666666666666
 31
0.0
100
AcDbText
  0
TEXT
  5
4A
330
17
100
AcDbEntity
  8
G-ANNO-TTLB
100
AcDbText
 10
6.78
 20
0.7883333333333333
 30
0.0
 40
0.11499999999999999
  1
MATS, SEATING + CONVERSIONS
  7
KS-BOLD
 11
6.78
 21
0.7883333333333333
 31
0.0
100
AcDbText
  0
LINE
  5
4B
330
17
100
AcDbEntity
  8
G-ANNO-TTLB
100
AcDbLine
 10
9.8
 20
0.5
 30
0.0
 11
9.8
 21
1.45
 31
0.0
  0
TEXT
  5
4C
330
17
100
AcDbEntity
  8
G-ANNO-TTLB
100
AcDbText
 10
9.88
 20
1.28
 30
0.0
 40
0.06999999999999999
  1
SCALE
  7
KS-REG
 11
9.88
 21
1.28
 31
0.0
100
AcDbText
  0
TEXT
  5
4D
330
17
100
AcDbEntity
  8
G-ANNO-TTLB
100
AcDbText
 10
9.88
 20
0.9716666666666667
 30
0.0
 40
0.13
  1
AS
  7
KS-BOLD
 11
9.88
 21
0.9716666666666667
 31
0.0
100
AcDbText
  0
TEXT
  5
4E
330
17
100
AcDbEntity
  8
G-ANNO-TTLB
100
AcDbText
 10
9.88
 20
0.7333333333333334
 30
0.0
 40
0.13
  1
NOTED
  7
KS-BOLD
 11
9.88
 21
0.7333333333333334
 31
0.0
100
AcDbText
  0
LINE
  5
4F
330
17
100
AcDbEntity
  8
G-ANNO-TTLB
100
AcDbLine
 10
10.700000000000001
 20
0.5
 30
0.0
 11
10.700000000000001
 21
1.45
 31
0.0
  0
TEXT
  5
50
330
17
100
AcDbEntity
  8
G-ANNO-TTLB
100
AcDbText
 10
10.780000000000001
 20
1.28
 30
0.0
 40
0.06999999999999999
  1
DATE
  7
KS-REG
 11
10.780000000000001
 21
1.28
 31
0.0
100
AcDbText
  0
TEXT
  5
51
330
17
100
AcDbEntity
  8
G-ANNO-TTLB
100
AcDbText
 10
10.780000000000001
 20
0.9716666666666667
 30
0.0
 40
0.13
  1
October
  7
KS-BOLD
 11
10.780000000000001
 21
0.9716666666666667
 31
0.0
100
AcDbText
  0
TEXT
  5
52
330
17
100
AcDbEntity
  8
G-ANNO-TTLB
100
AcDbText
 10
10.780000000000001
 20
0.7333333333333334
 30
0.0
 40
0.13
  1
2026
  7
KS-BOLD
 11
10.780000000000001
 21
0.7333333333333334
 31
0.0
100
AcDbText
  0
LINE
  5
53
330
17
100
AcDbEntity
  8
G-ANNO-TTLB
100
AcDbLine
 10
12.15
 20
0.5
 30
0.0
 11
12.15
 21
1.45
 31
0.0
  0
TEXT
  5
54
330
17
100
AcDbEntity
  8
G-ANNO-TTLB
100
AcDbText
 10
12.23
 20
1.28
 30
0.0
 40
0.06999999999999999
  1
REV
  7
KS-REG
 11
12.23
 21
1.28
 31
0.0
100
AcDbText
  0
TEXT
  5
55
330
17
100
AcDbEntity
  8
G-ANNO-TTLB
100
AcDbText
 10
12.23
 20
0.9716666666666667
 30
0.0
 40
0.13
  1
A
  7
KS-BOLD
 11
12.23
 21
0.9716666666666667
 31
0.0
100
AcDbText
  0
LINE
  5
56
330
17
100
AcDbEntity
  8
G-ANNO-TTLB
100
AcDbLine
 10
12.9
 20
0.5
 30
0.0
 11
12.9
 21
1.45
 31
0.0
  0
TEXT
  5
57
330
17
100
AcDbEntity
  8
G-ANNO-TTLB
100
AcDbText
 10
12.98
 20
1.28
 30
0.0
 40
0.06999999999999999
  1
DRAWN BY
  7
KS-REG
 11
12.98
 21
1.28
 31
0.0
100
AcDbText
  0
TEXT
  5
58
330
17
100
AcDbEntity
  8
G-ANNO-TTLB
100
AcDbText
 10
12.98
 20
1.0358333333333332
 30
0.0
 40
0.095
  1
Drawn by KEYSTONE (AI) for
  7
KS-REG
 11
12.98
 21
1.0358333333333332
 31
0.0
100
AcDbText
  0
TEXT
  5
59
330
17
100
AcDbEntity
  8
G-ANNO-TTLB
100
AcDbText
 10
12.98
 20
0.8616666666666665
 30
0.0
 40
0.095
  1
Shane Brazelton
  7
KS-REG
 11
12.98
 21
0.8616666666666665
 31
0.0
100
AcDbText
  0
LINE
  5
5A
330
17
100
AcDbEntity
  8
G-ANNO-TTLB
100
AcDbLine
 10
15.0
 20
0.5
 30
0.0
 11
15.0
 21
1.45
 31
0.0
  0
TEXT
  5
5B
330
17
100
AcDbEntity
  8
G-ANNO-TTLB
100
AcDbText
 10
15.08
 20
1.28
 30
0.0
 40
0.06999999999999999
  1
SHEET
  7
KS-REG
 11
15.08
 21
1.28
 31
0.0
100
AcDbText
  0
TEXT
  5
5C
330
17
100
AcDbEntity
  8
G-ANNO-TTLB
100
AcDbText
 10
15.75
 20
0.77
 30
0.0
 40
0.18
  1
P2-A-103
  7
KS-BOLD
 72
1
 11
15.75
 21
0.77
 31
0.0
100
AcDbText
  0
HATCH
  5
5D
330
17
100
AcDbEntity
  8
A-SEAT-TELE
 62
7
420
15000804
100
AcDbHatch
 10
0.0
 20
0.0
 30
0.0
210
0.0
220
0.0
230
1.0
  2
SOLID
 70
1
 71
0
 91
1
 92
3
 72
0
 73
1
 93
4
 10
0.92
 20
9.600000000000001
 10
3.5600000000000005
 20
9.600000000000001
 10
3.5600000000000005
 20
9.840000000000002
 10
0.92
 20
9.840000000000002
 97
0
 75
0
 76
1
 98
0
  0
LINE
  5
5E
330
17
100
AcDbEntity
  8
A-SEAT-TELE
100
AcDbLine
 10
0.92
 20
9.64
 30
0.0
 11
3.5600000000000005
 21
9.64
 31
0.0
  0
LINE
  5
5F
330
17
100
AcDbEntity
  8
A-SEAT-TELE
100
AcDbLine
 10
0.92
 20
9.680000000000001
 30
0.0
 11
3.5600000000000005
 21
9.680000000000001
 31
0.0
  0
LINE
  5
60
330
17
100
AcDbEntity
  8
A-SEAT-TELE
100
AcDbLine
 10
0.92
 20
9.72
 30
0.0
 11
3.5600000000000005
 21
9.72
 31
0.0
  0
LINE
  5
61
330
17
100
AcDbEntity
  8
A-SEAT-TELE
100
AcDbLine
 10
0.92
 20
9.760000000000002
 30
0.0
 11
3.5600000000000005
 21
9.760000000000002
 31
0.0
  0
LINE
  5
62
330
17
100
AcDbEntity
  8
A-SEAT-TELE
100
AcDbLine
 10
0.92
 20
9.8
 30
0.0
 11
3.5600000000000005
 21
9.8
 31
0.0
  0
HATCH
  5
63
330
17
100
AcDbEntity
  8
A-SEAT-TELE
 62
7
420
15000804
100
AcDbHatch
 10
0.0
 20
0.0
 30
0.0
210
0.0
220
0.0
230
1.0
  2
SOLID
 70
1
 71
0
 91
1
 92
3
 72
0
 73
1
 93
4
 10
0.92
 20
6.480000000000001
 10
3.5600000000000005
 20
6.480000000000001
 10
3.5600000000000005
 20
6.7200000000000015
 10
0.92
 20
6.7200000000000015
 97
0
 75
0
 76
1
 98
0
  0
LINE
  5
64
330
17
100
AcDbEntity
  8
A-SEAT-TELE
100
AcDbLine
 10
0.92
 20
6.6800000000000015
 30
0.0
 11
3.5600000000000005
 21
6.6800000000000015
 31
0.0
  0
LINE
  5
65
330
17
100
AcDbEntity
  8
A-SEAT-TELE
100
AcDbLine
 10
0.92
 20
6.6400000000000015
 30
0.0
 11
3.5600000000000005
 21
6.6400000000000015
 31
0.0
  0
LINE
  5
66
330
17
100
AcDbEntity
  8
A-SEAT-TELE
100
AcDbLine
 10
0.92
 20
6.600000000000001
 30
0.0
 11
3.5600000000000005
 21
6.600000000000001
 31
0.0
  0
LINE
  5
67
330
17
100
AcDbEntity
  8
A-SEAT-TELE
100
AcDbLine
 10
0.92
 20
6.560000000000001
 30
0.0
 11
3.5600000000000005
 21
6.560000000000001
 31
0.0
  0
LINE
  5
68
330
17
100
AcDbEntity
  8
A-SEAT-TELE
100
AcDbLine
 10
0.92
 20
6.520000000000001
 30
0.0
 11
3.5600000000000005
 21
6.520000000000001
 31
0.0
  0
HATCH
  5
69
330
17
100
AcDbEntity
  8
A-SEAT-TELE
 62
7
420
15000804
100
AcDbHatch
 10
0.0
 20
0.0
 30
0.0
210
0.0
220
0.0
230
1.0
  2
SOLID
 70
1
 71
0
 91
1
 92
3
 72
0
 73
1
 93
4
 10
3.3200000000000003
 20
6.7200000000000015
 10
3.5600000000000005
 20
6.7200000000000015
 10
3.5600000000000005
 20
9.600000000000001
 10
3.3200000000000003
 20
9.600000000000001
 97
0
 75
0
 76
1
 98
0
  0
LINE
  5
6A
330
17
100
AcDbEntity
  8
A-SEAT-TELE
100
AcDbLine
 10
3.3600000000000003
 20
6.7200000000000015
 30
0.0
 11
3.3600000000000003
 21
9.600000000000001
 31
0.0
  0
LINE
  5
6B
330
17
100
AcDbEntity
  8
A-SEAT-TELE
100
AcDbLine
 10
3.4000000000000004
 20
6.7200000000000015
 30
0.0
 11
3.4000000000000004
 21
9.600000000000001
 31
0.0
  0
LINE
  5
6C
330
17
100
AcDbEntity
  8
A-SEAT-TELE
100
AcDbLine
 10
3.4400000000000004
 20
6.7200000000000015
 30
0.0
 11
3.4400000000000004
 21
9.600000000000001
 31
0.0
  0
LINE
  5
6D
330
17
100
AcDbEntity
  8
A-SEAT-TELE
100
AcDbLine
 10
3.4800000000000004
 20
6.7200000000000015
 30
0.0
 11
3.4800000000000004
 21
9.600000000000001
 31
0.0
  0
LINE
  5
6E
330
17
100
AcDbEntity
  8
A-SEAT-TELE
100
AcDbLine
 10
3.5200000000000005
 20
6.7200000000000015
 30
0.0
 11
3.5200000000000005
 21
9.600000000000001
 31
0.0
  0
HATCH
  5
6F
330
17
100
AcDbEntity
  8
A-SEAT-TELE
 62
7
420
16777215
100
AcDbHatch
 10
0.0
 20
0.0
 30
0.0
210
0.0
220
0.0
230
1.0
  2
SOLID
 70
1
 71
0
 91
1
 92
3
 72
0
 73
1
 93
4
 10
1.9400000000000002
 20
6.480000000000001
 10
2.18
 20
6.480000000000001
 10
2.18
 20
6.7200000000000015
 10
1.9400000000000002
 20
6.7200000000000015
 97
0
 75
0
 76
1
 98
0
  0
LINE
  5
70
330
17
100
AcDbEntity
  8
A-SEAT-TELE
100
AcDbLine
 10
1.9400000000000002
 20
6.480000000000001
 30
0.0
 11
1.9400000000000002
 21
6.7200000000000015
 31
0.0
  0
LINE
  5
71
330
17
100
AcDbEntity
  8
A-SEAT-TELE
100
AcDbLine
 10
2.18
 20
6.480000000000001
 30
0.0
 11
2.18
 21
6.7200000000000015
 31
0.0
  0
TEXT
  5
72
330
17
100
AcDbEntity
  8
A-ANNO-TEXT
100
AcDbText
 10
2.06
 20
6.576000000000001
 30
0.0
 40
0.036
  1
PORTAL
  7
KS-REG
 72
1
 11
2.06
 21
6.576000000000001
 31
0.0
100
AcDbText
  0
HATCH
  5
73
330
17
100
AcDbEntity
  8
A-SEAT-TELE
 62
7
420
16777215
100
AcDbHatch
 10
0.0
 20
0.0
 30
0.0
210
0.0
220
0.0
230
1.0
  2
SOLID
 70
1
 71
0
 91
1
 92
3
 72
0
 73
1
 93
4
 10
2.277
 20
9.600000000000001
 10
2.4370000000000003
 20
9.600000000000001
 10
2.4370000000000003
 20
9.840000000000002
 10
2.277
 20
9.840000000000002
 97
0
 75
0
 76
1
 98
0
  0
LINE
  5
74
330
17
100
AcDbEntity
  8
A-SEAT-TELE
100
AcDbLine
 10
2.277
 20
9.600000000000001
 30
0.0
 11
2.277
 21
9.840000000000002
 31
0.0
  0
LINE
  5
75
330
17
100
AcDbEntity
  8
A-SEAT-TELE
100
AcDbLine
 10
2.4370000000000003
 20
9.600000000000001
 30
0.0
 11
2.4370000000000003
 21
9.840000000000002
 31
0.0
  0
TEXT
  5
76
330
17
100
AcDbEntity
  8
A-ANNO-TEXT
100
AcDbText
 10
2.357
 20
9.696000000000002
 30
0.0
 40
0.036
  1
V1
  7
KS-REG
 72
1
 11
2.357
 21
9.696000000000002
 31
0.0
100
AcDbText
  0
HATCH
  5
77
330
17
100
AcDbEntity
  8
A-SEAT-TELE
 62
7
420
16777215
100
AcDbHatch
 10
0.0
 20
0.0
 30
0.0
210
0.0
220
0.0
230
1.0
  2
SOLID
 70
1
 71
0
 91
1
 92
3
 72
0
 73
1
 93
4
 10
3.3200000000000003
 20
8.861800000000002
 10
3.5600000000000005
 20
8.861800000000002
 10
3.5600000000000005
 20
9.0218
 10
3.3200000000000003
 20
9.0218
 97
0
 75
0
 76
1
 98
0
  0
LINE
  5
78
330
17
100
AcDbEntity
  8
A-SEAT-TELE
100
AcDbLine
 10
3.3200000000000003
 20
8.861800000000002
 30
0.0
 11
3.5600000000000005
 21
8.861800000000002
 31
0.0
  0
LINE
  5
79
330
17
100
AcDbEntity
  8
A-SEAT-TELE
100
AcDbLine
 10
3.3200000000000003
 20
9.0218
 30
0.0
 11
3.5600000000000005
 21
9.0218
 31
0.0
  0
TEXT
  5
7A
330
17
100
AcDbEntity
  8
A-ANNO-TEXT
100
AcDbText
 10
3.4639999999999995
 20
8.9418
 30
0.0
 40
0.036
  1
V2
 50
90.0
  7
KS-REG
 72
1
 11
3.4639999999999995
 21
8.9418
 31
0.0
100
AcDbText
  0
LINE
  5
7B
330
17
100
AcDbEntity
  8
A-WALL
100
AcDbLine
 10
0.92
 20
6.480000000000001
 30
0.0
 11
3.5600000000000005
 21
6.480000000000001
 31
0.0
  0
LINE
  5
7C
330
17
100
AcDbEntity
  8
A-WALL
100
AcDbLine
 10
3.5600000000000005
 20
6.480000000000001
 30
0.0
 11
3.5600000000000005
 21
9.840000000000002
 31
0.0
  0
LINE
  5
7D
330
17
100
AcDbEntity
  8
A-WALL
100
AcDbLine
 10
3.5600000000000005
 20
9.840000000000002
 30
0.0
 11
0.92
 21
9.840000000000002
 31
0.0
  0
LINE
  5
7E
330
17
100
AcDbEntity
  8
A-WALL
100
AcDbLine
 10
0.92
 20
9.840000000000002
 30
0.0
 11
0.92
 21
6.480000000000001
 31
0.0
  0
LINE
  5
7F
330
17
100
AcDbEntity
  8
A-WALL
100
AcDbLine
 10
0.92
 20
6.7200000000000015
 30
0.0
 11
3.3200000000000003
 21
6.7200000000000015
 31
0.0
  0
LINE
  5
80
330
17
100
AcDbEntity
  8
A-WALL
100
AcDbLine
 10
3.3200000000000003
 20
6.7200000000000015
 30
0.0
 11
3.3200000000000003
 21
9.600000000000001
 31
0.0
  0
LINE
  5
81
330
17
100
AcDbEntity
  8
A-WALL
100
AcDbLine
 10
3.3200000000000003
 20
9.600000000000001
 30
0.0
 11
0.92
 21
9.600000000000001
 31
0.0
  0
LINE
  5
82
330
17
100
AcDbEntity
  8
A-WALL
100
AcDbLine
 10
0.92
 20
9.600000000000001
 30
0.0
 11
0.92
 21
6.7200000000000015
 31
0.0
  0
TEXT
  5
83
330
17
100
AcDbEntity
  8
A-ANNO-TEXT
100
AcDbText
 10
0.8600000000000001
 20
8.160000000000002
 30
0.0
 40
0.034999999999999996
  1
ATHLETE CORRIDOR (W) — floor edge open
 50
90.0
  7
KS-REG
 72
1
 11
0.8600000000000001
 21
8.160000000000002
 31
0.0
100
AcDbText
  0
TEXT
  5
84
330
17
100
AcDbEntity
  8
A-ANNO-TEXT
100
AcDbText
 10
2.24
 20
9.872000000000002
 30
0.0
 40
0.034999999999999996
  1
upper tier (fixed) beyond — L2
  7
KS-REG
 72
1
 11
2.24
 21
9.872000000000002
 31
0.0
100
AcDbText
  0
HATCH
  5
85
330
17
100
AcDbEntity
  8
A-AREA-ZONE
 62
7
420
15397112
100
AcDbHatch
 10
0.0
 20
0.0
 30
0.0
210
0.0
220
0.0
230
1.0
  2
SOLID
 70
1
 71
0
 91
1
 92
3
 72
0
 73
1
 93
4
 10
0.92
 20
6.7200000000000015
 10
3.3200000000000003
 20
6.7200000000000015
 10
3.3200000000000003
 20
7.020000000000001
 10
0.92
 20
7.020000000000001
 97
0
 75
0
 76
1
 98
0
  0
HATCH
  5
86
330
17
100
AcDbEntity
  8
A-AREA-ZONE
 62
7
420
15397112
100
AcDbHatch
 10
0.0
 20
0.0
 30
0.0
210
0.0
220
0.0
230
1.0
  2
SOLID
 70
1
 71
0
 91
1
 92
3
 72
0
 73
1
 93
4
 10
0.92
 20
9.3
 10
3.3200000000000003
 20
9.3
 10
3.3200000000000003
 20
9.600000000000001
 10
0.92
 20
9.600000000000001
 97
0
 75
0
 76
1
 98
0
  0
LINE
  5
87
330
17
100
AcDbEntity
  8
A-WALL
100
AcDbLine
 10
0.92
 20
6.7200000000000015
 30
0.0
 11
3.3200000000000003
 21
6.7200000000000015
 31
0.0
  0
LINE
  5
88
330
17
100
AcDbEntity
  8
A-WALL
100
AcDbLine
 10
3.3200000000000003
 20
6.7200000000000015
 30
0.0
 11
3.3200000000000003
 21
9.600000000000001
 31
0.0
  0
LINE
  5
89
330
17
100
AcDbEntity
  8
A-WALL
100
AcDbLine
 10
3.3200000000000003
 20
9.600000000000001
 30
0.0
 11
0.92
 21
9.600000000000001
 31
0.0
  0
LINE
  5
8A
330
17
100
AcDbEntity
  8
A-WALL
100
AcDbLine
 10
0.92
 20
9.600000000000001
 30
0.0
 11
0.92
 21
6.7200000000000015
 31
0.0
  0
LINE
  5
8B
330
17
100
AcDbEntity
  8
A-AREA-ZONE
100
AcDbLine
 10
0.92
 20
7.020000000000001
 30
0.0
 11
0.9700000000000001
 21
7.020000000000001
 31
0.0
  0
LINE
  5
8C
330
17
100
AcDbEntity
  8
A-AREA-ZONE
100
AcDbLine
 10
1.0050000000000001
 20
7.020000000000001
 30
0.0
 11
1.0550000000000002
 21
7.020000000000001
 31
0.0
  0
LINE
  5
8D
330
17
100
AcDbEntity
  8
A-AREA-ZONE
100
AcDbLine
 10
1.09
 20
7.020000000000001
 30
0.0
 11
1.1400000000000001
 21
7.020000000000001
 31
0.0
  0
LINE
  5
8E
330
17
100
AcDbEntity
  8
A-AREA-ZONE
100
AcDbLine
 10
1.175
 20
7.020000000000001
 30
0.0
 11
1.225
 21
7.020000000000001
 31
0.0
  0
LINE
  5
8F
330
17
100
AcDbEntity
  8
A-AREA-ZONE
100
AcDbLine
 10
1.26
 20
7.020000000000001
 30
0.0
 11
1.31
 21
7.020000000000001
 31
0.0
  0
LINE
  5
90
330
17
100
AcDbEntity
  8
A-AREA-ZONE
100
AcDbLine
 10
1.345
 20
7.020000000000001
 30
0.0
 11
1.395
 21
7.020000000000001
 31
0.0
  0
LINE
  5
91
330
17
100
AcDbEntity
  8
A-AREA-ZONE
100
AcDbLine
 10
1.43
 20
7.020000000000001
 30
0.0
 11
1.48
 21
7.020000000000001
 31
0.0
  0
LINE
  5
92
330
17
100
AcDbEntity
  8
A-AREA-ZONE
100
AcDbLine
 10
1.5150000000000001
 20
7.020000000000001
 30
0.0
 11
1.565
 21
7.020000000000001
 31
0.0
  0
LINE
  5
93
330
17
100
AcDbEntity
  8
A-AREA-ZONE
100
AcDbLine
 10
1.6
 20
7.020000000000001
 30
0.0
 11
1.6500000000000001
 21
7.020000000000001
 31
0.0
  0
LINE
  5
94
330
17
100
AcDbEntity
  8
A-AREA-ZONE
100
AcDbLine
 10
1.685
 20
7.020000000000001
 30
0.0
 11
1.7350000000000003
 21
7.020000000000001
 31
0.0
  0
LINE
  5
95
330
17
100
AcDbEntity
  8
A-AREA-ZONE
100
AcDbLine
 10
1.7700000000000002
 20
7.020000000000001
 30
0.0
 11
1.8200000000000003
 21
7.020000000000001
 31
0.0
  0
LINE
  5
96
330
17
100
AcDbEntity
  8
A-AREA-ZONE
100
AcDbLine
 10
1.8550000000000004
 20
7.020000000000001
 30
0.0
 11
1.9050000000000002
 21
7.020000000000001
 31
0.0
  0
LINE
  5
97
330
17
100
AcDbEntity
  8
A-AREA-ZONE
100
AcDbLine
 10
1.9400000000000004
 20
7.020000000000001
 30
0.0
 11
1.9900000000000002
 21
7.020000000000001
 31
0.0
  0
LINE
  5
98
330
17
100
AcDbEntity
  8
A-AREA-ZONE
100
AcDbLine
 10
2.0250000000000004
 20
7.020000000000001
 30
0.0
 11
2.075
 21
7.020000000000001
 31
0.0
  0
LINE
  5
99
330
17
100
AcDbEntity
  8
A-AREA-ZONE
100
AcDbLine
 10
2.1100000000000003
 20
7.020000000000001
 30
0.0
 11
2.16
 21
7.020000000000001
 31
0.0
  0
LINE
  5
9A
330
17
100
AcDbEntity
  8
A-AREA-ZONE
100
AcDbLine
 10
2.1950000000000003
 20
7.020000000000001
 30
0.0
 11
2.245
 21
7.020000000000001
 31
0.0
  0
LINE
  5
9B
330
17
100
AcDbEntity
  8
A-AREA-ZONE
100
AcDbLine
 10
2.2800000000000002
 20
7.020000000000001
 30
0.0
 11
2.33
 21
7.020000000000001
 31
0.0
  0
LINE
  5
9C
330
17
100
AcDbEntity
  8
A-AREA-ZONE
100
AcDbLine
 10
2.365
 20
7.020000000000001
 30
0.0
 11
2.415
 21
7.020000000000001
 31
0.0
  0
LINE
  5
9D
330
17
100
AcDbEntity
  8
A-AREA-ZONE
100
AcDbLine
 10
2.45
 20
7.020000000000001
 30
0.0
 11
2.5
 21
7.020000000000001
 31
0.0
  0
LINE
  5
9E
330
17
100
AcDbEntity
  8
A-AREA-ZONE
100
AcDbLine
 10
2.535
 20
7.020000000000001
 30
0.0
 11
2.585
 21
7.020000000000001
 31
0.0
  0
LINE
  5
9F
330
17
100
AcDbEntity
  8
A-AREA-ZONE
100
AcDbLine
 10
2.62
 20
7.020000000000001
 30
0.0
 11
2.67
 21
7.020000000000001
 31
0.0
  0
LINE
  5
A0
330
17
100
AcDbEntity
  8
A-AREA-ZONE
100
AcDbLine
 10
2.705
 20
7.020000000000001
 30
0.0
 11
2.755
 21
7.020000000000001
 31
0.0
  0
LINE
  5
A1
330
17
100
AcDbEntity
  8
A-AREA-ZONE
100
AcDbLine
 10
2.79
 20
7.020000000000001
 30
0.0
 11
2.84
 21
7.020000000000001
 31
0.0
  0
LINE
  5
A2
330
17
100
AcDbEntity
  8
A-AREA-ZONE
100
AcDbLine
 10
2.875
 20
7.020000000000001
 30
0.0
 11
2.925
 21
7.020000000000001
 31
0.0
  0
LINE
  5
A3
330
17
100
AcDbEntity
  8
A-AREA-ZONE
100
AcDbLine
 10
2.96
 20
7.020000000000001
 30
0.0
 11
3.01
 21
7.020000000000001
 31
0.0
  0
LINE
  5
A4
330
17
100
AcDbEntity
  8
A-AREA-ZONE
100
AcDbLine
 10
3.045
 20
7.020000000000001
 30
0.0
 11
3.0949999999999998
 21
7.020000000000001
 31
0.0
  0
LINE
  5
A5
330
17
100
AcDbEntity
  8
A-AREA-ZONE
100
AcDbLine
 10
3.13
 20
7.020000000000001
 30
0.0
 11
3.1799999999999997
 21
7.020000000000001
 31
0.0
  0
LINE
  5
A6
330
17
100
AcDbEntity
  8
A-AREA-ZONE
100
AcDbLine
 10
3.2
 20
7.020000000000001
 30
0.0
 11
3.2
 21
7.070000000000001
 31
0.0
  0
LINE
  5
A7
330
17
100
AcDbEntity
  8
A-AREA-ZONE
100
AcDbLine
 10
3.2
 20
7.105000000000001
 30
0.0
 11
3.2
 21
7.155000000000001
 31
0.0
  0
LINE
  5
A8
330
17
100
AcDbEntity
  8
A-AREA-ZONE
100
AcDbLine
 10
3.2
 20
7.190000000000001
 30
0.0
 11
3.2
 21
7.240000000000001
 31
0.0
  0
LINE
  5
A9
330
17
100
AcDbEntity
  8
A-AREA-ZONE
100
AcDbLine
 10
3.2
 20
7.275000000000001
 30
0.0
 11
3.2
 21
7.325000000000001
 31
0.0
  0
LINE
  5
AA
330
17
100
AcDbEntity
  8
A-AREA-ZONE
100
AcDbLine
 10
3.2
 20
7.360000000000001
 30
0.0
 11
3.2
 21
7.410000000000001
 31
0.0
  0
LINE
  5
AB
330
17
100
AcDbEntity
  8
A-AREA-ZONE
100
AcDbLine
 10
3.2
 20
7.445000000000001
 30
0.0
 11
3.2
 21
7.495000000000001
 31
0.0
  0
LINE
  5
AC
330
17
100
AcDbEntity
  8
A-AREA-ZONE
100
AcDbLine
 10
3.2
 20
7.530000000000001
 30
0.0
 11
3.2
 21
7.580000000000001
 31
0.0
  0
LINE
  5
AD
330
17
100
AcDbEntity
  8
A-AREA-ZONE
100
AcDbLine
 10
3.2
 20
7.615000000000001
 30
0.0
 11
3.2
 21
7.665000000000001
 31
0.0
  0
LINE
  5
AE
330
17
100
AcDbEntity
  8
A-AREA-ZONE
100
AcDbLine
 10
3.2
 20
7.700000000000001
 30
0.0
 11
3.2
 21
7.750000000000002
 31
0.0
  0
LINE
  5
AF
330
17
100
AcDbEntity
  8
A-AREA-ZONE
100
AcDbLine
 10
3.2
 20
7.785000000000002
 30
0.0
 11
3.2
 21
7.835000000000002
 31
0.0
  0
LINE
  5
B0
330
17
100
AcDbEntity
  8
A-AREA-ZONE
100
AcDbLine
 10
3.2
 20
7.870000000000002
 30
0.0
 11
3.2
 21
7.920000000000002
 31
0.0
  0
LINE
  5
B1
330
17
100
AcDbEntity
  8
A-AREA-ZONE
100
AcDbLine
 10
3.2
 20
7.955000000000002
 30
0.0
 11
3.2
 21
8.005000000000003
 31
0.0
  0
LINE
  5
B2
330
17
100
AcDbEntity
  8
A-AREA-ZONE
100
AcDbLine
 10
3.2
 20
8.040000000000001
 30
0.0
 11
3.2
 21
8.090000000000002
 31
0.0
  0
LINE
  5
B3
330
17
100
AcDbEntity
  8
A-AREA-ZONE
100
AcDbLine
 10
3.2
 20
8.125000000000002
 30
0.0
 11
3.2
 21
8.175
 31
0.0
  0
LINE
  5
B4
330
17
100
AcDbEntity
  8
A-AREA-ZONE
100
AcDbLine
 10
3.2
 20
8.21
 30
0.0
 11
3.2
 21
8.260000000000002
 31
0.0
  0
LINE
  5
B5
330
17
100
AcDbEntity
  8
A-AREA-ZONE
100
AcDbLine
 10
3.2
 20
8.295000000000002
 30
0.0
 11
3.2
 21
8.345000000000002
 31
0.0
  0
LINE
  5
B6
330
17
100
AcDbEntity
  8
A-AREA-ZONE
100
AcDbLine
 10
3.2
 20
8.38
 30
0.0
 11
3.2
 21
8.430000000000001
 31
0.0
  0
LINE
  5
B7
330
17
100
AcDbEntity
  8
A-AREA-ZONE
100
AcDbLine
 10
3.2
 20
8.465000000000002
 30
0.0
 11
3.2
 21
8.515
 31
0.0
  0
LINE
  5
B8
330
17
100
AcDbEntity
  8
A-AREA-ZONE
100
AcDbLine
 10
3.2
 20
8.55
 30
0.0
 11
3.2
 21
8.600000000000001
 31
0.0
  0
LINE
  5
B9
330
17
100
AcDbEntity
  8
A-AREA-ZONE
100
AcDbLine
 10
3.2
 20
8.635000000000002
 30
0.0
 11
3.2
 21
8.685000000000002
 31
0.0
  0
LINE
  5
BA
330
17
100
AcDbEntity
  8
A-AREA-ZONE
100
AcDbLine
 10
3.2
 20
8.72
 30
0.0
 11
3.2
 21
8.770000000000001
 31
0.0
  0
LINE
  5
BB
330
17
100
AcDbEntity
  8
A-AREA-ZONE
100
AcDbLine
 10
3.2
 20
8.805000000000001
 30
0.0
 11
3.2
 21
8.855
 31
0.0
  0
LINE
  5
BC
330
17
100
AcDbEntity
  8
A-AREA-ZONE
100
AcDbLine
 10
3.2
 20
8.89
 30
0.0
 11
3.2
 21
8.940000000000001
 31
0.0
  0
LINE
  5
BD
330
17
100
AcDbEntity
  8
A-AREA-ZONE
100
AcDbLine
 10
3.2
 20
8.975000000000001
 30
0.0
 11
3.2
 21
9.025000000000002
 31
0.0
  0
LINE
  5
BE
330
17
100
AcDbEntity
  8
A-AREA-ZONE
100
AcDbLine
 10
3.2
 20
9.060000000000002
 30
0.0
 11
3.2
 21
9.110000000000001
 31
0.0
  0
LINE
  5
BF
330
17
100
AcDbEntity
  8
A-AREA-ZONE
100
AcDbLine
 10
3.2
 20
9.145000000000001
 30
0.0
 11
3.2
 21
9.195
 31
0.0
  0
LINE
  5
C0
330
17
100
AcDbEntity
  8
A-AREA-ZONE
100
AcDbLine
 10
3.2
 20
9.23
 30
0.0
 11
3.2
 21
9.280000000000001
 31
0.0
  0
LINE
  5
C1
330
17
100
AcDbEntity
  8
A-AREA-ZONE
100
AcDbLine
 10
3.2
 20
9.3
 30
0.0
 11
3.1500000000000004
 21
9.3
 31
0.0
  0
LINE
  5
C2
330
17
100
AcDbEntity
  8
A-AREA-ZONE
100
AcDbLine
 10
3.115
 20
9.3
 30
0.0
 11
3.0650000000000004
 21
9.3
 31
0.0
  0
LINE
  5
C3
330
17
100
AcDbEntity
  8
A-AREA-ZONE
100
AcDbLine
 10
3.0300000000000002
 20
9.3
 30
0.0
 11
2.98
 21
9.3
 31
0.0
  0
LINE
  5
C4
330
17
100
AcDbEntity
  8
A-AREA-ZONE
100
AcDbLine
 10
2.9450000000000003
 20
9.3
 30
0.0
 11
2.895
 21
9.3
 31
0.0
  0
LINE
  5
C5
330
17
100
AcDbEntity
  8
A-AREA-ZONE
100
AcDbLine
 10
2.8600000000000003
 20
9.3
 30
0.0
 11
2.81
 21
9.3
 31
0.0
  0
LINE
  5
C6
330
17
100
AcDbEntity
  8
A-AREA-ZONE
100
AcDbLine
 10
2.7750000000000004
 20
9.3
 30
0.0
 11
2.725
 21
9.3
 31
0.0
  0
LINE
  5
C7
330
17
100
AcDbEntity
  8
A-AREA-ZONE
100
AcDbLine
 10
2.6900000000000004
 20
9.3
 30
0.0
 11
2.64
 21
9.3
 31
0.0
  0
LINE
  5
C8
330
17
100
AcDbEntity
  8
A-AREA-ZONE
100
AcDbLine
 10
2.6050000000000004
 20
9.3
 30
0.0
 11
2.555
 21
9.3
 31
0.0
  0
LINE
  5
C9
330
17
100
AcDbEntity
  8
A-AREA-ZONE
100
AcDbLine
 10
2.52
 20
9.3
 30
0.0
 11
2.47
 21
9.3
 31
0.0
  0
LINE
  5
CA
330
17
100
AcDbEntity
  8
A-AREA-ZONE
100
AcDbLine
 10
2.435
 20
9.3
 30
0.0
 11
2.385
 21
9.3
 31
0.0
  0
LINE
  5
CB
330
17
100
AcDbEntity
  8
A-AREA-ZONE
100
AcDbLine
 10
2.35
 20
9.3
 30
0.0
 11
2.3
 21
9.3
 31
0.0
  0
LINE
  5
CC
330
17
100
AcDbEntity
  8
A-AREA-ZONE
100
AcDbLine
 10
2.2649999999999997
 20
9.3
 30
0.0
 11
2.215
 21
9.3
 31
0.0
  0
LINE
  5
CD
330
17
100
AcDbEntity
  8
A-AREA-ZONE
100
AcDbLine
 10
2.1799999999999997
 20
9.3
 30
0.0
 11
2.13
 21
9.3
 31
0.0
  0
LINE
  5
CE
330
17
100
AcDbEntity
  8
A-AREA-ZONE
100
AcDbLine
 10
2.0949999999999998
 20
9.3
 30
0.0
 11
2.045
 21
9.3
 31
0.0
  0
LINE
  5
CF
330
17
100
AcDbEntity
  8
A-AREA-ZONE
100
AcDbLine
 10
2.01
 20
9.3
 30
0.0
 11
1.96
 21
9.3
 31
0.0
  0
LINE
  5
D0
330
17
100
AcDbEntity
  8
A-AREA-ZONE
100
AcDbLine
 10
1.925
 20
9.3
 30
0.0
 11
1.875
 21
9.3
 31
0.0
  0
LINE
  5
D1
330
17
100
AcDbEntity
  8
A-AREA-ZONE
100
AcDbLine
 10
1.84
 20
9.3
 30
0.0
 11
1.79
 21
9.3
 31
0.0
  0
LINE
  5
D2
330
17
100
AcDbEntity
  8
A-AREA-ZONE
100
AcDbLine
 10
1.7550000000000001
 20
9.3
 30
0.0
 11
1.705
 21
9.3
 31
0.0
  0
LINE
  5
D3
330
17
100
AcDbEntity
  8
A-AREA-ZONE
100
AcDbLine
 10
1.6700000000000002
 20
9.3
 30
0.0
 11
1.62
 21
9.3
 31
0.0
  0
LINE
  5
D4
330
17
100
AcDbEntity
  8
A-AREA-ZONE
100
AcDbLine
 10
1.5850000000000002
 20
9.3
 30
0.0
 11
1.5350000000000001
 21
9.3
 31
0.0
  0
LINE
  5
D5
330
17
100
AcDbEntity
  8
A-AREA-ZONE
100
AcDbLine
 10
1.5000000000000002
 20
9.3
 30
0.0
 11
1.4500000000000002
 21
9.3
 31
0.0
  0
LINE
  5
D6
330
17
100
AcDbEntity
  8
A-AREA-ZONE
100
AcDbLine
 10
1.4150000000000003
 20
9.3
 30
0.0
 11
1.3650000000000002
 21
9.3
 31
0.0
  0
LINE
  5
D7
330
17
100
AcDbEntity
  8
A-AREA-ZONE
100
AcDbLine
 10
1.3300000000000003
 20
9.3
 30
0.0
 11
1.2800000000000002
 21
9.3
 31
0.0
  0
LINE
  5
D8
330
17
100
AcDbEntity
  8
A-AREA-ZONE
100
AcDbLine
 10
1.2450000000000003
 20
9.3
 30
0.0
 11
1.1950000000000003
 21
9.3
 31
0.0
  0
LINE
  5
D9
330
17
100
AcDbEntity
  8
A-AREA-ZONE
100
AcDbLine
 10
1.1600000000000001
 20
9.3
 30
0.0
 11
1.1100000000000003
 21
9.3
 31
0.0
  0
LINE
  5
DA
330
17
100
AcDbEntity
  8
A-AREA-ZONE
100
AcDbLine
 10
1.0750000000000002
 20
9.3
 30
0.0
 11
1.0250000000000004
 21
9.3
 31
0.0
  0
LINE
  5
DB
330
17
100
AcDbEntity
  8
A-AREA-ZONE
100
AcDbLine
 10
0.9900000000000002
 20
9.3
 30
0.0
 11
0.9400000000000004
 21
9.3
 31
0.0
  0
LINE
  5
DC
330
17
100
AcDbEntity
  8
A-AREA-ZONE
100
AcDbLine
 10
0.92
 20
9.3
 30
0.0
 11
0.92
 21
9.25
 31
0.0
  0
LINE
  5
DD
330
17
100
AcDbEntity
  8
A-AREA-ZONE
100
AcDbLine
 10
0.92
 20
9.215
 30
0.0
 11
0.92
 21
9.165000000000001
 31
0.0
  0
LINE
  5
DE
330
17
100
AcDbEntity
  8
A-AREA-ZONE
100
AcDbLine
 10
0.92
 20
9.13
 30
0.0
 11
0.92
 21
9.08
 31
0.0
  0
LINE
  5
DF
330
17
100
AcDbEntity
  8
A-AREA-ZONE
100
AcDbLine
 10
0.92
 20
9.045
 30
0.0
 11
0.92
 21
8.995000000000001
 31
0.0
  0
LINE
  5
E0
330
17
100
AcDbEntity
  8
A-AREA-ZONE
100
AcDbLine
 10
0.92
 20
8.96
 30
0.0
 11
0.92
 21
8.91
 31
0.0
  0
LINE
  5
E1
330
17
100
AcDbEntity
  8
A-AREA-ZONE
100
AcDbLine
 10
0.92
 20
8.875
 30
0.0
 11
0.92
 21
8.825000000000001
 31
0.0
  0
LINE
  5
E2
330
17
100
AcDbEntity
  8
A-AREA-ZONE
100
AcDbLine
 10
0.92
 20
8.790000000000001
 30
0.0
 11
0.92
 21
8.74
 31
0.0
  0
LINE
  5
E3
330
17
100
AcDbEntity
  8
A-AREA-ZONE
100
AcDbLine
 10
0.92
 20
8.705
 30
0.0
 11
0.92
 21
8.655000000000001
 31
0.0
  0
LINE
  5
E4
330
17
100
AcDbEntity
  8
A-AREA-ZONE
100
AcDbLine
 10
0.92
 20
8.620000000000001
 30
0.0
 11
0.92
 21
8.57
 31
0.0
  0
LINE
  5
E5
330
17
100
AcDbEntity
  8
A-AREA-ZONE
100
AcDbLine
 10
0.92
 20
8.535
 30
0.0
 11
0.92
 21
8.485000000000001
 31
0.0
  0
LINE
  5
E6
330
17
100
AcDbEntity
  8
A-AREA-ZONE
100
AcDbLine
 10
0.92
 20
8.450000000000001
 30
0.0
 11
0.92
 21
8.4
 31
0.0
  0
LINE
  5
E7
330
17
100
AcDbEntity
  8
A-AREA-ZONE
100
AcDbLine
 10
0.92
 20
8.365
 30
0.0
 11
0.92
 21
8.315000000000001
 31
0.0
  0
LINE
  5
E8
330
17
100
AcDbEntity
  8
A-AREA-ZONE
100
AcDbLine
 10
0.92
 20
8.280000000000001
 30
0.0
 11
0.92
 21
8.23
 31
0.0
  0
LINE
  5
E9
330
17
100
AcDbEntity
  8
A-AREA-ZONE
100
AcDbLine
 10
0.92
 20
8.195
 30
0.0
 11
0.92
 21
8.145
 31
0.0
  0
LINE
  5
EA
330
17
100
AcDbEntity
  8
A-AREA-ZONE
100
AcDbLine
 10
0.92
 20
8.110000000000001
 30
0.0
 11
0.92
 21
8.06
 31
0.0
  0
LINE
  5
EB
330
17
100
AcDbEntity
  8
A-AREA-ZONE
100
AcDbLine
 10
0.92
 20
8.025
 30
0.0
 11
0.92
 21
7.9750000000000005
 31
0.0
  0
LINE
  5
EC
330
17
100
AcDbEntity
  8
A-AREA-ZONE
100
AcDbLine
 10
0.92
 20
7.94
 30
0.0
 11
0.92
 21
7.890000000000001
 31
0.0
  0
LINE
  5
ED
330
17
100
AcDbEntity
  8
A-AREA-ZONE
100
AcDbLine
 10
0.92
 20
7.855
 30
0.0
 11
0.92
 21
7.805000000000001
 31
0.0
  0
LINE
  5
EE
330
17
100
AcDbEntity
  8
A-AREA-ZONE
100
AcDbLine
 10
0.92
 20
7.7700000000000005
 30
0.0
 11
0.92
 21
7.720000000000001
 31
0.0
  0
LINE
  5
EF
330
17
100
AcDbEntity
  8
A-AREA-ZONE
100
AcDbLine
 10
0.92
 20
7.6850000000000005
 30
0.0
 11
0.92
 21
7.635000000000001
 31
0.0
  0
LINE
  5
F0
330
17
100
AcDbEntity
  8
A-AREA-ZONE
100
AcDbLine
 10
0.92
 20
7.6000000000000005
 30
0.0
 11
0.92
 21
7.550000000000001
 31
0.0
  0
LINE
  5
F1
330
17
100
AcDbEntity
  8
A-AREA-ZONE
100
AcDbLine
 10
0.92
 20
7.515000000000001
 30
0.0
 11
0.92
 21
7.465000000000001
 31
0.0
  0
LINE
  5
F2
330
17
100
AcDbEntity
  8
A-AREA-ZONE
100
AcDbLine
 10
0.92
 20
7.430000000000001
 30
0.0
 11
0.92
 21
7.380000000000001
 31
0.0
  0
LINE
  5
F3
330
17
100
AcDbEntity
  8
A-AREA-ZONE
100
AcDbLine
 10
0.92
 20
7.345000000000001
 30
0.0
 11
0.92
 21
7.295000000000001
 31
0.0
  0
LINE
  5
F4
330
17
100
AcDbEntity
  8
A-AREA-ZONE
100
AcDbLine
 10
0.92
 20
7.260000000000001
 30
0.0
 11
0.92
 21
7.210000000000001
 31
0.0
  0
LINE
  5
F5
330
17
100
AcDbEntity
  8
A-AREA-ZONE
100
AcDbLine
 10
0.92
 20
7.175000000000001
 30
0.0
 11
0.92
 21
7.125000000000001
 31
0.0
  0
LINE
  5
F6
330
17
100
AcDbEntity
  8
A-AREA-ZONE
100
AcDbLine
 10
0.92
 20
7.090000000000001
 30
0.0
 11
0.92
 21
7.040000000000001
 31
0.0
  0
HATCH
  5
F7
330
17
100
AcDbEntity
  8
A-EQPM-MATS
 62
7
420
16049864
100
AcDbHatch
 10
0.0
 20
0.0
 30
0.0
210
0.0
220
0.0
230
1.0
  2
SOLID
 70
1
 71
0
 91
1
 92
3
 72
0
 73
1
 93
4
 10
1.12
 20
8.260000000000002
 10
1.96
 20
8.260000000000002
 10
1.96
 20
9.100000000000001
 10
1.12
 20
9.100000000000001
 97
0
 75
0
 76
1
 98
0
  0
LWPOLYLINE
  5
F8
330
17
100
AcDbEntity
  8
A-EQPM-MATS
100
AcDbPolyline
 90
4
 70
1
 10
1.12
 20
8.260000000000002
 10
1.96
 20
8.260000000000002
 10
1.96
 20
9.100000000000001
 10
1.12
 20
9.100000000000001
  0
LINE
  5
F9
330
17
100
AcDbEntity
  8
A-EQPM-MATS
100
AcDbLine
 10
1.82
 20
8.680000000000001
 30
0.0
 11
1.8157461708434182
 21
8.728621489746741
 31
0.0
  0
LINE
  5
FA
330
17
100
AcDbEntity
  8
A-EQPM-MATS
100
AcDbLine
 10
1.8157461708434182
 20
8.728621489746741
 30
0.0
 11
1.8031139338200544
 21
8.775765640131189
 31
0.0
  0
LINE
  5
FB
330
17
100
AcDbEntity
  8
A-EQPM-MATS
100
AcDbLine
 10
1.8031139338200544
 20
8.775765640131189
 30
0.0
 11
1.7824871130596431
 21
8.82
 31
0.0
  0
LINE
  5
FC
330
17
100
AcDbEntity
  8
A-EQPM-MATS
100
AcDbLine
 10
1.7824871130596431
 20
8.82
 30
0.0
 11
1.7544924440733138
 21
8.859980530712232
 31
0.0
  0
LINE
  5
FD
330
17
100
AcDbEntity
  8
A-EQPM-MATS
100
AcDbLine
 10
1.7544924440733138
 20
8.859980530712232
 30
0.0
 11
1.7199805307122311
 21
8.894492444073315
 31
0.0
  0
LINE
  5
FE
330
17
100
AcDbEntity
  8
A-EQPM-MATS
100
AcDbLine
 10
1.7199805307122311
 20
8.894492444073315
 30
0.0
 11
1.6800000000000002
 21
8.922487113059644
 31
0.0
  0
LINE
  5
FF
330
17
100
AcDbEntity
  8
A-EQPM-MATS
100
AcDbLine
 10
1.6800000000000002
 20
8.922487113059644
 30
0.0
 11
1.6357656401311875
 21
8.943113933820056
 31
0.0
  0
LINE
  5
100
330
17
100
AcDbEntity
  8
A-EQPM-MATS
100
AcDbLine
 10
1.6357656401311875
 20
8.943113933820056
 30
0.0
 11
1.5886214897467408
 21
8.955746170843419
 31
0.0
  0
LINE
  5
101
330
17
100
AcDbEntity
  8
A-EQPM-MATS
100
AcDbLine
 10
1.5886214897467408
 20
8.955746170843419
 30
0.0
 11
1.54
 21
8.96
 31
0.0
  0
LINE
  5
102
330
17
100
AcDbEntity
  8
A-EQPM-MATS
100
AcDbLine
 10
1.54
 20
8.96
 30
0.0
 11
1.4913785102532595
 21
8.955746170843419
 31
0.0
  0
LINE
  5
103
330
17
100
AcDbEntity
  8
A-EQPM-MATS
100
AcDbLine
 10
1.4913785102532595
 20
8.955746170843419
 30
0.0
 11
1.4442343598688128
 21
8.943113933820056
 31
0.0
  0
LINE
  5
104
330
17
100
AcDbEntity
  8
A-EQPM-MATS
100
AcDbLine
 10
1.4442343598688128
 20
8.943113933820056
 30
0.0
 11
1.4
 21
8.922487113059644
 31
0.0
  0
LINE
  5
105
330
17
100
AcDbEntity
  8
A-EQPM-MATS
100
AcDbLine
 10
1.4
 20
8.922487113059644
 30
0.0
 11
1.360019469287769
 21
8.894492444073315
 31
0.0
  0
LINE
  5
106
330
17
100
AcDbEntity
  8
A-EQPM-MATS
100
AcDbLine
 10
1.360019469287769
 20
8.894492444073315
 30
0.0
 11
1.3255075559266862
 21
8.859980530712232
 31
0.0
  0
LINE
  5
107
330
17
100
AcDbEntity
  8
A-EQPM-MATS
100
AcDbLine
 10
1.3255075559266862
 20
8.859980530712232
 30
0.0
 11
1.2975128869403574
 21
8.82
 31
0.0
  0
LINE
  5
108
330
17
100
AcDbEntity
  8
A-EQPM-MATS
100
AcDbLine
 10
1.2975128869403574
 20
8.82
 30
0.0
 11
1.2768860661799457
 21
8.775765640131189
 31
0.0
  0
LINE
  5
109
330
17
100
AcDbEntity
  8
A-EQPM-MATS
100
AcDbLine
 10
1.2768860661799457
 20
8.775765640131189
 30
0.0
 11
1.264253829156582
 21
8.728621489746741
 31
0.0
  0
LINE
  5
10A
330
17
100
AcDbEntity
  8
A-EQPM-MATS
100
AcDbLine
 10
1.264253829156582
 20
8.728621489746741
 30
0.0
 11
1.26
 21
8.680000000000001
 31
0.0
  0
LINE
  5
10B
330
17
100
AcDbEntity
  8
A-EQPM-MATS
100
AcDbLine
 10
1.26
 20
8.680000000000001
 30
0.0
 11
1.2642538291565817
 21
8.631378510253262
 31
0.0
  0
LINE
  5
10C
330
17
100
AcDbEntity
  8
A-EQPM-MATS
100
AcDbLine
 10
1.2642538291565817
 20
8.631378510253262
 30
0.0
 11
1.2768860661799457
 21
8.584234359868814
 31
0.0
  0
LINE
  5
10D
330
17
100
AcDbEntity
  8
A-EQPM-MATS
100
AcDbLine
 10
1.2768860661799457
 20
8.584234359868814
 30
0.0
 11
1.2975128869403572
 21
8.540000000000001
 31
0.0
  0
LINE
  5
10E
330
17
100
AcDbEntity
  8
A-EQPM-MATS
100
AcDbLine
 10
1.2975128869403572
 20
8.540000000000001
 30
0.0
 11
1.3255075559266862
 21
8.500019469287771
 31
0.0
  0
LINE
  5
10F
330
17
100
AcDbEntity
  8
A-EQPM-MATS
100
AcDbLine
 10
1.3255075559266862
 20
8.500019469287771
 30
0.0
 11
1.360019469287769
 21
8.465507555926688
 31
0.0
  0
LINE
  5
110
330
17
100
AcDbEntity
  8
A-EQPM-MATS
100
AcDbLine
 10
1.360019469287769
 20
8.465507555926688
 30
0.0
 11
1.4
 21
8.437512886940358
 31
0.0
  0
LINE
  5
111
330
17
100
AcDbEntity
  8
A-EQPM-MATS
100
AcDbLine
 10
1.4
 20
8.437512886940358
 30
0.0
 11
1.4442343598688128
 21
8.416886066179947
 31
0.0
  0
LINE
  5
112
330
17
100
AcDbEntity
  8
A-EQPM-MATS
100
AcDbLine
 10
1.4442343598688128
 20
8.416886066179947
 30
0.0
 11
1.4913785102532595
 21
8.404253829156584
 31
0.0
  0
LINE
  5
113
330
17
100
AcDbEntity
  8
A-EQPM-MATS
100
AcDbLine
 10
1.4913785102532595
 20
8.404253829156584
 30
0.0
 11
1.54
 21
8.400000000000002
 31
0.0
  0
LINE
  5
114
330
17
100
AcDbEntity
  8
A-EQPM-MATS
100
AcDbLine
 10
1.54
 20
8.400000000000002
 30
0.0
 11
1.5886214897467403
 21
8.404253829156584
 31
0.0
  0
LINE
  5
115
330
17
100
AcDbEntity
  8
A-EQPM-MATS
100
AcDbLine
 10
1.5886214897467403
 20
8.404253829156584
 30
0.0
 11
1.6357656401311875
 21
8.416886066179947
 31
0.0
  0
LINE
  5
116
330
17
100
AcDbEntity
  8
A-EQPM-MATS
100
AcDbLine
 10
1.6357656401311875
 20
8.416886066179947
 30
0.0
 11
1.6799999999999997
 21
8.437512886940358
 31
0.0
  0
LINE
  5
117
330
17
100
AcDbEntity
  8
A-EQPM-MATS
100
AcDbLine
 10
1.6799999999999997
 20
8.437512886940358
 30
0.0
 11
1.7199805307122311
 21
8.465507555926688
 31
0.0
  0
LINE
  5
118
330
17
100
AcDbEntity
  8
A-EQPM-MATS
100
AcDbLine
 10
1.7199805307122311
 20
8.465507555926688
 30
0.0
 11
1.7544924440733138
 21
8.50001946928777
 31
0.0
  0
LINE
  5
119
330
17
100
AcDbEntity
  8
A-EQPM-MATS
100
AcDbLine
 10
1.7544924440733138
 20
8.50001946928777
 30
0.0
 11
1.7824871130596431
 21
8.540000000000001
 31
0.0
  0
LINE
  5
11A
330
17
100
AcDbEntity
  8
A-EQPM-MATS
100
AcDbLine
 10
1.7824871130596431
 20
8.540000000000001
 30
0.0
 11
1.8031139338200544
 21
8.584234359868814
 31
0.0
  0
LINE
  5
11B
330
17
100
AcDbEntity
  8
A-EQPM-MATS
100
AcDbLine
 10
1.8031139338200544
 20
8.584234359868814
 30
0.0
 11
1.8157461708434182
 21
8.631378510253262
 31
0.0
  0
LINE
  5
11C
330
17
100
AcDbEntity
  8
A-EQPM-MATS
100
AcDbLine
 10
1.8157461708434182
 20
8.631378510253262
 30
0.0
 11
1.82
 21
8.680000000000001
 31
0.0
  0
TEXT
  5
11D
330
17
100
AcDbEntity
  8
A-ANNO-TEXT
100
AcDbText
 10
1.54
 20
8.650000000000002
 30
0.0
 40
0.05
  1
M1
  7
KS-BOLD
 72
1
 11
1.54
 21
8.650000000000002
 31
0.0
100
AcDbText
  0
HATCH
  5
11E
330
17
100
AcDbEntity
  8
A-EQPM-MATS
 62
7
420
16049864
100
AcDbHatch
 10
0.0
 20
0.0
 30
0.0
210
0.0
220
0.0
230
1.0
  2
SOLID
 70
1
 71
0
 91
1
 92
3
 72
0
 73
1
 93
4
 10
2.16
 20
8.260000000000002
 10
3.0
 20
8.260000000000002
 10
3.0
 20
9.100000000000001
 10
2.16
 20
9.100000000000001
 97
0
 75
0
 76
1
 98
0
  0
LWPOLYLINE
  5
11F
330
17
100
AcDbEntity
  8
A-EQPM-MATS
100
AcDbPolyline
 90
4
 70
1
 10
2.16
 20
8.260000000000002
 10
3.0
 20
8.260000000000002
 10
3.0
 20
9.100000000000001
 10
2.16
 20
9.100000000000001
  0
LINE
  5
120
330
17
100
AcDbEntity
  8
A-EQPM-MATS
100
AcDbLine
 10
2.8600000000000003
 20
8.680000000000001
 30
0.0
 11
2.8557461708434184
 21
8.728621489746741
 31
0.0
  0
LINE
  5
121
330
17
100
AcDbEntity
  8
A-EQPM-MATS
100
AcDbLine
 10
2.8557461708434184
 20
8.728621489746741
 30
0.0
 11
2.843113933820055
 21
8.775765640131189
 31
0.0
  0
LINE
  5
122
330
17
100
AcDbEntity
  8
A-EQPM-MATS
100
AcDbLine
 10
2.843113933820055
 20
8.775765640131189
 30
0.0
 11
2.8224871130596423
 21
8.82
 31
0.0
  0
LINE
  5
123
330
17
100
AcDbEntity
  8
A-EQPM-MATS
100
AcDbLine
 10
2.8224871130596423
 20
8.82
 30
0.0
 11
2.794492444073314
 21
8.859980530712232
 31
0.0
  0
LINE
  5
124
330
17
100
AcDbEntity
  8
A-EQPM-MATS
100
AcDbLine
 10
2.794492444073314
 20
8.859980530712232
 30
0.0
 11
2.759980530712231
 21
8.894492444073315
 31
0.0
  0
LINE
  5
125
330
17
100
AcDbEntity
  8
A-EQPM-MATS
100
AcDbLine
 10
2.759980530712231
 20
8.894492444073315
 30
0.0
 11
2.7199999999999998
 21
8.922487113059644
 31
0.0
  0
LINE
  5
126
330
17
100
AcDbEntity
  8
A-EQPM-MATS
100
AcDbLine
 10
2.7199999999999998
 20
8.922487113059644
 30
0.0
 11
2.6757656401311873
 21
8.943113933820056
 31
0.0
  0
LINE
  5
127
330
17
100
AcDbEntity
  8
A-EQPM-MATS
100
AcDbLine
 10
2.6757656401311873
 20
8.943113933820056
 30
0.0
 11
2.6286214897467404
 21
8.955746170843419
 31
0.0
  0
LINE
  5
128
330
17
100
AcDbEntity
  8
A-EQPM-MATS
100
AcDbLine
 10
2.6286214897467404
 20
8.955746170843419
 30
0.0
 11
2.58
 21
8.96
 31
0.0
  0
LINE
  5
129
330
17
100
AcDbEntity
  8
A-EQPM-MATS
100
AcDbLine
 10
2.58
 20
8.96
 30
0.0
 11
2.5313785102532598
 21
8.955746170843419
 31
0.0
  0
LINE
  5
12A
330
17
100
AcDbEntity
  8
A-EQPM-MATS
100
AcDbLine
 10
2.5313785102532598
 20
8.955746170843419
 30
0.0
 11
2.484234359868813
 21
8.943113933820056
 31
0.0
  0
LINE
  5
12B
330
17
100
AcDbEntity
  8
A-EQPM-MATS
100
AcDbLine
 10
2.484234359868813
 20
8.943113933820056
 30
0.0
 11
2.4400000000000004
 21
8.922487113059644
 31
0.0
  0
LINE
  5
12C
330
17
100
AcDbEntity
  8
A-EQPM-MATS
100
AcDbLine
 10
2.4400000000000004
 20
8.922487113059644
 30
0.0
 11
2.400019469287769
 21
8.894492444073315
 31
0.0
  0
LINE
  5
12D
330
17
100
AcDbEntity
  8
A-EQPM-MATS
100
AcDbLine
 10
2.400019469287769
 20
8.894492444073315
 30
0.0
 11
2.365507555926686
 21
8.859980530712232
 31
0.0
  0
LINE
  5
12E
330
17
100
AcDbEntity
  8
A-EQPM-MATS
100
AcDbLine
 10
2.365507555926686
 20
8.859980530712232
 30
0.0
 11
2.3375128869403574
 21
8.82
 31
0.0
  0
LINE
  5
12F
330
17
100
AcDbEntity
  8
A-EQPM-MATS
100
AcDbLine
 10
2.3375128869403574
 20
8.82
 30
0.0
 11
2.3168860661799457
 21
8.775765640131189
 31
0.0
  0
LINE
  5
130
330
17
100
AcDbEntity
  8
A-EQPM-MATS
100
AcDbLine
 10
2.3168860661799457
 20
8.775765640131189
 30
0.0
 11
2.3042538291565817
 21
8.728621489746741
 31
0.0
  0
LINE
  5
131
330
17
100
AcDbEntity
  8
A-EQPM-MATS
100
AcDbLine
 10
2.3042538291565817
 20
8.728621489746741
 30
0.0
 11
2.3
 21
8.680000000000001
 31
0.0
  0
LINE
  5
132
330
17
100
AcDbEntity
  8
A-EQPM-MATS
100
AcDbLine
 10
2.3
 20
8.680000000000001
 30
0.0
 11
2.3042538291565817
 21
8.631378510253262
 31
0.0
  0
LINE
  5
133
330
17
100
AcDbEntity
  8
A-EQPM-MATS
100
AcDbLine
 10
2.3042538291565817
 20
8.631378510253262
 30
0.0
 11
2.3168860661799457
 21
8.584234359868814
 31
0.0
  0
LINE
  5
134
330
17
100
AcDbEntity
  8
A-EQPM-MATS
100
AcDbLine
 10
2.3168860661799457
 20
8.584234359868814
 30
0.0
 11
2.337512886940357
 21
8.540000000000001
 31
0.0
  0
LINE
  5
135
330
17
100
AcDbEntity
  8
A-EQPM-MATS
100
AcDbLine
 10
2.337512886940357
 20
8.540000000000001
 30
0.0
 11
2.365507555926686
 21
8.500019469287771
 31
0.0
  0
LINE
  5
136
330
17
100
AcDbEntity
  8
A-EQPM-MATS
100
AcDbLine
 10
2.365507555926686
 20
8.500019469287771
 30
0.0
 11
2.400019469287769
 21
8.465507555926688
 31
0.0
  0
LINE
  5
137
330
17
100
AcDbEntity
  8
A-EQPM-MATS
100
AcDbLine
 10
2.400019469287769
 20
8.465507555926688
 30
0.0
 11
2.4400000000000004
 21
8.437512886940358
 31
0.0
  0
LINE
  5
138
330
17
100
AcDbEntity
  8
A-EQPM-MATS
100
AcDbLine
 10
2.4400000000000004
 20
8.437512886940358
 30
0.0
 11
2.484234359868813
 21
8.416886066179947
 31
0.0
  0
LINE
  5
139
330
17
100
AcDbEntity
  8
A-EQPM-MATS
100
AcDbLine
 10
2.484234359868813
 20
8.416886066179947
 30
0.0
 11
2.5313785102532598
 21
8.404253829156584
 31
0.0
  0
LINE
  5
13A
330
17
100
AcDbEntity
  8
A-EQPM-MATS
100
AcDbLine
 10
2.5313785102532598
 20
8.404253829156584
 30
0.0
 11
2.58
 21
8.400000000000002
 31
0.0
  0
LINE
  5
13B
330
17
100
AcDbEntity
  8
A-EQPM-MATS
100
AcDbLine
 10
2.58
 20
8.400000000000002
 30
0.0
 11
2.6286214897467404
 21
8.404253829156584
 31
0.0
  0
LINE
  5
13C
330
17
100
AcDbEntity
  8
A-EQPM-MATS
100
AcDbLine
 10
2.6286214897467404
 20
8.404253829156584
 30
0.0
 11
2.6757656401311873
 21
8.416886066179947
 31
0.0
  0
LINE
  5
13D
330
17
100
AcDbEntity
  8
A-EQPM-MATS
100
AcDbLine
 10
2.6757656401311873
 20
8.416886066179947
 30
0.0
 11
2.7199999999999998
 21
8.437512886940358
 31
0.0
  0
LINE
  5
13E
330
17
100
AcDbEntity
  8
A-EQPM-MATS
100
AcDbLine
 10
2.7199999999999998
 20
8.437512886940358
 30
0.0
 11
2.759980530712231
 21
8.465507555926688
 31
0.0
  0
LINE
  5
13F
330
17
100
AcDbEntity
  8
A-EQPM-MATS
100
AcDbLine
 10
2.759980530712231
 20
8.465507555926688
 30
0.0
 11
2.794492444073314
 21
8.50001946928777
 31
0.0
  0
LINE
  5
140
330
17
100
AcDbEntity
  8
A-EQPM-MATS
100
AcDbLine
 10
2.794492444073314
 20
8.50001946928777
 30
0.0
 11
2.8224871130596423
 21
8.540000000000001
 31
0.0
  0
LINE
  5
141
330
17
100
AcDbEntity
  8
A-EQPM-MATS
100
AcDbLine
 10
2.8224871130596423
 20
8.540000000000001
 30
0.0
 11
2.843113933820055
 21
8.584234359868814
 31
0.0
  0
LINE
  5
142
330
17
100
AcDbEntity
  8
A-EQPM-MATS
100
AcDbLine
 10
2.843113933820055
 20
8.584234359868814
 30
0.0
 11
2.8557461708434184
 21
8.631378510253262
 31
0.0
  0
LINE
  5
143
330
17
100
AcDbEntity
  8
A-EQPM-MATS
100
AcDbLine
 10
2.8557461708434184
 20
8.631378510253262
 30
0.0
 11
2.8600000000000003
 21
8.680000000000001
 31
0.0
  0
TEXT
  5
144
330
17
100
AcDbEntity
  8
A-ANNO-TEXT
100
AcDbText
 10
2.58
 20
8.650000000000002
 30
0.0
 40
0.05
  1
M2
  7
KS-BOLD
 72
1
 11
2.58
 21
8.650000000000002
 31
0.0
100
AcDbText
  0
HATCH
  5
145
330
17
100
AcDbEntity
  8
A-EQPM-MATS
 62
7
420
16049864
100
AcDbHatch
 10
0.0
 20
0.0
 30
0.0
210
0.0
220
0.0
230
1.0
  2
SOLID
 70
1
 71
0
 91
1
 92
3
 72
0
 73
1
 93
4
 10
1.12
 20
7.2200000000000015
 10
1.96
 20
7.2200000000000015
 10
1.96
 20
8.06
 10
1.12
 20
8.06
 97
0
 75
0
 76
1
 98
0
  0
LWPOLYLINE
  5
146
330
17
100
AcDbEntity
  8
A-EQPM-MATS
100
AcDbPolyline
 90
4
 70
1
 10
1.12
 20
7.2200000000000015
 10
1.96
 20
7.2200000000000015
 10
1.96
 20
8.06
 10
1.12
 20
8.06
  0
LINE
  5
147
330
17
100
AcDbEntity
  8
A-EQPM-MATS
100
AcDbLine
 10
1.82
 20
7.6400000000000015
 30
0.0
 11
1.8157461708434182
 21
7.688621489746742
 31
0.0
  0
LINE
  5
148
330
17
100
AcDbEntity
  8
A-EQPM-MATS
100
AcDbLine
 10
1.8157461708434182
 20
7.688621489746742
 30
0.0
 11
1.8031139338200544
 21
7.735765640131188
 31
0.0
  0
LINE
  5
149
330
17
100
AcDbEntity
  8
A-EQPM-MATS
100
AcDbLine
 10
1.8031139338200544
 20
7.735765640131188
 30
0.0
 11
1.7824871130596431
 21
7.780000000000001
 31
0.0
  0
LINE
  5
14A
330
17
100
AcDbEntity
  8
A-EQPM-MATS
100
AcDbLine
 10
1.7824871130596431
 20
7.780000000000001
 30
0.0
 11
1.7544924440733138
 21
7.8199805307122325
 31
0.0
  0
LINE
  5
14B
330
17
100
AcDbEntity
  8
A-EQPM-MATS
100
AcDbLine
 10
1.7544924440733138
 20
7.8199805307122325
 30
0.0
 11
1.7199805307122311
 21
7.8544924440733155
 31
0.0
  0
LINE
  5
14C
330
17
100
AcDbEntity
  8
A-EQPM-MATS
100
AcDbLine
 10
1.7199805307122311
 20
7.8544924440733155
 30
0.0
 11
1.6800000000000002
 21
7.882487113059645
 31
0.0
  0
LINE
  5
14D
330
17
100
AcDbEntity
  8
A-EQPM-MATS
100
AcDbLine
 10
1.6800000000000002
 20
7.882487113059645
 30
0.0
 11
1.6357656401311875
 21
7.903113933820055
 31
0.0
  0
LINE
  5
14E
330
17
100
AcDbEntity
  8
A-EQPM-MATS
100
AcDbLine
 10
1.6357656401311875
 20
7.903113933820055
 30
0.0
 11
1.5886214897467408
 21
7.91574617084342
 31
0.0
  0
LINE
  5
14F
330
17
100
AcDbEntity
  8
A-EQPM-MATS
100
AcDbLine
 10
1.5886214897467408
 20
7.91574617084342
 30
0.0
 11
1.54
 21
7.920000000000002
 31
0.0
  0
LINE
  5
150
330
17
100
AcDbEntity
  8
A-EQPM-MATS
100
AcDbLine
 10
1.54
 20
7.920000000000002
 30
0.0
 11
1.4913785102532595
 21
7.91574617084342
 31
0.0
  0
LINE
  5
151
330
17
100
AcDbEntity
  8
A-EQPM-MATS
100
AcDbLine
 10
1.4913785102532595
 20
7.91574617084342
 30
0.0
 11
1.4442343598688128
 21
7.903113933820055
 31
0.0
  0
LINE
  5
152
330
17
100
AcDbEntity
  8
A-EQPM-MATS
100
AcDbLine
 10
1.4442343598688128
 20
7.903113933820055
 30
0.0
 11
1.4
 21
7.882487113059645
 31
0.0
  0
LINE
  5
153
330
17
100
AcDbEntity
  8
A-EQPM-MATS
100
AcDbLine
 10
1.4
 20
7.882487113059645
 30
0.0
 11
1.360019469287769
 21
7.8544924440733155
 31
0.0
  0
LINE
  5
154
330
17
100
AcDbEntity
  8
A-EQPM-MATS
100
AcDbLine
 10
1.360019469287769
 20
7.8544924440733155
 30
0.0
 11
1.3255075559266862
 21
7.8199805307122325
 31
0.0
  0
LINE
  5
155
330
17
100
AcDbEntity
  8
A-EQPM-MATS
100
AcDbLine
 10
1.3255075559266862
 20
7.8199805307122325
 30
0.0
 11
1.2975128869403574
 21
7.780000000000001
 31
0.0
  0
LINE
  5
156
330
17
100
AcDbEntity
  8
A-EQPM-MATS
100
AcDbLine
 10
1.2975128869403574
 20
7.780000000000001
 30
0.0
 11
1.2768860661799457
 21
7.735765640131189
 31
0.0
  0
LINE
  5
157
330
17
100
AcDbEntity
  8
A-EQPM-MATS
100
AcDbLine
 10
1.2768860661799457
 20
7.735765640131189
 30
0.0
 11
1.264253829156582
 21
7.688621489746742
 31
0.0
  0
LINE
  5
158
330
17
100
AcDbEntity
  8
A-EQPM-MATS
100
AcDbLine
 10
1.264253829156582
 20
7.688621489746742
 30
0.0
 11
1.26
 21
7.6400000000000015
 31
0.0
  0
LINE
  5
159
330
17
100
AcDbEntity
  8
A-EQPM-MATS
100
AcDbLine
 10
1.26
 20
7.6400000000000015
 30
0.0
 11
1.2642538291565817
 21
7.591378510253261
 31
0.0
  0
LINE
  5
15A
330
17
100
AcDbEntity
  8
A-EQPM-MATS
100
AcDbLine
 10
1.2642538291565817
 20
7.591378510253261
 30
0.0
 11
1.2768860661799457
 21
7.544234359868814
 31
0.0
  0
LINE
  5
15B
330
17
100
AcDbEntity
  8
A-EQPM-MATS
100
AcDbLine
 10
1.2768860661799457
 20
7.544234359868814
 30
0.0
 11
1.2975128869403572
 21
7.500000000000002
 31
0.0
  0
LINE
  5
15C
330
17
100
AcDbEntity
  8
A-EQPM-MATS
100
AcDbLine
 10
1.2975128869403572
 20
7.500000000000002
 30
0.0
 11
1.3255075559266862
 21
7.46001946928777
 31
0.0
  0
LINE
  5
15D
330
17
100
AcDbEntity
  8
A-EQPM-MATS
100
AcDbLine
 10
1.3255075559266862
 20
7.46001946928777
 30
0.0
 11
1.360019469287769
 21
7.425507555926687
 31
0.0
  0
LINE
  5
15E
330
17
100
AcDbEntity
  8
A-EQPM-MATS
100
AcDbLine
 10
1.360019469287769
 20
7.425507555926687
 30
0.0
 11
1.4
 21
7.397512886940358
 31
0.0
  0
LINE
  5
15F
330
17
100
AcDbEntity
  8
A-EQPM-MATS
100
AcDbLine
 10
1.4
 20
7.397512886940358
 30
0.0
 11
1.4442343598688128
 21
7.376886066179947
 31
0.0
  0
LINE
  5
160
330
17
100
AcDbEntity
  8
A-EQPM-MATS
100
AcDbLine
 10
1.4442343598688128
 20
7.376886066179947
 30
0.0
 11
1.4913785102532595
 21
7.364253829156583
 31
0.0
  0
LINE
  5
161
330
17
100
AcDbEntity
  8
A-EQPM-MATS
100
AcDbLine
 10
1.4913785102532595
 20
7.364253829156583
 30
0.0
 11
1.54
 21
7.360000000000001
 31
0.0
  0
LINE
  5
162
330
17
100
AcDbEntity
  8
A-EQPM-MATS
100
AcDbLine
 10
1.54
 20
7.360000000000001
 30
0.0
 11
1.5886214897467403
 21
7.364253829156583
 31
0.0
  0
LINE
  5
163
330
17
100
AcDbEntity
  8
A-EQPM-MATS
100
AcDbLine
 10
1.5886214897467403
 20
7.364253829156583
 30
0.0
 11
1.6357656401311875
 21
7.376886066179947
 31
0.0
  0
LINE
  5
164
330
17
100
AcDbEntity
  8
A-EQPM-MATS
100
AcDbLine
 10
1.6357656401311875
 20
7.376886066179947
 30
0.0
 11
1.6799999999999997
 21
7.397512886940358
 31
0.0
  0
LINE
  5
165
330
17
100
AcDbEntity
  8
A-EQPM-MATS
100
AcDbLine
 10
1.6799999999999997
 20
7.397512886940358
 30
0.0
 11
1.7199805307122311
 21
7.425507555926687
 31
0.0
  0
LINE
  5
166
330
17
100
AcDbEntity
  8
A-EQPM-MATS
100
AcDbLine
 10
1.7199805307122311
 20
7.425507555926687
 30
0.0
 11
1.7544924440733138
 21
7.46001946928777
 31
0.0
  0
LINE
  5
167
330
17
100
AcDbEntity
  8
A-EQPM-MATS
100
AcDbLine
 10
1.7544924440733138
 20
7.46001946928777
 30
0.0
 11
1.7824871130596431
 21
7.500000000000002
 31
0.0
  0
LINE
  5
168
330
17
100
AcDbEntity
  8
A-EQPM-MATS
100
AcDbLine
 10
1.7824871130596431
 20
7.500000000000002
 30
0.0
 11
1.8031139338200544
 21
7.544234359868814
 31
0.0
  0
LINE
  5
169
330
17
100
AcDbEntity
  8
A-EQPM-MATS
100
AcDbLine
 10
1.8031139338200544
 20
7.544234359868814
 30
0.0
 11
1.8157461708434182
 21
7.591378510253261
 31
0.0
  0
LINE
  5
16A
330
17
100
AcDbEntity
  8
A-EQPM-MATS
100
AcDbLine
 10
1.8157461708434182
 20
7.591378510253261
 30
0.0
 11
1.82
 21
7.6400000000000015
 31
0.0
  0
TEXT
  5
16B
330
17
100
AcDbEntity
  8
A-ANNO-TEXT
100
AcDbText
 10
1.54
 20
7.610000000000001
 30
0.0
 40
0.05
  1
M3
  7
KS-BOLD
 72
1
 11
1.54
 21
7.610000000000001
 31
0.0
100
AcDbText
  0
HATCH
  5
16C
330
17
100
AcDbEntity
  8
A-EQPM-MATS
 62
7
420
16049864
100
AcDbHatch
 10
0.0
 20
0.0
 30
0.0
210
0.0
220
0.0
230
1.0
  2
SOLID
 70
1
 71
0
 91
1
 92
3
 72
0
 73
1
 93
4
 10
2.16
 20
7.2200000000000015
 10
3.0
 20
7.2200000000000015
 10
3.0
 20
8.06
 10
2.16
 20
8.06
 97
0
 75
0
 76
1
 98
0
  0
LWPOLYLINE
  5
16D
330
17
100
AcDbEntity
  8
A-EQPM-MATS
100
AcDbPolyline
 90
4
 70
1
 10
2.16
 20
7.2200000000000015
 10
3.0
 20
7.2200000000000015
 10
3.0
 20
8.06
 10
2.16
 20
8.06
  0
LINE
  5
16E
330
17
100
AcDbEntity
  8
A-EQPM-MATS
100
AcDbLine
 10
2.8600000000000003
 20
7.6400000000000015
 30
0.0
 11
2.8557461708434184
 21
7.688621489746742
 31
0.0
  0
LINE
  5
16F
330
17
100
AcDbEntity
  8
A-EQPM-MATS
100
AcDbLine
 10
2.8557461708434184
 20
7.688621489746742
 30
0.0
 11
2.843113933820055
 21
7.735765640131188
 31
0.0
  0
LINE
  5
170
330
17
100
AcDbEntity
  8
A-EQPM-MATS
100
AcDbLine
 10
2.843113933820055
 20
7.735765640131188
 30
0.0
 11
2.8224871130596423
 21
7.780000000000001
 31
0.0
  0
LINE
  5
171
330
17
100
AcDbEntity
  8
A-EQPM-MATS
100
AcDbLine
 10
2.8224871130596423
 20
7.780000000000001
 30
0.0
 11
2.794492444073314
 21
7.8199805307122325
 31
0.0
  0
LINE
  5
172
330
17
100
AcDbEntity
  8
A-EQPM-MATS
100
AcDbLine
 10
2.794492444073314
 20
7.8199805307122325
 30
0.0
 11
2.759980530712231
 21
7.8544924440733155
 31
0.0
  0
LINE
  5
173
330
17
100
AcDbEntity
  8
A-EQPM-MATS
100
AcDbLine
 10
2.759980530712231
 20
7.8544924440733155
 30
0.0
 11
2.7199999999999998
 21
7.882487113059645
 31
0.0
  0
LINE
  5
174
330
17
100
AcDbEntity
  8
A-EQPM-MATS
100
AcDbLine
 10
2.7199999999999998
 20
7.882487113059645
 30
0.0
 11
2.6757656401311873
 21
7.903113933820055
 31
0.0
  0
LINE
  5
175
330
17
100
AcDbEntity
  8
A-EQPM-MATS
100
AcDbLine
 10
2.6757656401311873
 20
7.903113933820055
 30
0.0
 11
2.6286214897467404
 21
7.91574617084342
 31
0.0
  0
LINE
  5
176
330
17
100
AcDbEntity
  8
A-EQPM-MATS
100
AcDbLine
 10
2.6286214897467404
 20
7.91574617084342
 30
0.0
 11
2.58
 21
7.920000000000002
 31
0.0
  0
LINE
  5
177
330
17
100
AcDbEntity
  8
A-EQPM-MATS
100
AcDbLine
 10
2.58
 20
7.920000000000002
 30
0.0
 11
2.5313785102532598
 21
7.91574617084342
 31
0.0
  0
LINE
  5
178
330
17
100
AcDbEntity
  8
A-EQPM-MATS
100
AcDbLine
 10
2.5313785102532598
 20
7.91574617084342
 30
0.0
 11
2.484234359868813
 21
7.903113933820055
 31
0.0
  0
LINE
  5
179
330
17
100
AcDbEntity
  8
A-EQPM-MATS
100
AcDbLine
 10
2.484234359868813
 20
7.903113933820055
 30
0.0
 11
2.4400000000000004
 21
7.882487113059645
 31
0.0
  0
LINE
  5
17A
330
17
100
AcDbEntity
  8
A-EQPM-MATS
100
AcDbLine
 10
2.4400000000000004
 20
7.882487113059645
 30
0.0
 11
2.400019469287769
 21
7.8544924440733155
 31
0.0
  0
LINE
  5
17B
330
17
100
AcDbEntity
  8
A-EQPM-MATS
100
AcDbLine
 10
2.400019469287769
 20
7.8544924440733155
 30
0.0
 11
2.365507555926686
 21
7.8199805307122325
 31
0.0
  0
LINE
  5
17C
330
17
100
AcDbEntity
  8
A-EQPM-MATS
100
AcDbLine
 10
2.365507555926686
 20
7.8199805307122325
 30
0.0
 11
2.3375128869403574
 21
7.780000000000001
 31
0.0
  0
LINE
  5
17D
330
17
100
AcDbEntity
  8
A-EQPM-MATS
100
AcDbLine
 10
2.3375128869403574
 20
7.780000000000001
 30
0.0
 11
2.3168860661799457
 21
7.735765640131189
 31
0.0
  0
LINE
  5
17E
330
17
100
AcDbEntity
  8
A-EQPM-MATS
100
AcDbLine
 10
2.3168860661799457
 20
7.735765640131189
 30
0.0
 11
2.3042538291565817
 21
7.688621489746742
 31
0.0
  0
LINE
  5
17F
330
17
100
AcDbEntity
  8
A-EQPM-MATS
100
AcDbLine
 10
2.3042538291565817
 20
7.688621489746742
 30
0.0
 11
2.3
 21
7.6400000000000015
 31
0.0
  0
LINE
  5
180
330
17
100
AcDbEntity
  8
A-EQPM-MATS
100
AcDbLine
 10
2.3
 20
7.6400000000000015
 30
0.0
 11
2.3042538291565817
 21
7.591378510253261
 31
0.0
  0
LINE
  5
181
330
17
100
AcDbEntity
  8
A-EQPM-MATS
100
AcDbLine
 10
2.3042538291565817
 20
7.591378510253261
 30
0.0
 11
2.3168860661799457
 21
7.544234359868814
 31
0.0
  0
LINE
  5
182
330
17
100
AcDbEntity
  8
A-EQPM-MATS
100
AcDbLine
 10
2.3168860661799457
 20
7.544234359868814
 30
0.0
 11
2.337512886940357
 21
7.500000000000002
 31
0.0
  0
LINE
  5
183
330
17
100
AcDbEntity
  8
A-EQPM-MATS
100
AcDbLine
 10
2.337512886940357
 20
7.500000000000002
 30
0.0
 11
2.365507555926686
 21
7.46001946928777
 31
0.0
  0
LINE
  5
184
330
17
100
AcDbEntity
  8
A-EQPM-MATS
100
AcDbLine
 10
2.365507555926686
 20
7.46001946928777
 30
0.0
 11
2.400019469287769
 21
7.425507555926687
 31
0.0
  0
LINE
  5
185
330
17
100
AcDbEntity
  8
A-EQPM-MATS
100
AcDbLine
 10
2.400019469287769
 20
7.425507555926687
 30
0.0
 11
2.4400000000000004
 21
7.397512886940358
 31
0.0
  0
LINE
  5
186
330
17
100
AcDbEntity
  8
A-EQPM-MATS
100
AcDbLine
 10
2.4400000000000004
 20
7.397512886940358
 30
0.0
 11
2.484234359868813
 21
7.376886066179947
 31
0.0
  0
LINE
  5
187
330
17
100
AcDbEntity
  8
A-EQPM-MATS
100
AcDbLine
 10
2.484234359868813
 20
7.376886066179947
 30
0.0
 11
2.5313785102532598
 21
7.364253829156583
 31
0.0
  0
LINE
  5
188
330
17
100
AcDbEntity
  8
A-EQPM-MATS
100
AcDbLine
 10
2.5313785102532598
 20
7.364253829156583
 30
0.0
 11
2.58
 21
7.360000000000001
 31
0.0
  0
LINE
  5
189
330
17
100
AcDbEntity
  8
A-EQPM-MATS
100
AcDbLine
 10
2.58
 20
7.360000000000001
 30
0.0
 11
2.6286214897467404
 21
7.364253829156583
 31
0.0
  0
LINE
  5
18A
330
17
100
AcDbEntity
  8
A-EQPM-MATS
100
AcDbLine
 10
2.6286214897467404
 20
7.364253829156583
 30
0.0
 11
2.6757656401311873
 21
7.376886066179947
 31
0.0
  0
LINE
  5
18B
330
17
100
AcDbEntity
  8
A-EQPM-MATS
100
AcDbLine
 10
2.6757656401311873
 20
7.376886066179947
 30
0.0
 11
2.7199999999999998
 21
7.397512886940358
 31
0.0
  0
LINE
  5
18C
330
17
100
AcDbEntity
  8
A-EQPM-MATS
100
AcDbLine
 10
2.7199999999999998
 20
7.397512886940358
 30
0.0
 11
2.759980530712231
 21
7.425507555926687
 31
0.0
  0
LINE
  5
18D
330
17
100
AcDbEntity
  8
A-EQPM-MATS
100
AcDbLine
 10
2.759980530712231
 20
7.425507555926687
 30
0.0
 11
2.794492444073314
 21
7.46001946928777
 31
0.0
  0
LINE
  5
18E
330
17
100
AcDbEntity
  8
A-EQPM-MATS
100
AcDbLine
 10
2.794492444073314
 20
7.46001946928777
 30
0.0
 11
2.8224871130596423
 21
7.500000000000002
 31
0.0
  0
LINE
  5
18F
330
17
100
AcDbEntity
  8
A-EQPM-MATS
100
AcDbLine
 10
2.8224871130596423
 20
7.500000000000002
 30
0.0
 11
2.843113933820055
 21
7.544234359868814
 31
0.0
  0
LINE
  5
190
330
17
100
AcDbEntity
  8
A-EQPM-MATS
100
AcDbLine
 10
2.843113933820055
 20
7.544234359868814
 30
0.0
 11
2.8557461708434184
 21
7.591378510253261
 31
0.0
  0
LINE
  5
191
330
17
100
AcDbEntity
  8
A-EQPM-MATS
100
AcDbLine
 10
2.8557461708434184
 20
7.591378510253261
 30
0.0
 11
2.8600000000000003
 21
7.6400000000000015
 31
0.0
  0
TEXT
  5
192
330
17
100
AcDbEntity
  8
A-ANNO-TEXT
100
AcDbText
 10
2.58
 20
7.610000000000001
 30
0.0
 40
0.05
  1
M4
  7
KS-BOLD
 72
1
 11
2.58
 21
7.610000000000001
 31
0.0
100
AcDbText
  0
HATCH
  5
193
330
17
100
AcDbEntity
  8
A-FURN
 62
7
420
3355443
100
AcDbHatch
 10
0.0
 20
0.0
 30
0.0
210
0.0
220
0.0
230
1.0
  2
SOLID
 70
1
 71
0
 91
1
 92
3
 72
0
 73
1
 93
4
 10
1.36
 20
9.310000000000002
 10
1.52
 20
9.310000000000002
 10
1.52
 20
9.360000000000001
 10
1.36
 20
9.360000000000001
 97
0
 75
0
 76
1
 98
0
  0
LINE
  5
194
330
17
100
AcDbEntity
  8
A-FURN
100
AcDbLine
 10
0.9600000000000001
 20
9.310000000000002
 30
0.0
 11
1.1600000000000001
 21
9.310000000000002
 31
0.0
  0
LINE
  5
195
330
17
100
AcDbEntity
  8
A-FURN
100
AcDbLine
 10
1.1600000000000001
 20
9.310000000000002
 30
0.0
 11
1.1600000000000001
 21
9.340000000000002
 31
0.0
  0
LINE
  5
196
330
17
100
AcDbEntity
  8
A-FURN
100
AcDbLine
 10
1.1600000000000001
 20
9.340000000000002
 30
0.0
 11
0.9600000000000001
 21
9.340000000000002
 31
0.0
  0
LINE
  5
197
330
17
100
AcDbEntity
  8
A-FURN
100
AcDbLine
 10
0.9600000000000001
 20
9.340000000000002
 30
0.0
 11
0.9600000000000001
 21
9.310000000000002
 31
0.0
  0
LINE
  5
198
330
17
100
AcDbEntity
  8
A-FURN
100
AcDbLine
 10
1.7200000000000002
 20
9.310000000000002
 30
0.0
 11
1.9200000000000002
 21
9.310000000000002
 31
0.0
  0
LINE
  5
199
330
17
100
AcDbEntity
  8
A-FURN
100
AcDbLine
 10
1.9200000000000002
 20
9.310000000000002
 30
0.0
 11
1.9200000000000002
 21
9.340000000000002
 31
0.0
  0
LINE
  5
19A
330
17
100
AcDbEntity
  8
A-FURN
100
AcDbLine
 10
1.9200000000000002
 20
9.340000000000002
 30
0.0
 11
1.7200000000000002
 21
9.340000000000002
 31
0.0
  0
LINE
  5
19B
330
17
100
AcDbEntity
  8
A-FURN
100
AcDbLine
 10
1.7200000000000002
 20
9.340000000000002
 30
0.0
 11
1.7200000000000002
 21
9.310000000000002
 31
0.0
  0
HATCH
  5
19C
330
17
100
AcDbEntity
  8
A-FURN
 62
7
420
3355443
100
AcDbHatch
 10
0.0
 20
0.0
 30
0.0
210
0.0
220
0.0
230
1.0
  2
SOLID
 70
1
 71
0
 91
1
 92
3
 72
0
 73
1
 93
4
 10
2.46
 20
9.310000000000002
 10
2.62
 20
9.310000000000002
 10
2.62
 20
9.360000000000001
 10
2.46
 20
9.360000000000001
 97
0
 75
0
 76
1
 98
0
  0
LINE
  5
19D
330
17
100
AcDbEntity
  8
A-FURN
100
AcDbLine
 10
2.06
 20
9.310000000000002
 30
0.0
 11
2.26
 21
9.310000000000002
 31
0.0
  0
LINE
  5
19E
330
17
100
AcDbEntity
  8
A-FURN
100
AcDbLine
 10
2.26
 20
9.310000000000002
 30
0.0
 11
2.26
 21
9.340000000000002
 31
0.0
  0
LINE
  5
19F
330
17
100
AcDbEntity
  8
A-FURN
100
AcDbLine
 10
2.26
 20
9.340000000000002
 30
0.0
 11
2.06
 21
9.340000000000002
 31
0.0
  0
LINE
  5
1A0
330
17
100
AcDbEntity
  8
A-FURN
100
AcDbLine
 10
2.06
 20
9.340000000000002
 30
0.0
 11
2.06
 21
9.310000000000002
 31
0.0
  0
LINE
  5
1A1
330
17
100
AcDbEntity
  8
A-FURN
100
AcDbLine
 10
2.8200000000000003
 20
9.310000000000002
 30
0.0
 11
3.0200000000000005
 21
9.310000000000002
 31
0.0
  0
LINE
  5
1A2
330
17
100
AcDbEntity
  8
A-FURN
100
AcDbLine
 10
3.0200000000000005
 20
9.310000000000002
 30
0.0
 11
3.0200000000000005
 21
9.340000000000002
 31
0.0
  0
LINE
  5
1A3
330
17
100
AcDbEntity
  8
A-FURN
100
AcDbLine
 10
3.0200000000000005
 20
9.340000000000002
 30
0.0
 11
2.8200000000000003
 21
9.340000000000002
 31
0.0
  0
LINE
  5
1A4
330
17
100
AcDbEntity
  8
A-FURN
100
AcDbLine
 10
2.8200000000000003
 20
9.340000000000002
 30
0.0
 11
2.8200000000000003
 21
9.310000000000002
 31
0.0
  0
HATCH
  5
1A5
330
17
100
AcDbEntity
  8
A-FURN
 62
7
420
3355443
100
AcDbHatch
 10
0.0
 20
0.0
 30
0.0
210
0.0
220
0.0
230
1.0
  2
SOLID
 70
1
 71
0
 91
1
 92
3
 72
0
 73
1
 93
4
 10
1.36
 20
6.960000000000001
 10
1.52
 20
6.960000000000001
 10
1.52
 20
7.010000000000002
 10
1.36
 20
7.010000000000002
 97
0
 75
0
 76
1
 98
0
  0
LINE
  5
1A6
330
17
100
AcDbEntity
  8
A-FURN
100
AcDbLine
 10
0.9600000000000001
 20
6.980000000000001
 30
0.0
 11
1.1600000000000001
 21
6.980000000000001
 31
0.0
  0
LINE
  5
1A7
330
17
100
AcDbEntity
  8
A-FURN
100
AcDbLine
 10
1.1600000000000001
 20
6.980000000000001
 30
0.0
 11
1.1600000000000001
 21
7.010000000000002
 31
0.0
  0
LINE
  5
1A8
330
17
100
AcDbEntity
  8
A-FURN
100
AcDbLine
 10
1.1600000000000001
 20
7.010000000000002
 30
0.0
 11
0.9600000000000001
 21
7.010000000000002
 31
0.0
  0
LINE
  5
1A9
330
17
100
AcDbEntity
  8
A-FURN
100
AcDbLine
 10
0.9600000000000001
 20
7.010000000000002
 30
0.0
 11
0.9600000000000001
 21
6.980000000000001
 31
0.0
  0
LINE
  5
1AA
330
17
100
AcDbEntity
  8
A-FURN
100
AcDbLine
 10
1.7200000000000002
 20
6.980000000000001
 30
0.0
 11
1.9200000000000002
 21
6.980000000000001
 31
0.0
  0
LINE
  5
1AB
330
17
100
AcDbEntity
  8
A-FURN
100
AcDbLine
 10
1.9200000000000002
 20
6.980000000000001
 30
0.0
 11
1.9200000000000002
 21
7.010000000000002
 31
0.0
  0
LINE
  5
1AC
330
17
100
AcDbEntity
  8
A-FURN
100
AcDbLine
 10
1.9200000000000002
 20
7.010000000000002
 30
0.0
 11
1.7200000000000002
 21
7.010000000000002
 31
0.0
  0
LINE
  5
1AD
330
17
100
AcDbEntity
  8
A-FURN
100
AcDbLine
 10
1.7200000000000002
 20
7.010000000000002
 30
0.0
 11
1.7200000000000002
 21
6.980000000000001
 31
0.0
  0
HATCH
  5
1AE
330
17
100
AcDbEntity
  8
A-FURN
 62
7
420
3355443
100
AcDbHatch
 10
0.0
 20
0.0
 30
0.0
210
0.0
220
0.0
230
1.0
  2
SOLID
 70
1
 71
0
 91
1
 92
3
 72
0
 73
1
 93
4
 10
2.6
 20
6.960000000000001
 10
2.76
 20
6.960000000000001
 10
2.76
 20
7.010000000000002
 10
2.6
 20
7.010000000000002
 97
0
 75
0
 76
1
 98
0
  0
LINE
  5
1AF
330
17
100
AcDbEntity
  8
A-FURN
100
AcDbLine
 10
2.2
 20
6.980000000000001
 30
0.0
 11
2.4000000000000004
 21
6.980000000000001
 31
0.0
  0
LINE
  5
1B0
330
17
100
AcDbEntity
  8
A-FURN
100
AcDbLine
 10
2.4000000000000004
 20
6.980000000000001
 30
0.0
 11
2.4000000000000004
 21
7.010000000000002
 31
0.0
  0
LINE
  5
1B1
330
17
100
AcDbEntity
  8
A-FURN
100
AcDbLine
 10
2.4000000000000004
 20
7.010000000000002
 30
0.0
 11
2.2
 21
7.010000000000002
 31
0.0
  0
LINE
  5
1B2
330
17
100
AcDbEntity
  8
A-FURN
100
AcDbLine
 10
2.2
 20
7.010000000000002
 30
0.0
 11
2.2
 21
6.980000000000001
 31
0.0
  0
LINE
  5
1B3
330
17
100
AcDbEntity
  8
A-FURN
100
AcDbLine
 10
2.96
 20
6.980000000000001
 30
0.0
 11
3.16
 21
6.980000000000001
 31
0.0
  0
LINE
  5
1B4
330
17
100
AcDbEntity
  8
A-FURN
100
AcDbLine
 10
3.16
 20
6.980000000000001
 30
0.0
 11
3.16
 21
7.010000000000002
 31
0.0
  0
LINE
  5
1B5
330
17
100
AcDbEntity
  8
A-FURN
100
AcDbLine
 10
3.16
 20
7.010000000000002
 30
0.0
 11
2.96
 21
7.010000000000002
 31
0.0
  0
LINE
  5
1B6
330
17
100
AcDbEntity
  8
A-FURN
100
AcDbLine
 10
2.96
 20
7.010000000000002
 30
0.0
 11
2.96
 21
6.980000000000001
 31
0.0
  0
LINE
  5
1B7
330
17
100
AcDbEntity
  8
A-AREA-ZONE
100
AcDbLine
 10
1.9400000000000002
 20
6.7200000000000015
 30
0.0
 11
1.9900000000000002
 21
6.7200000000000015
 31
0.0
  0
LINE
  5
1B8
330
17
100
AcDbEntity
  8
A-AREA-ZONE
100
AcDbLine
 10
2.0250000000000004
 20
6.7200000000000015
 30
0.0
 11
2.075
 21
6.7200000000000015
 31
0.0
  0
LINE
  5
1B9
330
17
100
AcDbEntity
  8
A-AREA-ZONE
100
AcDbLine
 10
2.1100000000000003
 20
6.7200000000000015
 30
0.0
 11
2.16
 21
6.7200000000000015
 31
0.0
  0
LINE
  5
1BA
330
17
100
AcDbEntity
  8
A-AREA-ZONE
100
AcDbLine
 10
2.18
 20
6.7200000000000015
 30
0.0
 11
2.18
 21
6.770000000000001
 31
0.0
  0
LINE
  5
1BB
330
17
100
AcDbEntity
  8
A-AREA-ZONE
100
AcDbLine
 10
2.18
 20
6.8050000000000015
 30
0.0
 11
2.18
 21
6.855000000000001
 31
0.0
  0
LINE
  5
1BC
330
17
100
AcDbEntity
  8
A-AREA-ZONE
100
AcDbLine
 10
2.18
 20
6.8900000000000015
 30
0.0
 11
2.18
 21
6.940000000000001
 31
0.0
  0
LINE
  5
1BD
330
17
100
AcDbEntity
  8
A-AREA-ZONE
100
AcDbLine
 10
2.18
 20
6.975000000000001
 30
0.0
 11
2.18
 21
7.020000000000001
 31
0.0
  0
LINE
  5
1BE
330
17
100
AcDbEntity
  8
A-AREA-ZONE
100
AcDbLine
 10
2.18
 20
7.020000000000001
 30
0.0
 11
2.1300000000000003
 21
7.020000000000001
 31
0.0
  0
LINE
  5
1BF
330
17
100
AcDbEntity
  8
A-AREA-ZONE
100
AcDbLine
 10
2.095
 20
7.020000000000001
 30
0.0
 11
2.045
 21
7.020000000000001
 31
0.0
  0
LINE
  5
1C0
330
17
100
AcDbEntity
  8
A-AREA-ZONE
100
AcDbLine
 10
2.0100000000000002
 20
7.020000000000001
 30
0.0
 11
1.9600000000000002
 21
7.020000000000001
 31
0.0
  0
LINE
  5
1C1
330
17
100
AcDbEntity
  8
A-AREA-ZONE
100
AcDbLine
 10
1.9400000000000002
 20
7.020000000000001
 30
0.0
 11
1.9400000000000002
 21
6.9700000000000015
 31
0.0
  0
LINE
  5
1C2
330
17
100
AcDbEntity
  8
A-AREA-ZONE
100
AcDbLine
 10
1.9400000000000002
 20
6.935000000000001
 30
0.0
 11
1.9400000000000002
 21
6.885000000000002
 31
0.0
  0
LINE
  5
1C3
330
17
100
AcDbEntity
  8
A-AREA-ZONE
100
AcDbLine
 10
1.9400000000000002
 20
6.850000000000001
 30
0.0
 11
1.9400000000000002
 21
6.800000000000002
 31
0.0
  0
LINE
  5
1C4
330
17
100
AcDbEntity
  8
A-AREA-ZONE
100
AcDbLine
 10
1.9400000000000002
 20
6.7650000000000015
 30
0.0
 11
1.9400000000000002
 21
6.7200000000000015
 31
0.0
  0
LINE
  5
1C5
330
17
100
AcDbEntity
  8
A-AREA-ZONE
100
AcDbLine
 10
2.277
 20
9.3
 30
0.0
 11
2.327
 21
9.3
 31
0.0
  0
LINE
  5
1C6
330
17
100
AcDbEntity
  8
A-AREA-ZONE
100
AcDbLine
 10
2.362
 20
9.3
 30
0.0
 11
2.412
 21
9.3
 31
0.0
  0
LINE
  5
1C7
330
17
100
AcDbEntity
  8
A-AREA-ZONE
100
AcDbLine
 10
2.4370000000000003
 20
9.3
 30
0.0
 11
2.4370000000000003
 21
9.350000000000001
 31
0.0
  0
LINE
  5
1C8
330
17
100
AcDbEntity
  8
A-AREA-ZONE
100
AcDbLine
 10
2.4370000000000003
 20
9.385000000000002
 30
0.0
 11
2.4370000000000003
 21
9.435
 31
0.0
  0
LINE
  5
1C9
330
17
100
AcDbEntity
  8
A-AREA-ZONE
100
AcDbLine
 10
2.4370000000000003
 20
9.47
 30
0.0
 11
2.4370000000000003
 21
9.520000000000001
 31
0.0
  0
LINE
  5
1CA
330
17
100
AcDbEntity
  8
A-AREA-ZONE
100
AcDbLine
 10
2.4370000000000003
 20
9.555000000000001
 30
0.0
 11
2.4370000000000003
 21
9.600000000000001
 31
0.0
  0
LINE
  5
1CB
330
17
100
AcDbEntity
  8
A-AREA-ZONE
100
AcDbLine
 10
2.4370000000000003
 20
9.600000000000001
 30
0.0
 11
2.3870000000000005
 21
9.600000000000001
 31
0.0
  0
LINE
  5
1CC
330
17
100
AcDbEntity
  8
A-AREA-ZONE
100
AcDbLine
 10
2.3520000000000003
 20
9.600000000000001
 30
0.0
 11
2.3020000000000005
 21
9.600000000000001
 31
0.0
  0
LINE
  5
1CD
330
17
100
AcDbEntity
  8
A-AREA-ZONE
100
AcDbLine
 10
2.277
 20
9.600000000000001
 30
0.0
 11
2.277
 21
9.55
 31
0.0
  0
LINE
  5
1CE
330
17
100
AcDbEntity
  8
A-AREA-ZONE
100
AcDbLine
 10
2.277
 20
9.515
 30
0.0
 11
2.277
 21
9.465000000000002
 31
0.0
  0
LINE
  5
1CF
330
17
100
AcDbEntity
  8
A-AREA-ZONE
100
AcDbLine
 10
2.277
 20
9.430000000000001
 30
0.0
 11
2.277
 21
9.38
 31
0.0
  0
LINE
  5
1D0
330
17
100
AcDbEntity
  8
A-AREA-ZONE
100
AcDbLine
 10
2.277
 20
9.345
 30
0.0
 11
2.277
 21
9.3
 31
0.0
  0
TEXT
  5
1D1
330
17
100
AcDbEntity
  8
A-ANNO-TEXT
100
AcDbText
 10
0.9600000000000001
 20
6.752000000000001
 30
0.0
 40
0.036
  1
TABLE / BENCH ZONE (15')
  7
KS-REG
 11
0.9600000000000001
 21
6.752000000000001
 31
0.0
100
AcDbText
  0
TEXT
  5
1D2
330
17
100
AcDbEntity
  8
A-ANNO-TEXT
100
AcDbText
 10
0.98
 20
9.520000000000001
 30
0.0
 40
0.036
  1
TABLE / BENCH ZONE (15')
  7
KS-REG
 11
0.98
 21
9.520000000000001
 31
0.0
100
AcDbText
  0
LINE
  5
1D3
330
17
100
AcDbEntity
  8
A-ANNO-DIMS
100
AcDbLine
 10
0.92
 20
6.410000000000001
 30
0.0
 11
3.3200000000000003
 21
6.410000000000001
 31
0.0
  0
LINE
  5
1D4
330
17
100
AcDbEntity
  8
A-ANNO-DIMS
100
AcDbLine
 10
0.92
 20
6.386000000000001
 30
0.0
 11
0.92
 21
6.434000000000001
 31
0.0
  0
LINE
  5
1D5
330
17
100
AcDbEntity
  8
A-ANNO-DIMS
100
AcDbLine
 10
1.12
 20
6.386000000000001
 30
0.0
 11
1.12
 21
6.434000000000001
 31
0.0
  0
LINE
  5
1D6
330
17
100
AcDbEntity
  8
A-ANNO-DIMS
100
AcDbLine
 10
1.96
 20
6.386000000000001
 30
0.0
 11
1.96
 21
6.434000000000001
 31
0.0
  0
LINE
  5
1D7
330
17
100
AcDbEntity
  8
A-ANNO-DIMS
100
AcDbLine
 10
2.16
 20
6.386000000000001
 30
0.0
 11
2.16
 21
6.434000000000001
 31
0.0
  0
LINE
  5
1D8
330
17
100
AcDbEntity
  8
A-ANNO-DIMS
100
AcDbLine
 10
3.0
 20
6.386000000000001
 30
0.0
 11
3.0
 21
6.434000000000001
 31
0.0
  0
LINE
  5
1D9
330
17
100
AcDbEntity
  8
A-ANNO-DIMS
100
AcDbLine
 10
3.3200000000000003
 20
6.386000000000001
 30
0.0
 11
3.3200000000000003
 21
6.434000000000001
 31
0.0
  0
TEXT
  5
1DA
330
17
100
AcDbEntity
  8
A-ANNO-DIMS
100
AcDbText
 10
1.02
 20
6.4300000000000015
 30
0.0
 40
0.038
  1
10'
  7
KS-REG
 72
1
 11
1.02
 21
6.4300000000000015
 31
0.0
100
AcDbText
  0
TEXT
  5
1DB
330
17
100
AcDbEntity
  8
A-ANNO-DIMS
100
AcDbText
 10
1.54
 20
6.4300000000000015
 30
0.0
 40
0.038
  1
42'
  7
KS-REG
 72
1
 11
1.54
 21
6.4300000000000015
 31
0.0
100
AcDbText
  0
TEXT
  5
1DC
330
17
100
AcDbEntity
  8
A-ANNO-DIMS
100
AcDbText
 10
2.06
 20
6.4300000000000015
 30
0.0
 40
0.038
  1
10'
  7
KS-REG
 72
1
 11
2.06
 21
6.4300000000000015
 31
0.0
100
AcDbText
  0
TEXT
  5
1DD
330
17
100
AcDbEntity
  8
A-ANNO-DIMS
100
AcDbText
 10
2.58
 20
6.4300000000000015
 30
0.0
 40
0.038
  1
42'
  7
KS-REG
 72
1
 11
2.58
 21
6.4300000000000015
 31
0.0
100
AcDbText
  0
TEXT
  5
1DE
330
17
100
AcDbEntity
  8
A-ANNO-DIMS
100
AcDbText
 10
3.16
 20
6.4300000000000015
 30
0.0
 40
0.038
  1
16'
  7
KS-REG
 72
1
 11
3.16
 21
6.4300000000000015
 31
0.0
100
AcDbText
  0
LINE
  5
1DF
330
17
100
AcDbEntity
  8
A-ANNO-DIMS
100
AcDbLine
 10
3.6100000000000003
 20
6.7200000000000015
 30
0.0
 11
3.6100000000000003
 21
9.600000000000001
 31
0.0
  0
LINE
  5
1E0
330
17
100
AcDbEntity
  8
A-ANNO-DIMS
100
AcDbLine
 10
3.5860000000000003
 20
6.7200000000000015
 30
0.0
 11
3.6339999999999995
 21
6.7200000000000015
 31
0.0
  0
LINE
  5
1E1
330
17
100
AcDbEntity
  8
A-ANNO-DIMS
100
AcDbLine
 10
3.5860000000000003
 20
7.2200000000000015
 30
0.0
 11
3.6339999999999995
 21
7.2200000000000015
 31
0.0
  0
LINE
  5
1E2
330
17
100
AcDbEntity
  8
A-ANNO-DIMS
100
AcDbLine
 10
3.5860000000000003
 20
8.06
 30
0.0
 11
3.6339999999999995
 21
8.06
 31
0.0
  0
LINE
  5
1E3
330
17
100
AcDbEntity
  8
A-ANNO-DIMS
100
AcDbLine
 10
3.5860000000000003
 20
8.260000000000002
 30
0.0
 11
3.6339999999999995
 21
8.260000000000002
 31
0.0
  0
LINE
  5
1E4
330
17
100
AcDbEntity
  8
A-ANNO-DIMS
100
AcDbLine
 10
3.5860000000000003
 20
9.100000000000001
 30
0.0
 11
3.6339999999999995
 21
9.100000000000001
 31
0.0
  0
LINE
  5
1E5
330
17
100
AcDbEntity
  8
A-ANNO-DIMS
100
AcDbLine
 10
3.5860000000000003
 20
9.600000000000001
 30
0.0
 11
3.6339999999999995
 21
9.600000000000001
 31
0.0
  0
TEXT
  5
1E6
330
17
100
AcDbEntity
  8
A-ANNO-DIMS
100
AcDbText
 10
3.638
 20
6.9700000000000015
 30
0.0
 40
0.038
  1
25'
 50
90.0
  7
KS-REG
 72
1
 11
3.638
 21
6.9700000000000015
 31
0.0
100
AcDbText
  0
TEXT
  5
1E7
330
17
100
AcDbEntity
  8
A-ANNO-DIMS
100
AcDbText
 10
3.638
 20
7.6400000000000015
 30
0.0
 40
0.038
  1
42'
 50
90.0
  7
KS-REG
 72
1
 11
3.638
 21
7.6400000000000015
 31
0.0
100
AcDbText
  0
TEXT
  5
1E8
330
17
100
AcDbEntity
  8
A-ANNO-DIMS
100
AcDbText
 10
3.638
 20
8.160000000000002
 30
0.0
 40
0.038
  1
10'
 50
90.0
  7
KS-REG
 72
1
 11
3.638
 21
8.160000000000002
 31
0.0
100
AcDbText
  0
TEXT
  5
1E9
330
17
100
AcDbEntity
  8
A-ANNO-DIMS
100
AcDbText
 10
3.638
 20
8.680000000000001
 30
0.0
 40
0.038
  1
42'
 50
90.0
  7
KS-REG
 72
1
 11
3.638
 21
8.680000000000001
 31
0.0
100
AcDbText
  0
TEXT
  5
1EA
330
17
100
AcDbEntity
  8
A-ANNO-DIMS
100
AcDbText
 10
3.638
 20
9.350000000000001
 30
0.0
 40
0.038
  1
25'
 50
90.0
  7
KS-REG
 72
1
 11
3.638
 21
9.350000000000001
 31
0.0
100
AcDbText
  0
TEXT
  5
1EB
330
17
100
AcDbEntity
  8
A-ANNO-TEXT
100
AcDbText
 10
0.8
 20
10.150000000000002
 30
0.0
 40
0.06999999999999999
  1
(a) WRESTLING — 4 x 42' MATS, 2 x 2
  7
KS-BOLD
 11
0.8
 21
10.150000000000002
 31
0.0
100
AcDbText
  0
TEXT
  5
1EC
330
17
100
AcDbEntity
  8
A-ANNO-TEXT
100
AcDbText
 10
0.8
 20
10.040000000000001
 30
0.0
 40
0.048
  1
1" = 50'-0" · tier open · NFHS clearances all PASS (table at right)
  7
KS-REG
 11
0.8
 21
10.040000000000001
 31
0.0
100
AcDbText
  0
HATCH
  5
1ED
330
17
100
AcDbEntity
  8
A-SEAT-TELE
 62
7
420
15000804
100
AcDbHatch
 10
0.0
 20
0.0
 30
0.0
210
0.0
220
0.0
230
1.0
  2
SOLID
 70
1
 71
0
 91
1
 92
3
 72
0
 73
1
 93
4
 10
4.22
 20
9.600000000000001
 10
6.859999999999999
 20
9.600000000000001
 10
6.859999999999999
 20
9.840000000000002
 10
4.22
 20
9.840000000000002
 97
0
 75
0
 76
1
 98
0
  0
LINE
  5
1EE
330
17
100
AcDbEntity
  8
A-SEAT-TELE
100
AcDbLine
 10
4.22
 20
9.64
 30
0.0
 11
6.859999999999999
 21
9.64
 31
0.0
  0
LINE
  5
1EF
330
17
100
AcDbEntity
  8
A-SEAT-TELE
100
AcDbLine
 10
4.22
 20
9.680000000000001
 30
0.0
 11
6.859999999999999
 21
9.680000000000001
 31
0.0
  0
LINE
  5
1F0
330
17
100
AcDbEntity
  8
A-SEAT-TELE
100
AcDbLine
 10
4.22
 20
9.72
 30
0.0
 11
6.859999999999999
 21
9.72
 31
0.0
  0
LINE
  5
1F1
330
17
100
AcDbEntity
  8
A-SEAT-TELE
100
AcDbLine
 10
4.22
 20
9.760000000000002
 30
0.0
 11
6.859999999999999
 21
9.760000000000002
 31
0.0
  0
LINE
  5
1F2
330
17
100
AcDbEntity
  8
A-SEAT-TELE
100
AcDbLine
 10
4.22
 20
9.8
 30
0.0
 11
6.859999999999999
 21
9.8
 31
0.0
  0
HATCH
  5
1F3
330
17
100
AcDbEntity
  8
A-SEAT-TELE
 62
7
420
15000804
100
AcDbHatch
 10
0.0
 20
0.0
 30
0.0
210
0.0
220
0.0
230
1.0
  2
SOLID
 70
1
 71
0
 91
1
 92
3
 72
0
 73
1
 93
4
 10
4.22
 20
6.480000000000001
 10
6.859999999999999
 20
6.480000000000001
 10
6.859999999999999
 20
6.7200000000000015
 10
4.22
 20
6.7200000000000015
 97
0
 75
0
 76
1
 98
0
  0
LINE
  5
1F4
330
17
100
AcDbEntity
  8
A-SEAT-TELE
100
AcDbLine
 10
4.22
 20
6.6800000000000015
 30
0.0
 11
6.859999999999999
 21
6.6800000000000015
 31
0.0
  0
LINE
  5
1F5
330
17
100
AcDbEntity
  8
A-SEAT-TELE
100
AcDbLine
 10
4.22
 20
6.6400000000000015
 30
0.0
 11
6.859999999999999
 21
6.6400000000000015
 31
0.0
  0
LINE
  5
1F6
330
17
100
AcDbEntity
  8
A-SEAT-TELE
100
AcDbLine
 10
4.22
 20
6.600000000000001
 30
0.0
 11
6.859999999999999
 21
6.600000000000001
 31
0.0
  0
LINE
  5
1F7
330
17
100
AcDbEntity
  8
A-SEAT-TELE
100
AcDbLine
 10
4.22
 20
6.560000000000001
 30
0.0
 11
6.859999999999999
 21
6.560000000000001
 31
0.0
  0
LINE
  5
1F8
330
17
100
AcDbEntity
  8
A-SEAT-TELE
100
AcDbLine
 10
4.22
 20
6.520000000000001
 30
0.0
 11
6.859999999999999
 21
6.520000000000001
 31
0.0
  0
HATCH
  5
1F9
330
17
100
AcDbEntity
  8
A-SEAT-TELE
 62
7
420
15000804
100
AcDbHatch
 10
0.0
 20
0.0
 30
0.0
210
0.0
220
0.0
230
1.0
  2
SOLID
 70
1
 71
0
 91
1
 92
3
 72
0
 73
1
 93
4
 10
6.619999999999999
 20
6.7200000000000015
 10
6.859999999999999
 20
6.7200000000000015
 10
6.859999999999999
 20
9.600000000000001
 10
6.619999999999999
 20
9.600000000000001
 97
0
 75
0
 76
1
 98
0
  0
LINE
  5
1FA
330
17
100
AcDbEntity
  8
A-SEAT-TELE
100
AcDbLine
 10
6.66
 20
6.7200000000000015
 30
0.0
 11
6.66
 21
9.600000000000001
 31
0.0
  0
LINE
  5
1FB
330
17
100
AcDbEntity
  8
A-SEAT-TELE
100
AcDbLine
 10
6.699999999999999
 20
6.7200000000000015
 30
0.0
 11
6.699999999999999
 21
9.600000000000001
 31
0.0
  0
LINE
  5
1FC
330
17
100
AcDbEntity
  8
A-SEAT-TELE
100
AcDbLine
 10
6.74
 20
6.7200000000000015
 30
0.0
 11
6.74
 21
9.600000000000001
 31
0.0
  0
LINE
  5
1FD
330
17
100
AcDbEntity
  8
A-SEAT-TELE
100
AcDbLine
 10
6.779999999999999
 20
6.7200000000000015
 30
0.0
 11
6.779999999999999
 21
9.600000000000001
 31
0.0
  0
LINE
  5
1FE
330
17
100
AcDbEntity
  8
A-SEAT-TELE
100
AcDbLine
 10
6.82
 20
6.7200000000000015
 30
0.0
 11
6.82
 21
9.600000000000001
 31
0.0
  0
HATCH
  5
1FF
330
17
100
AcDbEntity
  8
A-SEAT-TELE
 62
7
420
16777215
100
AcDbHatch
 10
0.0
 20
0.0
 30
0.0
210
0.0
220
0.0
230
1.0
  2
SOLID
 70
1
 71
0
 91
1
 92
3
 72
0
 73
1
 93
4
 10
5.24
 20
6.480000000000001
 10
5.4799999999999995
 20
6.480000000000001
 10
5.4799999999999995
 20
6.7200000000000015
 10
5.24
 20
6.7200000000000015
 97
0
 75
0
 76
1
 98
0
  0
LINE
  5
200
330
17
100
AcDbEntity
  8
A-SEAT-TELE
100
AcDbLine
 10
5.24
 20
6.480000000000001
 30
0.0
 11
5.24
 21
6.7200000000000015
 31
0.0
  0
LINE
  5
201
330
17
100
AcDbEntity
  8
A-SEAT-TELE
100
AcDbLine
 10
5.4799999999999995
 20
6.480000000000001
 30
0.0
 11
5.4799999999999995
 21
6.7200000000000015
 31
0.0
  0
TEXT
  5
202
330
17
100
AcDbEntity
  8
A-ANNO-TEXT
100
AcDbText
 10
5.359999999999999
 20
6.576000000000001
 30
0.0
 40
0.036
  1
PORTAL
  7
KS-REG
 72
1
 11
5.359999999999999
 21
6.576000000000001
 31
0.0
100
AcDbText
  0
HATCH
  5
203
330
17
100
AcDbEntity
  8
A-SEAT-TELE
 62
7
420
16777215
100
AcDbHatch
 10
0.0
 20
0.0
 30
0.0
210
0.0
220
0.0
230
1.0
  2
SOLID
 70
1
 71
0
 91
1
 92
3
 72
0
 73
1
 93
4
 10
5.577
 20
9.600000000000001
 10
5.737
 20
9.600000000000001
 10
5.737
 20
9.840000000000002
 10
5.577
 20
9.840000000000002
 97
0
 75
0
 76
1
 98
0
  0
LINE
  5
204
330
17
100
AcDbEntity
  8
A-SEAT-TELE
100
AcDbLine
 10
5.577
 20
9.600000000000001
 30
0.0
 11
5.577
 21
9.840000000000002
 31
0.0
  0
LINE
  5
205
330
17
100
AcDbEntity
  8
A-SEAT-TELE
100
AcDbLine
 10
5.737
 20
9.600000000000001
 30
0.0
 11
5.737
 21
9.840000000000002
 31
0.0
  0
TEXT
  5
206
330
17
100
AcDbEntity
  8
A-ANNO-TEXT
100
AcDbText
 10
5.657
 20
9.696000000000002
 30
0.0
 40
0.036
  1
V1
  7
KS-REG
 72
1
 11
5.657
 21
9.696000000000002
 31
0.0
100
AcDbText
  0
HATCH
  5
207
330
17
100
AcDbEntity
  8
A-SEAT-TELE
 62
7
420
16777215
100
AcDbHatch
 10
0.0
 20
0.0
 30
0.0
210
0.0
220
0.0
230
1.0
  2
SOLID
 70
1
 71
0
 91
1
 92
3
 72
0
 73
1
 93
4
 10
6.619999999999999
 20
8.861800000000002
 10
6.859999999999999
 20
8.861800000000002
 10
6.859999999999999
 20
9.0218
 10
6.619999999999999
 20
9.0218
 97
0
 75
0
 76
1
 98
0
  0
LINE
  5
208
330
17
100
AcDbEntity
  8
A-SEAT-TELE
100
AcDbLine
 10
6.619999999999999
 20
8.861800000000002
 30
0.0
 11
6.859999999999999
 21
8.861800000000002
 31
0.0
  0
LINE
  5
209
330
17
100
AcDbEntity
  8
A-SEAT-TELE
100
AcDbLine
 10
6.619999999999999
 20
9.0218
 30
0.0
 11
6.859999999999999
 21
9.0218
 31
0.0
  0
TEXT
  5
20A
330
17
100
AcDbEntity
  8
A-ANNO-TEXT
100
AcDbText
 10
6.763999999999999
 20
8.9418
 30
0.0
 40
0.036
  1
V2
 50
90.0
  7
KS-REG
 72
1
 11
6.763999999999999
 21
8.9418
 31
0.0
100
AcDbText
  0
LINE
  5
20B
330
17
100
AcDbEntity
  8
A-WALL
100
AcDbLine
 10
4.22
 20
6.480000000000001
 30
0.0
 11
6.859999999999999
 21
6.480000000000001
 31
0.0
  0
LINE
  5
20C
330
17
100
AcDbEntity
  8
A-WALL
100
AcDbLine
 10
6.859999999999999
 20
6.480000000000001
 30
0.0
 11
6.859999999999999
 21
9.840000000000002
 31
0.0
  0
LINE
  5
20D
330
17
100
AcDbEntity
  8
A-WALL
100
AcDbLine
 10
6.859999999999999
 20
9.840000000000002
 30
0.0
 11
4.22
 21
9.840000000000002
 31
0.0
  0
LINE
  5
20E
330
17
100
AcDbEntity
  8
A-WALL
100
AcDbLine
 10
4.22
 20
9.840000000000002
 30
0.0
 11
4.22
 21
6.480000000000001
 31
0.0
  0
LINE
  5
20F
330
17
100
AcDbEntity
  8
A-WALL
100
AcDbLine
 10
4.22
 20
6.7200000000000015
 30
0.0
 11
6.619999999999999
 21
6.7200000000000015
 31
0.0
  0
LINE
  5
210
330
17
100
AcDbEntity
  8
A-WALL
100
AcDbLine
 10
6.619999999999999
 20
6.7200000000000015
 30
0.0
 11
6.619999999999999
 21
9.600000000000001
 31
0.0
  0
LINE
  5
211
330
17
100
AcDbEntity
  8
A-WALL
100
AcDbLine
 10
6.619999999999999
 20
9.600000000000001
 30
0.0
 11
4.22
 21
9.600000000000001
 31
0.0
  0
LINE
  5
212
330
17
100
AcDbEntity
  8
A-WALL
100
AcDbLine
 10
4.22
 20
9.600000000000001
 30
0.0
 11
4.22
 21
6.7200000000000015
 31
0.0
  0
TEXT
  5
213
330
17
100
AcDbEntity
  8
A-ANNO-TEXT
100
AcDbText
 10
4.159999999999999
 20
8.160000000000002
 30
0.0
 40
0.034999999999999996
  1
ATHLETE CORRIDOR (W) — floor edge open
 50
90.0
  7
KS-REG
 72
1
 11
4.159999999999999
 21
8.160000000000002
 31
0.0
100
AcDbText
  0
TEXT
  5
214
330
17
100
AcDbEntity
  8
A-ANNO-TEXT
100
AcDbText
 10
5.539999999999999
 20
9.872000000000002
 30
0.0
 40
0.034999999999999996
  1
upper tier (fixed) beyond — L2
  7
KS-REG
 72
1
 11
5.539999999999999
 21
9.872000000000002
 31
0.0
100
AcDbText
  0
HATCH
  5
215
330
17
100
AcDbEntity
  8
A-FLOR-CRT
 62
7
420
16247768
100
AcDbHatch
 10
0.0
 20
0.0
 30
0.0
210
0.0
220
0.0
230
1.0
  2
SOLID
 70
1
 71
0
 91
1
 92
3
 72
0
 73
1
 93
4
 10
4.859999999999999
 20
7.320000000000001
 10
5.859999999999999
 20
7.320000000000001
 10
5.859999999999999
 20
9.000000000000002
 10
4.859999999999999
 20
9.000000000000002
 97
0
 75
0
 76
1
 98
0
  0
LWPOLYLINE
  5
216
330
17
100
AcDbEntity
  8
A-FLOR-CRT
100
AcDbPolyline
 90
4
 70
1
 10
4.859999999999999
 20
7.320000000000001
 10
5.859999999999999
 20
7.320000000000001
 10
5.859999999999999
 20
9.000000000000002
 10
4.859999999999999
 20
9.000000000000002
  0
LINE
  5
217
330
17
100
AcDbEntity
  8
A-FLOR-CRT
100
AcDbLine
 10
4.859999999999999
 20
8.160000000000002
 30
0.0
 11
5.859999999999999
 21
8.160000000000002
 31
0.0
  0
LINE
  5
218
330
17
100
AcDbEntity
  8
A-FLOR-CRT
100
AcDbLine
 10
4.66
 20
7.120000000000001
 30
0.0
 11
4.71
 21
7.120000000000001
 31
0.0
  0
LINE
  5
219
330
17
100
AcDbEntity
  8
A-FLOR-CRT
100
AcDbLine
 10
4.745
 20
7.120000000000001
 30
0.0
 11
4.795
 21
7.120000000000001
 31
0.0
  0
LINE
  5
21A
330
17
100
AcDbEntity
  8
A-FLOR-CRT
100
AcDbLine
 10
4.83
 20
7.120000000000001
 30
0.0
 11
4.88
 21
7.120000000000001
 31
0.0
  0
LINE
  5
21B
330
17
100
AcDbEntity
  8
A-FLOR-CRT
100
AcDbLine
 10
4.915
 20
7.120000000000001
 30
0.0
 11
4.965
 21
7.120000000000001
 31
0.0
  0
LINE
  5
21C
330
17
100
AcDbEntity
  8
A-FLOR-CRT
100
AcDbLine
 10
5.0
 20
7.120000000000001
 30
0.0
 11
5.05
 21
7.120000000000001
 31
0.0
  0
LINE
  5
21D
330
17
100
AcDbEntity
  8
A-FLOR-CRT
100
AcDbLine
 10
5.085
 20
7.120000000000001
 30
0.0
 11
5.135
 21
7.120000000000001
 31
0.0
  0
LINE
  5
21E
330
17
100
AcDbEntity
  8
A-FLOR-CRT
100
AcDbLine
 10
5.17
 20
7.120000000000001
 30
0.0
 11
5.22
 21
7.120000000000001
 31
0.0
  0
LINE
  5
21F
330
17
100
AcDbEntity
  8
A-FLOR-CRT
100
AcDbLine
 10
5.255
 20
7.120000000000001
 30
0.0
 11
5.305
 21
7.120000000000001
 31
0.0
  0
LINE
  5
220
330
17
100
AcDbEntity
  8
A-FLOR-CRT
100
AcDbLine
 10
5.34
 20
7.120000000000001
 30
0.0
 11
5.390000000000001
 21
7.120000000000001
 31
0.0
  0
LINE
  5
221
330
17
100
AcDbEntity
  8
A-FLOR-CRT
100
AcDbLine
 10
5.425000000000001
 20
7.120000000000001
 30
0.0
 11
5.4750000000000005
 21
7.120000000000001
 31
0.0
  0
LINE
  5
222
330
17
100
AcDbEntity
  8
A-FLOR-CRT
100
AcDbLine
 10
5.510000000000001
 20
7.120000000000001
 30
0.0
 11
5.5600000000000005
 21
7.120000000000001
 31
0.0
  0
LINE
  5
223
330
17
100
AcDbEntity
  8
A-FLOR-CRT
100
AcDbLine
 10
5.595000000000001
 20
7.120000000000001
 30
0.0
 11
5.6450000000000005
 21
7.120000000000001
 31
0.0
  0
LINE
  5
224
330
17
100
AcDbEntity
  8
A-FLOR-CRT
100
AcDbLine
 10
5.680000000000001
 20
7.120000000000001
 30
0.0
 11
5.73
 21
7.120000000000001
 31
0.0
  0
LINE
  5
225
330
17
100
AcDbEntity
  8
A-FLOR-CRT
100
AcDbLine
 10
5.765000000000001
 20
7.120000000000001
 30
0.0
 11
5.815
 21
7.120000000000001
 31
0.0
  0
LINE
  5
226
330
17
100
AcDbEntity
  8
A-FLOR-CRT
100
AcDbLine
 10
5.8500000000000005
 20
7.120000000000001
 30
0.0
 11
5.9
 21
7.120000000000001
 31
0.0
  0
LINE
  5
227
330
17
100
AcDbEntity
  8
A-FLOR-CRT
100
AcDbLine
 10
5.9350000000000005
 20
7.120000000000001
 30
0.0
 11
5.985
 21
7.120000000000001
 31
0.0
  0
LINE
  5
228
330
17
100
AcDbEntity
  8
A-FLOR-CRT
100
AcDbLine
 10
6.0200000000000005
 20
7.120000000000001
 30
0.0
 11
6.06
 21
7.120000000000001
 31
0.0
  0
LINE
  5
229
330
17
100
AcDbEntity
  8
A-FLOR-CRT
100
AcDbLine
 10
6.06
 20
7.120000000000001
 30
0.0
 11
6.06
 21
7.170000000000001
 31
0.0
  0
LINE
  5
22A
330
17
100
AcDbEntity
  8
A-FLOR-CRT
100
AcDbLine
 10
6.06
 20
7.205000000000001
 30
0.0
 11
6.06
 21
7.255000000000001
 31
0.0
  0
LINE
  5
22B
330
17
100
AcDbEntity
  8
A-FLOR-CRT
100
AcDbLine
 10
6.06
 20
7.290000000000001
 30
0.0
 11
6.06
 21
7.340000000000001
 31
0.0
  0
LINE
  5
22C
330
17
100
AcDbEntity
  8
A-FLOR-CRT
100
AcDbLine
 10
6.06
 20
7.375000000000001
 30
0.0
 11
6.06
 21
7.425000000000001
 31
0.0
  0
LINE
  5
22D
330
17
100
AcDbEntity
  8
A-FLOR-CRT
100
AcDbLine
 10
6.06
 20
7.460000000000001
 30
0.0
 11
6.06
 21
7.510000000000001
 31
0.0
  0
LINE
  5
22E
330
17
100
AcDbEntity
  8
A-FLOR-CRT
100
AcDbLine
 10
6.06
 20
7.545000000000001
 30
0.0
 11
6.06
 21
7.595000000000001
 31
0.0
  0
LINE
  5
22F
330
17
100
AcDbEntity
  8
A-FLOR-CRT
100
AcDbLine
 10
6.06
 20
7.630000000000001
 30
0.0
 11
6.06
 21
7.680000000000001
 31
0.0
  0
LINE
  5
230
330
17
100
AcDbEntity
  8
A-FLOR-CRT
100
AcDbLine
 10
6.06
 20
7.715000000000001
 30
0.0
 11
6.06
 21
7.765000000000001
 31
0.0
  0
LINE
  5
231
330
17
100
AcDbEntity
  8
A-FLOR-CRT
100
AcDbLine
 10
6.06
 20
7.800000000000001
 30
0.0
 11
6.06
 21
7.850000000000001
 31
0.0
  0
LINE
  5
232
330
17
100
AcDbEntity
  8
A-FLOR-CRT
100
AcDbLine
 10
6.06
 20
7.885000000000002
 30
0.0
 11
6.06
 21
7.935000000000001
 31
0.0
  0
LINE
  5
233
330
17
100
AcDbEntity
  8
A-FLOR-CRT
100
AcDbLine
 10
6.06
 20
7.9700000000000015
 30
0.0
 11
6.06
 21
8.020000000000001
 31
0.0
  0
LINE
  5
234
330
17
100
AcDbEntity
  8
A-FLOR-CRT
100
AcDbLine
 10
6.06
 20
8.055000000000001
 30
0.0
 11
6.06
 21
8.105
 31
0.0
  0
LINE
  5
235
330
17
100
AcDbEntity
  8
A-FLOR-CRT
100
AcDbLine
 10
6.06
 20
8.14
 30
0.0
 11
6.06
 21
8.190000000000001
 31
0.0
  0
LINE
  5
236
330
17
100
AcDbEntity
  8
A-FLOR-CRT
100
AcDbLine
 10
6.06
 20
8.225000000000001
 30
0.0
 11
6.06
 21
8.275000000000002
 31
0.0
  0
LINE
  5
237
330
17
100
AcDbEntity
  8
A-FLOR-CRT
100
AcDbLine
 10
6.06
 20
8.31
 30
0.0
 11
6.06
 21
8.360000000000001
 31
0.0
  0
LINE
  5
238
330
17
100
AcDbEntity
  8
A-FLOR-CRT
100
AcDbLine
 10
6.06
 20
8.395000000000001
 30
0.0
 11
6.06
 21
8.445
 31
0.0
  0
LINE
  5
239
330
17
100
AcDbEntity
  8
A-FLOR-CRT
100
AcDbLine
 10
6.06
 20
8.48
 30
0.0
 11
6.06
 21
8.530000000000001
 31
0.0
  0
LINE
  5
23A
330
17
100
AcDbEntity
  8
A-FLOR-CRT
100
AcDbLine
 10
6.06
 20
8.565000000000001
 30
0.0
 11
6.06
 21
8.615000000000002
 31
0.0
  0
LINE
  5
23B
330
17
100
AcDbEntity
  8
A-FLOR-CRT
100
AcDbLine
 10
6.06
 20
8.65
 30
0.0
 11
6.06
 21
8.700000000000001
 31
0.0
  0
LINE
  5
23C
330
17
100
AcDbEntity
  8
A-FLOR-CRT
100
AcDbLine
 10
6.06
 20
8.735000000000001
 30
0.0
 11
6.06
 21
8.785
 31
0.0
  0
LINE
  5
23D
330
17
100
AcDbEntity
  8
A-FLOR-CRT
100
AcDbLine
 10
6.06
 20
8.82
 30
0.0
 11
6.06
 21
8.870000000000001
 31
0.0
  0
LINE
  5
23E
330
17
100
AcDbEntity
  8
A-FLOR-CRT
100
AcDbLine
 10
6.06
 20
8.905000000000001
 30
0.0
 11
6.06
 21
8.955000000000002
 31
0.0
  0
LINE
  5
23F
330
17
100
AcDbEntity
  8
A-FLOR-CRT
100
AcDbLine
 10
6.06
 20
8.99
 30
0.0
 11
6.06
 21
9.040000000000001
 31
0.0
  0
LINE
  5
240
330
17
100
AcDbEntity
  8
A-FLOR-CRT
100
AcDbLine
 10
6.06
 20
9.075000000000001
 30
0.0
 11
6.06
 21
9.125
 31
0.0
  0
LINE
  5
241
330
17
100
AcDbEntity
  8
A-FLOR-CRT
100
AcDbLine
 10
6.06
 20
9.16
 30
0.0
 11
6.06
 21
9.200000000000001
 31
0.0
  0
LINE
  5
242
330
17
100
AcDbEntity
  8
A-FLOR-CRT
100
AcDbLine
 10
6.06
 20
9.200000000000001
 30
0.0
 11
6.01
 21
9.200000000000001
 31
0.0
  0
LINE
  5
243
330
17
100
AcDbEntity
  8
A-FLOR-CRT
100
AcDbLine
 10
5.975
 20
9.200000000000001
 30
0.0
 11
5.925
 21
9.200000000000001
 31
0.0
  0
LINE
  5
244
330
17
100
AcDbEntity
  8
A-FLOR-CRT
100
AcDbLine
 10
5.89
 20
9.200000000000001
 30
0.0
 11
5.84
 21
9.200000000000001
 31
0.0
  0
LINE
  5
245
330
17
100
AcDbEntity
  8
A-FLOR-CRT
100
AcDbLine
 10
5.805
 20
9.200000000000001
 30
0.0
 11
5.755
 21
9.200000000000001
 31
0.0
  0
LINE
  5
246
330
17
100
AcDbEntity
  8
A-FLOR-CRT
100
AcDbLine
 10
5.72
 20
9.200000000000001
 30
0.0
 11
5.67
 21
9.200000000000001
 31
0.0
  0
LINE
  5
247
330
17
100
AcDbEntity
  8
A-FLOR-CRT
100
AcDbLine
 10
5.635
 20
9.200000000000001
 30
0.0
 11
5.585
 21
9.200000000000001
 31
0.0
  0
LINE
  5
248
330
17
100
AcDbEntity
  8
A-FLOR-CRT
100
AcDbLine
 10
5.55
 20
9.200000000000001
 30
0.0
 11
5.5
 21
9.200000000000001
 31
0.0
  0
LINE
  5
249
330
17
100
AcDbEntity
  8
A-FLOR-CRT
100
AcDbLine
 10
5.465
 20
9.200000000000001
 30
0.0
 11
5.414999999999999
 21
9.200000000000001
 31
0.0
  0
LINE
  5
24A
330
17
100
AcDbEntity
  8
A-FLOR-CRT
100
AcDbLine
 10
5.38
 20
9.200000000000001
 30
0.0
 11
5.329999999999999
 21
9.200000000000001
 31
0.0
  0
LINE
  5
24B
330
17
100
AcDbEntity
  8
A-FLOR-CRT
100
AcDbLine
 10
5.295
 20
9.200000000000001
 30
0.0
 11
5.244999999999999
 21
9.200000000000001
 31
0.0
  0
LINE
  5
24C
330
17
100
AcDbEntity
  8
A-FLOR-CRT
100
AcDbLine
 10
5.209999999999999
 20
9.200000000000001
 30
0.0
 11
5.159999999999999
 21
9.200000000000001
 31
0.0
  0
LINE
  5
24D
330
17
100
AcDbEntity
  8
A-FLOR-CRT
100
AcDbLine
 10
5.124999999999999
 20
9.200000000000001
 30
0.0
 11
5.074999999999999
 21
9.200000000000001
 31
0.0
  0
LINE
  5
24E
330
17
100
AcDbEntity
  8
A-FLOR-CRT
100
AcDbLine
 10
5.039999999999999
 20
9.200000000000001
 30
0.0
 11
4.989999999999999
 21
9.200000000000001
 31
0.0
  0
LINE
  5
24F
330
17
100
AcDbEntity
  8
A-FLOR-CRT
100
AcDbLine
 10
4.954999999999999
 20
9.200000000000001
 30
0.0
 11
4.904999999999999
 21
9.200000000000001
 31
0.0
  0
LINE
  5
250
330
17
100
AcDbEntity
  8
A-FLOR-CRT
100
AcDbLine
 10
4.869999999999999
 20
9.200000000000001
 30
0.0
 11
4.819999999999999
 21
9.200000000000001
 31
0.0
  0
LINE
  5
251
330
17
100
AcDbEntity
  8
A-FLOR-CRT
100
AcDbLine
 10
4.784999999999999
 20
9.200000000000001
 30
0.0
 11
4.734999999999999
 21
9.200000000000001
 31
0.0
  0
LINE
  5
252
330
17
100
AcDbEntity
  8
A-FLOR-CRT
100
AcDbLine
 10
4.699999999999999
 20
9.200000000000001
 30
0.0
 11
4.66
 21
9.200000000000001
 31
0.0
  0
LINE
  5
253
330
17
100
AcDbEntity
  8
A-FLOR-CRT
100
AcDbLine
 10
4.66
 20
9.200000000000001
 30
0.0
 11
4.66
 21
9.15
 31
0.0
  0
LINE
  5
254
330
17
100
AcDbEntity
  8
A-FLOR-CRT
100
AcDbLine
 10
4.66
 20
9.115
 30
0.0
 11
4.66
 21
9.065000000000001
 31
0.0
  0
LINE
  5
255
330
17
100
AcDbEntity
  8
A-FLOR-CRT
100
AcDbLine
 10
4.66
 20
9.030000000000001
 30
0.0
 11
4.66
 21
8.98
 31
0.0
  0
LINE
  5
256
330
17
100
AcDbEntity
  8
A-FLOR-CRT
100
AcDbLine
 10
4.66
 20
8.945
 30
0.0
 11
4.66
 21
8.895000000000001
 31
0.0
  0
LINE
  5
257
330
17
100
AcDbEntity
  8
A-FLOR-CRT
100
AcDbLine
 10
4.66
 20
8.860000000000001
 30
0.0
 11
4.66
 21
8.81
 31
0.0
  0
LINE
  5
258
330
17
100
AcDbEntity
  8
A-FLOR-CRT
100
AcDbLine
 10
4.66
 20
8.775
 30
0.0
 11
4.66
 21
8.725000000000001
 31
0.0
  0
LINE
  5
259
330
17
100
AcDbEntity
  8
A-FLOR-CRT
100
AcDbLine
 10
4.66
 20
8.690000000000001
 30
0.0
 11
4.66
 21
8.64
 31
0.0
  0
LINE
  5
25A
330
17
100
AcDbEntity
  8
A-FLOR-CRT
100
AcDbLine
 10
4.66
 20
8.605
 30
0.0
 11
4.66
 21
8.555000000000001
 31
0.0
  0
LINE
  5
25B
330
17
100
AcDbEntity
  8
A-FLOR-CRT
100
AcDbLine
 10
4.66
 20
8.520000000000001
 30
0.0
 11
4.66
 21
8.47
 31
0.0
  0
LINE
  5
25C
330
17
100
AcDbEntity
  8
A-FLOR-CRT
100
AcDbLine
 10
4.66
 20
8.435
 30
0.0
 11
4.66
 21
8.385000000000002
 31
0.0
  0
LINE
  5
25D
330
17
100
AcDbEntity
  8
A-FLOR-CRT
100
AcDbLine
 10
4.66
 20
8.350000000000001
 30
0.0
 11
4.66
 21
8.3
 31
0.0
  0
LINE
  5
25E
330
17
100
AcDbEntity
  8
A-FLOR-CRT
100
AcDbLine
 10
4.66
 20
8.265
 30
0.0
 11
4.66
 21
8.215
 31
0.0
  0
LINE
  5
25F
330
17
100
AcDbEntity
  8
A-FLOR-CRT
100
AcDbLine
 10
4.66
 20
8.180000000000001
 30
0.0
 11
4.66
 21
8.13
 31
0.0
  0
LINE
  5
260
330
17
100
AcDbEntity
  8
A-FLOR-CRT
100
AcDbLine
 10
4.66
 20
8.095
 30
0.0
 11
4.66
 21
8.045000000000002
 31
0.0
  0
LINE
  5
261
330
17
100
AcDbEntity
  8
A-FLOR-CRT
100
AcDbLine
 10
4.66
 20
8.010000000000002
 30
0.0
 11
4.66
 21
7.960000000000001
 31
0.0
  0
LINE
  5
262
330
17
100
AcDbEntity
  8
A-FLOR-CRT
100
AcDbLine
 10
4.66
 20
7.925000000000001
 30
0.0
 11
4.66
 21
7.875000000000001
 31
0.0
  0
LINE
  5
263
330
17
100
AcDbEntity
  8
A-FLOR-CRT
100
AcDbLine
 10
4.66
 20
7.840000000000001
 30
0.0
 11
4.66
 21
7.790000000000001
 31
0.0
  0
LINE
  5
264
330
17
100
AcDbEntity
  8
A-FLOR-CRT
100
AcDbLine
 10
4.66
 20
7.755000000000001
 30
0.0
 11
4.66
 21
7.705000000000001
 31
0.0
  0
LINE
  5
265
330
17
100
AcDbEntity
  8
A-FLOR-CRT
100
AcDbLine
 10
4.66
 20
7.670000000000001
 30
0.0
 11
4.66
 21
7.620000000000001
 31
0.0
  0
LINE
  5
266
330
17
100
AcDbEntity
  8
A-FLOR-CRT
100
AcDbLine
 10
4.66
 20
7.585000000000001
 30
0.0
 11
4.66
 21
7.535000000000001
 31
0.0
  0
LINE
  5
267
330
17
100
AcDbEntity
  8
A-FLOR-CRT
100
AcDbLine
 10
4.66
 20
7.500000000000001
 30
0.0
 11
4.66
 21
7.450000000000001
 31
0.0
  0
LINE
  5
268
330
17
100
AcDbEntity
  8
A-FLOR-CRT
100
AcDbLine
 10
4.66
 20
7.415000000000001
 30
0.0
 11
4.66
 21
7.365000000000001
 31
0.0
  0
LINE
  5
269
330
17
100
AcDbEntity
  8
A-FLOR-CRT
100
AcDbLine
 10
4.66
 20
7.330000000000001
 30
0.0
 11
4.66
 21
7.280000000000001
 31
0.0
  0
LINE
  5
26A
330
17
100
AcDbEntity
  8
A-FLOR-CRT
100
AcDbLine
 10
4.66
 20
7.245000000000001
 30
0.0
 11
4.66
 21
7.195000000000001
 31
0.0
  0
LINE
  5
26B
330
17
100
AcDbEntity
  8
A-FLOR-CRT
100
AcDbLine
 10
4.66
 20
7.160000000000001
 30
0.0
 11
4.66
 21
7.120000000000001
 31
0.0
  0
TEXT
  5
26C
330
17
100
AcDbEntity
  8
A-ANNO-TEXT
100
AcDbText
 10
5.359999999999999
 20
8.400000000000002
 30
0.0
 40
0.04599999999999999
  1
84' x 50'
  7
KS-BOLD
 72
1
 11
5.359999999999999
 21
8.400000000000002
 31
0.0
100
AcDbText
  0
TEXT
  5
26D
330
17
100
AcDbEntity
  8
A-ANNO-TEXT
100
AcDbText
 10
5.359999999999999
 20
8.280000000000001
 30
0.0
 40
0.038
  1
NFHS 1-1 (HS ideal)
  7
KS-REG
 72
1
 11
5.359999999999999
 21
8.280000000000001
 31
0.0
100
AcDbText
  0
TEXT
  5
26E
330
17
100
AcDbEntity
  8
A-ANNO-TEXT
100
AcDbText
 10
5.359999999999999
 20
9.116000000000001
 30
0.0
 40
0.036
  1
10' runout (1-2-1 pref.)
  7
KS-REG
 72
1
 11
5.359999999999999
 21
9.116000000000001
 31
0.0
100
AcDbText
  0
LINE
  5
26F
330
17
100
AcDbEntity
  8
A-ANNO-DIMS
100
AcDbLine
 10
4.22
 20
6.410000000000001
 30
0.0
 11
6.619999999999999
 21
6.410000000000001
 31
0.0
  0
LINE
  5
270
330
17
100
AcDbEntity
  8
A-ANNO-DIMS
100
AcDbLine
 10
4.22
 20
6.386000000000001
 30
0.0
 11
4.22
 21
6.434000000000001
 31
0.0
  0
LINE
  5
271
330
17
100
AcDbEntity
  8
A-ANNO-DIMS
100
AcDbLine
 10
4.66
 20
6.386000000000001
 30
0.0
 11
4.66
 21
6.434000000000001
 31
0.0
  0
LINE
  5
272
330
17
100
AcDbEntity
  8
A-ANNO-DIMS
100
AcDbLine
 10
6.06
 20
6.386000000000001
 30
0.0
 11
6.06
 21
6.434000000000001
 31
0.0
  0
LINE
  5
273
330
17
100
AcDbEntity
  8
A-ANNO-DIMS
100
AcDbLine
 10
6.619999999999999
 20
6.386000000000001
 30
0.0
 11
6.619999999999999
 21
6.434000000000001
 31
0.0
  0
TEXT
  5
274
330
17
100
AcDbEntity
  8
A-ANNO-DIMS
100
AcDbText
 10
4.4399999999999995
 20
6.4300000000000015
 30
0.0
 40
0.038
  1
22'
  7
KS-REG
 72
1
 11
4.4399999999999995
 21
6.4300000000000015
 31
0.0
100
AcDbText
  0
TEXT
  5
275
330
17
100
AcDbEntity
  8
A-ANNO-DIMS
100
AcDbText
 10
5.359999999999999
 20
6.4300000000000015
 30
0.0
 40
0.038
  1
70'
  7
KS-REG
 72
1
 11
5.359999999999999
 21
6.4300000000000015
 31
0.0
100
AcDbText
  0
TEXT
  5
276
330
17
100
AcDbEntity
  8
A-ANNO-DIMS
100
AcDbText
 10
6.34
 20
6.4300000000000015
 30
0.0
 40
0.038
  1
28'
  7
KS-REG
 72
1
 11
6.34
 21
6.4300000000000015
 31
0.0
100
AcDbText
  0
LINE
  5
277
330
17
100
AcDbEntity
  8
A-ANNO-DIMS
100
AcDbLine
 10
6.91
 20
6.7200000000000015
 30
0.0
 11
6.91
 21
9.600000000000001
 31
0.0
  0
LINE
  5
278
330
17
100
AcDbEntity
  8
A-ANNO-DIMS
100
AcDbLine
 10
6.886
 20
6.7200000000000015
 30
0.0
 11
6.933999999999999
 21
6.7200000000000015
 31
0.0
  0
LINE
  5
279
330
17
100
AcDbEntity
  8
A-ANNO-DIMS
100
AcDbLine
 10
6.886
 20
7.120000000000001
 30
0.0
 11
6.933999999999999
 21
7.120000000000001
 31
0.0
  0
LINE
  5
27A
330
17
100
AcDbEntity
  8
A-ANNO-DIMS
100
AcDbLine
 10
6.886
 20
9.200000000000001
 30
0.0
 11
6.933999999999999
 21
9.200000000000001
 31
0.0
  0
LINE
  5
27B
330
17
100
AcDbEntity
  8
A-ANNO-DIMS
100
AcDbLine
 10
6.886
 20
9.600000000000001
 30
0.0
 11
6.933999999999999
 21
9.600000000000001
 31
0.0
  0
TEXT
  5
27C
330
17
100
AcDbEntity
  8
A-ANNO-DIMS
100
AcDbText
 10
6.938
 20
6.920000000000002
 30
0.0
 40
0.038
  1
20'
 50
90.0
  7
KS-REG
 72
1
 11
6.938
 21
6.920000000000002
 31
0.0
100
AcDbText
  0
TEXT
  5
27D
330
17
100
AcDbEntity
  8
A-ANNO-DIMS
100
AcDbText
 10
6.938
 20
8.160000000000002
 30
0.0
 40
0.038
  1
104'
 50
90.0
  7
KS-REG
 72
1
 11
6.938
 21
8.160000000000002
 31
0.0
100
AcDbText
  0
TEXT
  5
27E
330
17
100
AcDbEntity
  8
A-ANNO-DIMS
100
AcDbText
 10
6.938
 20
9.400000000000002
 30
0.0
 40
0.038
  1
20'
 50
90.0
  7
KS-REG
 72
1
 11
6.938
 21
9.400000000000002
 31
0.0
100
AcDbText
  0
TEXT
  5
27F
330
17
100
AcDbEntity
  8
A-ANNO-TEXT
100
AcDbText
 10
5.42
 20
6.800000000000002
 30
0.0
 40
0.041999999999999996
  1
VOLLEYBALL: TBD — not drawn
  7
KS-BOLD
 72
1
 11
5.42
 21
6.800000000000002
 31
0.0
100
AcDbText
  0
TEXT
  5
280
330
17
100
AcDbEntity
  8
A-ANNO-TEXT
100
AcDbText
 10
5.42
 20
9.46
 30
0.0
 40
0.039999999999999994
  1
2nd court: TBD (params)
  7
KS-REG
 72
1
 11
5.42
 21
9.46
 31
0.0
100
AcDbText
  0
TEXT
  5
281
330
17
100
AcDbEntity
  8
A-ANNO-TEXT
100
AcDbText
 10
4.1
 20
10.150000000000002
 30
0.0
 40
0.06999999999999999
  1
(b) BASKETBALL — 1 COURT (IN PARAMS)
  7
KS-BOLD
 11
4.1
 21
10.150000000000002
 31
0.0
100
AcDbText
  0
TEXT
  5
282
330
17
100
AcDbEntity
  8
A-ANNO-TEXT
100
AcDbText
 10
4.1
 20
10.040000000000001
 30
0.0
 40
0.048
  1
1" = 50'-0" · tier open · mats up, court down, seats stay
  7
KS-REG
 11
4.1
 21
10.040000000000001
 31
0.0
100
AcDbText
  0
HATCH
  5
283
330
17
100
AcDbEntity
  8
A-AREA-ZONE
 62
7
420
14479328
100
AcDbHatch
 10
0.0
 20
0.0
 30
0.0
210
0.0
220
0.0
230
1.0
  2
SOLID
 70
1
 71
0
 91
1
 92
3
 72
0
 73
1
 93
4
 10
0.92
 20
2.4300000000000015
 10
3.49
 20
2.4300000000000015
 10
3.49
 20
2.6000000000000014
 10
0.92
 20
2.6000000000000014
 97
0
 75
0
 76
1
 98
0
  0
LINE
  5
284
330
17
100
AcDbEntity
  8
A-HATCH
100
AcDbLine
 10
3.464873734152916
 20
2.4299999999999833
 30
0.0
 11
3.4899999999999816
 21
2.455126265847049
 31
0.0
  0
LINE
  5
285
330
17
100
AcDbEntity
  8
A-HATCH
100
AcDbLine
 10
3.3941630560342855
 20
2.4300000000000197
 30
0.0
 11
3.49
 21
2.525836943965734
 31
0.0
  0
LINE
  5
286
330
17
100
AcDbEntity
  8
A-HATCH
100
AcDbLine
 10
3.3234523779156007
 20
2.4300000000000015
 30
0.0
 11
3.49
 21
2.596547622084401
 31
0.0
  0
LINE
  5
287
330
17
100
AcDbEntity
  8
A-HATCH
100
AcDbLine
 10
3.2527416997969345
 20
2.4300000000000015
 30
0.0
 11
3.4227416997969344
 21
2.6000000000000014
 31
0.0
  0
LINE
  5
288
330
17
100
AcDbEntity
  8
A-HATCH
100
AcDbLine
 10
3.182031021678304
 20
2.4300000000000015
 30
0.0
 11
3.3520310216783216
 21
2.6000000000000196
 31
0.0
  0
LINE
  5
289
330
17
100
AcDbEntity
  8
A-HATCH
100
AcDbLine
 10
3.111320343559637
 20
2.4300000000000015
 30
0.0
 11
3.2813203435596368
 21
2.6000000000000014
 31
0.0
  0
LINE
  5
28A
330
17
100
AcDbEntity
  8
A-HATCH
100
AcDbLine
 10
3.0406096654409707
 20
2.4300000000000015
 30
0.0
 11
3.2106096654409706
 21
2.6000000000000014
 31
0.0
  0
LINE
  5
28B
330
17
100
AcDbEntity
  8
A-HATCH
100
AcDbLine
 10
2.96989898732234
 20
2.4300000000000015
 30
0.0
 11
3.13989898732234
 21
2.6000000000000014
 31
0.0
  0
LINE
  5
28C
330
17
100
AcDbEntity
  8
A-HATCH
100
AcDbLine
 10
2.899188309203673
 20
2.4300000000000015
 30
0.0
 11
3.069188309203674
 21
2.6000000000000014
 31
0.0
  0
LINE
  5
28D
330
17
100
AcDbEntity
  8
A-HATCH
100
AcDbLine
 10
2.828477631084988
 20
2.4299999999999833
 30
0.0
 11
2.9984776310850068
 21
2.6000000000000014
 31
0.0
  0
LINE
  5
28E
330
17
100
AcDbEntity
  8
A-HATCH
100
AcDbLine
 10
2.757766952966376
 20
2.4300000000000015
 30
0.0
 11
2.927766952966376
 21
2.6000000000000014
 31
0.0
  0
LINE
  5
28F
330
17
100
AcDbEntity
  8
A-HATCH
100
AcDbLine
 10
2.6870562748477096
 20
2.4300000000000015
 30
0.0
 11
2.85705627484771
 21
2.6000000000000014
 31
0.0
  0
LINE
  5
290
330
17
100
AcDbEntity
  8
A-HATCH
100
AcDbLine
 10
2.616345596729025
 20
2.4299999999999833
 30
0.0
 11
2.7863455967290247
 21
2.599999999999983
 31
0.0
  0
LINE
  5
291
330
17
100
AcDbEntity
  8
A-HATCH
100
AcDbLine
 10
2.5456349186104124
 20
2.4300000000000015
 30
0.0
 11
2.7156349186104127
 21
2.6000000000000014
 31
0.0
  0
LINE
  5
292
330
17
100
AcDbEntity
  8
A-HATCH
100
AcDbLine
 10
2.4749242404917275
 20
2.4299999999999833
 30
0.0
 11
2.644924240491746
 21
2.599999999999983
 31
0.0
  0
LINE
  5
293
330
17
100
AcDbEntity
  8
A-HATCH
100
AcDbLine
 10
2.4042135623730974
 20
2.4300000000000197
 30
0.0
 11
2.5742135623730613
 21
2.599999999999983
 31
0.0
  0
LINE
  5
294
330
17
100
AcDbEntity
  8
A-HATCH
100
AcDbLine
 10
2.3335028842544308
 20
2.4299999999999833
 30
0.0
 11
2.503502884254449
 21
2.6000000000000014
 31
0.0
  0
LINE
  5
295
330
17
100
AcDbEntity
  8
A-HATCH
100
AcDbLine
 10
2.2627922061358
 20
2.4300000000000197
 30
0.0
 11
2.432792206135764
 21
2.599999999999983
 31
0.0
  0
LINE
  5
296
330
17
100
AcDbEntity
  8
A-HATCH
100
AcDbLine
 10
2.192081528017134
 20
2.4300000000000015
 30
0.0
 11
2.362081528017134
 21
2.6000000000000196
 31
0.0
  0
LINE
  5
297
330
17
100
AcDbEntity
  8
A-HATCH
100
AcDbLine
 10
2.121370849898467
 20
2.4299999999999833
 30
0.0
 11
2.291370849898467
 21
2.599999999999983
 31
0.0
  0
LINE
  5
298
330
17
100
AcDbEntity
  8
A-HATCH
100
AcDbLine
 10
2.0506601717798367
 20
2.4300000000000197
 30
0.0
 11
2.2206601717798367
 21
2.6000000000000196
 31
0.0
  0
LINE
  5
299
330
17
100
AcDbEntity
  8
A-HATCH
100
AcDbLine
 10
1.979949493661152
 20
2.4300000000000015
 30
0.0
 11
2.149949493661152
 21
2.6000000000000014
 31
0.0
  0
LINE
  5
29A
330
17
100
AcDbEntity
  8
A-HATCH
100
AcDbLine
 10
1.9092388155425397
 20
2.4300000000000197
 30
0.0
 11
2.0792388155425394
 21
2.6000000000000196
 31
0.0
  0
LINE
  5
29B
330
17
100
AcDbEntity
  8
A-HATCH
100
AcDbLine
 10
1.838528137423855
 20
2.4300000000000015
 30
0.0
 11
2.0085281374238733
 21
2.6000000000000196
 31
0.0
  0
LINE
  5
29C
330
17
100
AcDbEntity
  8
A-HATCH
100
AcDbLine
 10
1.767817459305188
 20
2.4300000000000015
 30
0.0
 11
1.9378174593051882
 21
2.6000000000000014
 31
0.0
  0
LINE
  5
29D
330
17
100
AcDbEntity
  8
A-HATCH
100
AcDbLine
 10
1.6971067811865579
 20
2.4300000000000015
 30
0.0
 11
1.867106781186576
 21
2.6000000000000196
 31
0.0
  0
LINE
  5
29E
330
17
100
AcDbEntity
  8
A-HATCH
100
AcDbLine
 10
1.6263961030678913
 20
2.4300000000000015
 30
0.0
 11
1.7963961030678912
 21
2.6000000000000014
 31
0.0
  0
LINE
  5
29F
330
17
100
AcDbEntity
  8
A-HATCH
100
AcDbLine
 10
1.5556854249492245
 20
2.4300000000000015
 30
0.0
 11
1.7256854249492246
 21
2.6000000000000014
 31
0.0
  0
LINE
  5
2A0
330
17
100
AcDbEntity
  8
A-HATCH
100
AcDbLine
 10
1.484974746830594
 20
2.4300000000000015
 30
0.0
 11
1.6549747468305942
 21
2.6000000000000014
 31
0.0
  0
LINE
  5
2A1
330
17
100
AcDbEntity
  8
A-HATCH
100
AcDbLine
 10
1.4142640687119274
 20
2.4300000000000015
 30
0.0
 11
1.5842640687119274
 21
2.6000000000000014
 31
0.0
  0
LINE
  5
2A2
330
17
100
AcDbEntity
  8
A-HATCH
100
AcDbLine
 10
1.3435533905932608
 20
2.4300000000000015
 30
0.0
 11
1.5135533905932608
 21
2.6000000000000014
 31
0.0
  0
LINE
  5
2A3
330
17
100
AcDbEntity
  8
A-HATCH
100
AcDbLine
 10
1.2728427124746304
 20
2.4300000000000015
 30
0.0
 11
1.4428427124746306
 21
2.6000000000000014
 31
0.0
  0
LINE
  5
2A4
330
17
100
AcDbEntity
  8
A-HATCH
100
AcDbLine
 10
1.2021320343559638
 20
2.4300000000000015
 30
0.0
 11
1.3721320343559638
 21
2.6000000000000014
 31
0.0
  0
LINE
  5
2A5
330
17
100
AcDbEntity
  8
A-HATCH
100
AcDbLine
 10
1.1314213562372788
 20
2.4299999999999833
 30
0.0
 11
1.3014213562372787
 21
2.599999999999983
 31
0.0
  0
LINE
  5
2A6
330
17
100
AcDbEntity
  8
A-HATCH
100
AcDbLine
 10
1.0607106781186668
 20
2.4300000000000015
 30
0.0
 11
1.2307106781186667
 21
2.6000000000000014
 31
0.0
  0
LINE
  5
2A7
330
17
100
AcDbEntity
  8
A-HATCH
100
AcDbLine
 10
0.9899999999999819
 20
2.4299999999999833
 30
0.0
 11
1.1600000000000001
 21
2.6000000000000014
 31
0.0
  0
LINE
  5
2A8
330
17
100
AcDbEntity
  8
A-HATCH
100
AcDbLine
 10
0.92
 20
2.4307106781186683
 30
0.0
 11
1.089289321881315
 21
2.599999999999983
 31
0.0
  0
LINE
  5
2A9
330
17
100
AcDbEntity
  8
A-HATCH
100
AcDbLine
 10
0.9199999999999818
 20
2.5014213562372802
 30
0.0
 11
1.0185786437627031
 21
2.6000000000000014
 31
0.0
  0
LINE
  5
2AA
330
17
100
AcDbEntity
  8
A-HATCH
100
AcDbLine
 10
0.92
 20
2.572132034355965
 30
0.0
 11
0.9478679656440181
 21
2.599999999999983
 31
0.0
  0
HATCH
  5
2AB
330
17
100
AcDbEntity
  8
A-AREA-ZONE
 62
7
420
14479328
100
AcDbHatch
 10
0.0
 20
0.0
 30
0.0
210
0.0
220
0.0
230
1.0
  2
SOLID
 70
1
 71
0
 91
1
 92
3
 72
0
 73
1
 93
4
 10
0.92
 20
5.480000000000002
 10
3.49
 20
5.480000000000002
 10
3.49
 20
5.650000000000002
 10
0.92
 20
5.650000000000002
 97
0
 75
0
 76
1
 98
0
  0
LINE
  5
2AC
330
17
100
AcDbEntity
  8
A-HATCH
100
AcDbLine
 10
3.474314575050794
 20
5.48000000000002
 30
0.0
 11
3.49
 21
5.495685424949226
 31
0.0
  0
LINE
  5
2AD
330
17
100
AcDbEntity
  8
A-HATCH
100
AcDbLine
 10
3.4036038969321094
 20
5.480000000000002
 30
0.0
 11
3.49
 21
5.566396103067893
 31
0.0
  0
LINE
  5
2AE
330
17
100
AcDbEntity
  8
A-HATCH
100
AcDbLine
 10
3.3328932188134424
 20
5.480000000000002
 30
0.0
 11
3.49
 21
5.63710678118656
 31
0.0
  0
LINE
  5
2AF
330
17
100
AcDbEntity
  8
A-HATCH
100
AcDbLine
 10
3.2621825406948117
 20
5.480000000000002
 30
0.0
 11
3.4321825406948303
 21
5.65000000000002
 31
0.0
  0
LINE
  5
2B0
330
17
100
AcDbEntity
  8
A-HATCH
100
AcDbLine
 10
3.1914718625761456
 20
5.480000000000002
 30
0.0
 11
3.3614718625761455
 21
5.650000000000002
 31
0.0
  0
LINE
  5
2B1
330
17
100
AcDbEntity
  8
A-HATCH
100
AcDbLine
 10
3.1207611844574785
 20
5.480000000000002
 30
0.0
 11
3.2907611844574784
 21
5.650000000000002
 31
0.0
  0
LINE
  5
2B2
330
17
100
AcDbEntity
  8
A-HATCH
100
AcDbLine
 10
3.050050506338848
 20
5.480000000000002
 30
0.0
 11
3.2200505063388487
 21
5.650000000000002
 31
0.0
  0
LINE
  5
2B3
330
17
100
AcDbEntity
  8
A-HATCH
100
AcDbLine
 10
2.9793398282201817
 20
5.480000000000002
 30
0.0
 11
3.1493398282201817
 21
5.650000000000002
 31
0.0
  0
LINE
  5
2B4
330
17
100
AcDbEntity
  8
A-HATCH
100
AcDbLine
 10
2.9086291501015147
 20
5.480000000000002
 30
0.0
 11
3.0786291501015146
 21
5.650000000000002
 31
0.0
  0
LINE
  5
2B5
330
17
100
AcDbEntity
  8
A-HATCH
100
AcDbLine
 10
2.837918471982885
 20
5.480000000000002
 30
0.0
 11
3.007918471982885
 21
5.650000000000002
 31
0.0
  0
LINE
  5
2B6
330
17
100
AcDbEntity
  8
A-HATCH
100
AcDbLine
 10
2.767207793864218
 20
5.480000000000002
 30
0.0
 11
2.937207793864218
 21
5.650000000000002
 31
0.0
  0
LINE
  5
2B7
330
17
100
AcDbEntity
  8
A-HATCH
100
AcDbLine
 10
2.696497115745533
 20
5.4799999999999836
 30
0.0
 11
2.8664971157455508
 21
5.6499999999999835
 31
0.0
  0
LINE
  5
2B8
330
17
100
AcDbEntity
  8
A-HATCH
100
AcDbLine
 10
2.625786437626921
 20
5.480000000000002
 30
0.0
 11
2.795786437626921
 21
5.650000000000002
 31
0.0
  0
LINE
  5
2B9
330
17
100
AcDbEntity
  8
A-HATCH
100
AcDbLine
 10
2.5550757595082363
 20
5.4799999999999836
 30
0.0
 11
2.725075759508254
 21
5.650000000000002
 31
0.0
  0
LINE
  5
2BA
330
17
100
AcDbEntity
  8
A-HATCH
100
AcDbLine
 10
2.4843650813896057
 20
5.48000000000002
 30
0.0
 11
2.654365081389569
 21
5.6499999999999835
 31
0.0
  0
LINE
  5
2BB
330
17
100
AcDbEntity
  8
A-HATCH
100
AcDbLine
 10
2.4136544032709573
 20
5.4799999999999836
 30
0.0
 11
2.583654403270957
 21
5.650000000000002
 31
0.0
  0
LINE
  5
2BC
330
17
100
AcDbEntity
  8
A-HATCH
100
AcDbLine
 10
2.3429437251522724
 20
5.4799999999999836
 30
0.0
 11
2.5129437251522724
 21
5.6499999999999835
 31
0.0
  0
LINE
  5
2BD
330
17
100
AcDbEntity
  8
A-HATCH
100
AcDbLine
 10
2.272233047033642
 20
5.48000000000002
 30
0.0
 11
2.4422330470336417
 21
5.65000000000002
 31
0.0
  0
LINE
  5
2BE
330
17
100
AcDbEntity
  8
A-HATCH
100
AcDbLine
 10
2.201522368914975
 20
5.4799999999999836
 30
0.0
 11
2.3715223689149756
 21
5.6499999999999835
 31
0.0
  0
LINE
  5
2BF
330
17
100
AcDbEntity
  8
A-HATCH
100
AcDbLine
 10
2.130811690796345
 20
5.48000000000002
 30
0.0
 11
2.300811690796345
 21
5.65000000000002
 31
0.0
  0
LINE
  5
2C0
330
17
100
AcDbEntity
  8
A-HATCH
100
AcDbLine
 10
2.06010101267766
 20
5.480000000000002
 30
0.0
 11
2.2301010126776784
 21
5.65000000000002
 31
0.0
  0
LINE
  5
2C1
330
17
100
AcDbEntity
  8
A-HATCH
100
AcDbLine
 10
1.989390334559048
 20
5.48000000000002
 30
0.0
 11
2.1593903345590117
 21
5.6499999999999835
 31
0.0
  0
LINE
  5
2C2
330
17
100
AcDbEntity
  8
A-HATCH
100
AcDbLine
 10
1.9186796564403632
 20
5.480000000000002
 30
0.0
 11
2.088679656440381
 21
5.65000000000002
 31
0.0
  0
LINE
  5
2C3
330
17
100
AcDbEntity
  8
A-HATCH
100
AcDbLine
 10
1.8479689783216964
 20
5.480000000000002
 30
0.0
 11
2.0179689783216963
 21
5.650000000000002
 31
0.0
  0
LINE
  5
2C4
330
17
100
AcDbEntity
  8
A-HATCH
100
AcDbLine
 10
1.7772583002030844
 20
5.48000000000002
 30
0.0
 11
1.9472583002030843
 21
5.65000000000002
 31
0.0
  0
LINE
  5
2C5
330
17
100
AcDbEntity
  8
A-HATCH
100
AcDbLine
 10
1.7065476220843994
 20
5.480000000000002
 30
0.0
 11
1.8765476220843995
 21
5.650000000000002
 31
0.0
  0
LINE
  5
2C6
330
17
100
AcDbEntity
  8
A-HATCH
100
AcDbLine
 10
1.6358369439657328
 20
5.480000000000002
 30
0.0
 11
1.8058369439657327
 21
5.650000000000002
 31
0.0
  0
LINE
  5
2C7
330
17
100
AcDbEntity
  8
A-HATCH
100
AcDbLine
 10
1.565126265847066
 20
5.480000000000002
 30
0.0
 11
1.7351262658470659
 21
5.650000000000002
 31
0.0
  0
LINE
  5
2C8
330
17
100
AcDbEntity
  8
A-HATCH
100
AcDbLine
 10
1.4944155877284357
 20
5.480000000000002
 30
0.0
 11
1.6644155877284357
 21
5.650000000000002
 31
0.0
  0
LINE
  5
2C9
330
17
100
AcDbEntity
  8
A-HATCH
100
AcDbLine
 10
1.4237049096097691
 20
5.480000000000002
 30
0.0
 11
1.593704909609769
 21
5.650000000000002
 31
0.0
  0
LINE
  5
2CA
330
17
100
AcDbEntity
  8
A-HATCH
100
AcDbLine
 10
1.352994231491084
 20
5.4799999999999836
 30
0.0
 11
1.5229942314910843
 21
5.6499999999999835
 31
0.0
  0
LINE
  5
2CB
330
17
100
AcDbEntity
  8
A-HATCH
100
AcDbLine
 10
1.282283553372472
 20
5.480000000000002
 30
0.0
 11
1.4522835533724718
 21
5.650000000000002
 31
0.0
  0
LINE
  5
2CC
330
17
100
AcDbEntity
  8
A-HATCH
100
AcDbLine
 10
1.211572875253787
 20
5.4799999999999836
 30
0.0
 11
1.3815728752538052
 21
5.650000000000002
 31
0.0
  0
LINE
  5
2CD
330
17
100
AcDbEntity
  8
A-HATCH
100
AcDbLine
 10
1.140862197135157
 20
5.48000000000002
 30
0.0
 11
1.3108621971351204
 21
5.6499999999999835
 31
0.0
  0
LINE
  5
2CE
330
17
100
AcDbEntity
  8
A-HATCH
100
AcDbLine
 10
1.0701515190165083
 20
5.4799999999999836
 30
0.0
 11
1.2401515190165082
 21
5.650000000000002
 31
0.0
  0
LINE
  5
2CF
330
17
100
AcDbEntity
  8
A-HATCH
100
AcDbLine
 10
0.9994408408978235
 20
5.4799999999999836
 30
0.0
 11
1.1694408408978234
 21
5.6499999999999835
 31
0.0
  0
LINE
  5
2D0
330
17
100
AcDbEntity
  8
A-HATCH
100
AcDbLine
 10
0.9287301627791931
 20
5.48000000000002
 30
0.0
 11
1.098730162779193
 21
5.65000000000002
 31
0.0
  0
LINE
  5
2D1
330
17
100
AcDbEntity
  8
A-HATCH
100
AcDbLine
 10
0.92
 20
5.541980515339457
 30
0.0
 11
1.0280194846605264
 21
5.6499999999999835
 31
0.0
  0
LINE
  5
2D2
330
17
100
AcDbEntity
  8
A-HATCH
100
AcDbLine
 10
0.92
 20
5.612691193458124
 30
0.0
 11
0.9573088065418961
 21
5.65000000000002
 31
0.0
  0
HATCH
  5
2D3
330
17
100
AcDbEntity
  8
A-AREA-ZONE
 62
7
420
14479328
100
AcDbHatch
 10
0.0
 20
0.0
 30
0.0
210
0.0
220
0.0
230
1.0
  2
SOLID
 70
1
 71
0
 91
1
 92
3
 72
0
 73
1
 93
4
 10
3.3200000000000003
 20
2.6000000000000014
 10
3.49
 20
2.6000000000000014
 10
3.49
 20
5.480000000000002
 10
3.3200000000000003
 20
5.480000000000002
 97
0
 75
0
 76
1
 98
0
  0
LINE
  5
2D4
330
17
100
AcDbEntity
  8
A-HATCH
100
AcDbLine
 10
3.4227416997969344
 20
2.6000000000000014
 30
0.0
 11
3.49
 21
2.6672583002030676
 31
0.0
  0
LINE
  5
2D5
330
17
100
AcDbEntity
  8
A-HATCH
100
AcDbLine
 10
3.3520310216783216
 20
2.6000000000000196
 30
0.0
 11
3.49
 21
2.737968978321698
 31
0.0
  0
LINE
  5
2D6
330
17
100
AcDbEntity
  8
A-HATCH
100
AcDbLine
 10
3.3200000000000003
 20
2.6386796564403645
 30
0.0
 11
3.49
 21
2.8086796564403644
 31
0.0
  0
LINE
  5
2D7
330
17
100
AcDbEntity
  8
A-HATCH
100
AcDbLine
 10
3.3200000000000003
 20
2.709390334559031
 30
0.0
 11
3.490000000000018
 21
2.8793903345590497
 31
0.0
  0
LINE
  5
2D8
330
17
100
AcDbEntity
  8
A-HATCH
100
AcDbLine
 10
3.3200000000000003
 20
2.7801010126776617
 30
0.0
 11
3.49
 21
2.9501010126776617
 31
0.0
  0
LINE
  5
2D9
330
17
100
AcDbEntity
  8
A-HATCH
100
AcDbLine
 10
3.3200000000000003
 20
2.8508116907963283
 30
0.0
 11
3.49
 21
3.0208116907963283
 31
0.0
  0
LINE
  5
2DA
330
17
100
AcDbEntity
  8
A-HATCH
100
AcDbLine
 10
3.320000000000018
 20
2.921522368915013
 30
0.0
 11
3.490000000000018
 21
3.091522368915013
 31
0.0
  0
LINE
  5
2DB
330
17
100
AcDbEntity
  8
A-HATCH
100
AcDbLine
 10
3.3200000000000003
 20
2.992233047033625
 30
0.0
 11
3.49
 21
3.1622330470336255
 31
0.0
  0
LINE
  5
2DC
330
17
100
AcDbEntity
  8
A-HATCH
100
AcDbLine
 10
3.320000000000018
 20
3.0629437251523104
 30
0.0
 11
3.490000000000018
 21
3.2329437251523103
 31
0.0
  0
LINE
  5
2DD
330
17
100
AcDbEntity
  8
A-HATCH
100
AcDbLine
 10
3.3199999999999816
 20
3.1336544032709406
 30
0.0
 11
3.4899999999999816
 21
3.3036544032709405
 31
0.0
  0
LINE
  5
2DE
330
17
100
AcDbEntity
  8
A-HATCH
100
AcDbLine
 10
3.3200000000000003
 20
3.204365081389589
 30
0.0
 11
3.490000000000018
 21
3.374365081389607
 31
0.0
  0
LINE
  5
2DF
330
17
100
AcDbEntity
  8
A-HATCH
100
AcDbLine
 10
3.320000000000018
 20
3.275075759508274
 30
0.0
 11
3.4899999999999816
 21
3.4450757595082377
 31
0.0
  0
LINE
  5
2E0
330
17
100
AcDbEntity
  8
A-HATCH
100
AcDbLine
 10
3.3199999999999816
 20
3.345786437626904
 30
0.0
 11
3.49
 21
3.5157864376269226
 31
0.0
  0
LINE
  5
2E1
330
17
100
AcDbEntity
  8
A-HATCH
100
AcDbLine
 10
3.320000000000018
 20
3.416497115745571
 30
0.0
 11
3.490000000000018
 21
3.586497115745571
 31
0.0
  0
LINE
  5
2E2
330
17
100
AcDbEntity
  8
A-HATCH
100
AcDbLine
 10
3.3199999999999816
 20
3.487207793864201
 30
0.0
 11
3.4899999999999816
 21
3.657207793864201
 31
0.0
  0
LINE
  5
2E3
330
17
100
AcDbEntity
  8
A-HATCH
100
AcDbLine
 10
3.3200000000000003
 20
3.557918471982886
 30
0.0
 11
3.49
 21
3.7279184719828864
 31
0.0
  0
LINE
  5
2E4
330
17
100
AcDbEntity
  8
A-HATCH
100
AcDbLine
 10
3.3199999999999816
 20
3.6286291501014984
 30
0.0
 11
3.4899999999999816
 21
3.7986291501014984
 31
0.0
  0
LINE
  5
2E5
330
17
100
AcDbEntity
  8
A-HATCH
100
AcDbLine
 10
3.3200000000000003
 20
3.6993398282201833
 30
0.0
 11
3.49
 21
3.869339828220183
 31
0.0
  0
LINE
  5
2E6
330
17
100
AcDbEntity
  8
A-HATCH
100
AcDbLine
 10
3.3200000000000003
 20
3.77005050633885
 30
0.0
 11
3.49
 21
3.94005050633885
 31
0.0
  0
LINE
  5
2E7
330
17
100
AcDbEntity
  8
A-HATCH
100
AcDbLine
 10
3.3199999999999816
 20
3.840761184457462
 30
0.0
 11
3.49
 21
4.01076118445748
 31
0.0
  0
LINE
  5
2E8
330
17
100
AcDbEntity
  8
A-HATCH
100
AcDbLine
 10
3.3200000000000003
 20
3.911471862576147
 30
0.0
 11
3.49
 21
4.081471862576147
 31
0.0
  0
LINE
  5
2E9
330
17
100
AcDbEntity
  8
A-HATCH
100
AcDbLine
 10
3.3200000000000003
 20
3.9821825406948133
 30
0.0
 11
3.49
 21
4.152182540694813
 31
0.0
  0
LINE
  5
2EA
330
17
100
AcDbEntity
  8
A-HATCH
100
AcDbLine
 10
3.3200000000000003
 20
4.052893218813444
 30
0.0
 11
3.49
 21
4.222893218813444
 31
0.0
  0
LINE
  5
2EB
330
17
100
AcDbEntity
  8
A-HATCH
100
AcDbLine
 10
3.3200000000000003
 20
4.12360389693211
 30
0.0
 11
3.49
 21
4.29360389693211
 31
0.0
  0
LINE
  5
2EC
330
17
100
AcDbEntity
  8
A-HATCH
100
AcDbLine
 10
3.3200000000000003
 20
4.194314575050777
 30
0.0
 11
3.49
 21
4.364314575050777
 31
0.0
  0
LINE
  5
2ED
330
17
100
AcDbEntity
  8
A-HATCH
100
AcDbLine
 10
3.3200000000000003
 20
4.265025253169407
 30
0.0
 11
3.49
 21
4.435025253169408
 31
0.0
  0
LINE
  5
2EE
330
17
100
AcDbEntity
  8
A-HATCH
100
AcDbLine
 10
3.3200000000000003
 20
4.335735931288074
 30
0.0
 11
3.49
 21
4.505735931288074
 31
0.0
  0
LINE
  5
2EF
330
17
100
AcDbEntity
  8
A-HATCH
100
AcDbLine
 10
3.320000000000018
 20
4.406446609406759
 30
0.0
 11
3.490000000000018
 21
4.576446609406759
 31
0.0
  0
LINE
  5
2F0
330
17
100
AcDbEntity
  8
A-HATCH
100
AcDbLine
 10
3.3200000000000003
 20
4.477157287525371
 30
0.0
 11
3.49
 21
4.647157287525371
 31
0.0
  0
LINE
  5
2F1
330
17
100
AcDbEntity
  8
A-HATCH
100
AcDbLine
 10
3.3200000000000003
 20
4.547867965644038
 30
0.0
 11
3.490000000000018
 21
4.717867965644056
 31
0.0
  0
LINE
  5
2F2
330
17
100
AcDbEntity
  8
A-HATCH
100
AcDbLine
 10
3.320000000000018
 20
4.6185786437627225
 30
0.0
 11
3.4899999999999816
 21
4.788578643762687
 31
0.0
  0
LINE
  5
2F3
330
17
100
AcDbEntity
  8
A-HATCH
100
AcDbLine
 10
3.3200000000000003
 20
4.6892893218813345
 30
0.0
 11
3.490000000000018
 21
4.859289321881353
 31
0.0
  0
LINE
  5
2F4
330
17
100
AcDbEntity
  8
A-HATCH
100
AcDbLine
 10
3.320000000000018
 20
4.760000000000019
 30
0.0
 11
3.4899999999999816
 21
4.929999999999984
 31
0.0
  0
LINE
  5
2F5
330
17
100
AcDbEntity
  8
A-HATCH
100
AcDbLine
 10
3.3199999999999816
 20
4.83071067811865
 30
0.0
 11
3.4899999999999816
 21
5.00071067811865
 31
0.0
  0
LINE
  5
2F6
330
17
100
AcDbEntity
  8
A-HATCH
100
AcDbLine
 10
3.320000000000018
 20
4.901421356237317
 30
0.0
 11
3.490000000000018
 21
5.071421356237317
 31
0.0
  0
LINE
  5
2F7
330
17
100
AcDbEntity
  8
A-HATCH
100
AcDbLine
 10
3.3199999999999816
 20
4.972132034355948
 30
0.0
 11
3.4899999999999816
 21
5.142132034355948
 31
0.0
  0
LINE
  5
2F8
330
17
100
AcDbEntity
  8
A-HATCH
100
AcDbLine
 10
3.3200000000000003
 20
5.0428427124746324
 30
0.0
 11
3.49
 21
5.212842712474632
 31
0.0
  0
LINE
  5
2F9
330
17
100
AcDbEntity
  8
A-HATCH
100
AcDbLine
 10
3.3199999999999816
 20
5.113553390593244
 30
0.0
 11
3.4899999999999816
 21
5.283553390593244
 31
0.0
  0
LINE
  5
2FA
330
17
100
AcDbEntity
  8
A-HATCH
100
AcDbLine
 10
3.3199999999999816
 20
5.184264068711911
 30
0.0
 11
3.49
 21
5.354264068711929
 31
0.0
  0
LINE
  5
2FB
330
17
100
AcDbEntity
  8
A-HATCH
100
AcDbLine
 10
3.3200000000000003
 20
5.254974746830596
 30
0.0
 11
3.49
 21
5.424974746830596
 31
0.0
  0
LINE
  5
2FC
330
17
100
AcDbEntity
  8
A-HATCH
100
AcDbLine
 10
3.3199999999999816
 20
5.325685424949208
 30
0.0
 11
3.474314575050794
 21
5.48000000000002
 31
0.0
  0
LINE
  5
2FD
330
17
100
AcDbEntity
  8
A-HATCH
100
AcDbLine
 10
3.3200000000000003
 20
5.396396103067893
 30
0.0
 11
3.4036038969321094
 21
5.480000000000002
 31
0.0
  0
LINE
  5
2FE
330
17
100
AcDbEntity
  8
A-HATCH
100
AcDbLine
 10
3.3200000000000003
 20
5.467106781186559
 30
0.0
 11
3.3328932188134424
 21
5.480000000000002
 31
0.0
  0
HATCH
  5
2FF
330
17
100
AcDbEntity
  8
A-SEAT-TELE
 62
7
420
5592405
100
AcDbHatch
 10
0.0
 20
0.0
 30
0.0
210
0.0
220
0.0
230
1.0
  2
SOLID
 70
1
 71
0
 91
1
 92
3
 72
0
 73
1
 93
4
 10
0.92
 20
5.650000000000002
 10
3.5600000000000005
 20
5.650000000000002
 10
3.5600000000000005
 20
5.7200000000000015
 10
0.92
 20
5.7200000000000015
 97
0
 75
0
 76
1
 98
0
  0
HATCH
  5
300
330
17
100
AcDbEntity
  8
A-SEAT-TELE
 62
7
420
5592405
100
AcDbHatch
 10
0.0
 20
0.0
 30
0.0
210
0.0
220
0.0
230
1.0
  2
SOLID
 70
1
 71
0
 91
1
 92
3
 72
0
 73
1
 93
4
 10
0.92
 20
2.3600000000000017
 10
3.5600000000000005
 20
2.3600000000000017
 10
3.5600000000000005
 20
2.4300000000000015
 10
0.92
 20
2.4300000000000015
 97
0
 75
0
 76
1
 98
0
  0
HATCH
  5
301
330
17
100
AcDbEntity
  8
A-SEAT-TELE
 62
7
420
5592405
100
AcDbHatch
 10
0.0
 20
0.0
 30
0.0
210
0.0
220
0.0
230
1.0
  2
SOLID
 70
1
 71
0
 91
1
 92
3
 72
0
 73
1
 93
4
 10
3.49
 20
2.6000000000000014
 10
3.5600000000000005
 20
2.6000000000000014
 10
3.5600000000000005
 20
5.480000000000002
 10
3.49
 20
5.480000000000002
 97
0
 75
0
 76
1
 98
0
  0
HATCH
  5
302
330
17
100
AcDbEntity
  8
A-SEAT-TELE
 62
7
420
16777215
100
AcDbHatch
 10
0.0
 20
0.0
 30
0.0
210
0.0
220
0.0
230
1.0
  2
SOLID
 70
1
 71
0
 91
1
 92
3
 72
0
 73
1
 93
4
 10
1.9400000000000002
 20
2.3600000000000017
 10
2.18
 20
2.3600000000000017
 10
2.18
 20
2.4300000000000015
 10
1.9400000000000002
 20
2.4300000000000015
 97
0
 75
0
 76
1
 98
0
  0
HATCH
  5
303
330
17
100
AcDbEntity
  8
A-SEAT-TELE
 62
7
420
16777215
100
AcDbHatch
 10
0.0
 20
0.0
 30
0.0
210
0.0
220
0.0
230
1.0
  2
SOLID
 70
1
 71
0
 91
1
 92
3
 72
0
 73
1
 93
4
 10
2.277
 20
5.650000000000002
 10
2.4370000000000003
 20
5.650000000000002
 10
2.4370000000000003
 20
5.7200000000000015
 10
2.277
 20
5.7200000000000015
 97
0
 75
0
 76
1
 98
0
  0
HATCH
  5
304
330
17
100
AcDbEntity
  8
A-SEAT-TELE
 62
7
420
16777215
100
AcDbHatch
 10
0.0
 20
0.0
 30
0.0
210
0.0
220
0.0
230
1.0
  2
SOLID
 70
1
 71
0
 91
1
 92
3
 72
0
 73
1
 93
4
 10
3.49
 20
4.741800000000001
 10
3.5600000000000005
 20
4.741800000000001
 10
3.5600000000000005
 20
4.9018000000000015
 10
3.49
 20
4.9018000000000015
 97
0
 75
0
 76
1
 98
0
  0
LINE
  5
305
330
17
100
AcDbEntity
  8
A-WALL
100
AcDbLine
 10
0.92
 20
2.3600000000000017
 30
0.0
 11
3.5600000000000005
 21
2.3600000000000017
 31
0.0
  0
LINE
  5
306
330
17
100
AcDbEntity
  8
A-WALL
100
AcDbLine
 10
3.5600000000000005
 20
2.3600000000000017
 30
0.0
 11
3.5600000000000005
 21
5.7200000000000015
 31
0.0
  0
LINE
  5
307
330
17
100
AcDbEntity
  8
A-WALL
100
AcDbLine
 10
3.5600000000000005
 20
5.7200000000000015
 30
0.0
 11
0.92
 21
5.7200000000000015
 31
0.0
  0
LINE
  5
308
330
17
100
AcDbEntity
  8
A-WALL
100
AcDbLine
 10
0.92
 20
5.7200000000000015
 30
0.0
 11
0.92
 21
2.3600000000000017
 31
0.0
  0
LINE
  5
309
330
17
100
AcDbEntity
  8
A-WALL
100
AcDbLine
 10
0.92
 20
2.6000000000000014
 30
0.0
 11
3.3200000000000003
 21
2.6000000000000014
 31
0.0
  0
LINE
  5
30A
330
17
100
AcDbEntity
  8
A-WALL
100
AcDbLine
 10
3.3200000000000003
 20
2.6000000000000014
 30
0.0
 11
3.3200000000000003
 21
5.480000000000002
 31
0.0
  0
LINE
  5
30B
330
17
100
AcDbEntity
  8
A-WALL
100
AcDbLine
 10
3.3200000000000003
 20
5.480000000000002
 30
0.0
 11
0.92
 21
5.480000000000002
 31
0.0
  0
LINE
  5
30C
330
17
100
AcDbEntity
  8
A-WALL
100
AcDbLine
 10
0.92
 20
5.480000000000002
 30
0.0
 11
0.92
 21
2.6000000000000014
 31
0.0
  0
LINE
  5
30D
330
17
100
AcDbEntity
  8
A-AREA-ZONE
100
AcDbLine
 10
0.92
 20
2.4300000000000015
 30
0.0
 11
0.9700000000000001
 21
2.4300000000000015
 31
0.0
  0
LINE
  5
30E
330
17
100
AcDbEntity
  8
A-AREA-ZONE
100
AcDbLine
 10
1.0050000000000001
 20
2.4300000000000015
 30
0.0
 11
1.0550000000000002
 21
2.4300000000000015
 31
0.0
  0
LINE
  5
30F
330
17
100
AcDbEntity
  8
A-AREA-ZONE
100
AcDbLine
 10
1.09
 20
2.4300000000000015
 30
0.0
 11
1.1400000000000001
 21
2.4300000000000015
 31
0.0
  0
LINE
  5
310
330
17
100
AcDbEntity
  8
A-AREA-ZONE
100
AcDbLine
 10
1.175
 20
2.4300000000000015
 30
0.0
 11
1.225
 21
2.4300000000000015
 31
0.0
  0
LINE
  5
311
330
17
100
AcDbEntity
  8
A-AREA-ZONE
100
AcDbLine
 10
1.26
 20
2.4300000000000015
 30
0.0
 11
1.31
 21
2.4300000000000015
 31
0.0
  0
LINE
  5
312
330
17
100
AcDbEntity
  8
A-AREA-ZONE
100
AcDbLine
 10
1.345
 20
2.4300000000000015
 30
0.0
 11
1.395
 21
2.4300000000000015
 31
0.0
  0
LINE
  5
313
330
17
100
AcDbEntity
  8
A-AREA-ZONE
100
AcDbLine
 10
1.43
 20
2.4300000000000015
 30
0.0
 11
1.48
 21
2.4300000000000015
 31
0.0
  0
LINE
  5
314
330
17
100
AcDbEntity
  8
A-AREA-ZONE
100
AcDbLine
 10
1.5150000000000001
 20
2.4300000000000015
 30
0.0
 11
1.565
 21
2.4300000000000015
 31
0.0
  0
LINE
  5
315
330
17
100
AcDbEntity
  8
A-AREA-ZONE
100
AcDbLine
 10
1.6
 20
2.4300000000000015
 30
0.0
 11
1.6500000000000001
 21
2.4300000000000015
 31
0.0
  0
LINE
  5
316
330
17
100
AcDbEntity
  8
A-AREA-ZONE
100
AcDbLine
 10
1.685
 20
2.4300000000000015
 30
0.0
 11
1.7350000000000003
 21
2.4300000000000015
 31
0.0
  0
LINE
  5
317
330
17
100
AcDbEntity
  8
A-AREA-ZONE
100
AcDbLine
 10
1.7700000000000002
 20
2.4300000000000015
 30
0.0
 11
1.8200000000000003
 21
2.4300000000000015
 31
0.0
  0
LINE
  5
318
330
17
100
AcDbEntity
  8
A-AREA-ZONE
100
AcDbLine
 10
1.8550000000000004
 20
2.4300000000000015
 30
0.0
 11
1.9050000000000002
 21
2.4300000000000015
 31
0.0
  0
LINE
  5
319
330
17
100
AcDbEntity
  8
A-AREA-ZONE
100
AcDbLine
 10
1.9400000000000004
 20
2.4300000000000015
 30
0.0
 11
1.9900000000000002
 21
2.4300000000000015
 31
0.0
  0
LINE
  5
31A
330
17
100
AcDbEntity
  8
A-AREA-ZONE
100
AcDbLine
 10
2.0250000000000004
 20
2.4300000000000015
 30
0.0
 11
2.075
 21
2.4300000000000015
 31
0.0
  0
LINE
  5
31B
330
17
100
AcDbEntity
  8
A-AREA-ZONE
100
AcDbLine
 10
2.1100000000000003
 20
2.4300000000000015
 30
0.0
 11
2.16
 21
2.4300000000000015
 31
0.0
  0
LINE
  5
31C
330
17
100
AcDbEntity
  8
A-AREA-ZONE
100
AcDbLine
 10
2.1950000000000003
 20
2.4300000000000015
 30
0.0
 11
2.245
 21
2.4300000000000015
 31
0.0
  0
LINE
  5
31D
330
17
100
AcDbEntity
  8
A-AREA-ZONE
100
AcDbLine
 10
2.2800000000000002
 20
2.4300000000000015
 30
0.0
 11
2.33
 21
2.4300000000000015
 31
0.0
  0
LINE
  5
31E
330
17
100
AcDbEntity
  8
A-AREA-ZONE
100
AcDbLine
 10
2.365
 20
2.4300000000000015
 30
0.0
 11
2.415
 21
2.4300000000000015
 31
0.0
  0
LINE
  5
31F
330
17
100
AcDbEntity
  8
A-AREA-ZONE
100
AcDbLine
 10
2.45
 20
2.4300000000000015
 30
0.0
 11
2.5
 21
2.4300000000000015
 31
0.0
  0
LINE
  5
320
330
17
100
AcDbEntity
  8
A-AREA-ZONE
100
AcDbLine
 10
2.535
 20
2.4300000000000015
 30
0.0
 11
2.585
 21
2.4300000000000015
 31
0.0
  0
LINE
  5
321
330
17
100
AcDbEntity
  8
A-AREA-ZONE
100
AcDbLine
 10
2.62
 20
2.4300000000000015
 30
0.0
 11
2.67
 21
2.4300000000000015
 31
0.0
  0
LINE
  5
322
330
17
100
AcDbEntity
  8
A-AREA-ZONE
100
AcDbLine
 10
2.705
 20
2.4300000000000015
 30
0.0
 11
2.755
 21
2.4300000000000015
 31
0.0
  0
LINE
  5
323
330
17
100
AcDbEntity
  8
A-AREA-ZONE
100
AcDbLine
 10
2.79
 20
2.4300000000000015
 30
0.0
 11
2.84
 21
2.4300000000000015
 31
0.0
  0
LINE
  5
324
330
17
100
AcDbEntity
  8
A-AREA-ZONE
100
AcDbLine
 10
2.875
 20
2.4300000000000015
 30
0.0
 11
2.925
 21
2.4300000000000015
 31
0.0
  0
LINE
  5
325
330
17
100
AcDbEntity
  8
A-AREA-ZONE
100
AcDbLine
 10
2.96
 20
2.4300000000000015
 30
0.0
 11
3.01
 21
2.4300000000000015
 31
0.0
  0
LINE
  5
326
330
17
100
AcDbEntity
  8
A-AREA-ZONE
100
AcDbLine
 10
3.045
 20
2.4300000000000015
 30
0.0
 11
3.0949999999999998
 21
2.4300000000000015
 31
0.0
  0
LINE
  5
327
330
17
100
AcDbEntity
  8
A-AREA-ZONE
100
AcDbLine
 10
3.13
 20
2.4300000000000015
 30
0.0
 11
3.1799999999999997
 21
2.4300000000000015
 31
0.0
  0
LINE
  5
328
330
17
100
AcDbEntity
  8
A-AREA-ZONE
100
AcDbLine
 10
3.215
 20
2.4300000000000015
 30
0.0
 11
3.2649999999999997
 21
2.4300000000000015
 31
0.0
  0
LINE
  5
329
330
17
100
AcDbEntity
  8
A-AREA-ZONE
100
AcDbLine
 10
3.3
 20
2.4300000000000015
 30
0.0
 11
3.3499999999999996
 21
2.4300000000000015
 31
0.0
  0
LINE
  5
32A
330
17
100
AcDbEntity
  8
A-AREA-ZONE
100
AcDbLine
 10
3.385
 20
2.4300000000000015
 30
0.0
 11
3.4349999999999996
 21
2.4300000000000015
 31
0.0
  0
LINE
  5
32B
330
17
100
AcDbEntity
  8
A-AREA-ZONE
100
AcDbLine
 10
3.4699999999999998
 20
2.4300000000000015
 30
0.0
 11
3.49
 21
2.4300000000000015
 31
0.0
  0
LINE
  5
32C
330
17
100
AcDbEntity
  8
A-AREA-ZONE
100
AcDbLine
 10
3.49
 20
2.4300000000000015
 30
0.0
 11
3.49
 21
2.4800000000000013
 31
0.0
  0
LINE
  5
32D
330
17
100
AcDbEntity
  8
A-AREA-ZONE
100
AcDbLine
 10
3.49
 20
2.5150000000000015
 30
0.0
 11
3.49
 21
2.5650000000000013
 31
0.0
  0
LINE
  5
32E
330
17
100
AcDbEntity
  8
A-AREA-ZONE
100
AcDbLine
 10
3.49
 20
2.6000000000000014
 30
0.0
 11
3.49
 21
2.6500000000000017
 31
0.0
  0
LINE
  5
32F
330
17
100
AcDbEntity
  8
A-AREA-ZONE
100
AcDbLine
 10
3.49
 20
2.6850000000000014
 30
0.0
 11
3.49
 21
2.7350000000000017
 31
0.0
  0
LINE
  5
330
330
17
100
AcDbEntity
  8
A-AREA-ZONE
100
AcDbLine
 10
3.49
 20
2.7700000000000014
 30
0.0
 11
3.49
 21
2.8200000000000016
 31
0.0
  0
LINE
  5
331
330
17
100
AcDbEntity
  8
A-AREA-ZONE
100
AcDbLine
 10
3.49
 20
2.8550000000000013
 30
0.0
 11
3.49
 21
2.9050000000000016
 31
0.0
  0
LINE
  5
332
330
17
100
AcDbEntity
  8
A-AREA-ZONE
100
AcDbLine
 10
3.49
 20
2.9400000000000013
 30
0.0
 11
3.49
 21
2.9900000000000015
 31
0.0
  0
LINE
  5
333
330
17
100
AcDbEntity
  8
A-AREA-ZONE
100
AcDbLine
 10
3.49
 20
3.0250000000000012
 30
0.0
 11
3.49
 21
3.0750000000000015
 31
0.0
  0
LINE
  5
334
330
17
100
AcDbEntity
  8
A-AREA-ZONE
100
AcDbLine
 10
3.49
 20
3.1100000000000017
 30
0.0
 11
3.49
 21
3.1600000000000015
 31
0.0
  0
LINE
  5
335
330
17
100
AcDbEntity
  8
A-AREA-ZONE
100
AcDbLine
 10
3.49
 20
3.1950000000000016
 30
0.0
 11
3.49
 21
3.245000000000002
 31
0.0
  0
LINE
  5
336
330
17
100
AcDbEntity
  8
A-AREA-ZONE
100
AcDbLine
 10
3.49
 20
3.2800000000000016
 30
0.0
 11
3.49
 21
3.330000000000002
 31
0.0
  0
LINE
  5
337
330
17
100
AcDbEntity
  8
A-AREA-ZONE
100
AcDbLine
 10
3.49
 20
3.365000000000002
 30
0.0
 11
3.49
 21
3.415000000000002
 31
0.0
  0
LINE
  5
338
330
17
100
AcDbEntity
  8
A-AREA-ZONE
100
AcDbLine
 10
3.49
 20
3.450000000000002
 30
0.0
 11
3.49
 21
3.5000000000000018
 31
0.0
  0
LINE
  5
339
330
17
100
AcDbEntity
  8
A-AREA-ZONE
100
AcDbLine
 10
3.49
 20
3.535000000000002
 30
0.0
 11
3.49
 21
3.5850000000000017
 31
0.0
  0
LINE
  5
33A
330
17
100
AcDbEntity
  8
A-AREA-ZONE
100
AcDbLine
 10
3.49
 20
3.620000000000002
 30
0.0
 11
3.49
 21
3.6700000000000017
 31
0.0
  0
LINE
  5
33B
330
17
100
AcDbEntity
  8
A-AREA-ZONE
100
AcDbLine
 10
3.49
 20
3.705000000000002
 30
0.0
 11
3.49
 21
3.7550000000000017
 31
0.0
  0
LINE
  5
33C
330
17
100
AcDbEntity
  8
A-AREA-ZONE
100
AcDbLine
 10
3.49
 20
3.790000000000002
 30
0.0
 11
3.49
 21
3.8400000000000016
 31
0.0
  0
LINE
  5
33D
330
17
100
AcDbEntity
  8
A-AREA-ZONE
100
AcDbLine
 10
3.49
 20
3.8750000000000018
 30
0.0
 11
3.49
 21
3.9250000000000016
 31
0.0
  0
LINE
  5
33E
330
17
100
AcDbEntity
  8
A-AREA-ZONE
100
AcDbLine
 10
3.49
 20
3.9600000000000017
 30
0.0
 11
3.49
 21
4.010000000000002
 31
0.0
  0
LINE
  5
33F
330
17
100
AcDbEntity
  8
A-AREA-ZONE
100
AcDbLine
 10
3.49
 20
4.045000000000002
 30
0.0
 11
3.49
 21
4.0950000000000015
 31
0.0
  0
LINE
  5
340
330
17
100
AcDbEntity
  8
A-AREA-ZONE
100
AcDbLine
 10
3.49
 20
4.130000000000002
 30
0.0
 11
3.49
 21
4.1800000000000015
 31
0.0
  0
LINE
  5
341
330
17
100
AcDbEntity
  8
A-AREA-ZONE
100
AcDbLine
 10
3.49
 20
4.215000000000002
 30
0.0
 11
3.49
 21
4.2650000000000015
 31
0.0
  0
LINE
  5
342
330
17
100
AcDbEntity
  8
A-AREA-ZONE
100
AcDbLine
 10
3.49
 20
4.300000000000002
 30
0.0
 11
3.49
 21
4.350000000000001
 31
0.0
  0
LINE
  5
343
330
17
100
AcDbEntity
  8
A-AREA-ZONE
100
AcDbLine
 10
3.49
 20
4.385000000000002
 30
0.0
 11
3.49
 21
4.435000000000001
 31
0.0
  0
LINE
  5
344
330
17
100
AcDbEntity
  8
A-AREA-ZONE
100
AcDbLine
 10
3.49
 20
4.4700000000000015
 30
0.0
 11
3.49
 21
4.520000000000001
 31
0.0
  0
LINE
  5
345
330
17
100
AcDbEntity
  8
A-AREA-ZONE
100
AcDbLine
 10
3.49
 20
4.5550000000000015
 30
0.0
 11
3.49
 21
4.605000000000001
 31
0.0
  0
LINE
  5
346
330
17
100
AcDbEntity
  8
A-AREA-ZONE
100
AcDbLine
 10
3.49
 20
4.6400000000000015
 30
0.0
 11
3.49
 21
4.690000000000001
 31
0.0
  0
LINE
  5
347
330
17
100
AcDbEntity
  8
A-AREA-ZONE
100
AcDbLine
 10
3.49
 20
4.725000000000001
 30
0.0
 11
3.49
 21
4.775000000000001
 31
0.0
  0
LINE
  5
348
330
17
100
AcDbEntity
  8
A-AREA-ZONE
100
AcDbLine
 10
3.49
 20
4.810000000000001
 30
0.0
 11
3.49
 21
4.860000000000001
 31
0.0
  0
LINE
  5
349
330
17
100
AcDbEntity
  8
A-AREA-ZONE
100
AcDbLine
 10
3.49
 20
4.895000000000001
 30
0.0
 11
3.49
 21
4.945000000000001
 31
0.0
  0
LINE
  5
34A
330
17
100
AcDbEntity
  8
A-AREA-ZONE
100
AcDbLine
 10
3.49
 20
4.980000000000001
 30
0.0
 11
3.49
 21
5.030000000000001
 31
0.0
  0
LINE
  5
34B
330
17
100
AcDbEntity
  8
A-AREA-ZONE
100
AcDbLine
 10
3.49
 20
5.065000000000001
 30
0.0
 11
3.49
 21
5.115000000000001
 31
0.0
  0
LINE
  5
34C
330
17
100
AcDbEntity
  8
A-AREA-ZONE
100
AcDbLine
 10
3.49
 20
5.150000000000001
 30
0.0
 11
3.49
 21
5.200000000000001
 31
0.0
  0
LINE
  5
34D
330
17
100
AcDbEntity
  8
A-AREA-ZONE
100
AcDbLine
 10
3.49
 20
5.235000000000001
 30
0.0
 11
3.49
 21
5.285000000000001
 31
0.0
  0
LINE
  5
34E
330
17
100
AcDbEntity
  8
A-AREA-ZONE
100
AcDbLine
 10
3.49
 20
5.320000000000001
 30
0.0
 11
3.49
 21
5.370000000000001
 31
0.0
  0
LINE
  5
34F
330
17
100
AcDbEntity
  8
A-AREA-ZONE
100
AcDbLine
 10
3.49
 20
5.405000000000001
 30
0.0
 11
3.49
 21
5.455000000000001
 31
0.0
  0
LINE
  5
350
330
17
100
AcDbEntity
  8
A-AREA-ZONE
100
AcDbLine
 10
3.49
 20
5.490000000000001
 30
0.0
 11
3.49
 21
5.540000000000001
 31
0.0
  0
LINE
  5
351
330
17
100
AcDbEntity
  8
A-AREA-ZONE
100
AcDbLine
 10
3.49
 20
5.575000000000001
 30
0.0
 11
3.49
 21
5.625000000000001
 31
0.0
  0
LINE
  5
352
330
17
100
AcDbEntity
  8
A-AREA-ZONE
100
AcDbLine
 10
3.49
 20
5.650000000000002
 30
0.0
 11
3.4400000000000004
 21
5.650000000000002
 31
0.0
  0
LINE
  5
353
330
17
100
AcDbEntity
  8
A-AREA-ZONE
100
AcDbLine
 10
3.4050000000000002
 20
5.650000000000002
 30
0.0
 11
3.3550000000000004
 21
5.650000000000002
 31
0.0
  0
LINE
  5
354
330
17
100
AcDbEntity
  8
A-AREA-ZONE
100
AcDbLine
 10
3.3200000000000003
 20
5.650000000000002
 30
0.0
 11
3.27
 21
5.650000000000002
 31
0.0
  0
LINE
  5
355
330
17
100
AcDbEntity
  8
A-AREA-ZONE
100
AcDbLine
 10
3.2350000000000003
 20
5.650000000000002
 30
0.0
 11
3.185
 21
5.650000000000002
 31
0.0
  0
LINE
  5
356
330
17
100
AcDbEntity
  8
A-AREA-ZONE
100
AcDbLine
 10
3.1500000000000004
 20
5.650000000000002
 30
0.0
 11
3.1
 21
5.650000000000002
 31
0.0
  0
LINE
  5
357
330
17
100
AcDbEntity
  8
A-AREA-ZONE
100
AcDbLine
 10
3.0650000000000004
 20
5.650000000000002
 30
0.0
 11
3.015
 21
5.650000000000002
 31
0.0
  0
LINE
  5
358
330
17
100
AcDbEntity
  8
A-AREA-ZONE
100
AcDbLine
 10
2.9800000000000004
 20
5.650000000000002
 30
0.0
 11
2.93
 21
5.650000000000002
 31
0.0
  0
LINE
  5
359
330
17
100
AcDbEntity
  8
A-AREA-ZONE
100
AcDbLine
 10
2.8950000000000005
 20
5.650000000000002
 30
0.0
 11
2.845
 21
5.650000000000002
 31
0.0
  0
LINE
  5
35A
330
17
100
AcDbEntity
  8
A-AREA-ZONE
100
AcDbLine
 10
2.81
 20
5.650000000000002
 30
0.0
 11
2.7600000000000002
 21
5.650000000000002
 31
0.0
  0
LINE
  5
35B
330
17
100
AcDbEntity
  8
A-AREA-ZONE
100
AcDbLine
 10
2.725
 20
5.650000000000002
 30
0.0
 11
2.675
 21
5.650000000000002
 31
0.0
  0
LINE
  5
35C
330
17
100
AcDbEntity
  8
A-AREA-ZONE
100
AcDbLine
 10
2.64
 20
5.650000000000002
 30
0.0
 11
2.59
 21
5.650000000000002
 31
0.0
  0
LINE
  5
35D
330
17
100
AcDbEntity
  8
A-AREA-ZONE
100
AcDbLine
 10
2.5549999999999997
 20
5.650000000000002
 30
0.0
 11
2.505
 21
5.650000000000002
 31
0.0
  0
LINE
  5
35E
330
17
100
AcDbEntity
  8
A-AREA-ZONE
100
AcDbLine
 10
2.4699999999999998
 20
5.650000000000002
 30
0.0
 11
2.42
 21
5.650000000000002
 31
0.0
  0
LINE
  5
35F
330
17
100
AcDbEntity
  8
A-AREA-ZONE
100
AcDbLine
 10
2.385
 20
5.650000000000002
 30
0.0
 11
2.335
 21
5.650000000000002
 31
0.0
  0
LINE
  5
360
330
17
100
AcDbEntity
  8
A-AREA-ZONE
100
AcDbLine
 10
2.3
 20
5.650000000000002
 30
0.0
 11
2.25
 21
5.650000000000002
 31
0.0
  0
LINE
  5
361
330
17
100
AcDbEntity
  8
A-AREA-ZONE
100
AcDbLine
 10
2.215
 20
5.650000000000002
 30
0.0
 11
2.165
 21
5.650000000000002
 31
0.0
  0
LINE
  5
362
330
17
100
AcDbEntity
  8
A-AREA-ZONE
100
AcDbLine
 10
2.13
 20
5.650000000000002
 30
0.0
 11
2.08
 21
5.650000000000002
 31
0.0
  0
LINE
  5
363
330
17
100
AcDbEntity
  8
A-AREA-ZONE
100
AcDbLine
 10
2.045
 20
5.650000000000002
 30
0.0
 11
1.995
 21
5.650000000000002
 31
0.0
  0
LINE
  5
364
330
17
100
AcDbEntity
  8
A-AREA-ZONE
100
AcDbLine
 10
1.9600000000000002
 20
5.650000000000002
 30
0.0
 11
1.9100000000000001
 21
5.650000000000002
 31
0.0
  0
LINE
  5
365
330
17
100
AcDbEntity
  8
A-AREA-ZONE
100
AcDbLine
 10
1.8750000000000002
 20
5.650000000000002
 30
0.0
 11
1.8250000000000002
 21
5.650000000000002
 31
0.0
  0
LINE
  5
366
330
17
100
AcDbEntity
  8
A-AREA-ZONE
100
AcDbLine
 10
1.7900000000000003
 20
5.650000000000002
 30
0.0
 11
1.7400000000000002
 21
5.650000000000002
 31
0.0
  0
LINE
  5
367
330
17
100
AcDbEntity
  8
A-AREA-ZONE
100
AcDbLine
 10
1.7050000000000003
 20
5.650000000000002
 30
0.0
 11
1.6550000000000002
 21
5.650000000000002
 31
0.0
  0
LINE
  5
368
330
17
100
AcDbEntity
  8
A-AREA-ZONE
100
AcDbLine
 10
1.6200000000000003
 20
5.650000000000002
 30
0.0
 11
1.5700000000000003
 21
5.650000000000002
 31
0.0
  0
LINE
  5
369
330
17
100
AcDbEntity
  8
A-AREA-ZONE
100
AcDbLine
 10
1.5350000000000004
 20
5.650000000000002
 30
0.0
 11
1.4850000000000003
 21
5.650000000000002
 31
0.0
  0
LINE
  5
36A
330
17
100
AcDbEntity
  8
A-AREA-ZONE
100
AcDbLine
 10
1.4500000000000002
 20
5.650000000000002
 30
0.0
 11
1.4000000000000004
 21
5.650000000000002
 31
0.0
  0
LINE
  5
36B
330
17
100
AcDbEntity
  8
A-AREA-ZONE
100
AcDbLine
 10
1.3650000000000002
 20
5.650000000000002
 30
0.0
 11
1.3150000000000004
 21
5.650000000000002
 31
0.0
  0
LINE
  5
36C
330
17
100
AcDbEntity
  8
A-AREA-ZONE
100
AcDbLine
 10
1.2800000000000002
 20
5.650000000000002
 30
0.0
 11
1.2300000000000004
 21
5.650000000000002
 31
0.0
  0
LINE
  5
36D
330
17
100
AcDbEntity
  8
A-AREA-ZONE
100
AcDbLine
 10
1.1950000000000003
 20
5.650000000000002
 30
0.0
 11
1.1450000000000005
 21
5.650000000000002
 31
0.0
  0
LINE
  5
36E
330
17
100
AcDbEntity
  8
A-AREA-ZONE
100
AcDbLine
 10
1.1100000000000003
 20
5.650000000000002
 30
0.0
 11
1.0600000000000005
 21
5.650000000000002
 31
0.0
  0
LINE
  5
36F
330
17
100
AcDbEntity
  8
A-AREA-ZONE
100
AcDbLine
 10
1.0250000000000004
 20
5.650000000000002
 30
0.0
 11
0.9750000000000005
 21
5.650000000000002
 31
0.0
  0
LINE
  5
370
330
17
100
AcDbEntity
  8
A-AREA-ZONE
100
AcDbLine
 10
0.9400000000000004
 20
5.650000000000002
 30
0.0
 11
0.9199999999999999
 21
5.650000000000002
 31
0.0
  0
LINE
  5
371
330
17
100
AcDbEntity
  8
A-AREA-ZONE
100
AcDbLine
 10
0.92
 20
5.650000000000002
 30
0.0
 11
0.92
 21
5.600000000000002
 31
0.0
  0
LINE
  5
372
330
17
100
AcDbEntity
  8
A-AREA-ZONE
100
AcDbLine
 10
0.92
 20
5.565000000000002
 30
0.0
 11
0.92
 21
5.515000000000002
 31
0.0
  0
LINE
  5
373
330
17
100
AcDbEntity
  8
A-AREA-ZONE
100
AcDbLine
 10
0.92
 20
5.480000000000002
 30
0.0
 11
0.92
 21
5.430000000000002
 31
0.0
  0
LINE
  5
374
330
17
100
AcDbEntity
  8
A-AREA-ZONE
100
AcDbLine
 10
0.92
 20
5.395000000000002
 30
0.0
 11
0.92
 21
5.345000000000002
 31
0.0
  0
LINE
  5
375
330
17
100
AcDbEntity
  8
A-AREA-ZONE
100
AcDbLine
 10
0.92
 20
5.310000000000002
 30
0.0
 11
0.92
 21
5.2600000000000025
 31
0.0
  0
LINE
  5
376
330
17
100
AcDbEntity
  8
A-AREA-ZONE
100
AcDbLine
 10
0.92
 20
5.225000000000002
 30
0.0
 11
0.92
 21
5.1750000000000025
 31
0.0
  0
LINE
  5
377
330
17
100
AcDbEntity
  8
A-AREA-ZONE
100
AcDbLine
 10
0.92
 20
5.140000000000002
 30
0.0
 11
0.92
 21
5.0900000000000025
 31
0.0
  0
LINE
  5
378
330
17
100
AcDbEntity
  8
A-AREA-ZONE
100
AcDbLine
 10
0.92
 20
5.055000000000002
 30
0.0
 11
0.92
 21
5.005000000000003
 31
0.0
  0
LINE
  5
379
330
17
100
AcDbEntity
  8
A-AREA-ZONE
100
AcDbLine
 10
0.92
 20
4.970000000000002
 30
0.0
 11
0.92
 21
4.920000000000002
 31
0.0
  0
LINE
  5
37A
330
17
100
AcDbEntity
  8
A-AREA-ZONE
100
AcDbLine
 10
0.92
 20
4.885000000000002
 30
0.0
 11
0.92
 21
4.835000000000002
 31
0.0
  0
LINE
  5
37B
330
17
100
AcDbEntity
  8
A-AREA-ZONE
100
AcDbLine
 10
0.92
 20
4.800000000000002
 30
0.0
 11
0.92
 21
4.750000000000002
 31
0.0
  0
LINE
  5
37C
330
17
100
AcDbEntity
  8
A-AREA-ZONE
100
AcDbLine
 10
0.92
 20
4.715000000000002
 30
0.0
 11
0.92
 21
4.665000000000002
 31
0.0
  0
LINE
  5
37D
330
17
100
AcDbEntity
  8
A-AREA-ZONE
100
AcDbLine
 10
0.92
 20
4.630000000000002
 30
0.0
 11
0.92
 21
4.580000000000002
 31
0.0
  0
LINE
  5
37E
330
17
100
AcDbEntity
  8
A-AREA-ZONE
100
AcDbLine
 10
0.92
 20
4.545000000000002
 30
0.0
 11
0.92
 21
4.495000000000002
 31
0.0
  0
LINE
  5
37F
330
17
100
AcDbEntity
  8
A-AREA-ZONE
100
AcDbLine
 10
0.92
 20
4.460000000000002
 30
0.0
 11
0.92
 21
4.410000000000002
 31
0.0
  0
LINE
  5
380
330
17
100
AcDbEntity
  8
A-AREA-ZONE
100
AcDbLine
 10
0.92
 20
4.375000000000002
 30
0.0
 11
0.92
 21
4.325000000000002
 31
0.0
  0
LINE
  5
381
330
17
100
AcDbEntity
  8
A-AREA-ZONE
100
AcDbLine
 10
0.92
 20
4.290000000000002
 30
0.0
 11
0.92
 21
4.240000000000002
 31
0.0
  0
LINE
  5
382
330
17
100
AcDbEntity
  8
A-AREA-ZONE
100
AcDbLine
 10
0.92
 20
4.205000000000002
 30
0.0
 11
0.92
 21
4.155000000000002
 31
0.0
  0
LINE
  5
383
330
17
100
AcDbEntity
  8
A-AREA-ZONE
100
AcDbLine
 10
0.92
 20
4.120000000000002
 30
0.0
 11
0.92
 21
4.070000000000002
 31
0.0
  0
LINE
  5
384
330
17
100
AcDbEntity
  8
A-AREA-ZONE
100
AcDbLine
 10
0.92
 20
4.035000000000002
 30
0.0
 11
0.92
 21
3.985000000000002
 31
0.0
  0
LINE
  5
385
330
17
100
AcDbEntity
  8
A-AREA-ZONE
100
AcDbLine
 10
0.92
 20
3.950000000000002
 30
0.0
 11
0.92
 21
3.900000000000002
 31
0.0
  0
LINE
  5
386
330
17
100
AcDbEntity
  8
A-AREA-ZONE
100
AcDbLine
 10
0.92
 20
3.865000000000002
 30
0.0
 11
0.92
 21
3.815000000000002
 31
0.0
  0
LINE
  5
387
330
17
100
AcDbEntity
  8
A-AREA-ZONE
100
AcDbLine
 10
0.92
 20
3.780000000000002
 30
0.0
 11
0.92
 21
3.730000000000002
 31
0.0
  0
LINE
  5
388
330
17
100
AcDbEntity
  8
A-AREA-ZONE
100
AcDbLine
 10
0.92
 20
3.695000000000002
 30
0.0
 11
0.92
 21
3.6450000000000022
 31
0.0
  0
LINE
  5
389
330
17
100
AcDbEntity
  8
A-AREA-ZONE
100
AcDbLine
 10
0.92
 20
3.610000000000002
 30
0.0
 11
0.92
 21
3.5600000000000023
 31
0.0
  0
LINE
  5
38A
330
17
100
AcDbEntity
  8
A-AREA-ZONE
100
AcDbLine
 10
0.92
 20
3.525000000000002
 30
0.0
 11
0.92
 21
3.4750000000000023
 31
0.0
  0
LINE
  5
38B
330
17
100
AcDbEntity
  8
A-AREA-ZONE
100
AcDbLine
 10
0.92
 20
3.440000000000002
 30
0.0
 11
0.92
 21
3.3900000000000023
 31
0.0
  0
LINE
  5
38C
330
17
100
AcDbEntity
  8
A-AREA-ZONE
100
AcDbLine
 10
0.92
 20
3.355000000000002
 30
0.0
 11
0.92
 21
3.3050000000000024
 31
0.0
  0
LINE
  5
38D
330
17
100
AcDbEntity
  8
A-AREA-ZONE
100
AcDbLine
 10
0.92
 20
3.2700000000000022
 30
0.0
 11
0.92
 21
3.2200000000000024
 31
0.0
  0
LINE
  5
38E
330
17
100
AcDbEntity
  8
A-AREA-ZONE
100
AcDbLine
 10
0.92
 20
3.1850000000000023
 30
0.0
 11
0.92
 21
3.1350000000000025
 31
0.0
  0
LINE
  5
38F
330
17
100
AcDbEntity
  8
A-AREA-ZONE
100
AcDbLine
 10
0.92
 20
3.1000000000000023
 30
0.0
 11
0.92
 21
3.0500000000000025
 31
0.0
  0
LINE
  5
390
330
17
100
AcDbEntity
  8
A-AREA-ZONE
100
AcDbLine
 10
0.92
 20
3.0150000000000023
 30
0.0
 11
0.92
 21
2.9650000000000025
 31
0.0
  0
LINE
  5
391
330
17
100
AcDbEntity
  8
A-AREA-ZONE
100
AcDbLine
 10
0.92
 20
2.9300000000000024
 30
0.0
 11
0.92
 21
2.8800000000000026
 31
0.0
  0
LINE
  5
392
330
17
100
AcDbEntity
  8
A-AREA-ZONE
100
AcDbLine
 10
0.92
 20
2.8450000000000024
 30
0.0
 11
0.92
 21
2.7950000000000026
 31
0.0
  0
LINE
  5
393
330
17
100
AcDbEntity
  8
A-AREA-ZONE
100
AcDbLine
 10
0.92
 20
2.7600000000000025
 30
0.0
 11
0.92
 21
2.7100000000000026
 31
0.0
  0
LINE
  5
394
330
17
100
AcDbEntity
  8
A-AREA-ZONE
100
AcDbLine
 10
0.92
 20
2.6750000000000025
 30
0.0
 11
0.92
 21
2.6250000000000027
 31
0.0
  0
LINE
  5
395
330
17
100
AcDbEntity
  8
A-AREA-ZONE
100
AcDbLine
 10
0.92
 20
2.5900000000000025
 30
0.0
 11
0.92
 21
2.5400000000000027
 31
0.0
  0
LINE
  5
396
330
17
100
AcDbEntity
  8
A-AREA-ZONE
100
AcDbLine
 10
0.92
 20
2.5050000000000026
 30
0.0
 11
0.92
 21
2.4550000000000027
 31
0.0
  0
TEXT
  5
397
330
17
100
AcDbEntity
  8
A-ANNO-TEXT
100
AcDbText
 10
0.8600000000000001
 20
4.040000000000002
 30
0.0
 40
0.034999999999999996
  1
ATHLETE CORRIDOR (W) — floor edge open
 50
90.0
  7
KS-REG
 72
1
 11
0.8600000000000001
 21
4.040000000000002
 31
0.0
100
AcDbText
  0
TEXT
  5
398
330
17
100
AcDbEntity
  8
A-ANNO-TEXT
100
AcDbText
 10
2.12
 20
4.2200000000000015
 30
0.0
 40
0.048
  1
TIER OPEN (extended)
  7
KS-BOLD
 72
1
 11
2.12
 21
4.2200000000000015
 31
0.0
100
AcDbText
  0
TEXT
  5
399
330
17
100
AcDbEntity
  8
A-ANNO-TEXT
100
AcDbText
 10
2.12
 20
4.100000000000001
 30
0.0
 40
0.043
  1
floor 120' x 144' = 17,280 SF
  7
KS-REG
 72
1
 11
2.12
 21
4.100000000000001
 31
0.0
100
AcDbText
  0
TEXT
  5
39A
330
17
100
AcDbEntity
  8
A-ANNO-TEXT
100
AcDbText
 10
2.12
 20
3.8800000000000017
 30
0.0
 40
0.04599999999999999
  1
TIER CLOSED adds the green band
  7
KS-BOLD
 72
1
 11
2.12
 21
3.8800000000000017
 31
0.0
100
AcDbText
  0
TEXT
  5
39B
330
17
100
AcDbEntity
  8
A-ANNO-TEXT
100
AcDbText
 10
2.12
 20
3.7600000000000016
 30
0.0
 40
0.043
  1
128'-6" x 161'-0" = 20,689 SF
  7
KS-REG
 72
1
 11
2.12
 21
3.7600000000000016
 31
0.0
100
AcDbText
  0
TEXT
  5
39C
330
17
100
AcDbEntity
  8
A-ANNO-TEXT
100
AcDbText
 10
2.12
 20
3.6400000000000015
 30
0.0
 40
0.039999999999999994
  1
(+3,409 SF; lower seats stowed)
  7
KS-REG
 72
1
 11
2.12
 21
3.6400000000000015
 31
0.0
100
AcDbText
  0
TEXT
  5
39D
330
17
100
AcDbEntity
  8
A-ANNO-TEXT
100
AcDbText
 10
2.12
 20
5.752000000000002
 30
0.0
 40
0.036
  1
closed stack 3'-6" (dark) at the upper-tier face
  7
KS-REG
 72
1
 11
2.12
 21
5.752000000000002
 31
0.0
100
AcDbText
  0
LINE
  5
39E
330
17
100
AcDbEntity
  8
A-ANNO-DIMS
100
AcDbLine
 10
0.92
 20
2.2900000000000014
 30
0.0
 11
3.49
 21
2.2900000000000014
 31
0.0
  0
LINE
  5
39F
330
17
100
AcDbEntity
  8
A-ANNO-DIMS
100
AcDbLine
 10
0.92
 20
2.2660000000000013
 30
0.0
 11
0.92
 21
2.3140000000000014
 31
0.0
  0
LINE
  5
3A0
330
17
100
AcDbEntity
  8
A-ANNO-DIMS
100
AcDbLine
 10
3.3200000000000003
 20
2.2660000000000013
 30
0.0
 11
3.3200000000000003
 21
2.3140000000000014
 31
0.0
  0
LINE
  5
3A1
330
17
100
AcDbEntity
  8
A-ANNO-DIMS
100
AcDbLine
 10
3.49
 20
2.2660000000000013
 30
0.0
 11
3.49
 21
2.3140000000000014
 31
0.0
  0
TEXT
  5
3A2
330
17
100
AcDbEntity
  8
A-ANNO-DIMS
100
AcDbText
 10
2.12
 20
2.3100000000000014
 30
0.0
 40
0.036
  1
120' open
  7
KS-REG
 72
1
 11
2.12
 21
2.3100000000000014
 31
0.0
100
AcDbText
  0
TEXT
  5
3A3
330
17
100
AcDbEntity
  8
A-ANNO-DIMS
100
AcDbText
 10
3.4050000000000002
 20
2.3100000000000014
 30
0.0
 40
0.036
  1
8'-6"
  7
KS-REG
 72
1
 11
3.4050000000000002
 21
2.3100000000000014
 31
0.0
100
AcDbText
  0
LINE
  5
3A4
330
17
100
AcDbEntity
  8
A-ANNO-DIMS
100
AcDbLine
 10
3.63
 20
2.3600000000000017
 30
0.0
 11
3.63
 21
5.7200000000000015
 31
0.0
  0
LINE
  5
3A5
330
17
100
AcDbEntity
  8
A-ANNO-DIMS
100
AcDbLine
 10
3.6060000000000008
 20
2.3600000000000017
 30
0.0
 11
3.654
 21
2.3600000000000017
 31
0.0
  0
LINE
  5
3A6
330
17
100
AcDbEntity
  8
A-ANNO-DIMS
100
AcDbLine
 10
3.6060000000000008
 20
2.4300000000000015
 30
0.0
 11
3.654
 21
2.4300000000000015
 31
0.0
  0
LINE
  5
3A7
330
17
100
AcDbEntity
  8
A-ANNO-DIMS
100
AcDbLine
 10
3.6060000000000008
 20
2.6000000000000014
 30
0.0
 11
3.654
 21
2.6000000000000014
 31
0.0
  0
LINE
  5
3A8
330
17
100
AcDbEntity
  8
A-ANNO-DIMS
100
AcDbLine
 10
3.6060000000000008
 20
5.480000000000002
 30
0.0
 11
3.654
 21
5.480000000000002
 31
0.0
  0
LINE
  5
3A9
330
17
100
AcDbEntity
  8
A-ANNO-DIMS
100
AcDbLine
 10
3.6060000000000008
 20
5.650000000000002
 30
0.0
 11
3.654
 21
5.650000000000002
 31
0.0
  0
LINE
  5
3AA
330
17
100
AcDbEntity
  8
A-ANNO-DIMS
100
AcDbLine
 10
3.6060000000000008
 20
5.7200000000000015
 30
0.0
 11
3.654
 21
5.7200000000000015
 31
0.0
  0
TEXT
  5
3AB
330
17
100
AcDbEntity
  8
A-ANNO-DIMS
100
AcDbText
 10
3.6580000000000004
 20
2.3950000000000014
 30
0.0
 40
0.036
  1

 50
90.0
  7
KS-REG
 72
1
 11
3.6580000000000004
 21
2.3950000000000014
 31
0.0
100
AcDbText
  0
TEXT
  5
3AC
330
17
100
AcDbEntity
  8
A-ANNO-DIMS
100
AcDbText
 10
3.6580000000000004
 20
2.5150000000000015
 30
0.0
 40
0.036
  1
8'-6"
 50
90.0
  7
KS-REG
 72
1
 11
3.6580000000000004
 21
2.5150000000000015
 31
0.0
100
AcDbText
  0
TEXT
  5
3AD
330
17
100
AcDbEntity
  8
A-ANNO-DIMS
100
AcDbText
 10
3.6580000000000004
 20
4.040000000000002
 30
0.0
 40
0.036
  1
144'
 50
90.0
  7
KS-REG
 72
1
 11
3.6580000000000004
 21
4.040000000000002
 31
0.0
100
AcDbText
  0
TEXT
  5
3AE
330
17
100
AcDbEntity
  8
A-ANNO-DIMS
100
AcDbText
 10
3.6580000000000004
 20
5.565000000000001
 30
0.0
 40
0.036
  1
8'-6"
 50
90.0
  7
KS-REG
 72
1
 11
3.6580000000000004
 21
5.565000000000001
 31
0.0
100
AcDbText
  0
TEXT
  5
3AF
330
17
100
AcDbEntity
  8
A-ANNO-DIMS
100
AcDbText
 10
3.6580000000000004
 20
5.685000000000002
 30
0.0
 40
0.036
  1

 50
90.0
  7
KS-REG
 72
1
 11
3.6580000000000004
 21
5.685000000000002
 31
0.0
100
AcDbText
  0
TEXT
  5
3B0
330
17
100
AcDbEntity
  8
A-ANNO-TEXT
100
AcDbText
 10
0.8
 20
6.030000000000001
 30
0.0
 40
0.06999999999999999
  1
(c) TELESCOPIC LOWER TIER — OPEN vs CLOSED
  7
KS-BOLD
 11
0.8
 21
6.030000000000001
 31
0.0
100
AcDbText
  0
TEXT
  5
3B1
330
17
100
AcDbEntity
  8
A-ANNO-TEXT
100
AcDbText
 10
0.8
 20
5.920000000000001
 30
0.0
 40
0.048
  1
1" = 50'-0" · 6 rows x 24 in = 12' open; 3'-6" closed (Hussey)
  7
KS-REG
 11
0.8
 21
5.920000000000001
 31
0.0
100
AcDbText
  0
HATCH
  5
3B2
330
17
100
AcDbEntity
  8
A-AREA-ZONE
 62
7
420
16119285
100
AcDbHatch
 10
0.0
 20
0.0
 30
0.0
210
0.0
220
0.0
230
1.0
  2
SOLID
 70
1
 71
0
 91
1
 92
3
 72
0
 73
1
 93
4
 10
4.22
 20
4.350000000000001
 10
5.359999999999999
 20
4.350000000000001
 10
5.359999999999999
 20
5.790000000000001
 10
4.22
 20
5.790000000000001
 97
0
 75
0
 76
1
 98
0
  0
LINE
  5
3B3
330
17
100
AcDbEntity
  8
A-HATCH
100
AcDbLine
 10
5.358233764908636
 20
4.350000000000001
 30
0.0
 11
5.3599999999999905
 21
4.351766235091356
 31
0.0
  0
LINE
  5
3B4
330
17
100
AcDbEntity
  8
A-HATCH
100
AcDbLine
 10
5.188528137423854
 20
4.350000000000001
 30
0.0
 11
5.359999999999999
 21
4.5214718625761465
 31
0.0
  0
LINE
  5
3B5
330
17
100
AcDbEntity
  8
A-HATCH
100
AcDbLine
 10
5.018822509939091
 20
4.350000000000001
 30
0.0
 11
5.360000000000009
 21
4.6911774900609196
 31
0.0
  0
LINE
  5
3B6
330
17
100
AcDbEntity
  8
A-HATCH
100
AcDbLine
 10
4.849116882454309
 20
4.350000000000001
 30
0.0
 11
5.3599999999999905
 21
4.860883117545683
 31
0.0
  0
LINE
  5
3B7
330
17
100
AcDbEntity
  8
A-HATCH
100
AcDbLine
 10
4.679411254969555
 20
4.35000000000001
 30
0.0
 11
5.359999999999999
 21
5.030588745030456
 31
0.0
  0
LINE
  5
3B8
330
17
100
AcDbEntity
  8
A-HATCH
100
AcDbLine
 10
4.509705627484773
 20
4.35000000000001
 30
0.0
 11
5.359999999999999
 21
5.200294372515238
 31
0.0
  0
LINE
  5
3B9
330
17
100
AcDbEntity
  8
A-HATCH
100
AcDbLine
 10
4.34
 20
4.350000000000001
 30
0.0
 11
5.359999999999999
 21
5.370000000000001
 31
0.0
  0
LINE
  5
3BA
330
17
100
AcDbEntity
  8
A-HATCH
100
AcDbLine
 10
4.220000000000009
 20
4.399705627484774
 30
0.0
 11
5.3599999999999905
 21
5.539705627484756
 31
0.0
  0
LINE
  5
3BB
330
17
100
AcDbEntity
  8
A-HATCH
100
AcDbLine
 10
4.220000000000009
 20
4.569411254969556
 30
0.0
 11
5.3599999999999905
 21
5.709411254969538
 31
0.0
  0
LINE
  5
3BC
330
17
100
AcDbEntity
  8
A-HATCH
100
AcDbLine
 10
4.22
 20
4.739116882454311
 30
0.0
 11
5.27088311754569
 21
5.790000000000001
 31
0.0
  0
LINE
  5
3BD
330
17
100
AcDbEntity
  8
A-HATCH
100
AcDbLine
 10
4.22
 20
4.9088225099390925
 30
0.0
 11
5.101177490060909
 21
5.790000000000001
 31
0.0
  0
LINE
  5
3BE
330
17
100
AcDbEntity
  8
A-HATCH
100
AcDbLine
 10
4.22
 20
5.078528137423856
 30
0.0
 11
4.931471862576136
 21
5.789999999999992
 31
0.0
  0
LINE
  5
3BF
330
17
100
AcDbEntity
  8
A-HATCH
100
AcDbLine
 10
4.22
 20
5.248233764908639
 30
0.0
 11
4.761766235091372
 21
5.790000000000011
 31
0.0
  0
LINE
  5
3C0
330
17
100
AcDbEntity
  8
A-HATCH
100
AcDbLine
 10
4.220000000000009
 20
5.417939392393411
 30
0.0
 11
4.5920606076066
 21
5.790000000000001
 31
0.0
  0
LINE
  5
3C1
330
17
100
AcDbEntity
  8
A-HATCH
100
AcDbLine
 10
4.22
 20
5.587645019878165
 30
0.0
 11
4.422354980121836
 21
5.790000000000001
 31
0.0
  0
LINE
  5
3C2
330
17
100
AcDbEntity
  8
A-HATCH
100
AcDbLine
 10
4.22
 20
5.757350647362948
 30
0.0
 11
4.252649352637054
 21
5.790000000000001
 31
0.0
  0
LINE
  5
3C3
330
17
100
AcDbEntity
  8
A-AREA-ZONE
100
AcDbLine
 10
4.22
 20
4.350000000000001
 30
0.0
 11
5.359999999999999
 21
4.350000000000001
 31
0.0
  0
LINE
  5
3C4
330
17
100
AcDbEntity
  8
A-AREA-ZONE
100
AcDbLine
 10
5.359999999999999
 20
4.350000000000001
 30
0.0
 11
5.359999999999999
 21
5.790000000000001
 31
0.0
  0
LINE
  5
3C5
330
17
100
AcDbEntity
  8
A-AREA-ZONE
100
AcDbLine
 10
5.359999999999999
 20
5.790000000000001
 30
0.0
 11
4.22
 21
5.790000000000001
 31
0.0
  0
LINE
  5
3C6
330
17
100
AcDbEntity
  8
A-AREA-ZONE
100
AcDbLine
 10
4.22
 20
5.790000000000001
 30
0.0
 11
4.22
 21
4.350000000000001
 31
0.0
  0
LINE
  5
3C7
330
17
100
AcDbEntity
  8
A-WALL
100
AcDbLine
 10
4.22
 20
4.350000000000001
 30
0.0
 11
5.42
 21
4.350000000000001
 31
0.0
  0
LINE
  5
3C8
330
17
100
AcDbEntity
  8
A-WALL
100
AcDbLine
 10
5.42
 20
4.350000000000001
 30
0.0
 11
5.42
 21
5.790000000000001
 31
0.0
  0
LINE
  5
3C9
330
17
100
AcDbEntity
  8
A-WALL
100
AcDbLine
 10
5.42
 20
5.790000000000001
 30
0.0
 11
4.22
 21
5.790000000000001
 31
0.0
  0
LINE
  5
3CA
330
17
100
AcDbEntity
  8
A-WALL
100
AcDbLine
 10
4.22
 20
5.790000000000001
 30
0.0
 11
4.22
 21
4.350000000000001
 31
0.0
  0
LINE
  5
3CB
330
17
100
AcDbEntity
  8
A-AREA-ZONE
100
AcDbLine
 10
5.359999999999999
 20
4.350000000000001
 30
0.0
 11
5.359999999999999
 21
4.400000000000001
 31
0.0
  0
LINE
  5
3CC
330
17
100
AcDbEntity
  8
A-AREA-ZONE
100
AcDbLine
 10
5.359999999999999
 20
4.435000000000001
 30
0.0
 11
5.359999999999999
 21
4.485000000000001
 31
0.0
  0
LINE
  5
3CD
330
17
100
AcDbEntity
  8
A-AREA-ZONE
100
AcDbLine
 10
5.359999999999999
 20
4.520000000000001
 30
0.0
 11
5.359999999999999
 21
4.570000000000001
 31
0.0
  0
LINE
  5
3CE
330
17
100
AcDbEntity
  8
A-AREA-ZONE
100
AcDbLine
 10
5.359999999999999
 20
4.605000000000001
 30
0.0
 11
5.359999999999999
 21
4.655000000000001
 31
0.0
  0
LINE
  5
3CF
330
17
100
AcDbEntity
  8
A-AREA-ZONE
100
AcDbLine
 10
5.359999999999999
 20
4.690000000000001
 30
0.0
 11
5.359999999999999
 21
4.740000000000001
 31
0.0
  0
LINE
  5
3D0
330
17
100
AcDbEntity
  8
A-AREA-ZONE
100
AcDbLine
 10
5.359999999999999
 20
4.775000000000001
 30
0.0
 11
5.359999999999999
 21
4.825000000000001
 31
0.0
  0
LINE
  5
3D1
330
17
100
AcDbEntity
  8
A-AREA-ZONE
100
AcDbLine
 10
5.359999999999999
 20
4.860000000000001
 30
0.0
 11
5.359999999999999
 21
4.910000000000001
 31
0.0
  0
LINE
  5
3D2
330
17
100
AcDbEntity
  8
A-AREA-ZONE
100
AcDbLine
 10
5.359999999999999
 20
4.945000000000001
 30
0.0
 11
5.359999999999999
 21
4.995000000000001
 31
0.0
  0
LINE
  5
3D3
330
17
100
AcDbEntity
  8
A-AREA-ZONE
100
AcDbLine
 10
5.359999999999999
 20
5.030000000000001
 30
0.0
 11
5.359999999999999
 21
5.080000000000002
 31
0.0
  0
LINE
  5
3D4
330
17
100
AcDbEntity
  8
A-AREA-ZONE
100
AcDbLine
 10
5.359999999999999
 20
5.115000000000002
 30
0.0
 11
5.359999999999999
 21
5.165000000000002
 31
0.0
  0
LINE
  5
3D5
330
17
100
AcDbEntity
  8
A-AREA-ZONE
100
AcDbLine
 10
5.359999999999999
 20
5.200000000000002
 30
0.0
 11
5.359999999999999
 21
5.250000000000002
 31
0.0
  0
LINE
  5
3D6
330
17
100
AcDbEntity
  8
A-AREA-ZONE
100
AcDbLine
 10
5.359999999999999
 20
5.285000000000002
 30
0.0
 11
5.359999999999999
 21
5.335000000000002
 31
0.0
  0
LINE
  5
3D7
330
17
100
AcDbEntity
  8
A-AREA-ZONE
100
AcDbLine
 10
5.359999999999999
 20
5.370000000000002
 30
0.0
 11
5.359999999999999
 21
5.420000000000002
 31
0.0
  0
LINE
  5
3D8
330
17
100
AcDbEntity
  8
A-AREA-ZONE
100
AcDbLine
 10
5.359999999999999
 20
5.455000000000002
 30
0.0
 11
5.359999999999999
 21
5.505000000000002
 31
0.0
  0
LINE
  5
3D9
330
17
100
AcDbEntity
  8
A-AREA-ZONE
100
AcDbLine
 10
5.359999999999999
 20
5.540000000000002
 30
0.0
 11
5.359999999999999
 21
5.590000000000002
 31
0.0
  0
LINE
  5
3DA
330
17
100
AcDbEntity
  8
A-AREA-ZONE
100
AcDbLine
 10
5.359999999999999
 20
5.625000000000002
 30
0.0
 11
5.359999999999999
 21
5.675000000000002
 31
0.0
  0
LINE
  5
3DB
330
17
100
AcDbEntity
  8
A-AREA-ZONE
100
AcDbLine
 10
5.359999999999999
 20
5.710000000000002
 30
0.0
 11
5.359999999999999
 21
5.760000000000002
 31
0.0
  0
LINE
  5
3DC
330
17
100
AcDbEntity
  8
A-WALL
100
AcDbLine
 10
4.7299999999999995
 20
4.350000000000001
 30
0.0
 11
4.7299999999999995
 21
4.290000000000002
 31
0.0
  0
LINE
  5
3DD
330
17
100
AcDbEntity
  8
A-WALL
100
AcDbLine
 10
4.85
 20
4.350000000000001
 30
0.0
 11
4.85
 21
4.290000000000002
 31
0.0
  0
TEXT
  5
3DE
330
17
100
AcDbEntity
  8
A-ANNO-TEXT
100
AcDbText
 10
4.22
 20
4.240000000000001
 30
0.0
 40
0.056
  1
SPORTS: 329
  7
KS-BOLD
 11
4.22
 21
4.240000000000001
 31
0.0
100
AcDbText
  0
TEXT
  5
3DF
330
17
100
AcDbEntity
  8
A-ANNO-TEXT
100
AcDbText
 10
4.22
 20
4.150000000000001
 30
0.0
 40
0.045
  1
50 gross · L1 1,803
  7
KS-REG
 11
4.22
 21
4.150000000000001
 31
0.0
100
AcDbText
  0
HATCH
  5
3E0
330
17
100
AcDbEntity
  8
A-AREA-ZONE
 62
7
420
16119285
100
AcDbHatch
 10
0.0
 20
0.0
 30
0.0
210
0.0
220
0.0
230
1.0
  2
SOLID
 70
1
 71
0
 91
1
 92
3
 72
0
 73
1
 93
4
 10
5.8
 20
4.350000000000001
 10
6.9399999999999995
 20
4.350000000000001
 10
6.9399999999999995
 20
5.790000000000001
 10
5.8
 20
5.790000000000001
 97
0
 75
0
 76
1
 98
0
  0
LINE
  5
3E1
330
17
100
AcDbEntity
  8
A-HATCH
100
AcDbLine
 10
6.938233764908636
 20
4.350000000000001
 30
0.0
 11
6.939999999999991
 21
4.351766235091356
 31
0.0
  0
LINE
  5
3E2
330
17
100
AcDbEntity
  8
A-HATCH
100
AcDbLine
 10
6.825096679918797
 20
4.35000000000001
 30
0.0
 11
6.9399999999999995
 21
4.464903320081214
 31
0.0
  0
LINE
  5
3E3
330
17
100
AcDbEntity
  8
A-HATCH
100
AcDbLine
 10
6.711959594928939
 20
4.350000000000001
 30
0.0
 11
6.9399999999999995
 21
4.578040405071062
 31
0.0
  0
LINE
  5
3E4
330
17
100
AcDbEntity
  8
A-HATCH
100
AcDbLine
 10
6.598822509939091
 20
4.350000000000001
 30
0.0
 11
6.940000000000009
 21
4.6911774900609196
 31
0.0
  0
LINE
  5
3E5
330
17
100
AcDbEntity
  8
A-HATCH
100
AcDbLine
 10
6.485685424949233
 20
4.3499999999999925
 30
0.0
 11
6.9399999999999995
 21
4.804314575050759
 31
0.0
  0
LINE
  5
3E6
330
17
100
AcDbEntity
  8
A-HATCH
100
AcDbLine
 10
6.372548339959394
 20
4.350000000000001
 30
0.0
 11
6.939999999999991
 21
4.917451660040598
 31
0.0
  0
LINE
  5
3E7
330
17
100
AcDbEntity
  8
A-HATCH
100
AcDbLine
 10
6.259411254969555
 20
4.35000000000001
 30
0.0
 11
6.9399999999999995
 21
5.030588745030456
 31
0.0
  0
LINE
  5
3E8
330
17
100
AcDbEntity
  8
A-HATCH
100
AcDbLine
 10
6.146274169979697
 20
4.350000000000001
 30
0.0
 11
6.9399999999999995
 21
5.143725830020305
 31
0.0
  0
LINE
  5
3E9
330
17
100
AcDbEntity
  8
A-HATCH
100
AcDbLine
 10
6.033137084989858
 20
4.35000000000001
 30
0.0
 11
6.940000000000009
 21
5.256862915010153
 31
0.0
  0
LINE
  5
3EA
330
17
100
AcDbEntity
  8
A-HATCH
100
AcDbLine
 10
5.92
 20
4.350000000000001
 30
0.0
 11
6.9399999999999995
 21
5.370000000000001
 31
0.0
  0
LINE
  5
3EB
330
17
100
AcDbEntity
  8
A-HATCH
100
AcDbLine
 10
5.806862915010151
 20
4.350000000000001
 30
0.0
 11
6.940000000000009
 21
5.483137084989859
 31
0.0
  0
LINE
  5
3EC
330
17
100
AcDbEntity
  8
A-HATCH
100
AcDbLine
 10
5.8
 20
4.456274169979698
 30
0.0
 11
6.9399999999999995
 21
5.596274169979699
 31
0.0
  0
LINE
  5
3ED
330
17
100
AcDbEntity
  8
A-HATCH
100
AcDbLine
 10
5.800000000000009
 20
4.569411254969556
 30
0.0
 11
6.939999999999991
 21
5.709411254969538
 31
0.0
  0
LINE
  5
3EE
330
17
100
AcDbEntity
  8
A-HATCH
100
AcDbLine
 10
5.8
 20
4.6825483399593955
 30
0.0
 11
6.907451660040615
 21
5.790000000000011
 31
0.0
  0
LINE
  5
3EF
330
17
100
AcDbEntity
  8
A-HATCH
100
AcDbLine
 10
5.799999999999991
 20
4.795685424949235
 30
0.0
 11
6.794314575050757
 21
5.790000000000001
 31
0.0
  0
LINE
  5
3F0
330
17
100
AcDbEntity
  8
A-HATCH
100
AcDbLine
 10
5.8
 20
4.9088225099390925
 30
0.0
 11
6.681177490060909
 21
5.790000000000001
 31
0.0
  0
LINE
  5
3F1
330
17
100
AcDbEntity
  8
A-HATCH
100
AcDbLine
 10
5.799999999999991
 20
5.021959594928932
 30
0.0
 11
6.568040405071051
 21
5.789999999999992
 31
0.0
  0
LINE
  5
3F2
330
17
100
AcDbEntity
  8
A-HATCH
100
AcDbLine
 10
5.8
 20
5.13509667991879
 30
0.0
 11
6.454903320081212
 21
5.790000000000001
 31
0.0
  0
LINE
  5
3F3
330
17
100
AcDbEntity
  8
A-HATCH
100
AcDbLine
 10
5.8
 20
5.248233764908639
 30
0.0
 11
6.341766235091372
 21
5.790000000000011
 31
0.0
  0
LINE
  5
3F4
330
17
100
AcDbEntity
  8
A-HATCH
100
AcDbLine
 10
5.8
 20
5.361370849898469
 30
0.0
 11
6.228629150101542
 21
5.790000000000011
 31
0.0
  0
LINE
  5
3F5
330
17
100
AcDbEntity
  8
A-HATCH
100
AcDbLine
 10
5.799999999999991
 20
5.474507934888308
 30
0.0
 11
6.115492065111685
 21
5.790000000000001
 31
0.0
  0
LINE
  5
3F6
330
17
100
AcDbEntity
  8
A-HATCH
100
AcDbLine
 10
5.8
 20
5.587645019878165
 30
0.0
 11
6.002354980121836
 21
5.790000000000001
 31
0.0
  0
LINE
  5
3F7
330
17
100
AcDbEntity
  8
A-HATCH
100
AcDbLine
 10
5.8
 20
5.700782104868014
 30
0.0
 11
5.889217895131978
 21
5.789999999999992
 31
0.0
  0
LINE
  5
3F8
330
17
100
AcDbEntity
  8
A-HATCH
100
AcDbLine
 10
6.9399999999999995
 20
5.703523804664966
 30
0.0
 11
6.853523804664974
 21
5.789999999999992
 31
0.0
  0
LINE
  5
3F9
330
17
100
AcDbEntity
  8
A-HATCH
100
AcDbLine
 10
6.940000000000009
 20
5.5903867196751085
 30
0.0
 11
6.740386719675116
 21
5.790000000000001
 31
0.0
  0
LINE
  5
3FA
330
17
100
AcDbEntity
  8
A-HATCH
100
AcDbLine
 10
6.9399999999999995
 20
5.477249634685269
 30
0.0
 11
6.627249634685277
 21
5.789999999999992
 31
0.0
  0
LINE
  5
3FB
330
17
100
AcDbEntity
  8
A-HATCH
100
AcDbLine
 10
6.9399999999999995
 20
5.364112549695429
 30
0.0
 11
6.514112549695428
 21
5.790000000000001
 31
0.0
  0
LINE
  5
3FC
330
17
100
AcDbEntity
  8
A-HATCH
100
AcDbLine
 10
6.9399999999999995
 20
5.25097546470559
 30
0.0
 11
6.40097546470558
 21
5.790000000000011
 31
0.0
  0
LINE
  5
3FD
330
17
100
AcDbEntity
  8
A-HATCH
100
AcDbLine
 10
6.9399999999999995
 20
5.137838379715742
 30
0.0
 11
6.2878383797157404
 21
5.790000000000001
 31
0.0
  0
LINE
  5
3FE
330
17
100
AcDbEntity
  8
A-HATCH
100
AcDbLine
 10
6.9399999999999995
 20
5.024701294725893
 30
0.0
 11
6.1747012947259
 21
5.789999999999992
 31
0.0
  0
LINE
  5
3FF
330
17
100
AcDbEntity
  8
A-HATCH
100
AcDbLine
 10
6.9399999999999995
 20
4.911564209736045
 30
0.0
 11
6.061564209736043
 21
5.790000000000001
 31
0.0
  0
LINE
  5
400
330
17
100
AcDbEntity
  8
A-HATCH
100
AcDbLine
 10
6.9399999999999995
 20
4.798427124746196
 30
0.0
 11
5.948427124746203
 21
5.789999999999992
 31
0.0
  0
LINE
  5
401
330
17
100
AcDbEntity
  8
A-HATCH
100
AcDbLine
 10
6.9399999999999995
 20
4.685290039756348
 30
0.0
 11
5.835290039756346
 21
5.790000000000001
 31
0.0
  0
LINE
  5
402
330
17
100
AcDbEntity
  8
A-HATCH
100
AcDbLine
 10
6.9399999999999995
 20
4.572152954766499
 30
0.0
 11
5.8
 21
5.712152954766499
 31
0.0
  0
LINE
  5
403
330
17
100
AcDbEntity
  8
A-HATCH
100
AcDbLine
 10
6.9399999999999995
 20
4.459015869776651
 30
0.0
 11
5.800000000000009
 21
5.5990158697766415
 31
0.0
  0
LINE
  5
404
330
17
100
AcDbEntity
  8
A-HATCH
100
AcDbLine
 10
6.935878784786801
 20
4.350000000000001
 30
0.0
 11
5.8
 21
5.485878784786802
 31
0.0
  0
LINE
  5
405
330
17
100
AcDbEntity
  8
A-HATCH
100
AcDbLine
 10
6.822741699796952
 20
4.350000000000001
 30
0.0
 11
5.799999999999991
 21
5.372741699796963
 31
0.0
  0
LINE
  5
406
330
17
100
AcDbEntity
  8
A-HATCH
100
AcDbLine
 10
6.709604614807104
 20
4.350000000000001
 30
0.0
 11
5.8
 21
5.259604614807105
 31
0.0
  0
LINE
  5
407
330
17
100
AcDbEntity
  8
A-HATCH
100
AcDbLine
 10
6.596467529817255
 20
4.350000000000001
 30
0.0
 11
5.8
 21
5.146467529817256
 31
0.0
  0
LINE
  5
408
330
17
100
AcDbEntity
  8
A-HATCH
100
AcDbLine
 10
6.4833304448274065
 20
4.350000000000001
 30
0.0
 11
5.800000000000009
 21
5.033330444827399
 31
0.0
  0
LINE
  5
409
330
17
100
AcDbEntity
  8
A-HATCH
100
AcDbLine
 10
6.3701933598375575
 20
4.350000000000001
 30
0.0
 11
5.8
 21
4.92019335983756
 31
0.0
  0
LINE
  5
40A
330
17
100
AcDbEntity
  8
A-HATCH
100
AcDbLine
 10
6.257056274847709
 20
4.350000000000001
 30
0.0
 11
5.800000000000009
 21
4.807056274847702
 31
0.0
  0
LINE
  5
40B
330
17
100
AcDbEntity
  8
A-HATCH
100
AcDbLine
 10
6.143919189857861
 20
4.350000000000001
 30
0.0
 11
5.8
 21
4.693919189857862
 31
0.0
  0
LINE
  5
40C
330
17
100
AcDbEntity
  8
A-HATCH
100
AcDbLine
 10
6.030782104868012
 20
4.350000000000001
 30
0.0
 11
5.799999999999991
 21
4.580782104868023
 31
0.0
  0
LINE
  5
40D
330
17
100
AcDbEntity
  8
A-HATCH
100
AcDbLine
 10
5.917645019878164
 20
4.350000000000001
 30
0.0
 11
5.8
 21
4.467645019878166
 31
0.0
  0
LINE
  5
40E
330
17
100
AcDbEntity
  8
A-HATCH
100
AcDbLine
 10
5.804507934888315
 20
4.350000000000001
 30
0.0
 11
5.8
 21
4.354507934888317
 31
0.0
  0
LINE
  5
40F
330
17
100
AcDbEntity
  8
A-AREA-ZONE
100
AcDbLine
 10
5.8
 20
4.350000000000001
 30
0.0
 11
6.9399999999999995
 21
4.350000000000001
 31
0.0
  0
LINE
  5
410
330
17
100
AcDbEntity
  8
A-AREA-ZONE
100
AcDbLine
 10
6.9399999999999995
 20
4.350000000000001
 30
0.0
 11
6.9399999999999995
 21
5.790000000000001
 31
0.0
  0
LINE
  5
411
330
17
100
AcDbEntity
  8
A-AREA-ZONE
100
AcDbLine
 10
6.9399999999999995
 20
5.790000000000001
 30
0.0
 11
5.8
 21
5.790000000000001
 31
0.0
  0
LINE
  5
412
330
17
100
AcDbEntity
  8
A-AREA-ZONE
100
AcDbLine
 10
5.8
 20
5.790000000000001
 30
0.0
 11
5.8
 21
4.350000000000001
 31
0.0
  0
LINE
  5
413
330
17
100
AcDbEntity
  8
A-WALL
100
AcDbLine
 10
5.8
 20
4.350000000000001
 30
0.0
 11
7.0
 21
4.350000000000001
 31
0.0
  0
LINE
  5
414
330
17
100
AcDbEntity
  8
A-WALL
100
AcDbLine
 10
7.0
 20
4.350000000000001
 30
0.0
 11
7.0
 21
5.790000000000001
 31
0.0
  0
LINE
  5
415
330
17
100
AcDbEntity
  8
A-WALL
100
AcDbLine
 10
7.0
 20
5.790000000000001
 30
0.0
 11
5.8
 21
5.790000000000001
 31
0.0
  0
LINE
  5
416
330
17
100
AcDbEntity
  8
A-WALL
100
AcDbLine
 10
5.8
 20
5.790000000000001
 30
0.0
 11
5.8
 21
4.350000000000001
 31
0.0
  0
LINE
  5
417
330
17
100
AcDbEntity
  8
A-AREA-ZONE
100
AcDbLine
 10
6.9399999999999995
 20
4.350000000000001
 30
0.0
 11
6.9399999999999995
 21
4.400000000000001
 31
0.0
  0
LINE
  5
418
330
17
100
AcDbEntity
  8
A-AREA-ZONE
100
AcDbLine
 10
6.9399999999999995
 20
4.435000000000001
 30
0.0
 11
6.9399999999999995
 21
4.485000000000001
 31
0.0
  0
LINE
  5
419
330
17
100
AcDbEntity
  8
A-AREA-ZONE
100
AcDbLine
 10
6.9399999999999995
 20
4.520000000000001
 30
0.0
 11
6.9399999999999995
 21
4.570000000000001
 31
0.0
  0
LINE
  5
41A
330
17
100
AcDbEntity
  8
A-AREA-ZONE
100
AcDbLine
 10
6.9399999999999995
 20
4.605000000000001
 30
0.0
 11
6.9399999999999995
 21
4.655000000000001
 31
0.0
  0
LINE
  5
41B
330
17
100
AcDbEntity
  8
A-AREA-ZONE
100
AcDbLine
 10
6.9399999999999995
 20
4.690000000000001
 30
0.0
 11
6.9399999999999995
 21
4.740000000000001
 31
0.0
  0
LINE
  5
41C
330
17
100
AcDbEntity
  8
A-AREA-ZONE
100
AcDbLine
 10
6.9399999999999995
 20
4.775000000000001
 30
0.0
 11
6.9399999999999995
 21
4.825000000000001
 31
0.0
  0
LINE
  5
41D
330
17
100
AcDbEntity
  8
A-AREA-ZONE
100
AcDbLine
 10
6.9399999999999995
 20
4.860000000000001
 30
0.0
 11
6.9399999999999995
 21
4.910000000000001
 31
0.0
  0
LINE
  5
41E
330
17
100
AcDbEntity
  8
A-AREA-ZONE
100
AcDbLine
 10
6.9399999999999995
 20
4.945000000000001
 30
0.0
 11
6.9399999999999995
 21
4.995000000000001
 31
0.0
  0
LINE
  5
41F
330
17
100
AcDbEntity
  8
A-AREA-ZONE
100
AcDbLine
 10
6.9399999999999995
 20
5.030000000000001
 30
0.0
 11
6.9399999999999995
 21
5.080000000000002
 31
0.0
  0
LINE
  5
420
330
17
100
AcDbEntity
  8
A-AREA-ZONE
100
AcDbLine
 10
6.9399999999999995
 20
5.115000000000002
 30
0.0
 11
6.9399999999999995
 21
5.165000000000002
 31
0.0
  0
LINE
  5
421
330
17
100
AcDbEntity
  8
A-AREA-ZONE
100
AcDbLine
 10
6.9399999999999995
 20
5.200000000000002
 30
0.0
 11
6.9399999999999995
 21
5.250000000000002
 31
0.0
  0
LINE
  5
422
330
17
100
AcDbEntity
  8
A-AREA-ZONE
100
AcDbLine
 10
6.9399999999999995
 20
5.285000000000002
 30
0.0
 11
6.9399999999999995
 21
5.335000000000002
 31
0.0
  0
LINE
  5
423
330
17
100
AcDbEntity
  8
A-AREA-ZONE
100
AcDbLine
 10
6.9399999999999995
 20
5.370000000000002
 30
0.0
 11
6.9399999999999995
 21
5.420000000000002
 31
0.0
  0
LINE
  5
424
330
17
100
AcDbEntity
  8
A-AREA-ZONE
100
AcDbLine
 10
6.9399999999999995
 20
5.455000000000002
 30
0.0
 11
6.9399999999999995
 21
5.505000000000002
 31
0.0
  0
LINE
  5
425
330
17
100
AcDbEntity
  8
A-AREA-ZONE
100
AcDbLine
 10
6.9399999999999995
 20
5.540000000000002
 30
0.0
 11
6.9399999999999995
 21
5.590000000000002
 31
0.0
  0
LINE
  5
426
330
17
100
AcDbEntity
  8
A-AREA-ZONE
100
AcDbLine
 10
6.9399999999999995
 20
5.625000000000002
 30
0.0
 11
6.9399999999999995
 21
5.675000000000002
 31
0.0
  0
LINE
  5
427
330
17
100
AcDbEntity
  8
A-AREA-ZONE
100
AcDbLine
 10
6.9399999999999995
 20
5.710000000000002
 30
0.0
 11
6.9399999999999995
 21
5.760000000000002
 31
0.0
  0
LINE
  5
428
330
17
100
AcDbEntity
  8
A-WALL
100
AcDbLine
 10
6.31
 20
4.350000000000001
 30
0.0
 11
6.31
 21
4.290000000000002
 31
0.0
  0
LINE
  5
429
330
17
100
AcDbEntity
  8
A-WALL
100
AcDbLine
 10
6.43
 20
4.350000000000001
 30
0.0
 11
6.43
 21
4.290000000000002
 31
0.0
  0
TEXT
  5
42A
330
17
100
AcDbEntity
  8
A-ANNO-TEXT
100
AcDbText
 10
5.8
 20
4.240000000000001
 30
0.0
 40
0.056
  1
TABLES + CHAIRS: 1,095
  7
KS-BOLD
 11
5.8
 21
4.240000000000001
 31
0.0
100
AcDbText
  0
TEXT
  5
42B
330
17
100
AcDbEntity
  8
A-ANNO-TEXT
100
AcDbText
 10
5.8
 20
4.150000000000001
 30
0.0
 40
0.045
  1
15 net · L1 2,569
  7
KS-REG
 11
5.8
 21
4.150000000000001
 31
0.0
100
AcDbText
  0
HATCH
  5
42C
330
17
100
AcDbEntity
  8
A-AREA-ZONE
 62
7
420
16119285
100
AcDbHatch
 10
0.0
 20
0.0
 30
0.0
210
0.0
220
0.0
230
1.0
  2
SOLID
 70
1
 71
0
 91
1
 92
3
 72
0
 73
1
 93
4
 10
4.22
 20
2.4900000000000015
 10
5.359999999999999
 20
2.4900000000000015
 10
5.359999999999999
 20
3.9300000000000015
 10
4.22
 20
3.9300000000000015
 97
0
 75
0
 76
1
 98
0
  0
LINE
  5
42D
330
17
100
AcDbEntity
  8
A-HATCH
100
AcDbLine
 10
4.22
 20
2.5100000000000016
 30
0.0
 11
5.359999999999982
 21
2.5100000000000016
 31
0.0
  0
LINE
  5
42E
330
17
100
AcDbEntity
  8
A-HATCH
100
AcDbLine
 10
4.22
 20
2.5600000000000014
 30
0.0
 11
5.359999999999982
 21
2.5600000000000014
 31
0.0
  0
LINE
  5
42F
330
17
100
AcDbEntity
  8
A-HATCH
100
AcDbLine
 10
4.22
 20
2.6100000000000017
 30
0.0
 11
5.359999999999982
 21
2.6100000000000017
 31
0.0
  0
LINE
  5
430
330
17
100
AcDbEntity
  8
A-HATCH
100
AcDbLine
 10
4.22
 20
2.6600000000000015
 30
0.0
 11
5.359999999999982
 21
2.6600000000000015
 31
0.0
  0
LINE
  5
431
330
17
100
AcDbEntity
  8
A-HATCH
100
AcDbLine
 10
4.22
 20
2.7100000000000017
 30
0.0
 11
5.359999999999982
 21
2.7100000000000017
 31
0.0
  0
LINE
  5
432
330
17
100
AcDbEntity
  8
A-HATCH
100
AcDbLine
 10
4.22
 20
2.7600000000000016
 30
0.0
 11
5.359999999999982
 21
2.7600000000000016
 31
0.0
  0
LINE
  5
433
330
17
100
AcDbEntity
  8
A-HATCH
100
AcDbLine
 10
4.22
 20
2.8100000000000014
 30
0.0
 11
5.359999999999982
 21
2.8100000000000014
 31
0.0
  0
LINE
  5
434
330
17
100
AcDbEntity
  8
A-HATCH
100
AcDbLine
 10
4.22
 20
2.8600000000000017
 30
0.0
 11
5.359999999999982
 21
2.8600000000000017
 31
0.0
  0
LINE
  5
435
330
17
100
AcDbEntity
  8
A-HATCH
100
AcDbLine
 10
4.22
 20
2.9100000000000015
 30
0.0
 11
5.359999999999982
 21
2.9100000000000015
 31
0.0
  0
LINE
  5
436
330
17
100
AcDbEntity
  8
A-HATCH
100
AcDbLine
 10
4.22
 20
2.9600000000000017
 30
0.0
 11
5.359999999999982
 21
2.9600000000000017
 31
0.0
  0
LINE
  5
437
330
17
100
AcDbEntity
  8
A-HATCH
100
AcDbLine
 10
4.22
 20
3.0100000000000016
 30
0.0
 11
5.359999999999982
 21
3.0100000000000016
 31
0.0
  0
LINE
  5
438
330
17
100
AcDbEntity
  8
A-HATCH
100
AcDbLine
 10
4.22
 20
3.0600000000000014
 30
0.0
 11
5.359999999999982
 21
3.0600000000000014
 31
0.0
  0
LINE
  5
439
330
17
100
AcDbEntity
  8
A-HATCH
100
AcDbLine
 10
4.22
 20
3.1100000000000017
 30
0.0
 11
5.359999999999982
 21
3.1100000000000017
 31
0.0
  0
LINE
  5
43A
330
17
100
AcDbEntity
  8
A-HATCH
100
AcDbLine
 10
4.22
 20
3.1600000000000015
 30
0.0
 11
5.359999999999982
 21
3.1600000000000015
 31
0.0
  0
LINE
  5
43B
330
17
100
AcDbEntity
  8
A-HATCH
100
AcDbLine
 10
4.22
 20
3.2100000000000017
 30
0.0
 11
5.359999999999982
 21
3.2100000000000017
 31
0.0
  0
LINE
  5
43C
330
17
100
AcDbEntity
  8
A-HATCH
100
AcDbLine
 10
4.22
 20
3.2600000000000016
 30
0.0
 11
5.359999999999982
 21
3.2600000000000016
 31
0.0
  0
LINE
  5
43D
330
17
100
AcDbEntity
  8
A-HATCH
100
AcDbLine
 10
4.22
 20
3.3100000000000014
 30
0.0
 11
5.359999999999982
 21
3.3100000000000014
 31
0.0
  0
LINE
  5
43E
330
17
100
AcDbEntity
  8
A-HATCH
100
AcDbLine
 10
4.22
 20
3.3600000000000017
 30
0.0
 11
5.359999999999982
 21
3.3600000000000017
 31
0.0
  0
LINE
  5
43F
330
17
100
AcDbEntity
  8
A-HATCH
100
AcDbLine
 10
4.22
 20
3.4100000000000015
 30
0.0
 11
5.359999999999982
 21
3.4100000000000015
 31
0.0
  0
LINE
  5
440
330
17
100
AcDbEntity
  8
A-HATCH
100
AcDbLine
 10
4.22
 20
3.4600000000000017
 30
0.0
 11
5.359999999999982
 21
3.4600000000000017
 31
0.0
  0
LINE
  5
441
330
17
100
AcDbEntity
  8
A-HATCH
100
AcDbLine
 10
4.22
 20
3.5100000000000016
 30
0.0
 11
5.359999999999982
 21
3.5100000000000016
 31
0.0
  0
LINE
  5
442
330
17
100
AcDbEntity
  8
A-HATCH
100
AcDbLine
 10
4.22
 20
3.5600000000000014
 30
0.0
 11
5.359999999999982
 21
3.5600000000000014
 31
0.0
  0
LINE
  5
443
330
17
100
AcDbEntity
  8
A-HATCH
100
AcDbLine
 10
4.22
 20
3.6100000000000017
 30
0.0
 11
5.359999999999982
 21
3.6100000000000017
 31
0.0
  0
LINE
  5
444
330
17
100
AcDbEntity
  8
A-HATCH
100
AcDbLine
 10
4.22
 20
3.6600000000000015
 30
0.0
 11
5.359999999999982
 21
3.6600000000000015
 31
0.0
  0
LINE
  5
445
330
17
100
AcDbEntity
  8
A-HATCH
100
AcDbLine
 10
4.22
 20
3.7100000000000017
 30
0.0
 11
5.359999999999982
 21
3.7100000000000017
 31
0.0
  0
LINE
  5
446
330
17
100
AcDbEntity
  8
A-HATCH
100
AcDbLine
 10
4.22
 20
3.7600000000000016
 30
0.0
 11
5.359999999999982
 21
3.7600000000000016
 31
0.0
  0
LINE
  5
447
330
17
100
AcDbEntity
  8
A-HATCH
100
AcDbLine
 10
4.22
 20
3.8100000000000014
 30
0.0
 11
5.359999999999982
 21
3.8100000000000014
 31
0.0
  0
LINE
  5
448
330
17
100
AcDbEntity
  8
A-HATCH
100
AcDbLine
 10
4.22
 20
3.8600000000000017
 30
0.0
 11
5.359999999999982
 21
3.8600000000000017
 31
0.0
  0
LINE
  5
449
330
17
100
AcDbEntity
  8
A-HATCH
100
AcDbLine
 10
4.22
 20
3.9100000000000015
 30
0.0
 11
5.359999999999982
 21
3.9100000000000015
 31
0.0
  0
LINE
  5
44A
330
17
100
AcDbEntity
  8
A-AREA-ZONE
100
AcDbLine
 10
4.22
 20
2.4900000000000015
 30
0.0
 11
5.359999999999999
 21
2.4900000000000015
 31
0.0
  0
LINE
  5
44B
330
17
100
AcDbEntity
  8
A-AREA-ZONE
100
AcDbLine
 10
5.359999999999999
 20
2.4900000000000015
 30
0.0
 11
5.359999999999999
 21
3.9300000000000015
 31
0.0
  0
LINE
  5
44C
330
17
100
AcDbEntity
  8
A-AREA-ZONE
100
AcDbLine
 10
5.359999999999999
 20
3.9300000000000015
 30
0.0
 11
4.22
 21
3.9300000000000015
 31
0.0
  0
LINE
  5
44D
330
17
100
AcDbEntity
  8
A-AREA-ZONE
100
AcDbLine
 10
4.22
 20
3.9300000000000015
 30
0.0
 11
4.22
 21
2.4900000000000015
 31
0.0
  0
LINE
  5
44E
330
17
100
AcDbEntity
  8
A-WALL
100
AcDbLine
 10
4.22
 20
2.4900000000000015
 30
0.0
 11
5.42
 21
2.4900000000000015
 31
0.0
  0
LINE
  5
44F
330
17
100
AcDbEntity
  8
A-WALL
100
AcDbLine
 10
5.42
 20
2.4900000000000015
 30
0.0
 11
5.42
 21
3.9300000000000015
 31
0.0
  0
LINE
  5
450
330
17
100
AcDbEntity
  8
A-WALL
100
AcDbLine
 10
5.42
 20
3.9300000000000015
 30
0.0
 11
4.22
 21
3.9300000000000015
 31
0.0
  0
LINE
  5
451
330
17
100
AcDbEntity
  8
A-WALL
100
AcDbLine
 10
4.22
 20
3.9300000000000015
 30
0.0
 11
4.22
 21
2.4900000000000015
 31
0.0
  0
LINE
  5
452
330
17
100
AcDbEntity
  8
A-AREA-ZONE
100
AcDbLine
 10
5.359999999999999
 20
2.4900000000000015
 30
0.0
 11
5.359999999999999
 21
2.5400000000000014
 31
0.0
  0
LINE
  5
453
330
17
100
AcDbEntity
  8
A-AREA-ZONE
100
AcDbLine
 10
5.359999999999999
 20
2.5750000000000015
 30
0.0
 11
5.359999999999999
 21
2.6250000000000018
 31
0.0
  0
LINE
  5
454
330
17
100
AcDbEntity
  8
A-AREA-ZONE
100
AcDbLine
 10
5.359999999999999
 20
2.6600000000000015
 30
0.0
 11
5.359999999999999
 21
2.7100000000000017
 31
0.0
  0
LINE
  5
455
330
17
100
AcDbEntity
  8
A-AREA-ZONE
100
AcDbLine
 10
5.359999999999999
 20
2.7450000000000014
 30
0.0
 11
5.359999999999999
 21
2.7950000000000017
 31
0.0
  0
LINE
  5
456
330
17
100
AcDbEntity
  8
A-AREA-ZONE
100
AcDbLine
 10
5.359999999999999
 20
2.8300000000000014
 30
0.0
 11
5.359999999999999
 21
2.8800000000000017
 31
0.0
  0
LINE
  5
457
330
17
100
AcDbEntity
  8
A-AREA-ZONE
100
AcDbLine
 10
5.359999999999999
 20
2.9150000000000014
 30
0.0
 11
5.359999999999999
 21
2.9650000000000016
 31
0.0
  0
LINE
  5
458
330
17
100
AcDbEntity
  8
A-AREA-ZONE
100
AcDbLine
 10
5.359999999999999
 20
3.0000000000000013
 30
0.0
 11
5.359999999999999
 21
3.0500000000000016
 31
0.0
  0
LINE
  5
459
330
17
100
AcDbEntity
  8
A-AREA-ZONE
100
AcDbLine
 10
5.359999999999999
 20
3.0850000000000017
 30
0.0
 11
5.359999999999999
 21
3.1350000000000016
 31
0.0
  0
LINE
  5
45A
330
17
100
AcDbEntity
  8
A-AREA-ZONE
100
AcDbLine
 10
5.359999999999999
 20
3.1700000000000017
 30
0.0
 11
5.359999999999999
 21
3.2200000000000015
 31
0.0
  0
LINE
  5
45B
330
17
100
AcDbEntity
  8
A-AREA-ZONE
100
AcDbLine
 10
5.359999999999999
 20
3.2550000000000017
 30
0.0
 11
5.359999999999999
 21
3.3050000000000015
 31
0.0
  0
LINE
  5
45C
330
17
100
AcDbEntity
  8
A-AREA-ZONE
100
AcDbLine
 10
5.359999999999999
 20
3.3400000000000016
 30
0.0
 11
5.359999999999999
 21
3.390000000000002
 31
0.0
  0
LINE
  5
45D
330
17
100
AcDbEntity
  8
A-AREA-ZONE
100
AcDbLine
 10
5.359999999999999
 20
3.4250000000000016
 30
0.0
 11
5.359999999999999
 21
3.475000000000002
 31
0.0
  0
LINE
  5
45E
330
17
100
AcDbEntity
  8
A-AREA-ZONE
100
AcDbLine
 10
5.359999999999999
 20
3.5100000000000016
 30
0.0
 11
5.359999999999999
 21
3.560000000000002
 31
0.0
  0
LINE
  5
45F
330
17
100
AcDbEntity
  8
A-AREA-ZONE
100
AcDbLine
 10
5.359999999999999
 20
3.5950000000000015
 30
0.0
 11
5.359999999999999
 21
3.645000000000002
 31
0.0
  0
LINE
  5
460
330
17
100
AcDbEntity
  8
A-AREA-ZONE
100
AcDbLine
 10
5.359999999999999
 20
3.6800000000000015
 30
0.0
 11
5.359999999999999
 21
3.7300000000000018
 31
0.0
  0
LINE
  5
461
330
17
100
AcDbEntity
  8
A-AREA-ZONE
100
AcDbLine
 10
5.359999999999999
 20
3.7650000000000015
 30
0.0
 11
5.359999999999999
 21
3.8150000000000017
 31
0.0
  0
LINE
  5
462
330
17
100
AcDbEntity
  8
A-AREA-ZONE
100
AcDbLine
 10
5.359999999999999
 20
3.8500000000000014
 30
0.0
 11
5.359999999999999
 21
3.9000000000000017
 31
0.0
  0
LINE
  5
463
330
17
100
AcDbEntity
  8
A-WALL
100
AcDbLine
 10
4.7299999999999995
 20
2.4900000000000015
 30
0.0
 11
4.7299999999999995
 21
2.4300000000000015
 31
0.0
  0
LINE
  5
464
330
17
100
AcDbEntity
  8
A-WALL
100
AcDbLine
 10
4.85
 20
2.4900000000000015
 30
0.0
 11
4.85
 21
2.4300000000000015
 31
0.0
  0
TEXT
  5
465
330
17
100
AcDbEntity
  8
A-ANNO-TEXT
100
AcDbText
 10
4.22
 20
2.3800000000000017
 30
0.0
 40
0.056
  1
CHAIRS ONLY: 2,346
  7
KS-BOLD
 11
4.22
 21
2.3800000000000017
 31
0.0
100
AcDbText
  0
TEXT
  5
466
330
17
100
AcDbEntity
  8
A-ANNO-TEXT
100
AcDbText
 10
4.22
 20
2.2900000000000014
 30
0.0
 40
0.045
  1
7 net · L1 3,820
  7
KS-REG
 11
4.22
 21
2.2900000000000014
 31
0.0
100
AcDbText
  0
HATCH
  5
467
330
17
100
AcDbEntity
  8
A-AREA-ZONE
 62
7
420
16510950
100
AcDbHatch
 10
0.0
 20
0.0
 30
0.0
210
0.0
220
0.0
230
1.0
  2
SOLID
 70
1
 71
0
 91
1
 92
3
 72
0
 73
1
 93
4
 10
5.8
 20
2.4900000000000015
 10
6.9399999999999995
 20
2.4900000000000015
 10
6.9399999999999995
 20
3.9300000000000015
 10
5.8
 20
3.9300000000000015
 97
0
 75
0
 76
1
 98
0
  0
LINE
  5
468
330
17
100
AcDbEntity
  8
A-HATCH
100
AcDbLine
 10
6.90994949366117
 20
2.4900000000000015
 30
0.0
 11
6.940000000000009
 21
2.5200505063388405
 31
0.0
  0
LINE
  5
469
330
17
100
AcDbEntity
  8
A-HATCH
100
AcDbLine
 10
6.860452018978103
 20
2.4900000000000015
 30
0.0
 11
6.939999999999991
 21
2.569547981021889
 31
0.0
  0
LINE
  5
46A
330
17
100
AcDbEntity
  8
A-HATCH
100
AcDbLine
 10
6.810954544295064
 20
2.4900000000000104
 30
0.0
 11
6.9399999999999995
 21
2.6190454557049465
 31
0.0
  0
LINE
  5
46B
330
17
100
AcDbEntity
  8
A-HATCH
100
AcDbLine
 10
6.761457069611997
 20
2.4900000000000104
 30
0.0
 11
6.9399999999999995
 21
2.6685429303880133
 31
0.0
  0
LINE
  5
46C
330
17
100
AcDbEntity
  8
A-HATCH
100
AcDbLine
 10
6.711959594928939
 20
2.4900000000000015
 30
0.0
 11
6.9399999999999995
 21
2.718040405071062
 31
0.0
  0
LINE
  5
46D
330
17
100
AcDbEntity
  8
A-HATCH
100
AcDbLine
 10
6.6624621202458725
 20
2.4899999999999927
 30
0.0
 11
6.9399999999999995
 21
2.7675378797541286
 31
0.0
  0
LINE
  5
46E
330
17
100
AcDbEntity
  8
A-HATCH
100
AcDbLine
 10
6.612964645562824
 20
2.4900000000000015
 30
0.0
 11
6.939999999999991
 21
2.8170353544371682
 31
0.0
  0
LINE
  5
46F
330
17
100
AcDbEntity
  8
A-HATCH
100
AcDbLine
 10
6.563467170879758
 20
2.4900000000000015
 30
0.0
 11
6.939999999999991
 21
2.8665328291202345
 31
0.0
  0
LINE
  5
470
330
17
100
AcDbEntity
  8
A-HATCH
100
AcDbLine
 10
6.513969696196691
 20
2.4900000000000015
 30
0.0
 11
6.939999999999991
 21
2.9160303038033013
 31
0.0
  0
LINE
  5
471
330
17
100
AcDbEntity
  8
A-HATCH
100
AcDbLine
 10
6.464472221513652
 20
2.4900000000000104
 30
0.0
 11
6.940000000000009
 21
2.965527778486368
 31
0.0
  0
LINE
  5
472
330
17
100
AcDbEntity
  8
A-HATCH
100
AcDbLine
 10
6.414974746830576
 20
2.4900000000000015
 30
0.0
 11
6.940000000000009
 21
3.015025253169435
 31
0.0
  0
LINE
  5
473
330
17
100
AcDbEntity
  8
A-HATCH
100
AcDbLine
 10
6.365477272147518
 20
2.4899999999999927
 30
0.0
 11
6.9399999999999995
 21
3.064522727852474
 31
0.0
  0
LINE
  5
474
330
17
100
AcDbEntity
  8
A-HATCH
100
AcDbLine
 10
6.315979797464451
 20
2.4899999999999927
 30
0.0
 11
6.9399999999999995
 21
3.114020202535541
 31
0.0
  0
LINE
  5
475
330
17
100
AcDbEntity
  8
A-HATCH
100
AcDbLine
 10
6.266482322781412
 20
2.4900000000000015
 30
0.0
 11
6.9399999999999995
 21
3.1635176772185805
 31
0.0
  0
LINE
  5
476
330
17
100
AcDbEntity
  8
A-HATCH
100
AcDbLine
 10
6.216984848098345
 20
2.4900000000000015
 30
0.0
 11
6.9399999999999995
 21
3.213015151901656
 31
0.0
  0
LINE
  5
477
330
17
100
AcDbEntity
  8
A-HATCH
100
AcDbLine
 10
6.167487373415296
 20
2.4900000000000015
 30
0.0
 11
6.940000000000009
 21
3.2625126265847135
 31
0.0
  0
LINE
  5
478
330
17
100
AcDbEntity
  8
A-HATCH
100
AcDbLine
 10
6.1179898987322305
 20
2.4900000000000015
 30
0.0
 11
6.940000000000009
 21
3.3120101012677803
 31
0.0
  0
LINE
  5
479
330
17
100
AcDbEntity
  8
A-HATCH
100
AcDbLine
 10
6.068492424049173
 20
2.4899999999999927
 30
0.0
 11
6.9399999999999995
 21
3.36150757595082
 31
0.0
  0
LINE
  5
47A
330
17
100
AcDbEntity
  8
A-HATCH
100
AcDbLine
 10
6.018994949366125
 20
2.4900000000000104
 30
0.0
 11
6.9399999999999995
 21
3.4110050506338863
 31
0.0
  0
LINE
  5
47B
330
17
100
AcDbEntity
  8
A-HATCH
100
AcDbLine
 10
5.969497474683067
 20
2.4900000000000015
 30
0.0
 11
6.9399999999999995
 21
3.460502525316935
 31
0.0
  0
LINE
  5
47C
330
17
100
AcDbEntity
  8
A-HATCH
100
AcDbLine
 10
5.92
 20
2.4900000000000015
 30
0.0
 11
6.9399999999999995
 21
3.5100000000000016
 31
0.0
  0
LINE
  5
47D
330
17
100
AcDbEntity
  8
A-HATCH
100
AcDbLine
 10
5.870502525316924
 20
2.4899999999999927
 30
0.0
 11
6.9399999999999995
 21
3.5594974746830683
 31
0.0
  0
LINE
  5
47E
330
17
100
AcDbEntity
  8
A-HATCH
100
AcDbLine
 10
5.821005050633885
 20
2.4900000000000015
 30
0.0
 11
6.939999999999991
 21
3.6089949493661075
 31
0.0
  0
LINE
  5
47F
330
17
100
AcDbEntity
  8
A-HATCH
100
AcDbLine
 10
5.800000000000009
 20
2.5184924240491924
 30
0.0
 11
6.939999999999991
 21
3.6584924240491743
 31
0.0
  0
LINE
  5
480
330
17
100
AcDbEntity
  8
A-HATCH
100
AcDbLine
 10
5.8
 20
2.567989898732232
 30
0.0
 11
6.9399999999999995
 21
3.707989898732232
 31
0.0
  0
LINE
  5
481
330
17
100
AcDbEntity
  8
A-HATCH
100
AcDbLine
 10
5.8
 20
2.6174873734152984
 30
0.0
 11
6.940000000000009
 21
3.757487373415308
 31
0.0
  0
LINE
  5
482
330
17
100
AcDbEntity
  8
A-HATCH
100
AcDbLine
 10
5.8
 20
2.666984848098347
 30
0.0
 11
6.9399999999999995
 21
3.806984848098347
 31
0.0
  0
LINE
  5
483
330
17
100
AcDbEntity
  8
A-HATCH
100
AcDbLine
 10
5.8
 20
2.7164823227814137
 30
0.0
 11
6.9399999999999995
 21
3.856482322781414
 31
0.0
  0
LINE
  5
484
330
17
100
AcDbEntity
  8
A-HATCH
100
AcDbLine
 10
5.800000000000009
 20
2.7659797974644715
 30
0.0
 11
6.939999999999991
 21
3.905979797464453
 31
0.0
  0
LINE
  5
485
330
17
100
AcDbEntity
  8
A-HATCH
100
AcDbLine
 10
5.799999999999991
 20
2.81547727214752
 30
0.0
 11
6.914522727852472
 21
3.9300000000000015
 31
0.0
  0
LINE
  5
486
330
17
100
AcDbEntity
  8
A-HATCH
100
AcDbLine
 10
5.8
 20
2.8649747468305775
 30
0.0
 11
6.865025253169424
 21
3.9300000000000015
 31
0.0
  0
LINE
  5
487
330
17
100
AcDbEntity
  8
A-HATCH
100
AcDbLine
 10
5.8
 20
2.9144722215136443
 30
0.0
 11
6.8155277784863575
 21
3.9300000000000015
 31
0.0
  0
LINE
  5
488
330
17
100
AcDbEntity
  8
A-HATCH
100
AcDbLine
 10
5.8
 20
2.963969696196693
 30
0.0
 11
6.766030303803317
 21
3.9300000000000104
 31
0.0
  0
LINE
  5
489
330
17
100
AcDbEntity
  8
A-HATCH
100
AcDbLine
 10
5.8
 20
3.0134671708797596
 30
0.0
 11
6.7165328291202515
 21
3.9300000000000104
 31
0.0
  0
LINE
  5
48A
330
17
100
AcDbEntity
  8
A-HATCH
100
AcDbLine
 10
5.8
 20
3.062964645562826
 30
0.0
 11
6.667035354437185
 21
3.9300000000000104
 31
0.0
  0
LINE
  5
48B
330
17
100
AcDbEntity
  8
A-HATCH
100
AcDbLine
 10
5.799999999999991
 20
3.1124621202458655
 30
0.0
 11
6.617537879754118
 21
3.9299999999999926
 31
0.0
  0
LINE
  5
48C
330
17
100
AcDbEntity
  8
A-HATCH
100
AcDbLine
 10
5.799999999999991
 20
3.1619595949289323
 30
0.0
 11
6.568040405071051
 21
3.9299999999999926
 31
0.0
  0
LINE
  5
48D
330
17
100
AcDbEntity
  8
A-HATCH
100
AcDbLine
 10
5.800000000000009
 20
3.2114570696119986
 30
0.0
 11
6.518542930388012
 21
3.9300000000000015
 31
0.0
  0
LINE
  5
48E
330
17
100
AcDbEntity
  8
A-HATCH
100
AcDbLine
 10
5.800000000000009
 20
3.2609545442950654
 30
0.0
 11
6.469045455704945
 21
3.9300000000000015
 31
0.0
  0
LINE
  5
48F
330
17
100
AcDbEntity
  8
A-HATCH
100
AcDbLine
 10
5.8
 20
3.310452018978105
 30
0.0
 11
6.419547981021896
 21
3.9300000000000015
 31
0.0
  0
LINE
  5
490
330
17
100
AcDbEntity
  8
A-HATCH
100
AcDbLine
 10
5.8
 20
3.359949493661172
 30
0.0
 11
6.3700505063388295
 21
3.9300000000000015
 31
0.0
  0
LINE
  5
491
330
17
100
AcDbEntity
  8
A-HATCH
100
AcDbLine
 10
5.8
 20
3.40944696834422
 30
0.0
 11
6.3205530316557725
 21
3.9299999999999926
 31
0.0
  0
LINE
  5
492
330
17
100
AcDbEntity
  8
A-HATCH
100
AcDbLine
 10
5.8
 20
3.4589444430272867
 30
0.0
 11
6.271055556972706
 21
3.9299999999999926
 31
0.0
  0
LINE
  5
493
330
17
100
AcDbEntity
  8
A-HATCH
100
AcDbLine
 10
5.800000000000009
 20
3.5084419177103445
 30
0.0
 11
6.221558082289667
 21
3.9300000000000015
 31
0.0
  0
LINE
  5
494
330
17
100
AcDbEntity
  8
A-HATCH
100
AcDbLine
 10
5.800000000000009
 20
3.5579393923934113
 30
0.0
 11
6.1720606076066
 21
3.9300000000000015
 31
0.0
  0
LINE
  5
495
330
17
100
AcDbEntity
  8
A-HATCH
100
AcDbLine
 10
5.799999999999991
 20
3.6074368670764594
 30
0.0
 11
6.122563132923533
 21
3.9300000000000015
 31
0.0
  0
LINE
  5
496
330
17
100
AcDbEntity
  8
A-HATCH
100
AcDbLine
 10
5.8
 20
3.6569343417595173
 30
0.0
 11
6.073065658240484
 21
3.9300000000000015
 31
0.0
  0
LINE
  5
497
330
17
100
AcDbEntity
  8
A-HATCH
100
AcDbLine
 10
5.8
 20
3.706431816442584
 30
0.0
 11
6.023568183557417
 21
3.9300000000000015
 31
0.0
  0
LINE
  5
498
330
17
100
AcDbEntity
  8
A-HATCH
100
AcDbLine
 10
5.8
 20
3.755929291125632
 30
0.0
 11
5.974070708874378
 21
3.9300000000000104
 31
0.0
  0
LINE
  5
499
330
17
100
AcDbEntity
  8
A-HATCH
100
AcDbLine
 10
5.8
 20
3.805426765808699
 30
0.0
 11
5.924573234191311
 21
3.9300000000000104
 31
0.0
  0
LINE
  5
49A
330
17
100
AcDbEntity
  8
A-HATCH
100
AcDbLine
 10
5.799999999999991
 20
3.854924240491738
 30
0.0
 11
5.875075759508254
 21
3.9299999999999926
 31
0.0
  0
LINE
  5
49B
330
17
100
AcDbEntity
  8
A-HATCH
100
AcDbLine
 10
5.799999999999991
 20
3.904421715174805
 30
0.0
 11
5.825578284825178
 21
3.9299999999999926
 31
0.0
  0
LINE
  5
49C
330
17
100
AcDbEntity
  8
A-AREA-ZONE
100
AcDbLine
 10
5.8
 20
2.4900000000000015
 30
0.0
 11
6.9399999999999995
 21
2.4900000000000015
 31
0.0
  0
LINE
  5
49D
330
17
100
AcDbEntity
  8
A-AREA-ZONE
100
AcDbLine
 10
6.9399999999999995
 20
2.4900000000000015
 30
0.0
 11
6.9399999999999995
 21
3.9300000000000015
 31
0.0
  0
LINE
  5
49E
330
17
100
AcDbEntity
  8
A-AREA-ZONE
100
AcDbLine
 10
6.9399999999999995
 20
3.9300000000000015
 30
0.0
 11
5.8
 21
3.9300000000000015
 31
0.0
  0
LINE
  5
49F
330
17
100
AcDbEntity
  8
A-AREA-ZONE
100
AcDbLine
 10
5.8
 20
3.9300000000000015
 30
0.0
 11
5.8
 21
2.4900000000000015
 31
0.0
  0
LINE
  5
4A0
330
17
100
AcDbEntity
  8
A-WALL
100
AcDbLine
 10
5.8
 20
2.4900000000000015
 30
0.0
 11
7.0
 21
2.4900000000000015
 31
0.0
  0
LINE
  5
4A1
330
17
100
AcDbEntity
  8
A-WALL
100
AcDbLine
 10
7.0
 20
2.4900000000000015
 30
0.0
 11
7.0
 21
3.9300000000000015
 31
0.0
  0
LINE
  5
4A2
330
17
100
AcDbEntity
  8
A-WALL
100
AcDbLine
 10
7.0
 20
3.9300000000000015
 30
0.0
 11
5.8
 21
3.9300000000000015
 31
0.0
  0
LINE
  5
4A3
330
17
100
AcDbEntity
  8
A-WALL
100
AcDbLine
 10
5.8
 20
3.9300000000000015
 30
0.0
 11
5.8
 21
2.4900000000000015
 31
0.0
  0
LINE
  5
4A4
330
17
100
AcDbEntity
  8
A-AREA-ZONE
100
AcDbLine
 10
6.9399999999999995
 20
2.4900000000000015
 30
0.0
 11
6.9399999999999995
 21
2.5400000000000014
 31
0.0
  0
LINE
  5
4A5
330
17
100
AcDbEntity
  8
A-AREA-ZONE
100
AcDbLine
 10
6.9399999999999995
 20
2.5750000000000015
 30
0.0
 11
6.9399999999999995
 21
2.6250000000000018
 31
0.0
  0
LINE
  5
4A6
330
17
100
AcDbEntity
  8
A-AREA-ZONE
100
AcDbLine
 10
6.9399999999999995
 20
2.6600000000000015
 30
0.0
 11
6.9399999999999995
 21
2.7100000000000017
 31
0.0
  0
LINE
  5
4A7
330
17
100
AcDbEntity
  8
A-AREA-ZONE
100
AcDbLine
 10
6.9399999999999995
 20
2.7450000000000014
 30
0.0
 11
6.9399999999999995
 21
2.7950000000000017
 31
0.0
  0
LINE
  5
4A8
330
17
100
AcDbEntity
  8
A-AREA-ZONE
100
AcDbLine
 10
6.9399999999999995
 20
2.8300000000000014
 30
0.0
 11
6.9399999999999995
 21
2.8800000000000017
 31
0.0
  0
LINE
  5
4A9
330
17
100
AcDbEntity
  8
A-AREA-ZONE
100
AcDbLine
 10
6.9399999999999995
 20
2.9150000000000014
 30
0.0
 11
6.9399999999999995
 21
2.9650000000000016
 31
0.0
  0
LINE
  5
4AA
330
17
100
AcDbEntity
  8
A-AREA-ZONE
100
AcDbLine
 10
6.9399999999999995
 20
3.0000000000000013
 30
0.0
 11
6.9399999999999995
 21
3.0500000000000016
 31
0.0
  0
LINE
  5
4AB
330
17
100
AcDbEntity
  8
A-AREA-ZONE
100
AcDbLine
 10
6.9399999999999995
 20
3.0850000000000017
 30
0.0
 11
6.9399999999999995
 21
3.1350000000000016
 31
0.0
  0
LINE
  5
4AC
330
17
100
AcDbEntity
  8
A-AREA-ZONE
100
AcDbLine
 10
6.9399999999999995
 20
3.1700000000000017
 30
0.0
 11
6.9399999999999995
 21
3.2200000000000015
 31
0.0
  0
LINE
  5
4AD
330
17
100
AcDbEntity
  8
A-AREA-ZONE
100
AcDbLine
 10
6.9399999999999995
 20
3.2550000000000017
 30
0.0
 11
6.9399999999999995
 21
3.3050000000000015
 31
0.0
  0
LINE
  5
4AE
330
17
100
AcDbEntity
  8
A-AREA-ZONE
100
AcDbLine
 10
6.9399999999999995
 20
3.3400000000000016
 30
0.0
 11
6.9399999999999995
 21
3.390000000000002
 31
0.0
  0
LINE
  5
4AF
330
17
100
AcDbEntity
  8
A-AREA-ZONE
100
AcDbLine
 10
6.9399999999999995
 20
3.4250000000000016
 30
0.0
 11
6.9399999999999995
 21
3.475000000000002
 31
0.0
  0
LINE
  5
4B0
330
17
100
AcDbEntity
  8
A-AREA-ZONE
100
AcDbLine
 10
6.9399999999999995
 20
3.5100000000000016
 30
0.0
 11
6.9399999999999995
 21
3.560000000000002
 31
0.0
  0
LINE
  5
4B1
330
17
100
AcDbEntity
  8
A-AREA-ZONE
100
AcDbLine
 10
6.9399999999999995
 20
3.5950000000000015
 30
0.0
 11
6.9399999999999995
 21
3.645000000000002
 31
0.0
  0
LINE
  5
4B2
330
17
100
AcDbEntity
  8
A-AREA-ZONE
100
AcDbLine
 10
6.9399999999999995
 20
3.6800000000000015
 30
0.0
 11
6.9399999999999995
 21
3.7300000000000018
 31
0.0
  0
LINE
  5
4B3
330
17
100
AcDbEntity
  8
A-AREA-ZONE
100
AcDbLine
 10
6.9399999999999995
 20
3.7650000000000015
 30
0.0
 11
6.9399999999999995
 21
3.8150000000000017
 31
0.0
  0
LINE
  5
4B4
330
17
100
AcDbEntity
  8
A-AREA-ZONE
100
AcDbLine
 10
6.9399999999999995
 20
3.8500000000000014
 30
0.0
 11
6.9399999999999995
 21
3.9000000000000017
 31
0.0
  0
LINE
  5
4B5
330
17
100
AcDbEntity
  8
A-WALL
100
AcDbLine
 10
6.31
 20
2.4900000000000015
 30
0.0
 11
6.31
 21
2.4300000000000015
 31
0.0
  0
LINE
  5
4B6
330
17
100
AcDbEntity
  8
A-WALL
100
AcDbLine
 10
6.43
 20
2.4900000000000015
 30
0.0
 11
6.43
 21
2.4300000000000015
 31
0.0
  0
TEXT
  5
4B7
330
17
100
AcDbEntity
  8
A-ANNO-TEXT
100
AcDbText
 10
5.8
 20
2.3800000000000017
 30
0.0
 40
0.056
  1
STANDING: 3,284
  7
KS-BOLD
 11
5.8
 21
2.3800000000000017
 31
0.0
100
AcDbText
  0
TEXT
  5
4B8
330
17
100
AcDbEntity
  8
A-ANNO-TEXT
100
AcDbText
 10
5.8
 20
2.2900000000000014
 30
0.0
 40
0.045
  1
5 net · L1 4,758 · WORST
  7
KS-REG
 11
5.8
 21
2.2900000000000014
 31
0.0
100
AcDbText
  0
TEXT
  5
4B9
330
17
100
AcDbEntity
  8
A-ANNO-TEXT
100
AcDbText
 10
4.1
 20
6.030000000000001
 30
0.0
 40
0.06999999999999999
  1
(d) EVENT-FLOOR CASES — P2-G-002 Rev A
  7
KS-BOLD
 11
4.1
 21
6.030000000000001
 31
0.0
100
AcDbText
  0
TEXT
  5
4BA
330
17
100
AcDbEntity
  8
A-ANNO-TEXT
100
AcDbText
 10
4.1
 20
5.920000000000001
 30
0.0
 40
0.048
  1
1" = 100'-0" · hatched 114' x 144' = 16,416 SF · D-054 OPEN
  7
KS-REG
 11
4.1
 21
5.920000000000001
 31
0.0
100
AcDbText
  0
LINE
  5
4BB
330
17
100
AcDbEntity
  8
A-ANNO-TEXT
100
AcDbLine
 10
7.159999999999999
 20
10.360000000000001
 30
0.0
 11
7.159999999999999
 21
1.9500000000000002
 31
0.0
  0
TEXT
  5
4BC
330
17
100
AcDbEntity
  8
A-ANNO-TEXT
100
AcDbText
 10
7.279999999999999
 20
10.2781
 30
0.0
 40
0.08132
  1
(a) WRESTLING — NFHS CLEARANCES ON THIS LAYOUT
  7
KS-BOLD
 11
7.279999999999999
 21
10.2781
 31
0.0
100
AcDbText
  0
LINE
  5
4BD
330
17
100
AcDbEntity
  8
A-ANNO-TEXT
100
AcDbLine
 10
7.279999999999999
 20
10.2331
 30
0.0
 11
11.62
 21
10.2331
 31
0.0
  0
TEXT
  5
4BE
330
17
100
AcDbEntity
  8
G-ANNO-TABL
100
AcDbText
 10
7.279999999999999
 20
10.08542
 30
0.0
 40
0.05992
  1
RULE
  7
KS-BOLD
 11
7.279999999999999
 21
10.08542
 31
0.0
100
AcDbText
  0
TEXT
  5
4BF
330
17
100
AcDbEntity
  8
G-ANNO-TABL
100
AcDbText
 10
7.9799999999999995
 20
10.08542
 30
0.0
 40
0.05992
  1
ITEM
  7
KS-BOLD
 11
7.9799999999999995
 21
10.08542
 31
0.0
100
AcDbText
  0
TEXT
  5
4C0
330
17
100
AcDbEntity
  8
G-ANNO-TABL
100
AcDbText
 10
9.139999999999999
 20
10.08542
 30
0.0
 40
0.05992
  1
REQUIRED
  7
KS-BOLD
 11
9.139999999999999
 21
10.08542
 31
0.0
100
AcDbText
  0
TEXT
  5
4C1
330
17
100
AcDbEntity
  8
G-ANNO-TABL
100
AcDbText
 10
10.139999999999999
 20
10.08542
 30
0.0
 40
0.05992
  1
DRAWN
  7
KS-BOLD
 11
10.139999999999999
 21
10.08542
 31
0.0
100
AcDbText
  0
TEXT
  5
4C2
330
17
100
AcDbEntity
  8
G-ANNO-TABL
100
AcDbText
 10
11.6
 20
10.08542
 30
0.0
 40
0.05992
  1

  7
KS-BOLD
 72
2
 11
11.6
 21
10.08542
 31
0.0
100
AcDbText
  0
LINE
  5
4C3
330
17
100
AcDbEntity
  8
G-ANNO-TABL
100
AcDbLine
 10
7.279999999999999
 20
10.050419999999999
 30
0.0
 11
11.62
 21
10.050419999999999
 31
0.0
  0
TEXT
  5
4C4
330
17
100
AcDbEntity
  8
G-ANNO-TABL
100
AcDbText
 10
7.279999999999999
 20
9.932739999999999
 30
0.0
 40
0.05992
  1
NFHS 2-1-2
  7
KS-REG
 11
7.279999999999999
 21
9.932739999999999
 31
0.0
100
AcDbText
  0
TEXT
  5
4C5
330
17
100
AcDbEntity
  8
G-ANNO-TABL
100
AcDbText
 10
7.9799999999999995
 20
9.932739999999999
 30
0.0
 40
0.05992
  1
Circle + safety area
  7
KS-REG
 11
7.9799999999999995
 21
9.932739999999999
 31
0.0
100
AcDbText
  0
TEXT
  5
4C6
330
17
100
AcDbEntity
  8
G-ANNO-TABL
100
AcDbText
 10
9.139999999999999
 20
9.932739999999999
 30
0.0
 40
0.05992
  1
>= 28 + 2 x 5 = 38 ft
  7
KS-REG
 11
9.139999999999999
 21
9.932739999999999
 31
0.0
100
AcDbText
  0
TEXT
  5
4C7
330
17
100
AcDbEntity
  8
G-ANNO-TABL
100
AcDbText
 10
10.139999999999999
 20
9.932739999999999
 30
0.0
 40
0.05992
  1
42 ft mat (7 ft each side
  7
KS-REG
 11
10.139999999999999
 21
9.932739999999999
 31
0.0
100
AcDbText
  0
TEXT
  5
4C8
330
17
100
AcDbEntity
  8
G-ANNO-TABL
100
AcDbText
 10
11.6
 20
9.932739999999999
 30
0.0
 40
0.05992
  1
PASS
  7
KS-REG
 72
2
 11
11.6
 21
9.932739999999999
 31
0.0
100
AcDbText
  0
TEXT
  5
4C9
330
17
100
AcDbEntity
  8
G-ANNO-TABL
100
AcDbText
 10
10.139999999999999
 20
9.8186352
 30
0.0
 40
0.05992
  1
of a 28 ft circle)
  7
KS-REG
 11
10.139999999999999
 21
9.8186352
 31
0.0
100
AcDbText
  0
TEXT
  5
4CA
330
17
100
AcDbEntity
  8
G-ANNO-TABL
100
AcDbText
 10
7.279999999999999
 20
9.665955199999999
 30
0.0
 40
0.05992
  1
NFHS 2-1-5
  7
KS-REG
 11
7.279999999999999
 21
9.665955199999999
 31
0.0
100
AcDbText
  0
TEXT
  5
4CB
330
17
100
AcDbEntity
  8
G-ANNO-TABL
100
AcDbText
 10
7.9799999999999995
 20
9.665955199999999
 30
0.0
 40
0.05992
  1
Space around each mat
  7
KS-REG
 11
7.9799999999999995
 21
9.665955199999999
 31
0.0
100
AcDbText
  0
TEXT
  5
4CC
330
17
100
AcDbEntity
  8
G-ANNO-TABL
100
AcDbText
 10
9.139999999999999
 20
9.665955199999999
 30
0.0
 40
0.05992
  1
>= 10 ft
  7
KS-REG
 11
9.139999999999999
 21
9.665955199999999
 31
0.0
100
AcDbText
  0
TEXT
  5
4CD
330
17
100
AcDbEntity
  8
G-ANNO-TABL
100
AcDbText
 10
10.139999999999999
 20
9.665955199999999
 30
0.0
 40
0.05992
  1
W 10 · between 10 / 10 · E
  7
KS-REG
 11
10.139999999999999
 21
9.665955199999999
 31
0.0
100
AcDbText
  0
TEXT
  5
4CE
330
17
100
AcDbEntity
  8
G-ANNO-TABL
100
AcDbText
 10
11.6
 20
9.665955199999999
 30
0.0
 40
0.05992
  1
PASS
  7
KS-REG
 72
2
 11
11.6
 21
9.665955199999999
 31
0.0
100
AcDbText
  0
TEXT
  5
4CF
330
17
100
AcDbEntity
  8
G-ANNO-TABL
100
AcDbText
 10
10.139999999999999
 20
9.5518504
 30
0.0
 40
0.05992
  1
16 · S / N 25 / 25
  7
KS-REG
 11
10.139999999999999
 21
9.5518504
 31
0.0
100
AcDbText
  0
TEXT
  5
4D0
330
17
100
AcDbEntity
  8
G-ANNO-TABL
100
AcDbText
 10
7.279999999999999
 20
9.3991704
 30
0.0
 40
0.05992
  1
NFHS 2-3
  7
KS-REG
 11
7.279999999999999
 21
9.3991704
 31
0.0
100
AcDbText
  0
TEXT
  5
4D1
330
17
100
AcDbEntity
  8
G-ANNO-TABL
100
AcDbText
 10
7.9799999999999995
 20
9.3991704
 30
0.0
 40
0.05992
  1
Scorer's table to mat
  7
KS-REG
 11
7.9799999999999995
 21
9.3991704
 31
0.0
100
AcDbText
  0
TEXT
  5
4D2
330
17
100
AcDbEntity
  8
G-ANNO-TABL
100
AcDbText
 10
9.139999999999999
 20
9.3991704
 30
0.0
 40
0.05992
  1
>= 10 ft
  7
KS-REG
 11
9.139999999999999
 21
9.3991704
 31
0.0
100
AcDbText
  0
TEXT
  5
4D3
330
17
100
AcDbEntity
  8
G-ANNO-TABL
100
AcDbText
 10
10.139999999999999
 20
9.3991704
 30
0.0
 40
0.05992
  1
10.5 ft
  7
KS-REG
 11
10.139999999999999
 21
9.3991704
 31
0.0
100
AcDbText
  0
TEXT
  5
4D4
330
17
100
AcDbEntity
  8
G-ANNO-TABL
100
AcDbText
 10
11.6
 20
9.3991704
 30
0.0
 40
0.05992
  1
PASS
  7
KS-REG
 72
2
 11
11.6
 21
9.3991704
 31
0.0
100
AcDbText
  0
TEXT
  5
4D5
330
17
100
AcDbEntity
  8
G-ANNO-TABL
100
AcDbText
 10
7.279999999999999
 20
9.266490399999999
 30
0.0
 40
0.05992
  1
NFHS 2-1-5
  7
KS-REG
 11
7.279999999999999
 21
9.266490399999999
 31
0.0
100
AcDbText
  0
TEXT
  5
4D6
330
17
100
AcDbEntity
  8
G-ANNO-TABL
100
AcDbText
 10
7.9799999999999995
 20
9.266490399999999
 30
0.0
 40
0.05992
  1
Bench to mat / to table
  7
KS-REG
 11
7.9799999999999995
 21
9.266490399999999
 31
0.0
100
AcDbText
  0
TEXT
  5
4D7
330
17
100
AcDbEntity
  8
G-ANNO-TABL
100
AcDbText
 10
9.139999999999999
 20
9.266490399999999
 30
0.0
 40
0.05992
  1
>= 10 / >= 10 ft
  7
KS-REG
 11
9.139999999999999
 21
9.266490399999999
 31
0.0
100
AcDbText
  0
TEXT
  5
4D8
330
17
100
AcDbEntity
  8
G-ANNO-TABL
100
AcDbText
 10
10.139999999999999
 20
9.266490399999999
 30
0.0
 40
0.05992
  1
10.5 / 10 ft
  7
KS-REG
 11
10.139999999999999
 21
9.266490399999999
 31
0.0
100
AcDbText
  0
TEXT
  5
4D9
330
17
100
AcDbEntity
  8
G-ANNO-TABL
100
AcDbText
 10
11.6
 20
9.266490399999999
 30
0.0
 40
0.05992
  1
PASS
  7
KS-REG
 72
2
 11
11.6
 21
9.266490399999999
 31
0.0
100
AcDbText
  0
TEXT
  5
4DA
330
17
100
AcDbEntity
  8
G-ANNO-TABL
100
AcDbText
 10
7.279999999999999
 20
9.133810399999998
 30
0.0
 40
0.05992
  1
KHSAA (rec.)
  7
KS-REG
 11
7.279999999999999
 21
9.133810399999998
 31
0.0
100
AcDbText
  0
TEXT
  5
4DB
330
17
100
AcDbEntity
  8
G-ANNO-TABL
100
AcDbText
 10
7.9799999999999995
 20
9.133810399999998
 30
0.0
 40
0.05992
  1
Circle to walls / tier
  7
KS-REG
 11
7.9799999999999995
 21
9.133810399999998
 31
0.0
100
AcDbText
  0
TEXT
  5
4DC
330
17
100
AcDbEntity
  8
G-ANNO-TABL
100
AcDbText
 10
9.139999999999999
 20
9.133810399999998
 30
0.0
 40
0.05992
  1
about 10 ft
  7
KS-REG
 11
9.139999999999999
 21
9.133810399999998
 31
0.0
100
AcDbText
  0
TEXT
  5
4DD
330
17
100
AcDbEntity
  8
G-ANNO-TABL
100
AcDbText
 10
10.139999999999999
 20
9.133810399999998
 30
0.0
 40
0.05992
  1
W 17 (open to corridor) ·
  7
KS-REG
 11
10.139999999999999
 21
9.133810399999998
 31
0.0
100
AcDbText
  0
TEXT
  5
4DE
330
17
100
AcDbEntity
  8
G-ANNO-TABL
100
AcDbText
 10
11.6
 20
9.133810399999998
 30
0.0
 40
0.05992
  1
PASS
  7
KS-REG
 72
2
 11
11.6
 21
9.133810399999998
 31
0.0
100
AcDbText
  0
TEXT
  5
4DF
330
17
100
AcDbEntity
  8
G-ANNO-TABL
100
AcDbText
 10
10.139999999999999
 20
9.019705599999998
 30
0.0
 40
0.05992
  1
E 23 · S / N 32 / 32
  7
KS-REG
 11
10.139999999999999
 21
9.019705599999998
 31
0.0
100
AcDbText
  0
TEXT
  5
4E0
330
17
100
AcDbEntity
  8
A-ANNO-TEXT
100
AcDbText
 10
7.279999999999999
 20
8.833967266666665
 30
0.0
 40
0.06313
  1
Tables 8' x 2.5' and benches 10' x 1.5' ASSUMED (no size in NFHS text found), front edge
  7
KS-REG
 11
7.279999999999999
 21
8.833967266666665
 31
0.0
100
AcDbText
  0
TEXT
  5
4E1
330
17
100
AcDbEntity
  8
A-ANNO-TEXT
100
AcDbText
 10
7.279999999999999
 20
8.718228933333332
 30
0.0
 40
0.06313
  1
10.5' from the mat. Portal and V1 aisles kept clear (egress, P2-A-111). Tournaments: up to
  7
KS-REG
 11
7.279999999999999
 21
8.718228933333332
 31
0.0
100
AcDbText
  0
TEXT
  5
4E2
330
17
100
AcDbEntity
  8
A-ANNO-TEXT
100
AcDbText
 10
7.279999999999999
 20
8.6024906
 30
0.0
 40
0.06313
  1
two team personnel in chairs at the mat edge (NFHS 2-2-2); dual meets can use one mat
  7
KS-REG
 11
7.279999999999999
 21
8.6024906
 31
0.0
100
AcDbText
  0
TEXT
  5
4E3
330
17
100
AcDbEntity
  8
A-ANNO-TEXT
100
AcDbText
 10
7.279999999999999
 20
8.486752266666667
 30
0.0
 40
0.06313
  1
(R-005.5). Rule text: NFHS 2014-15 (R-005); current book UNVERIFIED. 28' circle drawn =
  7
KS-REG
 11
7.279999999999999
 21
8.486752266666667
 31
0.0
100
AcDbText
  0
TEXT
  5
4E4
330
17
100
AcDbEntity
  8
A-ANNO-TEXT
100
AcDbText
 10
7.279999999999999
 20
8.371013933333334
 30
0.0
 40
0.06313
  1
NFHS minimum (42' mats are often sold with a 32' circle).
  7
KS-REG
 11
7.279999999999999
 21
8.371013933333334
 31
0.0
100
AcDbText
  0
TEXT
  5
4E5
330
17
100
AcDbEntity
  8
A-ANNO-TEXT
100
AcDbText
 10
7.279999999999999
 20
8.12017935
 30
0.0
 40
0.08132
  1
(b) BASKETBALL / VOLLEYBALL — FROM PARAMS ONLY
  7
KS-BOLD
 11
7.279999999999999
 21
8.12017935
 31
0.0
100
AcDbText
  0
LINE
  5
4E6
330
17
100
AcDbEntity
  8
A-ANNO-TEXT
100
AcDbLine
 10
7.279999999999999
 20
8.07517935
 30
0.0
 11
11.62
 21
8.07517935
 31
0.0
  0
TEXT
  5
4E7
330
17
100
AcDbEntity
  8
A-ANNO-TEXT
100
AcDbText
 10
7.279999999999999
 20
7.944441016666667
 30
0.0
 40
0.06313
  1
1 court (phase2.yaml basketball_full_courts: 1): 84' x 50' (NFHS 1-1) + 10' runout (1-2-1:
  7
KS-REG
 11
7.279999999999999
 21
7.944441016666667
 31
0.0
100
AcDbText
  0
TEXT
  5
4E8
330
17
100
AcDbEntity
  8
A-ANNO-TEXT
100
AcDbText
 10
7.279999999999999
 20
7.828702683333333
 30
0.0
 40
0.06313
  1
>= 3', 10' preferred) = 70' x 104'; to the floor edge W 22' / E 28' / S 20' / N 20'. Clear
  7
KS-REG
 11
7.279999999999999
 21
7.828702683333333
 31
0.0
100
AcDbText
  0
TEXT
  5
4E9
330
17
100
AcDbEntity
  8
A-ANNO-TEXT
100
AcDbText
 10
7.279999999999999
 20
7.712964349999999
 30
0.0
 40
0.06313
  1
height >= 25' (R-019). Boundary + division line only (other markings not drawn: not
  7
KS-REG
 11
7.279999999999999
 21
7.712964349999999
 31
0.0
100
AcDbText
  0
TEXT
  5
4EA
330
17
100
AcDbEntity
  8
A-ANNO-TEXT
100
AcDbText
 10
7.279999999999999
 20
7.597226016666665
 30
0.0
 40
0.06313
  1
researched); team benches / scorer's table for basketball: TBD (not in params or decisions).
  7
KS-REG
 11
7.279999999999999
 21
7.597226016666665
 31
0.0
100
AcDbText
  0
TEXT
  5
4EB
330
17
100
AcDbEntity
  8
A-ANNO-TEXT
100
AcDbText
 10
7.279999999999999
 20
7.4525530999999985
 30
0.0
 40
0.06313
  1
VOLLEYBALL: TBD — phase2.yaml volleyball_courts: TBD; R-012 volleyball not researched.
  7
KS-REG
 11
7.279999999999999
 21
7.4525530999999985
 31
0.0
100
AcDbText
  0
TEXT
  5
4EC
330
17
100
AcDbEntity
  8
A-ANNO-TEXT
100
AcDbText
 10
7.279999999999999
 20
7.336814766666665
 30
0.0
 40
0.06313
  1
Nothing drawn (no new program). 2nd basketball court: TBD (phase2.yaml
  7
KS-REG
 11
7.279999999999999
 21
7.336814766666665
 31
0.0
100
AcDbText
  0
TEXT
  5
4ED
330
17
100
AcDbEntity
  8
A-ANNO-TEXT
100
AcDbText
 10
7.279999999999999
 20
7.221076433333331
 30
0.0
 40
0.06313
  1
basketball_second_court: TBD; 'only after clear span is measured').
  7
KS-REG
 11
7.279999999999999
 21
7.221076433333331
 31
0.0
100
AcDbText
  0
TEXT
  5
4EE
330
17
100
AcDbEntity
  8
A-ANNO-TEXT
100
AcDbText
 10
7.279999999999999
 20
6.970241849999998
 30
0.0
 40
0.08132
  1
(c) TELESCOPIC LOWER TIER — FLOOR ZONES
  7
KS-BOLD
 11
7.279999999999999
 21
6.970241849999998
 31
0.0
100
AcDbText
  0
LINE
  5
4EF
330
17
100
AcDbEntity
  8
A-ANNO-TEXT
100
AcDbLine
 10
7.279999999999999
 20
6.925241849999998
 30
0.0
 11
11.62
 21
6.925241849999998
 31
0.0
  0
TEXT
  5
4F0
330
17
100
AcDbEntity
  8
G-ANNO-TABL
100
AcDbText
 10
7.279999999999999
 20
6.775421849999998
 30
0.0
 40
0.060989999999999996
  1
STATE
  7
KS-BOLD
 11
7.279999999999999
 21
6.775421849999998
 31
0.0
100
AcDbText
  0
TEXT
  5
4F1
330
17
100
AcDbEntity
  8
G-ANNO-TABL
100
AcDbText
 10
9.03
 20
6.775421849999998
 30
0.0
 40
0.060989999999999996
  1
FLOOR ZONE
  7
KS-BOLD
 11
9.03
 21
6.775421849999998
 31
0.0
100
AcDbText
  0
TEXT
  5
4F2
330
17
100
AcDbEntity
  8
G-ANNO-TABL
100
AcDbText
 10
10.379999999999999
 20
6.775421849999998
 30
0.0
 40
0.060989999999999996
  1
SF
  7
KS-BOLD
 72
2
 11
10.379999999999999
 21
6.775421849999998
 31
0.0
100
AcDbText
  0
TEXT
  5
4F3
330
17
100
AcDbEntity
  8
G-ANNO-TABL
100
AcDbText
 10
11.6
 20
6.775421849999998
 30
0.0
 40
0.060989999999999996
  1
LOWER SEATS
  7
KS-BOLD
 72
2
 11
11.6
 21
6.775421849999998
 31
0.0
100
AcDbText
  0
LINE
  5
4F4
330
17
100
AcDbEntity
  8
G-ANNO-TABL
100
AcDbLine
 10
7.279999999999999
 20
6.740421849999998
 30
0.0
 11
11.62
 21
6.740421849999998
 31
0.0
  0
TEXT
  5
4F5
330
17
100
AcDbEntity
  8
G-ANNO-TABL
100
AcDbText
 10
7.279999999999999
 20
6.620601849999998
 30
0.0
 40
0.060989999999999996
  1
Open — extended 12' (6 x 24 in)
  7
KS-REG
 11
7.279999999999999
 21
6.620601849999998
 31
0.0
100
AcDbText
  0
TEXT
  5
4F6
330
17
100
AcDbEntity
  8
G-ANNO-TABL
100
AcDbText
 10
9.03
 20
6.620601849999998
 30
0.0
 40
0.060989999999999996
  1
120' x 144'
  7
KS-REG
 11
9.03
 21
6.620601849999998
 31
0.0
100
AcDbText
  0
TEXT
  5
4F7
330
17
100
AcDbEntity
  8
G-ANNO-TABL
100
AcDbText
 10
10.379999999999999
 20
6.620601849999998
 30
0.0
 40
0.060989999999999996
  1
17,280
  7
KS-REG
 72
2
 11
10.379999999999999
 21
6.620601849999998
 31
0.0
100
AcDbText
  0
TEXT
  5
4F8
330
17
100
AcDbEntity
  8
G-ANNO-TABL
100
AcDbText
 10
11.6
 20
6.620601849999998
 30
0.0
 40
0.060989999999999996
  1
1,100
  7
KS-REG
 72
2
 11
11.6
 21
6.620601849999998
 31
0.0
100
AcDbText
  0
TEXT
  5
4F9
330
17
100
AcDbEntity
  8
G-ANNO-TABL
100
AcDbText
 10
7.279999999999999
 20
6.485781849999998
 30
0.0
 40
0.060989999999999996
  1
Closed — 3'-6" stack
  7
KS-REG
 11
7.279999999999999
 21
6.485781849999998
 31
0.0
100
AcDbText
  0
TEXT
  5
4FA
330
17
100
AcDbEntity
  8
G-ANNO-TABL
100
AcDbText
 10
9.03
 20
6.485781849999998
 30
0.0
 40
0.060989999999999996
  1
128'-6" x 161'-0"
  7
KS-REG
 11
9.03
 21
6.485781849999998
 31
0.0
100
AcDbText
  0
TEXT
  5
4FB
330
17
100
AcDbEntity
  8
G-ANNO-TABL
100
AcDbText
 10
10.379999999999999
 20
6.485781849999998
 30
0.0
 40
0.060989999999999996
  1
20,689
  7
KS-REG
 72
2
 11
10.379999999999999
 21
6.485781849999998
 31
0.0
100
AcDbText
  0
TEXT
  5
4FC
330
17
100
AcDbEntity
  8
G-ANNO-TABL
100
AcDbText
 10
11.6
 20
6.485781849999998
 30
0.0
 40
0.060989999999999996
  1
0
  7
KS-REG
 72
2
 11
11.6
 21
6.485781849999998
 31
0.0
100
AcDbText
  0
TEXT
  5
4FD
330
17
100
AcDbEntity
  8
G-ANNO-TABL
100
AcDbText
 10
7.279999999999999
 20
6.350961849999997
 30
0.0
 40
0.060989999999999996
  1
Gain (N, S, E)
  7
KS-REG
 11
7.279999999999999
 21
6.350961849999997
 31
0.0
100
AcDbText
  0
TEXT
  5
4FE
330
17
100
AcDbEntity
  8
G-ANNO-TABL
100
AcDbText
 10
9.03
 20
6.350961849999997
 30
0.0
 40
0.060989999999999996
  1
+8'-6" each side
  7
KS-REG
 11
9.03
 21
6.350961849999997
 31
0.0
100
AcDbText
  0
TEXT
  5
4FF
330
17
100
AcDbEntity
  8
G-ANNO-TABL
100
AcDbText
 10
10.379999999999999
 20
6.350961849999997
 30
0.0
 40
0.060989999999999996
  1
+3,409
  7
KS-REG
 72
2
 11
10.379999999999999
 21
6.350961849999997
 31
0.0
100
AcDbText
  0
TEXT
  5
500
330
17
100
AcDbEntity
  8
A-ANNO-TEXT
100
AcDbText
 10
7.279999999999999
 20
6.185223516666664
 30
0.0
 40
0.06313
  1
Stack closes against the upper-tier face line (N y = 224, S y = 56, E x = 188): P2-A-302 Rev
  7
KS-REG
 11
7.279999999999999
 21
6.185223516666664
 31
0.0
100
AcDbText
  0
TEXT
  5
501
330
17
100
AcDbEntity
  8
A-ANNO-TEXT
100
AcDbText
 10
7.279999999999999
 20
6.06948518333333
 30
0.0
 40
0.06313
  1
C keeps the stack in front of the upper-tier face, not recessed (open rows 5-6 would sit
  7
KS-REG
 11
7.279999999999999
 21
6.06948518333333
 31
0.0
100
AcDbText
  0
TEXT
  5
502
330
17
100
AcDbEntity
  8
A-ANNO-TEXT
100
AcDbText
 10
7.279999999999999
 20
5.953746849999996
 30
0.0
 40
0.06313
  1
under < 7'-6"). Each side (N, S, E) operates on its own (ASSUMED; banks and motorization
  7
KS-REG
 11
7.279999999999999
 21
5.953746849999996
 31
0.0
100
AcDbText
  0
TEXT
  5
503
330
17
100
AcDbEntity
  8
A-ANNO-TEXT
100
AcDbText
 10
7.279999999999999
 20
5.838008516666663
 30
0.0
 40
0.06313
  1
TBD, manufacturer). Folding and telescopic seating that is not a building element: ICC 300
  7
KS-REG
 11
7.279999999999999
 21
5.838008516666663
 31
0.0
100
AcDbText
  0
TEXT
  5
504
330
17
100
AcDbEntity
  8
A-ANNO-TEXT
100
AcDbText
 10
7.279999999999999
 20
5.722270183333329
 30
0.0
 40
0.06313
  1
(IBC 2021 1030.1.1). Spaces under bleachers: 1-hour separation unless an exception
  7
KS-REG
 11
7.279999999999999
 21
5.722270183333329
 31
0.0
100
AcDbText
  0
TEXT
  5
505
330
17
100
AcDbEntity
  8
A-ANNO-TEXT
100
AcDbText
 10
7.279999999999999
 20
5.606531849999995
 30
0.0
 40
0.06313
  1
applies (1030.1.1.1) — architect. Portal, V1, V2 stay open through the stack.
  7
KS-REG
 11
7.279999999999999
 21
5.606531849999995
 31
0.0
100
AcDbText
  0
TEXT
  5
506
330
17
100
AcDbEntity
  8
A-ANNO-TEXT
100
AcDbText
 10
7.279999999999999
 20
5.355697266666662
 30
0.0
 40
0.08132
  1
CONVERSIONS (ASSUMED SEQUENCE)
  7
KS-BOLD
 11
7.279999999999999
 21
5.355697266666662
 31
0.0
100
AcDbText
  0
LINE
  5
507
330
17
100
AcDbEntity
  8
A-ANNO-TEXT
100
AcDbLine
 10
7.279999999999999
 20
5.310697266666662
 30
0.0
 11
11.62
 21
5.310697266666662
 31
0.0
  0
TEXT
  5
508
330
17
100
AcDbEntity
  8
A-ANNO-TEXT
100
AcDbText
 10
7.279999999999999
 20
5.179958933333329
 30
0.0
 40
0.06313
  1
·
  7
KS-REG
 11
7.279999999999999
 21
5.179958933333329
 31
0.0
100
AcDbText
  0
TEXT
  5
509
330
17
100
AcDbEntity
  8
A-ANNO-TEXT
100
AcDbText
 10
7.379999999999999
 20
5.179958933333329
 30
0.0
 40
0.06313
  1
Wrestling: tier open; mats roll in from EQUIP. STORAGE at the top of the athlete corridor
  7
KS-REG
 11
7.379999999999999
 21
5.179958933333329
 31
0.0
100
AcDbText
  0
TEXT
  5
50A
330
17
100
AcDbEntity
  8
A-ANNO-TEXT
100
AcDbText
 10
7.379999999999999
 20
5.064220599999995
 30
0.0
 40
0.06313
  1
(plan Rev G; S1 service door, D-034).
  7
KS-REG
 11
7.379999999999999
 21
5.064220599999995
 31
0.0
100
AcDbText
  0
TEXT
  5
50B
330
17
100
AcDbEntity
  8
A-ANNO-TEXT
100
AcDbText
 10
7.279999999999999
 20
4.919547683333328
 30
0.0
 40
0.06313
  1
·
  7
KS-REG
 11
7.279999999999999
 21
4.919547683333328
 31
0.0
100
AcDbText
  0
TEXT
  5
50C
330
17
100
AcDbEntity
  8
A-ANNO-TEXT
100
AcDbText
 10
7.379999999999999
 20
4.919547683333328
 30
0.0
 40
0.06313
  1
Basketball: mats up and stored, court surface down (surface type TBD); seats stay
  7
KS-REG
 11
7.379999999999999
 21
4.919547683333328
 31
0.0
100
AcDbText
  0
TEXT
  5
50D
330
17
100
AcDbEntity
  8
A-ANNO-TEXT
100
AcDbText
 10
7.379999999999999
 20
4.8038093499999945
 30
0.0
 40
0.06313
  1
(phase2.yaml floor_converts).
  7
KS-REG
 11
7.379999999999999
 21
4.8038093499999945
 31
0.0
100
AcDbText
  0
TEXT
  5
50E
330
17
100
AcDbEntity
  8
A-ANNO-TEXT
100
AcDbText
 10
7.279999999999999
 20
4.659136433333328
 30
0.0
 40
0.06313
  1
·
  7
KS-REG
 11
7.279999999999999
 21
4.659136433333328
 31
0.0
100
AcDbText
  0
TEXT
  5
50F
330
17
100
AcDbEntity
  8
A-ANNO-TEXT
100
AcDbText
 10
7.379999999999999
 20
4.659136433333328
 30
0.0
 40
0.06313
  1
Floor events (D-054 OPEN): tier open or closed per event; chairs, tables, stage / platform
  7
KS-REG
 11
7.379999999999999
 21
4.659136433333328
 31
0.0
100
AcDbText
  0
TEXT
  5
510
330
17
100
AcDbEntity
  8
A-ANNO-TEXT
100
AcDbText
 10
7.379999999999999
 20
4.543398099999994
 30
0.0
 40
0.06313
  1
and their storage are NOT in the program (TBD) — no room drawn for them.
  7
KS-REG
 11
7.379999999999999
 21
4.543398099999994
 31
0.0
100
AcDbText
  0
TEXT
  5
511
330
17
100
AcDbEntity
  8
A-ANNO-TEXT
100
AcDbText
 10
7.279999999999999
 20
4.398725183333327
 30
0.0
 40
0.06313
  1
·
  7
KS-REG
 11
7.279999999999999
 21
4.398725183333327
 31
0.0
100
AcDbText
  0
TEXT
  5
512
330
17
100
AcDbEntity
  8
A-ANNO-TEXT
100
AcDbText
 10
7.379999999999999
 20
4.398725183333327
 30
0.0
 40
0.06313
  1
Occupant load posted per configuration (IBC 1004.9); the building official assigns the
  7
KS-REG
 11
7.379999999999999
 21
4.398725183333327
 31
0.0
100
AcDbText
  0
TEXT
  5
513
330
17
100
AcDbEntity
  8
A-ANNO-TEXT
100
AcDbText
 10
7.379999999999999
 20
4.282986849999993
 30
0.0
 40
0.06313
  1
loads.
  7
KS-REG
 11
7.379999999999999
 21
4.282986849999993
 31
0.0
100
AcDbText
  0
LINE
  5
514
330
17
100
AcDbEntity
  8
A-ANNO-TEXT
100
AcDbLine
 10
11.74
 20
10.360000000000001
 30
0.0
 11
11.74
 21
1.9500000000000002
 31
0.0
  0
TEXT
  5
515
330
17
100
AcDbEntity
  8
A-ANNO-TEXT
100
AcDbText
 10
11.86
 20
10.377771666666666
 30
0.0
 40
0.06667
  1
Schematic overlays for the owner, the architect of record and the AHJ. Not a code review
  7
KS-REG
 11
11.86
 21
10.377771666666666
 31
0.0
100
AcDbText
  0
TEXT
  5
516
330
17
100
AcDbEntity
  8
A-ANNO-TEXT
100
AcDbText
 10
11.86
 20
10.255543333333332
 30
0.0
 40
0.06667
  1
and no statement of approval (D-008). Sports rules quoted from older NFHS editions
  7
KS-REG
 11
11.86
 21
10.255543333333332
 31
0.0
100
AcDbText
  0
TEXT
  5
517
330
17
100
AcDbEntity
  8
A-ANNO-TEXT
100
AcDbText
 10
11.86
 20
10.133314999999998
 30
0.0
 40
0.06667
  1
(current books paywalled): UNVERIFIED against the current edition. Furniture positions
  7
KS-REG
 11
11.86
 21
10.133314999999998
 31
0.0
100
AcDbText
  0
TEXT
  5
518
330
17
100
AcDbEntity
  8
A-ANNO-TEXT
100
AcDbText
 10
11.86
 20
10.011086666666664
 30
0.0
 40
0.06667
  1
ASSUMED.
  7
KS-REG
 11
11.86
 21
10.011086666666664
 31
0.0
100
AcDbText
  0
TEXT
  5
519
330
17
100
AcDbEntity
  8
A-ANNO-TEXT
100
AcDbText
 10
11.86
 20
9.74842958333333
 30
0.0
 40
0.08135999999999999
  1
(d) EVENT-FLOOR OCCUPANCY CASES — D-054 OPEN
  7
KS-BOLD
 11
11.86
 21
9.74842958333333
 31
0.0
100
AcDbText
  0
LINE
  5
51A
330
17
100
AcDbEntity
  8
A-ANNO-TEXT
100
AcDbLine
 10
11.86
 20
9.70342958333333
 30
0.0
 11
16.42
 21
9.70342958333333
 31
0.0
  0
TEXT
  5
51B
330
17
100
AcDbEntity
  8
G-ANNO-TABL
100
AcDbText
 10
11.86
 20
9.55847958333333
 30
0.0
 40
0.05875999999999999
  1
CASE
  7
KS-BOLD
 11
11.86
 21
9.55847958333333
 31
0.0
100
AcDbText
  0
TEXT
  5
51C
330
17
100
AcDbEntity
  8
G-ANNO-TABL
100
AcDbText
 10
12.719999999999999
 20
9.55847958333333
 30
0.0
 40
0.05875999999999999
  1
FACTOR
  7
KS-BOLD
 11
12.719999999999999
 21
9.55847958333333
 31
0.0
100
AcDbText
  0
TEXT
  5
51D
330
17
100
AcDbEntity
  8
G-ANNO-TABL
100
AcDbText
 10
13.54
 20
9.55847958333333
 30
0.0
 40
0.05875999999999999
  1
FLOOR
  7
KS-BOLD
 72
2
 11
13.54
 21
9.55847958333333
 31
0.0
100
AcDbText
  0
TEXT
  5
51E
330
17
100
AcDbEntity
  8
G-ANNO-TABL
100
AcDbText
 10
13.92
 20
9.55847958333333
 30
0.0
 40
0.05875999999999999
  1
L1
  7
KS-BOLD
 72
2
 11
13.92
 21
9.55847958333333
 31
0.0
100
AcDbText
  0
TEXT
  5
51F
330
17
100
AcDbEntity
  8
G-ANNO-TABL
100
AcDbText
 10
14.02
 20
9.55847958333333
 30
0.0
 40
0.05875999999999999
  1
LAYOUT NOTE
  7
KS-BOLD
 11
14.02
 21
9.55847958333333
 31
0.0
100
AcDbText
  0
LINE
  5
520
330
17
100
AcDbEntity
  8
G-ANNO-TABL
100
AcDbLine
 10
11.86
 20
9.52347958333333
 30
0.0
 11
16.42
 21
9.52347958333333
 31
0.0
  0
TEXT
  5
521
330
17
100
AcDbEntity
  8
G-ANNO-TABL
100
AcDbText
 10
11.86
 20
9.408529583333332
 30
0.0
 40
0.05875999999999999
  1
Sports
  7
KS-REG
 11
11.86
 21
9.408529583333332
 31
0.0
100
AcDbText
  0
TEXT
  5
522
330
17
100
AcDbEntity
  8
G-ANNO-TABL
100
AcDbText
 10
12.719999999999999
 20
9.408529583333332
 30
0.0
 40
0.05875999999999999
  1
50 gross
  7
KS-REG
 11
12.719999999999999
 21
9.408529583333332
 31
0.0
100
AcDbText
  0
TEXT
  5
523
330
17
100
AcDbEntity
  8
G-ANNO-TABL
100
AcDbText
 10
13.54
 20
9.408529583333332
 30
0.0
 40
0.05875999999999999
  1
329
  7
KS-REG
 72
2
 11
13.54
 21
9.408529583333332
 31
0.0
100
AcDbText
  0
TEXT
  5
524
330
17
100
AcDbEntity
  8
G-ANNO-TABL
100
AcDbText
 10
13.92
 20
9.408529583333332
 30
0.0
 40
0.05875999999999999
  1
1,803
  7
KS-REG
 72
2
 11
13.92
 21
9.408529583333332
 31
0.0
100
AcDbText
  0
TEXT
  5
525
330
17
100
AcDbEntity
  8
G-ANNO-TABL
100
AcDbText
 10
14.02
 20
9.408529583333332
 30
0.0
 40
0.05875999999999999
  1
Mats (a) or court (b) on the floor; tier open. Exercise 50
  7
KS-REG
 11
14.02
 21
9.408529583333332
 31
0.0
100
AcDbText
  0
TEXT
  5
526
330
17
100
AcDbEntity
  8
G-ANNO-TABL
100
AcDbText
 10
14.02
 20
9.29677258333333
 30
0.0
 40
0.05875999999999999
  1
gross ASSUMED for sports use (AHJ assigns).
  7
KS-REG
 11
14.02
 21
9.29677258333333
 31
0.0
100
AcDbText
  0
TEXT
  5
527
330
17
100
AcDbEntity
  8
G-ANNO-TABL
100
AcDbText
 10
11.86
 20
9.146822583333332
 30
0.0
 40
0.05875999999999999
  1
Tables + Chairs
  7
KS-REG
 11
11.86
 21
9.146822583333332
 31
0.0
100
AcDbText
  0
TEXT
  5
528
330
17
100
AcDbEntity
  8
G-ANNO-TABL
100
AcDbText
 10
12.719999999999999
 20
9.146822583333332
 30
0.0
 40
0.05875999999999999
  1
15 net
  7
KS-REG
 11
12.719999999999999
 21
9.146822583333332
 31
0.0
100
AcDbText
  0
TEXT
  5
529
330
17
100
AcDbEntity
  8
G-ANNO-TABL
100
AcDbText
 10
13.54
 20
9.146822583333332
 30
0.0
 40
0.05875999999999999
  1
1,095
  7
KS-REG
 72
2
 11
13.54
 21
9.146822583333332
 31
0.0
100
AcDbText
  0
TEXT
  5
52A
330
17
100
AcDbEntity
  8
G-ANNO-TABL
100
AcDbText
 10
13.92
 20
9.146822583333332
 30
0.0
 40
0.05875999999999999
  1
2,569
  7
KS-REG
 72
2
 11
13.92
 21
9.146822583333332
 31
0.0
100
AcDbText
  0
TEXT
  5
52B
330
17
100
AcDbEntity
  8
G-ANNO-TABL
100
AcDbText
 10
14.02
 20
9.146822583333332
 30
0.0
 40
0.05875999999999999
  1
Tables + chairs: aisle widths measured 19 in from the
  7
KS-REG
 11
14.02
 21
9.146822583333332
 31
0.0
100
AcDbText
  0
TEXT
  5
52C
330
17
100
AcDbEntity
  8
G-ANNO-TABL
100
AcDbText
 10
14.02
 20
9.035065583333331
 30
0.0
 40
0.05875999999999999
  1
table edge (1030.13.1); level aisles 42 in (seats both
  7
KS-REG
 11
14.02
 21
9.035065583333331
 31
0.0
100
AcDbText
  0
TEXT
  5
52D
330
17
100
AcDbEntity
  8
G-ANNO-TABL
100
AcDbText
 10
14.02
 20
8.92330858333333
 30
0.0
 40
0.05875999999999999
  1
sides) / 36 in (one side) (1030.9.1). Table layout TBD.
  7
KS-REG
 11
14.02
 21
8.92330858333333
 31
0.0
100
AcDbText
  0
TEXT
  5
52E
330
17
100
AcDbEntity
  8
G-ANNO-TABL
100
AcDbText
 10
11.86
 20
8.773358583333332
 30
0.0
 40
0.05875999999999999
  1
Chairs Only
  7
KS-REG
 11
11.86
 21
8.773358583333332
 31
0.0
100
AcDbText
  0
TEXT
  5
52F
330
17
100
AcDbEntity
  8
G-ANNO-TABL
100
AcDbText
 10
12.719999999999999
 20
8.773358583333332
 30
0.0
 40
0.05875999999999999
  1
7 net
  7
KS-REG
 11
12.719999999999999
 21
8.773358583333332
 31
0.0
100
AcDbText
  0
TEXT
  5
530
330
17
100
AcDbEntity
  8
G-ANNO-TABL
100
AcDbText
 10
13.54
 20
8.773358583333332
 30
0.0
 40
0.05875999999999999
  1
2,346
  7
KS-REG
 72
2
 11
13.54
 21
8.773358583333332
 31
0.0
100
AcDbText
  0
TEXT
  5
531
330
17
100
AcDbEntity
  8
G-ANNO-TABL
100
AcDbText
 10
13.92
 20
8.773358583333332
 30
0.0
 40
0.05875999999999999
  1
3,820
  7
KS-REG
 72
2
 11
13.92
 21
8.773358583333332
 31
0.0
100
AcDbText
  0
TEXT
  5
532
330
17
100
AcDbEntity
  8
G-ANNO-TABL
100
AcDbText
 10
14.02
 20
8.773358583333332
 30
0.0
 40
0.05875999999999999
  1
Chairs in rows: >= 12 in clear between rows up to 14
  7
KS-REG
 11
14.02
 21
8.773358583333332
 31
0.0
100
AcDbText
  0
TEXT
  5
533
330
17
100
AcDbEntity
  8
G-ANNO-TABL
100
AcDbText
 10
14.02
 20
8.661601583333331
 30
0.0
 40
0.05875999999999999
  1
seats, + 0.3 in per seat beyond 14 (backrests), <= 100
  7
KS-REG
 11
14.02
 21
8.661601583333331
 31
0.0
100
AcDbText
  0
TEXT
  5
534
330
17
100
AcDbEntity
  8
G-ANNO-TABL
100
AcDbText
 10
14.02
 20
8.54984458333333
 30
0.0
 40
0.05875999999999999
  1
seats per row with aisles both ends (1030.13.2,
  7
KS-REG
 11
14.02
 21
8.54984458333333
 31
0.0
100
AcDbText
  0
TEXT
  5
535
330
17
100
AcDbEntity
  8
G-ANNO-TABL
100
AcDbText
 10
14.02
 20
8.43808758333333
 30
0.0
 40
0.05875999999999999
  1
1030.13.2.1). Row plan TBD.
  7
KS-REG
 11
14.02
 21
8.43808758333333
 31
0.0
100
AcDbText
  0
TEXT
  5
536
330
17
100
AcDbEntity
  8
G-ANNO-TABL
100
AcDbText
 10
11.86
 20
8.28813758333333
 30
0.0
 40
0.05875999999999999
  1
Standing
  7
KS-REG
 11
11.86
 21
8.28813758333333
 31
0.0
100
AcDbText
  0
TEXT
  5
537
330
17
100
AcDbEntity
  8
G-ANNO-TABL
100
AcDbText
 10
12.719999999999999
 20
8.28813758333333
 30
0.0
 40
0.05875999999999999
  1
5 net
  7
KS-REG
 11
12.719999999999999
 21
8.28813758333333
 31
0.0
100
AcDbText
  0
TEXT
  5
538
330
17
100
AcDbEntity
  8
G-ANNO-TABL
100
AcDbText
 10
13.54
 20
8.28813758333333
 30
0.0
 40
0.05875999999999999
  1
3,284
  7
KS-REG
 72
2
 11
13.54
 21
8.28813758333333
 31
0.0
100
AcDbText
  0
TEXT
  5
539
330
17
100
AcDbEntity
  8
G-ANNO-TABL
100
AcDbText
 10
13.92
 20
8.28813758333333
 30
0.0
 40
0.05875999999999999
  1
4,758
  7
KS-REG
 72
2
 11
13.92
 21
8.28813758333333
 31
0.0
100
AcDbText
  0
TEXT
  5
53A
330
17
100
AcDbEntity
  8
G-ANNO-TABL
100
AcDbText
 10
14.02
 20
8.28813758333333
 30
0.0
 40
0.05875999999999999
  1
Open floor, no stage drawn (stage / platform TBD,
  7
KS-REG
 11
14.02
 21
8.28813758333333
 31
0.0
100
AcDbText
  0
TEXT
  5
53B
330
17
100
AcDbEntity
  8
G-ANNO-TABL
100
AcDbText
 10
14.02
 20
8.17638058333333
 30
0.0
 40
0.05875999999999999
  1
D-054). Worst case: L1 exits sized for it (P2-A-111 Rev A);
  7
KS-REG
 11
14.02
 21
8.17638058333333
 31
0.0
100
AcDbText
  0
TEXT
  5
53C
330
17
100
AcDbEntity
  8
G-ANNO-TABL
100
AcDbText
 10
14.02
 20
8.06462358333333
 30
0.0
 40
0.05875999999999999
  1
restrooms short (D-064 OPEN).
  7
KS-REG
 11
14.02
 21
8.06462358333333
 31
0.0
100
AcDbText
  0
TEXT
  5
53D
330
17
100
AcDbEntity
  8
A-ANNO-TEXT
100
AcDbText
 10
11.86
 20
7.881717749999996
 30
0.0
 40
0.06158499999999999
  1
Floor = 16,416 SF (G-002, 114' x 144'; hatched from the W edge, the east 6' strip of the drawn
  7
KS-REG
 11
11.86
 21
7.881717749999996
 31
0.0
100
AcDbText
  0
TEXT
  5
53E
330
17
100
AcDbEntity
  8
A-ANNO-TEXT
100
AcDbText
 10
11.86
 20
7.768811916666663
 30
0.0
 40
0.06158499999999999
  1
floor, D-053, unhatched); L1 = floor + 1,100 lower seats + 374 other L1 rooms. Sensitivity: whole
  7
KS-REG
 11
11.86
 21
7.768811916666663
 31
0.0
100
AcDbText
  0
TEXT
  5
53F
330
17
100
AcDbEntity
  8
A-ANNO-TEXT
100
AcDbText
 10
11.86
 20
7.6559060833333294
 30
0.0
 40
0.06158499999999999
  1
drawn zone 17,280 SF standing = 3,456 (L1 4,930; E1 479.4 in still under 512, P2-A-111). Tier
  7
KS-REG
 11
11.86
 21
7.6559060833333294
 31
0.0
100
AcDbText
  0
TEXT
  5
540
330
17
100
AcDbEntity
  8
A-ANNO-TEXT
100
AcDbText
 10
11.86
 20
7.543000249999996
 30
0.0
 40
0.06158499999999999
  1
CLOSED: standing 4,138 / chairs 2,956 on 20,689 SF with no lower seats → L1 4,512 / 3,330, below
  7
KS-REG
 11
11.86
 21
7.543000249999996
 31
0.0
100
AcDbText
  0
TEXT
  5
541
330
17
100
AcDbEntity
  8
A-ANNO-TEXT
100
AcDbText
 10
11.86
 20
7.4300944166666625
 30
0.0
 40
0.06158499999999999
  1
the 4,758 design case the L1 exits were sized for (arithmetic; net = gross ASSUMED). Post the
  7
KS-REG
 11
11.86
 21
7.4300944166666625
 31
0.0
100
AcDbText
  0
TEXT
  5
542
330
17
100
AcDbEntity
  8
A-ANNO-TEXT
100
AcDbText
 10
11.86
 20
7.317188583333329
 30
0.0
 40
0.06158499999999999
  1
occupant load for each intended configuration near the main exit (IBC 2021 1004.9).
  7
KS-REG
 11
11.86
 21
7.317188583333329
 31
0.0
100
AcDbText
  0
TEXT
  5
543
330
17
100
AcDbEntity
  8
A-ANNO-TEXT
100
AcDbText
 10
11.86
 20
7.056862124999996
 30
0.0
 40
0.08362
  1
OPEN DECISIONS — NOT ASSUMED HERE
  7
KS-BOLD
 11
11.86
 21
7.056862124999996
 31
0.0
100
AcDbText
  0
LINE
  5
544
330
17
100
AcDbEntity
  8
A-ANNO-TEXT
100
AcDbLine
 10
11.86
 20
7.011862124999996
 30
0.0
 11
16.42
 21
7.011862124999996
 31
0.0
  0
TEXT
  5
545
330
17
100
AcDbEntity
  8
A-ANNO-TEXT
100
AcDbText
 10
11.86
 20
6.874633791666663
 30
0.0
 40
0.06667
  1
·
  7
KS-REG
 11
11.86
 21
6.874633791666663
 31
0.0
100
AcDbText
  0
TEXT
  5
546
330
17
100
AcDbEntity
  8
A-ANNO-TEXT
100
AcDbText
 10
11.959999999999999
 20
6.874633791666663
 30
0.0
 40
0.06667
  1
D-054: Floor uses beyond sports (concerts, graduations, expos): OPEN — cases shown
  7
KS-REG
 11
11.959999999999999
 21
6.874633791666663
 31
0.0
100
AcDbText
  0
TEXT
  5
547
330
17
100
AcDbEntity
  8
A-ANNO-TEXT
100
AcDbText
 10
11.959999999999999
 20
6.75240545833333
 30
0.0
 40
0.06667
  1
for planning only.
  7
KS-REG
 11
11.959999999999999
 21
6.75240545833333
 31
0.0
100
AcDbText
  0
TEXT
  5
548
330
17
100
AcDbEntity
  8
A-ANNO-TEXT
100
AcDbText
 10
11.86
 20
6.599620041666664
 30
0.0
 40
0.06667
  1
·
  7
KS-REG
 11
11.86
 21
6.599620041666664
 31
0.0
100
AcDbText
  0
TEXT
  5
549
330
17
100
AcDbEntity
  8
A-ANNO-TEXT
100
AcDbText
 10
11.959999999999999
 20
6.599620041666664
 30
0.0
 40
0.06667
  1
D-064: Restrooms at the worst case: OPEN.
  7
KS-REG
 11
11.959999999999999
 21
6.599620041666664
 31
0.0
100
AcDbText
  0
TEXT
  5
54A
330
17
100
AcDbEntity
  8
A-ANNO-TEXT
100
AcDbText
 10
11.86
 20
6.4468346249999975
 30
0.0
 40
0.06667
  1
·
  7
KS-REG
 11
11.86
 21
6.4468346249999975
 31
0.0
100
AcDbText
  0
TEXT
  5
54B
330
17
100
AcDbEntity
  8
A-ANNO-TEXT
100
AcDbText
 10
11.959999999999999
 20
6.4468346249999975
 30
0.0
 40
0.06667
  1
D-065: Checkpoint vs egress: OPEN.
  7
KS-REG
 11
11.959999999999999
 21
6.4468346249999975
 31
0.0
100
AcDbText
  0
TEXT
  5
54C
330
17
100
AcDbEntity
  8
A-ANNO-TEXT
100
AcDbText
 10
11.86
 20
6.294049208333331
 30
0.0
 40
0.06667
  1
·
  7
KS-REG
 11
11.86
 21
6.294049208333331
 31
0.0
100
AcDbText
  0
TEXT
  5
54D
330
17
100
AcDbEntity
  8
A-ANNO-TEXT
100
AcDbText
 10
11.959999999999999
 20
6.294049208333331
 30
0.0
 40
0.06667
  1
D-066: Exit discharge from E1 vs the 28 ft walk / arch: OPEN.
  7
KS-REG
 11
11.959999999999999
 21
6.294049208333331
 31
0.0
100
AcDbText
  0
TEXT
  5
54E
330
17
100
AcDbEntity
  8
A-ANNO-TEXT
100
AcDbText
 10
11.86
 20
6.141263791666665
 30
0.0
 40
0.06667
  1
Floor uses beyond sports wait on Shane (D-054). L1 exits are already sized for the standing
  7
KS-REG
 11
11.86
 21
6.141263791666665
 31
0.0
100
AcDbText
  0
TEXT
  5
54F
330
17
100
AcDbEntity
  8
A-ANNO-TEXT
100
AcDbText
 10
11.86
 20
6.019035458333332
 30
0.0
 40
0.06667
  1
worst case (Shane 11:07 AM CT, P2-A-111 Rev A); restroom fixtures for it are not (D-064).
  7
KS-REG
 11
11.86
 21
6.019035458333332
 31
0.0
100
AcDbText
  0
TEXT
  5
550
330
17
100
AcDbEntity
  8
A-ANNO-TEXT
100
AcDbText
 10
11.86
 20
5.756378374999999
 30
0.0
 40
0.08362
  1
LEGEND
  7
KS-BOLD
 11
11.86
 21
5.756378374999999
 31
0.0
100
AcDbText
  0
LINE
  5
551
330
17
100
AcDbEntity
  8
A-ANNO-TEXT
100
AcDbLine
 10
11.86
 20
5.711378374999999
 30
0.0
 11
16.42
 21
5.711378374999999
 31
0.0
  0
TEXT
  5
552
330
17
100
AcDbEntity
  8
A-ANNO-TEXT
100
AcDbText
 10
11.86
 20
5.582436708333333
 30
0.0
 40
0.062150000000000004
  1
Grey band = telescopic lower tier open (thin lines = 24 in rows) · dark band = closed stack · tan =
  7
KS-REG
 11
11.86
 21
5.582436708333333
 31
0.0
100
AcDbText
  0
TEXT
  5
553
330
17
100
AcDbEntity
  8
A-ANNO-TEXT
100
AcDbText
 10
11.86
 20
5.4684950416666664
 30
0.0
 40
0.062150000000000004
  1
mat (circle = 28' NFHS minimum) · black bar = scorer's table · open bar = team bench · blue =
  7
KS-REG
 11
11.86
 21
5.4684950416666664
 31
0.0
100
AcDbText
  0
TEXT
  5
554
330
17
100
AcDbEntity
  8
A-ANNO-TEXT
100
AcDbText
 10
11.86
 20
5.354553375
 30
0.0
 40
0.062150000000000004
  1
table / bench zone · dashed = 10' mat area / keep-clear aisle / runout · green hatch = floor gained
  7
KS-REG
 11
11.86
 21
5.354553375
 31
0.0
100
AcDbText
  0
TEXT
  5
555
330
17
100
AcDbEntity
  8
A-ANNO-TEXT
100
AcDbText
 10
11.86
 20
5.240611708333334
 30
0.0
 40
0.062150000000000004
  1
when closed · hatch styles (d): wide = sports, cross = tables, horizontal = chairs, dense =
  7
KS-REG
 11
11.86
 21
5.240611708333334
 31
0.0
100
AcDbText
  0
TEXT
  5
556
330
17
100
AcDbEntity
  8
A-ANNO-TEXT
100
AcDbText
 10
11.86
 20
5.126670041666667
 30
0.0
 40
0.062150000000000004
  1
standing.
  7
KS-REG
 11
11.86
 21
5.126670041666667
 31
0.0
100
AcDbText
  0
TEXT
  5
557
330
17
100
AcDbEntity
  8
A-ANNO-TEXT
100
AcDbText
 10
11.86
 20
4.988386291666668
 30
0.0
 40
0.059889999999999985
  1
Sources: params/phase2_overlays.yaml; phase2_plan_rev_g.yaml; phase2_code.yaml; R-005 (NFHS
  7
KS-REG
 11
11.86
 21
4.988386291666668
 31
0.0
100
AcDbText
  0
TEXT
  5
558
330
17
100
AcDbEntity
  8
A-ANNO-TEXT
100
AcDbText
 10
11.86
 20
4.878587958333335
 30
0.0
 40
0.059889999999999985
  1
Wrestling 2-1-2, 2-1-5, 2-2-1, 2-2-2, 2-3; KHSAA); R-012 (NFHS Basketball 1-1, 1-2-1); R-019; R-008 /
  7
KS-REG
 11
11.86
 21
4.878587958333335
 31
0.0
100
AcDbText
  0
TEXT
  5
559
330
17
100
AcDbEntity
  8
A-ANNO-TEXT
100
AcDbText
 10
11.86
 20
4.768789625000002
 30
0.0
 40
0.059889999999999985
  1
Hussey MAXAM; R-007.2 (IBC 2021 T1004.5); IBC 2021 1004.9, 1030.1.1, 1030.1.1.1, 1030.9.1,
  7
KS-REG
 11
11.86
 21
4.768789625000002
 31
0.0
100
AcDbText
  0
TEXT
  5
55A
330
17
100
AcDbEntity
  8
A-ANNO-TEXT
100
AcDbText
 10
11.86
 20
4.658991291666669
 30
0.0
 40
0.059889999999999985
  1
1030.13.1, 1030.13.2, 1030.13.2.1 (UpCodes, retrieved 2026-10-04); P2-G-002 Rev A; P2-A-111 Rev
  7
KS-REG
 11
11.86
 21
4.658991291666669
 31
0.0
100
AcDbText
  0
TEXT
  5
55B
330
17
100
AcDbEntity
  8
A-ANNO-TEXT
100
AcDbText
 10
11.86
 20
4.549192958333336
 30
0.0
 40
0.059889999999999985
  1
A; P2-A-302 Rev C; D-009, D-014, D-030, D-053, D-054; Shane 2026-10-04 11:45 AM CT.
  7
KS-REG
 11
11.86
 21
4.549192958333336
 31
0.0
100
AcDbText
  0
ENDSEC
  0
SECTION
  2
OBJECTS
  0
DICTIONARY
  5
A
330
0
100
AcDbDictionary
281
1
  3
ACAD_COLOR
350
B
  3
ACAD_GROUP
350
C
  3
ACAD_LAYOUT
350
D
  3
ACAD_MATERIAL
350
E
  3
ACAD_MLEADERSTYLE
350
F
  3
ACAD_MLINESTYLE
350
10
  3
ACAD_PLOTSETTINGS
350
11
  3
ACAD_PLOTSTYLENAME
350
12
  3
ACAD_SCALELIST
350
14
  3
ACAD_TABLESTYLE
350
15
  3
ACAD_VISUALSTYLE
350
16
  3
EZDXF_META
350
2D
  0
DICTIONARY
  5
B
330
A
100
AcDbDictionary
281
1
  0
DICTIONARY
  5
C
330
A
100
AcDbDictionary
281
1
  0
DICTIONARY
  5
D
330
A
100
AcDbDictionary
281
1
  3
Model
350
1A
  3
Layout1
350
1E
  0
DICTIONARY
  5
E
330
A
100
AcDbDictionary
281
1
  3
ByBlock
350
1F
  3
ByLayer
350
20
  3
Global
350
21
  0
DICTIONARY
  5
F
330
A
100
AcDbDictionary
281
1
  3
Standard
350
2C
  0
DICTIONARY
  5
10
330
A
100
AcDbDictionary
281
1
  3
Standard
350
22
  0
DICTIONARY
  5
11
330
A
100
AcDbDictionary
281
1
  0
ACDBDICTIONARYWDFLT
  5
12
330
A
100
AcDbDictionary
281
1
  3
Normal
350
13
100
AcDbDictionaryWithDefault
340
13
  0
ACDBPLACEHOLDER
  5
13
330
12
  0
DICTIONARY
  5
14
330
A
100
AcDbDictionary
281
1
  0
DICTIONARY
  5
15
330
A
100
AcDbDictionary
281
1
  0
DICTIONARY
  5
16
330
A
100
AcDbDictionary
281
1
  0
LAYOUT
  5
1A
330
D
100
AcDbPlotSettings
  1

  4
A3
  6

 40
7.5
 41
20.0
 42
7.5
 43
20.0
 44
420.0
 45
297.0
 46
0.0
 47
0.0
 48
0.0
 49
0.0
140
0.0
141
0.0
142
1.0
143
1.0
 70
1024
 72
1
 73
0
 74
5
  7

 75
16
 76
0
 77
2
 78
300
147
1.0
148
0.0
149
0.0
100
AcDbLayout
  1
Model
 70
1
 71
0
 10
0.0
 20
0.0
 11
420.0
 21
297.0
 12
0.0
 22
0.0
 32
0.0
 14
1e+20
 24
1e+20
 34
1e+20
 15
-1e+20
 25
-1e+20
 35
-1e+20
146
0.0
 13
0.0
 23
0.0
 33
0.0
 16
1.0
 26
0.0
 36
0.0
 17
0.0
 27
1.0
 37
0.0
 76
1
330
17
  0
LAYOUT
  5
1E
330
D
100
AcDbPlotSettings
  1

  4
A3
  6

 40
7.5
 41
20.0
 42
7.5
 43
20.0
 44
420.0
 45
297.0
 46
0.0
 47
0.0
 48
0.0
 49
0.0
140
0.0
141
0.0
142
1.0
143
1.0
 70
0
 72
1
 73
0
 74
5
  7

 75
16
 76
0
 77
2
 78
300
147
1.0
148
0.0
149
0.0
100
AcDbLayout
  1
Layout1
 70
1
 71
1
 10
0.0
 20
0.0
 11
420.0
 21
297.0
 12
0.0
 22
0.0
 32
0.0
 14
1e+20
 24
1e+20
 34
1e+20
 15
-1e+20
 25
-1e+20
 35
-1e+20
146
0.0
 13
0.0
 23
0.0
 33
0.0
 16
1.0
 26
0.0
 36
0.0
 17
0.0
 27
1.0
 37
0.0
 76
1
330
1B
  0
MATERIAL
  5
1F
102
{ACAD_REACTORS
330
E
102
}
330
E
100
AcDbMaterial
  1
ByBlock
  2

 70
0
 40
1.0
 71
1
 41
1.0
 91
-1023410177
 42
1.0
 72
1
  3

 73
1
 74
1
 75
1
 44
0.5
 73
0
 45
1.0
 46
1.0
 77
1
  4

 78
1
 79
1
170
1
 48
1.0
171
1
  6

172
1
173
1
174
1
140
1.0
141
1.0
175
1
  7

176
1
177
1
178
1
143
1.0
179
1
  8

270
1
271
1
272
1
145
1.0
146
1.0
273
1
  9

274
1
275
1
276
1
 42
1.0
 72
1
  3

 73
1
 74
1
 75
1
 94
63
  0
MATERIAL
  5
20
102
{ACAD_REACTORS
330
E
102
}
330
E
100
AcDbMaterial
  1
ByLayer
  2

 70
0
 40
1.0
 71
1
 41
1.0
 91
-1023410177
 42
1.0
 72
1
  3

 73
1
 74
1
 75
1
 44
0.5
 73
0
 45
1.0
 46
1.0
 77
1
  4

 78
1
 79
1
170
1
 48
1.0
171
1
  6

172
1
173
1
174
1
140
1.0
141
1.0
175
1
  7

176
1
177
1
178
1
143
1.0
179
1
  8

270
1
271
1
272
1
145
1.0
146
1.0
273
1
  9

274
1
275
1
276
1
 42
1.0
 72
1
  3

 73
1
 74
1
 75
1
 94
63
  0
MATERIAL
  5
21
102
{ACAD_REACTORS
330
E
102
}
330
E
100
AcDbMaterial
  1
Global
  2

 70
0
 40
1.0
 71
1
 41
1.0
 91
-1023410177
 42
1.0
 72
1
  3

 73
1
 74
1
 75
1
 44
0.5
 73
0
 45
1.0
 46
1.0
 77
1
  4

 78
1
 79
1
170
1
 48
1.0
171
1
  6

172
1
173
1
174
1
140
1.0
141
1.0
175
1
  7

176
1
177
1
178
1
143
1.0
179
1
  8

270
1
271
1
272
1
145
1.0
146
1.0
273
1
  9

274
1
275
1
276
1
 42
1.0
 72
1
  3

 73
1
 74
1
 75
1
 94
63
  0
MLINESTYLE
  5
22
102
{ACAD_REACTORS
330
10
102
}
330
10
100
AcDbMlineStyle
  2
Standard
 70
0
  3

 62
256
 51
90.0
 52
90.0
 71
2
 49
0.5
 62
256
  6
BYLAYER
 49
-0.5
 62
256
  6
BYLAYER
  0
MLEADERSTYLE
  5
2C
102
{ACAD_REACTORS
330
F
102
}
330
F
100
AcDbMLeaderStyle
179
2
170
2
171
1
172
0
 90
2
 40
0.0
 41
0.0
173
1
 91
-1056964608
 92
-2
290
1
 42
2.0
291
1
 43
8.0
  3
Standard
 44
4.0
300

342
29
174
1
175
1
176
0
178
1
 93
-1056964608
 45
4.0
292
0
297
0
 46
4.0
 94
-1056964608
 47
1.0
 49
1.0
140
1.0
294
1
141
0.0
177
0
142
1.0
295
0
296
0
143
3.75
271
0
272
9
273
9
  0
DICTIONARY
  5
2D
330
A
100
AcDbDictionary
280
1
281
1
  3
CREATED_BY_EZDXF
350
2E
  3
WRITTEN_BY_EZDXF
350
55E
  0
DICTIONARYVAR
  5
2E
330
2D
100
DictionaryVariables
280
0
  1
1.4.4 @ 2026-10-04T16:53:41.662162+00:00
  0
DICTIONARYVAR
  5
55E
330
2D
100
DictionaryVariables
280
0
  1
1.4.4 @ 2026-10-04T16:53:41.681400+00:00
  0
ENDSEC
  0
EOF
