  0
SECTION
  2
HEADER
  9
$ACADVER
  1
AC1024
  9
$ACADMAINTVER
 70
6
  9
$DWGCODEPAGE
  3
ANSI_1252
  9
$LASTSAVEDBY
  1
ezdxf
  9
$INSBASE
 10
0.0
 20
0.0
 30
0.0
  9
$EXTMIN
 10
1e+20
 20
1e+20
 30
1e+20
  9
$EXTMAX
 10
-1e+20
 20
-1e+20
 30
-1e+20
  9
$LIMMIN
 10
0.0
 20
0.0
  9
$LIMMAX
 10
420.0
 20
297.0
  9
$ORTHOMODE
 70
0
  9
$REGENMODE
 70
1
  9
$FILLMODE
 70
1
  9
$QTEXTMODE
 70
0
  9
$MIRRTEXT
 70
1
  9
$LTSCALE
 40
1.0
  9
$ATTMODE
 70
1
  9
$TEXTSIZE
 40
2.5
  9
$TRACEWID
 40
1.0
  9
$TEXTSTYLE
  7
Standard
  9
$CLAYER
  8
0
  9
$CELTYPE
  6
ByLayer
  9
$CECOLOR
 62
256
  9
$CELTSCALE
 40
1.0
  9
$DISPSILH
 70
0
  9
$DIMSCALE
 40
1.0
  9
$DIMASZ
 40
2.5
  9
$DIMEXO
 40
0.625
  9
$DIMDLI
 40
3.75
  9
$DIMRND
 40
0.0
  9
$DIMDLE
 40
0.0
  9
$DIMEXE
 40
1.25
  9
$DIMTP
 40
0.0
  9
$DIMTM
 40
0.0
  9
$DIMTXT
 40
2.5
  9
$DIMCEN
 40
2.5
  9
$DIMTSZ
 40
0.0
  9
$DIMTOL
 70
0
  9
$DIMLIM
 70
0
  9
$DIMTIH
 70
0
  9
$DIMTOH
 70
0
  9
$DIMSE1
 70
0
  9
$DIMSE2
 70
0
  9
$DIMTAD
 70
1
  9
$DIMZIN
 70
8
  9
$DIMBLK
  1

  9
$DIMASO
 70
1
  9
$DIMSHO
 70
1
  9
$DIMPOST
  1

  9
$DIMAPOST
  1

  9
$DIMALT
 70
0
  9
$DIMALTD
 70
3
  9
$DIMALTF
 40
0.03937007874
  9
$DIMLFAC
 40
1.0
  9
$DIMTOFL
 70
1
  9
$DIMTVP
 40
0.0
  9
$DIMTIX
 70
0
  9
$DIMSOXD
 70
0
  9
$DIMSAH
 70
0
  9
$DIMBLK1
  1

  9
$DIMBLK2
  1

  9
$DIMSTYLE
  2
ISO-25
  9
$DIMCLRD
 70
0
  9
$DIMCLRE
 70
0
  9
$DIMCLRT
 70
0
  9
$DIMTFAC
 40
1.0
  9
$DIMGAP
 40
0.625
  9
$DIMJUST
 70
0
  9
$DIMSD1
 70
0
  9
$DIMSD2
 70
0
  9
$DIMTOLJ
 70
0
  9
$DIMTZIN
 70
8
  9
$DIMALTZ
 70
0
  9
$DIMALTTZ
 70
0
  9
$DIMUPT
 70
0
  9
$DIMDEC
 70
2
  9
$DIMTDEC
 70
2
  9
$DIMALTU
 70
2
  9
$DIMALTTD
 70
3
  9
$DIMTXSTY
  7
Standard
  9
$DIMAUNIT
 70
0
  9
$DIMADEC
 70
0
  9
$DIMALTRND
 40
0.0
  9
$DIMAZIN
 70
0
  9
$DIMDSEP
 70
44
  9
$DIMATFIT
 70
3
  9
$DIMFRAC
 70
0
  9
$DIMLDRBLK
  1

  9
$DIMLUNIT
 70
2
  9
$DIMLWD
 70
-2
  9
$DIMLWE
 70
-2
  9
$DIMTMOVE
 70
0
  9
$DIMFXL
 40
1.0
  9
$DIMFXLON
 70
0
  9
$DIMJOGANG
 40
0.785398163397
  9
$DIMTFILL
 70
0
  9
$DIMTFILLCLR
 70
0
  9
$DIMARCSYM
 70
0
  9
$DIMLTYPE
  6

  9
$DIMLTEX1
  6

  9
$DIMLTEX2
  6

  9
$DIMTXTDIRECTION
 70
0
  9
$LUNITS
 70
2
  9
$LUPREC
 70
4
  9
$SKETCHINC
 40
1.0
  9
$FILLETRAD
 40
10.0
  9
$AUNITS
 70
0
  9
$AUPREC
 70
2
  9
$MENU
  1
.
  9
$ELEVATION
 40
0.0
  9
$PELEVATION
 40
0.0
  9
$THICKNESS
 40
0.0
  9
$LIMCHECK
 70
0
  9
$CHAMFERA
 40
0.0
  9
$CHAMFERB
 40
0.0
  9
$CHAMFERC
 40
0.0
  9
$CHAMFERD
 40
0.0
  9
$SKPOLY
 70
0
  9
$TDCREATE
 40
2461323.5619675927
  9
$TDUCREATE
 40
2458532.153996898
  9
$TDUPDATE
 40
2461323.5619675927
  9
$TDUUPDATE
 40
2458532.1544311
  9
$TDINDWG
 40
0.0
  9
$TDUSRTIMER
 40
0.0
  9
$USRTIMER
 70
1
  9
$ANGBASE
 50
0.0
  9
$ANGDIR
 70
0
  9
$PDMODE
 70
0
  9
$PDSIZE
 40
0.0
  9
$PLINEWID
 40
0.0
  9
$SPLFRAME
 70
0
  9
$SPLINETYPE
 70
6
  9
$SPLINESEGS
 70
8
  9
$HANDSEED
  5
8AC
  9
$SURFTAB1
 70
6
  9
$SURFTAB2
 70
6
  9
$SURFTYPE
 70
6
  9
$SURFU
 70
6
  9
$SURFV
 70
6
  9
$UCSBASE
  2

  9
$UCSNAME
  2

  9
$UCSORG
 10
0.0
 20
0.0
 30
0.0
  9
$UCSXDIR
 10
1.0
 20
0.0
 30
0.0
  9
$UCSYDIR
 10
0.0
 20
1.0
 30
0.0
  9
$UCSORTHOREF
  2

  9
$UCSORTHOVIEW
 70
0
  9
$UCSORGTOP
 10
0.0
 20
0.0
 30
0.0
  9
$UCSORGBOTTOM
 10
0.0
 20
0.0
 30
0.0
  9
$UCSORGLEFT
 10
0.0
 20
0.0
 30
0.0
  9
$UCSORGRIGHT
 10
0.0
 20
0.0
 30
0.0
  9
$UCSORGFRONT
 10
0.0
 20
0.0
 30
0.0
  9
$UCSORGBACK
 10
0.0
 20
0.0
 30
0.0
  9
$PUCSBASE
  2

  9
$PUCSNAME
  2

  9
$PUCSORG
 10
0.0
 20
0.0
 30
0.0
  9
$PUCSXDIR
 10
1.0
 20
0.0
 30
0.0
  9
$PUCSYDIR
 10
0.0
 20
1.0
 30
0.0
  9
$PUCSORTHOREF
  2

  9
$PUCSORTHOVIEW
 70
0
  9
$PUCSORGTOP
 10
0.0
 20
0.0
 30
0.0
  9
$PUCSORGBOTTOM
 10
0.0
 20
0.0
 30
0.0
  9
$PUCSORGLEFT
 10
0.0
 20
0.0
 30
0.0
  9
$PUCSORGRIGHT
 10
0.0
 20
0.0
 30
0.0
  9
$PUCSORGFRONT
 10
0.0
 20
0.0
 30
0.0
  9
$PUCSORGBACK
 10
0.0
 20
0.0
 30
0.0
  9
$USERI1
 70
0
  9
$USERI2
 70
0
  9
$USERI3
 70
0
  9
$USERI4
 70
0
  9
$USERI5
 70
0
  9
$USERR1
 40
0.0
  9
$USERR2
 40
0.0
  9
$USERR3
 40
0.0
  9
$USERR4
 40
0.0
  9
$USERR5
 40
0.0
  9
$WORLDVIEW
 70
1
  9
$SHADEDGE
 70
3
  9
$SHADEDIF
 70
70
  9
$TILEMODE
 70
1
  9
$MAXACTVP
 70
64
  9
$PINSBASE
 10
0.0
 20
0.0
 30
0.0
  9
$PLIMCHECK
 70
0
  9
$PEXTMIN
 10
1e+20
 20
1e+20
 30
1e+20
  9
$PEXTMAX
 10
-1e+20
 20
-1e+20
 30
-1e+20
  9
$PLIMMIN
 10
0.0
 20
0.0
  9
$PLIMMAX
 10
420.0
 20
297.0
  9
$UNITMODE
 70
0
  9
$VISRETAIN
 70
1
  9
$PLINEGEN
 70
0
  9
$PSLTSCALE
 70
1
  9
$TREEDEPTH
 70
3020
  9
$CMLSTYLE
  2
Standard
  9
$CMLJUST
 70
0
  9
$CMLSCALE
 40
20.0
  9
$PROXYGRAPHICS
 70
1
  9
$MEASUREMENT
 70
0
  9
$CELWEIGHT
370
-1
  9
$ENDCAPS
280
0
  9
$JOINSTYLE
280
0
  9
$LWDISPLAY
290
0
  9
$INSUNITS
 70
1
  9
$HYPERLINKBASE
  1

  9
$STYLESHEET
  1

  9
$XEDIT
290
1
  9
$CEPSNTYPE
380
0
  9
$PSTYLEMODE
290
1
  9
$FINGERPRINTGUID
  2
{62D9F7EC-166E-4153-9F34-9CD5B35A8E1A}
  9
$VERSIONGUID
  2
{FAE265B0-7184-4548-8838-49E9AC36B165}
  9
$EXTNAMES
290
1
  9
$PSVPSCALE
 40
0.0
  9
$OLESTARTUP
290
0
  9
$SORTENTS
280
127
  9
$INDEXCTL
280
0
  9
$HIDETEXT
280
1
  9
$XCLIPFRAME
280
1
  9
$HALOGAP
280
0
  9
$OBSCOLOR
 70
257
  9
$OBSLTYPE
280
0
  9
$INTERSECTIONDISPLAY
280
0
  9
$INTERSECTIONCOLOR
 70
257
  9
$DIMASSOC
280
2
  9
$PROJECTNAME
  1

  9
$CAMERADISPLAY
290
0
  9
$LENSLENGTH
 40
50.0
  9
$CAMERAHEIGHT
 40
0.0
  9
$STEPSPERSEC
 40
24.0
  9
$STEPSIZE
 40
100.0
  9
$3DDWFPREC
 40
2.0
  9
$PSOLWIDTH
 40
0.005
  9
$PSOLHEIGHT
 40
0.08
  9
$LOFTANG1
 40
1.570796326795
  9
$LOFTANG2
 40
1.570796326795
  9
$LOFTMAG1
 40
0.0
  9
$LOFTMAG2
 40
0.0
  9
$LOFTPARAM
 70
7
  9
$LOFTNORMALS
280
1
  9
$LATITUDE
 40
37.795
  9
$LONGITUDE
 40
-122.394
  9
$NORTHDIRECTION
 40
0.0
  9
$TIMEZONE
 70
-8000
  9
$LIGHTGLYPHDISPLAY
280
1
  9
$TILEMODELIGHTSYNCH
280
1
  9
$CMATERIAL
347
20
  9
$SOLIDHIST
280
0
  9
$SHOWHIST
280
1
  9
$DWFFRAME
280
2
  9
$DGNFRAME
280
2
  9
$REALWORLDSCALE
290
1
  9
$INTERFERECOLOR
 62
256
  9
$CSHADOW
280
0
  9
$SHADOWPLANELOCATION
 40
0.0
  0
ENDSEC
  0
SECTION
  2
CLASSES
  0
CLASS
  1
ACDBDICTIONARYWDFLT
  2
AcDbDictionaryWithDefault
  3
ObjectDBX Classes
 90
0
 91
0
280
0
281
0
  0
CLASS
  1
SUN
  2
AcDbSun
  3
SCENEOE
 90
1153
 91
0
280
0
281
0
  0
CLASS
  1
VISUALSTYLE
  2
AcDbVisualStyle
  3
ObjectDBX Classes
 90
4095
 91
0
280
0
281
0
  0
CLASS
  1
MATERIAL
  2
AcDbMaterial
  3
ObjectDBX Classes
 90
1153
 91
0
280
0
281
0
  0
CLASS
  1
SCALE
  2
AcDbScale
  3
ObjectDBX Classes
 90
1153
 91
0
280
0
281
0
  0
CLASS
  1
TABLESTYLE
  2
AcDbTableStyle
  3
ObjectDBX Classes
 90
4095
 91
0
280
0
281
0
  0
CLASS
  1
MLEADERSTYLE
  2
AcDbMLeaderStyle
  3
ACDB_MLEADERSTYLE_CLASS
 90
4095
 91
0
280
0
281
0
  0
CLASS
  1
DICTIONARYVAR
  2
AcDbDictionaryVar
  3
ObjectDBX Classes
 90
0
 91
0
280
0
281
0
  0
CLASS
  1
CELLSTYLEMAP
  2
AcDbCellStyleMap
  3
ObjectDBX Classes
 90
1152
 91
0
280
0
281
0
  0
CLASS
  1
MENTALRAYRENDERSETTINGS
  2
AcDbMentalRayRenderSettings
  3
SCENEOE
 90
1024
 91
0
280
0
281
0
  0
CLASS
  1
ACDBDETAILVIEWSTYLE
  2
AcDbDetailViewStyle
  3
ObjectDBX Classes
 90
1025
 91
0
280
0
281
0
  0
CLASS
  1
ACDBSECTIONVIEWSTYLE
  2
AcDbSectionViewStyle
  3
ObjectDBX Classes
 90
1025
 91
0
280
0
281
0
  0
CLASS
  1
RASTERVARIABLES
  2
AcDbRasterVariables
  3
ISM
 90
0
 91
0
280
0
281
0
  0
CLASS
  1
LAYOUT
  2
AcDbLayout
  3
ObjectDBX Classes
 90
0
 91
0
280
0
281
0
  0
CLASS
  1
ACDBPLACEHOLDER
  2
AcDbPlaceHolder
  3
ObjectDBX Classes
 90
0
 91
0
280
0
281
0
  0
ENDSEC
  0
SECTION
  2
TABLES
  0
TABLE
  2
VPORT
  5
8
330
0
100
AcDbSymbolTable
 70
1
  0
VPORT
  5
23
330
8
100
AcDbSymbolTableRecord
100
AcDbViewportTableRecord
  2
*Active
 70
0
 10
0.0
 20
0.0
 11
1.0
 21
1.0
 12
0.0
 22
0.0
 13
0.0
 23
0.0
 14
0.5
 24
0.5
 15
0.5
 25
0.5
 16
0.0
 26
0.0
 36
1.0
 17
0.0
 27
0.0
 37
0.0
 40
1000.0
 41
1.34
 42
50.0
 43
0.0
 44
0.0
 50
0.0
 51
0.0
 71
0
 72
1000
 73
1
 74
3
 75
0
 76
0
 77
0
 78
0
281
0
 65
0
146
0.0
  0
ENDTAB
  0
TABLE
  2
LTYPE
  5
2
330
0
100
AcDbSymbolTable
 70
3
  0
LTYPE
  5
24
330
2
100
AcDbSymbolTableRecord
100
AcDbLinetypeTableRecord
  2
ByBlock
 70
0
  3

 72
65
 73
0
 40
0.0
  0
LTYPE
  5
25
330
2
100
AcDbSymbolTableRecord
100
AcDbLinetypeTableRecord
  2
ByLayer
 70
0
  3

 72
65
 73
0
 40
0.0
  0
LTYPE
  5
26
330
2
100
AcDbSymbolTableRecord
100
AcDbLinetypeTableRecord
  2
Continuous
 70
0
  3

 72
65
 73
0
 40
0.0
  0
ENDTAB
  0
TABLE
  2
LAYER
  5
1
330
0
100
AcDbSymbolTable
 70
7
  0
LAYER
  5
27
330
1
100
AcDbSymbolTableRecord
100
AcDbLayerTableRecord
  2
0
 70
0
 62
7
  6
Continuous
370
-3
390
13
347
21
  0
LAYER
  5
28
330
1
100
AcDbSymbolTableRecord
100
AcDbLayerTableRecord
  2
Defpoints
 70
0
 62
7
  6
Continuous
290
0
370
-3
390
13
347
21
  0
LAYER
  5
31
330
1
100
AcDbSymbolTableRecord
100
AcDbLayerTableRecord
  2
G-ANNO-TTLB
 70
0
 62
7
  6
Continuous
370
-3
390
13
347
21
  0
LAYER
  5
32
330
1
100
AcDbSymbolTableRecord
100
AcDbLayerTableRecord
  2
A-ANNO-TEXT
 70
0
 62
7
  6
Continuous
370
-3
390
13
347
21
  0
LAYER
  5
33
330
1
100
AcDbSymbolTableRecord
100
AcDbLayerTableRecord
  2
C-SITE-DIAG
 70
0
 62
7
  6
Continuous
370
-3
390
13
347
21
  0
LAYER
  5
34
330
1
100
AcDbSymbolTableRecord
100
AcDbLayerTableRecord
  2
A-MASS
 70
0
 62
7
  6
Continuous
370
-3
390
13
347
21
  0
LAYER
  5
35
330
1
100
AcDbSymbolTableRecord
100
AcDbLayerTableRecord
  2
A-ANNO-VIEW
 70
0
 62
7
  6
Continuous
370
-3
390
13
347
21
  0
ENDTAB
  0
TABLE
  2
STYLE
  5
5
330
0
100
AcDbSymbolTable
 70
3
  0
STYLE
  5
29
330
5
100
AcDbSymbolTableRecord
100
AcDbTextStyleTableRecord
  2
Standard
 70
0
 40
0.0
 41
1.0
 50
0.0
 71
0
 42
2.5
  3
txt
  4

  0
STYLE
  5
2F
330
5
100
AcDbSymbolTableRecord
100
AcDbTextStyleTableRecord
  2
KS-REG
 70
0
 40
0.0
 41
1.0
 50
0.0
 71
0
 42
2.5
  3
DejaVuSans.ttf
  4

  0
STYLE
  5
30
330
5
100
AcDbSymbolTableRecord
100
AcDbTextStyleTableRecord
  2
KS-BOLD
 70
0
 40
0.0
 41
1.0
 50
0.0
 71
0
 42
2.5
  3
DejaVuSans-Bold.ttf
  4

  0
ENDTAB
  0
TABLE
  2
VIEW
  5
7
330
0
100
AcDbSymbolTable
 70
0
  0
ENDTAB
  0
TABLE
  2
UCS
  5
6
330
0
100
AcDbSymbolTable
 70
0
  0
ENDTAB
  0
TABLE
  2
APPID
  5
3
330
0
100
AcDbSymbolTable
 70
3
  0
APPID
  5
2A
330
3
100
AcDbSymbolTableRecord
100
AcDbRegAppTableRecord
  2
ACAD
 70
0
  0
APPID
  5
8A9
330
3
100
AcDbSymbolTableRecord
100
AcDbRegAppTableRecord
  2
HATCHBACKGROUNDCOLOR
 70
0
  0
APPID
  5
8AA
330
3
100
AcDbSymbolTableRecord
100
AcDbRegAppTableRecord
  2
EZDXF
 70
0
  0
ENDTAB
  0
TABLE
  2
DIMSTYLE
  5
4
330
0
100
AcDbSymbolTable
 70
1
100
AcDbDimStyleTable
  0
DIMSTYLE
105
2B
330
4
100
AcDbSymbolTableRecord
100
AcDbDimStyleTableRecord
  2
Standard
 70
0
 40
1.0
 41
2.5
 42
0.625
 43
3.75
 44
1.25
 45
0.0
 46
0.0
 47
0.0
 48
0.0
 49
2.5
140
2.5
141
2.5
142
0.0
143
0.03937007874
144
1.0
145
0.0
146
1.0
147
0.625
148
0.0
 69
0
 70
0
 71
0
 72
0
 73
0
 74
0
 75
0
 76
0
 77
1
 78
8
 79
3
170
0
171
3
172
1
173
0
174
0
175
0
176
0
177
0
178
0
179
2
271
2
272
2
273
2
274
3
275
0
276
0
277
2
278
44
279
0
280
0
281
0
282
0
283
0
284
8
285
0
286
0
288
0
289
3
290
0
371
-2
372
-2
  0
ENDTAB
  0
TABLE
  2
BLOCK_RECORD
  5
9
330
0
100
AcDbSymbolTable
 70
2
  0
BLOCK_RECORD
  5
17
330
9
100
AcDbSymbolTableRecord
100
AcDbBlockTableRecord
  2
*Model_Space
340
1A
 70
0
280
1
281
0
  0
BLOCK_RECORD
  5
1B
330
9
100
AcDbSymbolTableRecord
100
AcDbBlockTableRecord
  2
*Paper_Space
340
1E
 70
0
280
1
281
0
  0
ENDTAB
  0
ENDSEC
  0
SECTION
  2
BLOCKS
  0
BLOCK
  5
18
330
17
100
AcDbEntity
  8
0
100
AcDbBlockBegin
  2
*Model_Space
 70
0
 10
0.0
 20
0.0
 30
0.0
  3
*Model_Space
  1

  0
ENDBLK
  5
19
330
17
100
AcDbEntity
  8
0
100
AcDbBlockEnd
  0
BLOCK
  5
1C
330
1B
100
AcDbEntity
  8
0
100
AcDbBlockBegin
  2
*Paper_Space
 70
0
 10
0.0
 20
0.0
 30
0.0
  3
*Paper_Space
  1

  0
ENDBLK
  5
1D
330
1B
100
AcDbEntity
  8
0
100
AcDbBlockEnd
  0
ENDSEC
  0
SECTION
  2
ENTITIES
  0
LWPOLYLINE
  5
36
330
17
100
AcDbEntity
  8
G-ANNO-TTLB
100
AcDbPolyline
 90
4
 70
1
 10
0.5
 20
0.5
 10
16.5
 20
0.5
 10
16.5
 20
10.5
 10
0.5
 20
10.5
  0
LWPOLYLINE
  5
37
330
17
100
AcDbEntity
  8
G-ANNO-TTLB
100
AcDbPolyline
 90
4
 70
1
 10
0.5
 20
1.45
 10
16.5
 20
1.45
 10
16.5
 20
1.85
 10
0.5
 20
1.85
  0
TEXT
  5
38
330
17
100
AcDbEntity
  8
G-ANNO-TTLB
100
AcDbText
 10
8.5
 20
1.5699999999999998
 30
0.0
 40
0.16999999999999998
  1
PRELIMINARY — CONCEPTUAL DESIGN — NOT FOR CONSTRUCTION
  7
KS-BOLD
 72
1
 11
8.5
 21
1.5699999999999998
 31
0.0
100
AcDbText
  0
LINE
  5
39
330
17
100
AcDbEntity
  8
G-ANNO-TTLB
100
AcDbLine
 10
0.5
 20
1.45
 30
0.0
 11
16.5
 21
1.45
 31
0.0
  0
TEXT
  5
3A
330
17
100
AcDbEntity
  8
G-ANNO-TTLB
100
AcDbText
 10
0.58
 20
1.28
 30
0.0
 40
0.06999999999999999
  1
PROJECT
  7
KS-REG
 11
0.58
 21
1.28
 31
0.0
100
AcDbText
  0
TEXT
  5
3B
330
17
100
AcDbEntity
  8
G-ANNO-TTLB
100
AcDbText
 10
0.58
 20
0.9991666666666666
 30
0.0
 40
0.11499999999999999
  1
Hazel Green Regional Athletic Complex
  7
KS-BOLD
 11
0.58
 21
0.9991666666666666
 31
0.0
100
AcDbText
  0
TEXT
  5
3C
330
17
100
AcDbEntity
  8
G-ANNO-TTLB
100
AcDbText
 10
0.58
 20
0.7883333333333333
 30
0.0
 40
0.11499999999999999
  1
Trojan Horse Arena · Hazel Green area, Madison
  7
KS-BOLD
 11
0.58
 21
0.7883333333333333
 31
0.0
100
AcDbText
  0
TEXT
  5
3D
330
17
100
AcDbEntity
  8
G-ANNO-TTLB
100
AcDbText
 10
0.58
 20
0.5775
 30
0.0
 40
0.11499999999999999
  1
County, Alabama (site TBD, D-006)
  7
KS-BOLD
 11
0.58
 21
0.5775
 31
0.0
100
AcDbText
  0
LINE
  5
3E
330
17
100
AcDbEntity
  8
G-ANNO-TTLB
100
AcDbLine
 10
5.2
 20
0.5
 30
0.0
 11
5.2
 21
1.45
 31
0.0
  0
TEXT
  5
3F
330
17
100
AcDbEntity
  8
G-ANNO-TTLB
100
AcDbText
 10
5.28
 20
1.28
 30
0.0
 40
0.06999999999999999
  1
PHASE
  7
KS-REG
 11
5.28
 21
1.28
 31
0.0
100
AcDbText
  0
TEXT
  5
40
330
17
100
AcDbEntity
  8
G-ANNO-TTLB
100
AcDbText
 10
5.28
 20
0.9716666666666667
 30
0.0
 40
0.13
  1
PHASE 2
  7
KS-BOLD
 11
5.28
 21
0.9716666666666667
 31
0.0
100
AcDbText
  0
LINE
  5
41
330
17
100
AcDbEntity
  8
G-ANNO-TTLB
100
AcDbLine
 10
6.7
 20
0.5
 30
0.0
 11
6.7
 21
1.45
 31
0.0
  0
TEXT
  5
42
330
17
100
AcDbEntity
  8
G-ANNO-TTLB
100
AcDbText
 10
6.78
 20
1.28
 30
0.0
 40
0.06999999999999999
  1
SHEET TITLE
  7
KS-REG
 11
6.78
 21
1.28
 31
0.0
100
AcDbText
  0
TEXT
  5
43
330
17
100
AcDbEntity
  8
G-ANNO-TTLB
100
AcDbText
 10
6.78
 20
0.9991666666666666
 30
0.0
 40
0.11499999999999999
  1
3D MASSING MODEL
  7
KS-BOLD
 11
6.78
 21
0.9991666666666666
 31
0.0
100
AcDbText
  0
TEXT
  5
44
330
17
100
AcDbEntity
  8
G-ANNO-TTLB
100
AcDbText
 10
6.78
 20
0.7883333333333333
 30
0.0
 40
0.11499999999999999
  1
VIEWS
  7
KS-BOLD
 11
6.78
 21
0.7883333333333333
 31
0.0
100
AcDbText
  0
LINE
  5
45
330
17
100
AcDbEntity
  8
G-ANNO-TTLB
100
AcDbLine
 10
9.8
 20
0.5
 30
0.0
 11
9.8
 21
1.45
 31
0.0
  0
TEXT
  5
46
330
17
100
AcDbEntity
  8
G-ANNO-TTLB
100
AcDbText
 10
9.88
 20
1.28
 30
0.0
 40
0.06999999999999999
  1
SCALE
  7
KS-REG
 11
9.88
 21
1.28
 31
0.0
100
AcDbText
  0
TEXT
  5
47
330
17
100
AcDbEntity
  8
G-ANNO-TTLB
100
AcDbText
 10
9.88
 20
0.9716666666666667
 30
0.0
 40
0.13
  1
NTS
  7
KS-BOLD
 11
9.88
 21
0.9716666666666667
 31
0.0
100
AcDbText
  0
LINE
  5
48
330
17
100
AcDbEntity
  8
G-ANNO-TTLB
100
AcDbLine
 10
10.700000000000001
 20
0.5
 30
0.0
 11
10.700000000000001
 21
1.45
 31
0.0
  0
TEXT
  5
49
330
17
100
AcDbEntity
  8
G-ANNO-TTLB
100
AcDbText
 10
10.780000000000001
 20
1.28
 30
0.0
 40
0.06999999999999999
  1
DATE
  7
KS-REG
 11
10.780000000000001
 21
1.28
 31
0.0
100
AcDbText
  0
TEXT
  5
4A
330
17
100
AcDbEntity
  8
G-ANNO-TTLB
100
AcDbText
 10
10.780000000000001
 20
0.9716666666666667
 30
0.0
 40
0.13
  1
October
  7
KS-BOLD
 11
10.780000000000001
 21
0.9716666666666667
 31
0.0
100
AcDbText
  0
TEXT
  5
4B
330
17
100
AcDbEntity
  8
G-ANNO-TTLB
100
AcDbText
 10
10.780000000000001
 20
0.7333333333333334
 30
0.0
 40
0.13
  1
2026
  7
KS-BOLD
 11
10.780000000000001
 21
0.7333333333333334
 31
0.0
100
AcDbText
  0
LINE
  5
4C
330
17
100
AcDbEntity
  8
G-ANNO-TTLB
100
AcDbLine
 10
12.15
 20
0.5
 30
0.0
 11
12.15
 21
1.45
 31
0.0
  0
TEXT
  5
4D
330
17
100
AcDbEntity
  8
G-ANNO-TTLB
100
AcDbText
 10
12.23
 20
1.28
 30
0.0
 40
0.06999999999999999
  1
REV
  7
KS-REG
 11
12.23
 21
1.28
 31
0.0
100
AcDbText
  0
TEXT
  5
4E
330
17
100
AcDbEntity
  8
G-ANNO-TTLB
100
AcDbText
 10
12.23
 20
0.9716666666666667
 30
0.0
 40
0.13
  1
F
  7
KS-BOLD
 11
12.23
 21
0.9716666666666667
 31
0.0
100
AcDbText
  0
LINE
  5
4F
330
17
100
AcDbEntity
  8
G-ANNO-TTLB
100
AcDbLine
 10
12.9
 20
0.5
 30
0.0
 11
12.9
 21
1.45
 31
0.0
  0
TEXT
  5
50
330
17
100
AcDbEntity
  8
G-ANNO-TTLB
100
AcDbText
 10
12.98
 20
1.28
 30
0.0
 40
0.06999999999999999
  1
DRAWN BY
  7
KS-REG
 11
12.98
 21
1.28
 31
0.0
100
AcDbText
  0
TEXT
  5
51
330
17
100
AcDbEntity
  8
G-ANNO-TTLB
100
AcDbText
 10
12.98
 20
1.0358333333333332
 30
0.0
 40
0.095
  1
Drawn by KEYSTONE (AI) for
  7
KS-REG
 11
12.98
 21
1.0358333333333332
 31
0.0
100
AcDbText
  0
TEXT
  5
52
330
17
100
AcDbEntity
  8
G-ANNO-TTLB
100
AcDbText
 10
12.98
 20
0.8616666666666665
 30
0.0
 40
0.095
  1
Shane Brazelton
  7
KS-REG
 11
12.98
 21
0.8616666666666665
 31
0.0
100
AcDbText
  0
LINE
  5
53
330
17
100
AcDbEntity
  8
G-ANNO-TTLB
100
AcDbLine
 10
15.0
 20
0.5
 30
0.0
 11
15.0
 21
1.45
 31
0.0
  0
TEXT
  5
54
330
17
100
AcDbEntity
  8
G-ANNO-TTLB
100
AcDbText
 10
15.08
 20
1.28
 30
0.0
 40
0.06999999999999999
  1
SHEET
  7
KS-REG
 11
15.08
 21
1.28
 31
0.0
100
AcDbText
  0
TEXT
  5
55
330
17
100
AcDbEntity
  8
G-ANNO-TTLB
100
AcDbText
 10
15.75
 20
0.77
 30
0.0
 40
0.18
  1
P2-A-901
  7
KS-BOLD
 72
1
 11
15.75
 21
0.77
 31
0.0
100
AcDbText
  0
HATCH
  5
56
330
17
100
AcDbEntity
  8
C-SITE-DIAG
 62
7
420
14268314
100
AcDbHatch
 10
0.0
 20
0.0
 30
0.0
210
0.0
220
0.0
230
1.0
  2
SOLID
 70
1
 71
0
 91
1
 92
3
 72
0
 73
1
 93
10
 10
4.605886850152905
 20
6.968335933701626
 10
4.675152905198777
 20
7.002968961224562
 10
5.021483180428135
 20
6.8298038236098835
 10
4.929128440366973
 20
6.783626453579302
 10
4.998394495412844
 20
6.748993426056367
 10
5.090749235474007
 20
6.795170796086947
 10
5.160015290519878
 20
6.760537768564012
 10
4.998394495412844
 20
6.679727371010495
 10
4.79059633027523
 20
6.783626453579302
 10
4.882951070336391
 20
6.8298038236098835
 97
0
 75
0
 76
1
 98
0
  0
LWPOLYLINE
  5
57
330
17
100
AcDbEntity
  8
C-SITE-DIAG
100
AcDbPolyline
 90
10
 70
1
 10
4.605886850152905
 20
6.968335933701626
 10
4.675152905198777
 20
7.002968961224562
 10
5.021483180428135
 20
6.8298038236098835
 10
4.929128440366973
 20
6.783626453579302
 10
4.998394495412844
 20
6.748993426056367
 10
5.090749235474007
 20
6.795170796086947
 10
5.160015290519878
 20
6.760537768564012
 10
4.998394495412844
 20
6.679727371010495
 10
4.79059633027523
 20
6.783626453579302
 10
4.882951070336391
 20
6.8298038236098835
  0
HATCH
  5
58
330
17
100
AcDbEntity
  8
C-SITE-DIAG
 62
7
420
14268314
100
AcDbHatch
 10
0.0
 20
0.0
 30
0.0
210
0.0
220
0.0
230
1.0
  2
SOLID
 70
1
 71
0
 91
1
 92
3
 72
0
 73
1
 93
10
 10
5.344724770642202
 20
7.060690673762789
 10
5.437079510703365
 20
7.106868043793369
 10
5.644877675840979
 20
7.002968961224562
 10
5.483256880733945
 20
6.922158563671045
 10
5.4139908256880735
 20
6.956791591193981
 10
5.5063455657492355
 20
7.002968961224562
 10
5.437079510703365
 20
7.037601988747498
 10
5.344724770642202
 20
6.991424618716917
 10
4.998394495412844
 20
7.164589756331596
 10
5.067660550458716
 20
7.199222783854531
 97
0
 75
0
 76
1
 98
0
  0
LWPOLYLINE
  5
59
330
17
100
AcDbEntity
  8
C-SITE-DIAG
100
AcDbPolyline
 90
10
 70
1
 10
5.344724770642202
 20
7.060690673762789
 10
5.437079510703365
 20
7.106868043793369
 10
5.644877675840979
 20
7.002968961224562
 10
5.483256880733945
 20
6.922158563671045
 10
5.4139908256880735
 20
6.956791591193981
 10
5.5063455657492355
 20
7.002968961224562
 10
5.437079510703365
 20
7.037601988747498
 10
5.344724770642202
 20
6.991424618716917
 10
4.998394495412844
 20
7.164589756331596
 10
5.067660550458716
 20
7.199222783854531
  0
HATCH
  5
5A
330
17
100
AcDbEntity
  8
C-SITE-DIAG
 62
7
420
11887946
100
AcDbHatch
 10
0.0
 20
0.0
 30
0.0
210
0.0
220
0.0
230
1.0
  2
SOLID
 70
1
 71
0
 91
1
 92
3
 72
0
 73
1
 93
4
 10
5.021483180428135
 20
6.8298038236098835
 10
5.344724770642202
 20
6.991424618716917
 10
4.998394495412844
 20
7.164589756331596
 10
4.675152905198777
 20
7.002968961224562
 97
0
 75
0
 76
1
 98
0
  0
LWPOLYLINE
  5
5B
330
17
100
AcDbEntity
  8
C-SITE-DIAG
100
AcDbPolyline
 90
4
 70
1
 10
5.021483180428135
 20
6.8298038236098835
 10
5.344724770642202
 20
6.991424618716917
 10
4.998394495412844
 20
7.164589756331596
 10
4.675152905198777
 20
7.002968961224562
  0
LINE
  5
5C
330
17
100
AcDbEntity
  8
C-SITE-DIAG
100
AcDbLine
 10
4.9175840978593275
 20
5.392533181408048
 30
0.0
 11
8.150000000000002
 21
7.008741132478384
 31
0.0
  0
LINE
  5
5D
330
17
100
AcDbEntity
  8
C-SITE-DIAG
100
AcDbLine
 10
5.090749235474007
 20
6.795170796086947
 30
0.0
 11
5.126526323114004
 21
6.777282252266949
 31
0.0
  0
LINE
  5
5E
330
17
100
AcDbEntity
  8
C-SITE-DIAG
100
AcDbLine
 10
5.153359138844001
 20
6.76386584440195
 30
0.0
 11
5.189136226483998
 21
6.745977300581952
 31
0.0
  0
LINE
  5
5F
330
17
100
AcDbEntity
  8
C-SITE-DIAG
100
AcDbLine
 10
5.215969042213995
 20
6.732560892716953
 30
0.0
 11
5.251746129853992
 21
6.714672348896955
 31
0.0
  0
LINE
  5
60
330
17
100
AcDbEntity
  8
C-SITE-DIAG
100
AcDbLine
 10
5.278578945583989
 20
6.701255941031956
 30
0.0
 11
5.314356033223986
 21
6.683367397211958
 31
0.0
  0
LINE
  5
61
330
17
100
AcDbEntity
  8
C-SITE-DIAG
100
AcDbLine
 10
5.341188848953983
 20
6.669950989346959
 30
0.0
 11
5.37696593659398
 21
6.652062445526961
 31
0.0
  0
LINE
  5
62
330
17
100
AcDbEntity
  8
C-SITE-DIAG
100
AcDbLine
 10
5.403798752323977
 20
6.638646037661962
 30
0.0
 11
5.439575839963974
 21
6.620757493841964
 31
0.0
  0
LINE
  5
63
330
17
100
AcDbEntity
  8
C-SITE-DIAG
100
AcDbLine
 10
5.4664086556939715
 20
6.607341085976965
 30
0.0
 11
5.5021857433339685
 21
6.589452542156967
 31
0.0
  0
LINE
  5
64
330
17
100
AcDbEntity
  8
C-SITE-DIAG
100
AcDbLine
 10
5.5290185590639656
 20
6.576036134291968
 30
0.0
 11
5.5647956467039625
 21
6.55814759047197
 31
0.0
  0
LINE
  5
65
330
17
100
AcDbEntity
  8
C-SITE-DIAG
100
AcDbLine
 10
5.59162846243396
 20
6.544731182606971
 30
0.0
 11
5.627405550073957
 21
6.526842638786972
 31
0.0
  0
LINE
  5
66
330
17
100
AcDbEntity
  8
C-SITE-DIAG
100
AcDbLine
 10
5.654238365803954
 20
6.513426230921974
 30
0.0
 11
5.690015453443951
 21
6.495537687101975
 31
0.0
  0
LINE
  5
67
330
17
100
AcDbEntity
  8
C-SITE-DIAG
100
AcDbLine
 10
5.716848269173949
 20
6.482121279236977
 30
0.0
 11
5.752625356813945
 21
6.464232735416978
 31
0.0
  0
LINE
  5
68
330
17
100
AcDbEntity
  8
C-SITE-DIAG
100
AcDbLine
 10
5.779458172543943
 20
6.45081632755198
 30
0.0
 11
5.815235260183939
 21
6.432927783731981
 31
0.0
  0
LINE
  5
69
330
17
100
AcDbEntity
  8
C-SITE-DIAG
100
AcDbLine
 10
5.842068075913937
 20
6.419511375866983
 30
0.0
 11
5.877845163553934
 21
6.401622832046984
 31
0.0
  0
LINE
  5
6A
330
17
100
AcDbEntity
  8
C-SITE-DIAG
100
AcDbLine
 10
5.904677979283931
 20
6.388206424181986
 30
0.0
 11
5.940455066923928
 21
6.370317880361987
 31
0.0
  0
LINE
  5
6B
330
17
100
AcDbEntity
  8
C-SITE-DIAG
100
AcDbLine
 10
5.967287882653925
 20
6.356901472496988
 30
0.0
 11
6.003064970293922
 21
6.33901292867699
 31
0.0
  0
LINE
  5
6C
330
17
100
AcDbEntity
  8
C-SITE-DIAG
100
AcDbLine
 10
6.029897786023919
 20
6.325596520811991
 30
0.0
 11
6.065674873663916
 21
6.307707976991993
 31
0.0
  0
LINE
  5
6D
330
17
100
AcDbEntity
  8
C-SITE-DIAG
100
AcDbLine
 10
6.092507689393913
 20
6.294291569126994
 30
0.0
 11
6.12828477703391
 21
6.276403025306996
 31
0.0
  0
LINE
  5
6E
330
17
100
AcDbEntity
  8
C-SITE-DIAG
100
AcDbLine
 10
6.155117592763908
 20
6.262986617441997
 30
0.0
 11
6.190894680403904
 21
6.245098073621999
 31
0.0
  0
LINE
  5
6F
330
17
100
AcDbEntity
  8
C-SITE-DIAG
100
AcDbLine
 10
6.217727496133902
 20
6.231681665757
 30
0.0
 11
6.245183486238533
 21
6.217953670704684
 31
0.0
  0
LINE
  5
70
330
17
100
AcDbEntity
  8
C-SITE-DIAG
100
AcDbLine
 10
5.4139908256880735
 20
6.956791591193981
 30
0.0
 11
5.4497679133280705
 21
6.938903047373983
 31
0.0
  0
LINE
  5
71
330
17
100
AcDbEntity
  8
C-SITE-DIAG
100
AcDbLine
 10
5.476600729058068
 20
6.925486639508984
 30
0.0
 11
5.512377816698065
 21
6.907598095688986
 31
0.0
  0
LINE
  5
72
330
17
100
AcDbEntity
  8
C-SITE-DIAG
100
AcDbLine
 10
5.539210632428062
 20
6.894181687823987
 30
0.0
 11
5.574987720068059
 21
6.876293144003989
 31
0.0
  0
LINE
  5
73
330
17
100
AcDbEntity
  8
C-SITE-DIAG
100
AcDbLine
 10
5.601820535798056
 20
6.86287673613899
 30
0.0
 11
5.637597623438053
 21
6.844988192318992
 31
0.0
  0
LINE
  5
74
330
17
100
AcDbEntity
  8
C-SITE-DIAG
100
AcDbLine
 10
5.66443043916805
 20
6.831571784453993
 30
0.0
 11
5.700207526808047
 21
6.813683240633995
 31
0.0
  0
LINE
  5
75
330
17
100
AcDbEntity
  8
C-SITE-DIAG
100
AcDbLine
 10
5.727040342538044
 20
6.800266832768996
 30
0.0
 11
5.762817430178041
 21
6.782378288948998
 31
0.0
  0
LINE
  5
76
330
17
100
AcDbEntity
  8
C-SITE-DIAG
100
AcDbLine
 10
5.789650245908038
 20
6.768961881083999
 30
0.0
 11
5.825427333548035
 21
6.751073337264001
 31
0.0
  0
LINE
  5
77
330
17
100
AcDbEntity
  8
C-SITE-DIAG
100
AcDbLine
 10
5.852260149278032
 20
6.737656929399002
 30
0.0
 11
5.888037236918029
 21
6.719768385579004
 31
0.0
  0
LINE
  5
78
330
17
100
AcDbEntity
  8
C-SITE-DIAG
100
AcDbLine
 10
5.914870052648027
 20
6.706351977714005
 30
0.0
 11
5.950647140288023
 21
6.6884634338940065
 31
0.0
  0
LINE
  5
79
330
17
100
AcDbEntity
  8
C-SITE-DIAG
100
AcDbLine
 10
5.977479956018021
 20
6.675047026029008
 30
0.0
 11
6.013257043658017
 21
6.6571584822090095
 31
0.0
  0
LINE
  5
7A
330
17
100
AcDbEntity
  8
C-SITE-DIAG
100
AcDbLine
 10
6.040089859388015
 20
6.6437420743440105
 30
0.0
 11
6.075866947028011
 21
6.6258535305240125
 31
0.0
  0
LINE
  5
7B
330
17
100
AcDbEntity
  8
C-SITE-DIAG
100
AcDbLine
 10
6.102699762758009
 20
6.6124371226590135
 30
0.0
 11
6.138476850398006
 21
6.5945485788390155
 31
0.0
  0
LINE
  5
7C
330
17
100
AcDbEntity
  8
C-SITE-DIAG
100
AcDbLine
 10
6.165309666128003
 20
6.5811321709740165
 30
0.0
 11
6.201086753768
 21
6.5632436271540175
 31
0.0
  0
LINE
  5
7D
330
17
100
AcDbEntity
  8
C-SITE-DIAG
100
AcDbLine
 10
6.227919569497997
 20
6.5498272192890195
 30
0.0
 11
6.263696657137994
 21
6.5319386754690205
 31
0.0
  0
LINE
  5
7E
330
17
100
AcDbEntity
  8
C-SITE-DIAG
100
AcDbLine
 10
6.290529472867991
 20
6.518522267604022
 30
0.0
 11
6.326306560507988
 21
6.5006337237840235
 31
0.0
  0
LINE
  5
7F
330
17
100
AcDbEntity
  8
C-SITE-DIAG
100
AcDbLine
 10
6.353139376237985
 20
6.487217315919025
 30
0.0
 11
6.388916463877982
 21
6.4693287720990265
 31
0.0
  0
LINE
  5
80
330
17
100
AcDbEntity
  8
C-SITE-DIAG
100
AcDbLine
 10
6.415749279607979
 20
6.455912364234028
 30
0.0
 11
6.451526367247976
 21
6.438023820414029
 31
0.0
  0
LINE
  5
81
330
17
100
AcDbEntity
  8
C-SITE-DIAG
100
AcDbLine
 10
6.478359182977974
 20
6.424607412549031
 30
0.0
 11
6.51413627061797
 21
6.406718868729032
 31
0.0
  0
LINE
  5
82
330
17
100
AcDbEntity
  8
C-SITE-DIAG
100
AcDbLine
 10
6.540969086347968
 20
6.393302460864033
 30
0.0
 11
6.5684250764526
 21
6.379574465811718
 31
0.0
  0
LINE
  5
83
330
17
100
AcDbEntity
  8
C-SITE-DIAG
100
AcDbLine
 10
0.8770642201834855
 20
8.35942920587288
 30
0.0
 11
0.9128413078234822
 21
8.377317749692878
 31
0.0
  0
LINE
  5
84
330
17
100
AcDbEntity
  8
C-SITE-DIAG
100
AcDbLine
 10
0.9396741235534797
 20
8.390734157557876
 30
0.0
 11
0.9754512111934763
 21
8.408622701377876
 31
0.0
  0
LINE
  5
85
330
17
100
AcDbEntity
  8
C-SITE-DIAG
100
AcDbLine
 10
1.0022840269234738
 20
8.422039109242874
 30
0.0
 11
1.0380611145634706
 21
8.439927653062872
 31
0.0
  0
LINE
  5
86
330
17
100
AcDbEntity
  8
C-SITE-DIAG
100
AcDbLine
 10
1.0648939302934681
 20
8.45334406092787
 30
0.0
 11
1.1006710179334647
 21
8.471232604747868
 31
0.0
  0
LINE
  5
87
330
17
100
AcDbEntity
  8
C-SITE-DIAG
100
AcDbLine
 10
1.1275038336634622
 20
8.484649012612868
 30
0.0
 11
1.163280921303459
 21
8.502537556432866
 31
0.0
  0
LINE
  5
88
330
17
100
AcDbEntity
  8
C-SITE-DIAG
100
AcDbLine
 10
1.1901137370334562
 20
8.515953964297864
 30
0.0
 11
1.225890824673453
 21
8.533842508117862
 31
0.0
  0
LINE
  5
89
330
17
100
AcDbEntity
  8
C-SITE-DIAG
100
AcDbLine
 10
1.2527236404034505
 20
8.547258915982862
 30
0.0
 11
1.2580275229357794
 21
8.549910857249026
 31
0.0
  0
LINE
  5
8A
330
17
100
AcDbEntity
  8
C-SITE-DIAG
100
AcDbLine
 10
1.2580275229357794
 20
8.549910857249026
 30
0.0
 11
1.2222504352957828
 21
8.567799401069024
 31
0.0
  0
LINE
  5
8B
330
17
100
AcDbEntity
  8
C-SITE-DIAG
100
AcDbLine
 10
1.1954176195657853
 20
8.581215808934024
 30
0.0
 11
1.1596405319257885
 21
8.599104352754022
 31
0.0
  0
LINE
  5
8C
330
17
100
AcDbEntity
  8
C-SITE-DIAG
100
AcDbLine
 10
1.1328077161957912
 20
8.61252076061902
 30
0.0
 11
1.0970306285557945
 21
8.630409304439018
 31
0.0
  0
LINE
  5
8D
330
17
100
AcDbEntity
  8
C-SITE-DIAG
100
AcDbLine
 10
1.0701978128257972
 20
8.643825712304018
 30
0.0
 11
1.0344207251858004
 21
8.661714256124016
 31
0.0
  0
LINE
  5
8E
330
17
100
AcDbEntity
  8
C-SITE-DIAG
100
AcDbLine
 10
1.007587909455803
 20
8.675130663989014
 30
0.0
 11
0.980963302752293
 21
8.68844296734077
 31
0.0
  0
LINE
  5
8F
330
17
100
AcDbEntity
  8
C-SITE-DIAG
100
AcDbLine
 10
0.980963302752293
 20
8.68844296734077
 30
0.0
 11
0.9451862151122964
 21
8.670554423520771
 31
0.0
  0
LINE
  5
90
330
17
100
AcDbEntity
  8
C-SITE-DIAG
100
AcDbLine
 10
0.9183533993822989
 20
8.657138015655773
 30
0.0
 11
0.8825763117423022
 21
8.639249471835774
 31
0.0
  0
LINE
  5
91
330
17
100
AcDbEntity
  8
C-SITE-DIAG
100
AcDbLine
 10
0.8557434960123047
 20
8.625833063970775
 30
0.0
 11
0.819966408372308
 21
8.607944520150777
 31
0.0
  0
LINE
  5
92
330
17
100
AcDbEntity
  8
C-SITE-DIAG
100
AcDbLine
 10
0.7931335926423105
 20
8.59452811228578
 30
0.0
 11
0.7573565050023139
 21
8.57663956846578
 31
0.0
  0
LINE
  5
93
330
17
100
AcDbEntity
  8
C-SITE-DIAG
100
AcDbLine
 10
0.7305236892723164
 20
8.563223160600781
 30
0.0
 11
0.6947466016323198
 21
8.545334616780783
 31
0.0
  0
LINE
  5
94
330
17
100
AcDbEntity
  8
C-SITE-DIAG
100
AcDbLine
 10
0.6679137859023223
 20
8.531918208915785
 30
0.0
 11
0.6321366982623257
 21
8.514029665095787
 31
0.0
  0
LINE
  5
95
330
17
100
AcDbEntity
  8
C-SITE-DIAG
100
AcDbLine
 10
0.6053038825323281
 20
8.500613257230787
 30
0.0
 11
0.5999999999999996
 21
8.497961315964623
 31
0.0
  0
LINE
  5
96
330
17
100
AcDbEntity
  8
C-SITE-DIAG
100
AcDbLine
 10
0.5999999999999996
 20
8.497961315964623
 30
0.0
 11
0.6357770876399963
 21
8.480072772144625
 31
0.0
  0
LINE
  5
97
330
17
100
AcDbEntity
  8
C-SITE-DIAG
100
AcDbLine
 10
0.6626099033699937
 20
8.466656364279626
 30
0.0
 11
0.6983869910099904
 21
8.448767820459627
 31
0.0
  0
LINE
  5
98
330
17
100
AcDbEntity
  8
C-SITE-DIAG
100
AcDbLine
 10
0.7252198067399878
 20
8.43535141259463
 30
0.0
 11
0.7609968943799844
 21
8.417462868774631
 31
0.0
  0
LINE
  5
99
330
17
100
AcDbEntity
  8
C-SITE-DIAG
100
AcDbLine
 10
0.7878297101099818
 20
8.404046460909631
 30
0.0
 11
0.8236067977499785
 21
8.386157917089633
 31
0.0
  0
LINE
  5
9A
330
17
100
AcDbEntity
  8
C-SITE-DIAG
100
AcDbLine
 10
0.8504396134799759
 20
8.372741509224635
 30
0.0
 11
0.8770642201834855
 21
8.35942920587288
 31
0.0
  0
HATCH
  5
9B
330
17
100
AcDbEntity
  8
A-MASS
 62
7
420
13487565
100
AcDbHatch
 10
0.0
 20
0.0
 30
0.0
210
0.0
220
0.0
230
1.0
  2
SOLID
 70
1
 71
0
 91
1
 92
3
 72
0
 73
1
 93
4
 10
2.847819204603369
 20
8.996573474737918
 10
2.8478359112213343
 20
8.99725412942028
 10
2.8478359112213343
 20
9.460302262084596
 10
2.847819204603369
 20
9.459621607402234
 97
0
 75
0
 76
1
 98
0
  0
LWPOLYLINE
  5
9C
330
17
100
AcDbEntity
  8
A-MASS
100
AcDbPolyline
 90
4
 70
1
 10
2.847819204603369
 20
8.996573474737918
 10
2.8478359112213343
 20
8.99725412942028
 10
2.8478359112213343
 20
9.460302262084596
 10
2.847819204603369
 20
9.459621607402234
  0
HATCH
  5
9D
330
17
100
AcDbEntity
  8
A-MASS
 62
7
420
11974326
100
AcDbHatch
 10
0.0
 20
0.0
 30
0.0
210
0.0
220
0.0
230
1.0
  2
SOLID
 70
1
 71
0
 91
1
 92
3
 72
0
 73
1
 93
4
 10
2.3580509389315703
 20
8.99725412942028
 10
2.3581246959698365
 20
8.994249148187267
 10
2.3581246959698365
 20
9.457297280851584
 10
2.3580509389315703
 20
9.460302262084596
 97
0
 75
0
 76
1
 98
0
  0
LWPOLYLINE
  5
9E
330
17
100
AcDbEntity
  8
A-MASS
100
AcDbPolyline
 90
4
 70
1
 10
2.3580509389315703
 20
8.99725412942028
 10
2.3581246959698365
 20
8.994249148187267
 10
2.3581246959698365
 20
9.457297280851584
 10
2.3580509389315703
 20
9.460302262084596
  0
HATCH
  5
9F
330
17
100
AcDbEntity
  8
A-MASS
 62
7
420
13487565
100
AcDbHatch
 10
0.0
 20
0.0
 30
0.0
210
0.0
220
0.0
230
1.0
  2
SOLID
 70
1
 71
0
 91
1
 92
3
 72
0
 73
1
 93
4
 10
2.8321088304353546
 20
8.990126889300083
 10
2.847819204603369
 20
8.996573474737918
 10
2.847819204603369
 20
9.459621607402234
 10
2.8321088304353546
 20
9.453175021964398
 97
0
 75
0
 76
1
 98
0
  0
LWPOLYLINE
  5
A0
330
17
100
AcDbEntity
  8
A-MASS
100
AcDbPolyline
 90
4
 70
1
 10
2.8321088304353546
 20
8.990126889300083
 10
2.847819204603369
 20
8.996573474737918
 10
2.847819204603369
 20
9.459621607402234
 10
2.8321088304353546
 20
9.453175021964398
  0
HATCH
  5
A1
330
17
100
AcDbEntity
  8
A-MASS
 62
7
420
11974326
100
AcDbHatch
 10
0.0
 20
0.0
 30
0.0
210
0.0
220
0.0
230
1.0
  2
SOLID
 70
1
 71
0
 91
1
 92
3
 72
0
 73
1
 93
4
 10
2.3581246959698365
 20
8.994249148187267
 10
2.3583459226561554
 20
8.991245977042587
 10
2.3583459226561554
 20
9.454294109706902
 10
2.3581246959698365
 20
9.457297280851584
 97
0
 75
0
 76
1
 98
0
  0
LWPOLYLINE
  5
A2
330
17
100
AcDbEntity
  8
A-MASS
100
AcDbPolyline
 90
4
 70
1
 10
2.3581246959698365
 20
8.994249148187267
 10
2.3583459226561554
 20
8.991245977042587
 10
2.3583459226561554
 20
9.454294109706902
 10
2.3581246959698365
 20
9.457297280851584
  0
HATCH
  5
A3
330
17
100
AcDbEntity
  8
A-MASS
 62
7
420
11974326
100
AcDbHatch
 10
0.0
 20
0.0
 30
0.0
210
0.0
220
0.0
230
1.0
  2
SOLID
 70
1
 71
0
 91
1
 92
3
 72
0
 73
1
 93
4
 10
2.3583459226561554
 20
8.991245977042587
 10
2.3587144857318423
 20
8.988246424984236
 10
2.3587144857318423
 20
9.451294557648554
 10
2.3583459226561554
 20
9.454294109706902
 97
0
 75
0
 76
1
 98
0
  0
LWPOLYLINE
  5
A4
330
17
100
AcDbEntity
  8
A-MASS
100
AcDbPolyline
 90
4
 70
1
 10
2.3583459226561554
 20
8.991245977042587
 10
2.3587144857318423
 20
8.988246424984236
 10
2.3587144857318423
 20
9.451294557648554
 10
2.3583459226561554
 20
9.454294109706902
  0
HATCH
  5
A5
330
17
100
AcDbEntity
  8
A-MASS
 62
7
420
11974326
100
AcDbHatch
 10
0.0
 20
0.0
 30
0.0
210
0.0
220
0.0
230
1.0
  2
SOLID
 70
1
 71
0
 91
1
 92
3
 72
0
 73
1
 93
4
 10
2.3587144857318423
 20
8.988246424984236
 10
2.359230163188282
 20
8.985252298830222
 10
2.359230163188282
 20
9.448300431494538
 10
2.3587144857318423
 20
9.451294557648554
 97
0
 75
0
 76
1
 98
0
  0
LWPOLYLINE
  5
A6
330
17
100
AcDbEntity
  8
A-MASS
100
AcDbPolyline
 90
4
 70
1
 10
2.3587144857318423
 20
8.988246424984236
 10
2.359230163188282
 20
8.985252298830222
 10
2.359230163188282
 20
9.448300431494538
 10
2.3587144857318423
 20
9.451294557648554
  0
HATCH
  5
A7
330
17
100
AcDbEntity
  8
A-MASS
 62
7
420
13487565
100
AcDbHatch
 10
0.0
 20
0.0
 30
0.0
210
0.0
220
0.0
230
1.0
  2
SOLID
 70
1
 71
0
 91
1
 92
3
 72
0
 73
1
 93
4
 10
2.8165137614678892
 20
8.982823701285724
 10
2.8321088304353546
 20
8.990126889300083
 10
2.8321088304353546
 20
9.453175021964398
 10
2.8165137614678892
 20
9.44587183395004
 97
0
 75
0
 76
1
 98
0
  0
LWPOLYLINE
  5
A8
330
17
100
AcDbEntity
  8
A-MASS
100
AcDbPolyline
 90
4
 70
1
 10
2.8165137614678892
 20
8.982823701285724
 10
2.8321088304353546
 20
8.990126889300083
 10
2.8321088304353546
 20
9.453175021964398
 10
2.8165137614678892
 20
9.44587183395004
  0
HATCH
  5
A9
330
17
100
AcDbEntity
  8
A-MASS
 62
7
420
11974326
100
AcDbHatch
 10
0.0
 20
0.0
 30
0.0
210
0.0
220
0.0
230
1.0
  2
SOLID
 70
1
 71
0
 91
1
 92
3
 72
0
 73
1
 93
4
 10
2.359230163188282
 20
8.985252298830222
 10
2.3598926444006585
 20
8.982265402130176
 10
2.3598926444006585
 20
9.445313534794492
 10
2.359230163188282
 20
9.448300431494538
 97
0
 75
0
 76
1
 98
0
  0
LWPOLYLINE
  5
AA
330
17
100
AcDbEntity
  8
A-MASS
100
AcDbPolyline
 90
4
 70
1
 10
2.359230163188282
 20
8.985252298830222
 10
2.3598926444006585
 20
8.982265402130176
 10
2.3598926444006585
 20
9.445313534794492
 10
2.359230163188282
 20
9.448300431494538
  0
HATCH
  5
AB
330
17
100
AcDbEntity
  8
A-MASS
 62
7
420
11974326
100
AcDbHatch
 10
0.0
 20
0.0
 30
0.0
210
0.0
220
0.0
230
1.0
  2
SOLID
 70
1
 71
0
 91
1
 92
3
 72
0
 73
1
 93
4
 10
2.3598926444006585
 20
8.982265402130176
 10
2.3607015303150587
 20
8.979287534078985
 10
2.3607015303150587
 20
9.4423356667433
 10
2.3598926444006585
 20
9.445313534794492
 97
0
 75
0
 76
1
 98
0
  0
LWPOLYLINE
  5
AC
330
17
100
AcDbEntity
  8
A-MASS
100
AcDbPolyline
 90
4
 70
1
 10
2.3598926444006585
 20
8.982265402130176
 10
2.3607015303150587
 20
8.979287534078985
 10
2.3607015303150587
 20
9.4423356667433
 10
2.3598926444006585
 20
9.445313534794492
  0
HATCH
  5
AD
330
17
100
AcDbEntity
  8
A-MASS
 62
7
420
11974326
100
AcDbHatch
 10
0.0
 20
0.0
 30
0.0
210
0.0
220
0.0
230
1.0
  2
SOLID
 70
1
 71
0
 91
1
 92
3
 72
0
 73
1
 93
4
 10
2.3607015303150587
 20
8.979287534078985
 10
2.361656333688855
 20
8.976320488433013
 10
2.361656333688855
 20
9.43936862109733
 10
2.3607015303150587
 20
9.4423356667433
 97
0
 75
0
 76
1
 98
0
  0
LWPOLYLINE
  5
AE
330
17
100
AcDbEntity
  8
A-MASS
100
AcDbPolyline
 90
4
 70
1
 10
2.3607015303150587
 20
8.979287534078985
 10
2.361656333688855
 20
8.976320488433013
 10
2.361656333688855
 20
9.43936862109733
 10
2.3607015303150587
 20
9.4423356667433
  0
HATCH
  5
AF
330
17
100
AcDbEntity
  8
A-MASS
 62
7
420
11974326
100
AcDbHatch
 10
0.0
 20
0.0
 30
0.0
210
0.0
220
0.0
230
1.0
  2
SOLID
 70
1
 71
0
 91
1
 92
3
 72
0
 73
1
 93
4
 10
2.361656333688855
 20
8.976320488433013
 10
2.362756479384199
 20
8.973366052429613
 10
2.362756479384199
 20
9.436414185093929
 10
2.361656333688855
 20
9.43936862109733
 97
0
 75
0
 76
1
 98
0
  0
LWPOLYLINE
  5
B0
330
17
100
AcDbEntity
  8
A-MASS
100
AcDbPolyline
 90
4
 70
1
 10
2.361656333688855
 20
8.976320488433013
 10
2.362756479384199
 20
8.973366052429613
 10
2.362756479384199
 20
9.436414185093929
 10
2.361656333688855
 20
9.43936862109733
  0
HATCH
  5
B1
330
17
100
AcDbEntity
  8
A-MASS
 62
7
420
11974326
100
AcDbHatch
 10
0.0
 20
0.0
 30
0.0
210
0.0
220
0.0
230
1.0
  2
SOLID
 70
1
 71
0
 91
1
 92
3
 72
0
 73
1
 93
4
 10
2.362756479384199
 20
8.973366052429613
 10
2.36400130471446
 20
8.970426005710559
 10
2.36400130471446
 20
9.433474138374876
 10
2.362756479384199
 20
9.436414185093929
 97
0
 75
0
 76
1
 98
0
  0
LWPOLYLINE
  5
B2
330
17
100
AcDbEntity
  8
A-MASS
100
AcDbPolyline
 90
4
 70
1
 10
2.362756479384199
 20
8.973366052429613
 10
2.36400130471446
 20
8.970426005710559
 10
2.36400130471446
 20
9.433474138374876
 10
2.362756479384199
 20
9.436414185093929
  0
HATCH
  5
B3
330
17
100
AcDbEntity
  8
A-MASS
 62
7
420
11974326
100
AcDbHatch
 10
0.0
 20
0.0
 30
0.0
210
0.0
220
0.0
230
1.0
  2
SOLID
 70
1
 71
0
 91
1
 92
3
 72
0
 73
1
 93
4
 10
2.36400130471446
 20
8.970426005710559
 10
2.3653900598434046
 20
8.96750211925006
 10
2.3653900598434046
 20
9.430550251914376
 10
2.36400130471446
 20
9.433474138374876
 97
0
 75
0
 76
1
 98
0
  0
LWPOLYLINE
  5
B4
330
17
100
AcDbEntity
  8
A-MASS
100
AcDbPolyline
 90
4
 70
1
 10
2.36400130471446
 20
8.970426005710559
 10
2.3653900598434046
 20
8.96750211925006
 10
2.3653900598434046
 20
9.430550251914376
 10
2.36400130471446
 20
9.433474138374876
  0
HATCH
  5
B5
330
17
100
AcDbEntity
  8
A-MASS
 62
7
420
11974326
100
AcDbHatch
 10
0.0
 20
0.0
 30
0.0
210
0.0
220
0.0
230
1.0
  2
SOLID
 70
1
 71
0
 91
1
 92
3
 72
0
 73
1
 93
4
 10
2.3653900598434046
 20
8.96750211925006
 10
2.366921908236873
 20
8.964596154287989
 10
2.366921908236873
 20
9.427644286952304
 10
2.3653900598434046
 20
9.430550251914376
 97
0
 75
0
 76
1
 98
0
  0
LWPOLYLINE
  5
B6
330
17
100
AcDbEntity
  8
A-MASS
100
AcDbPolyline
 90
4
 70
1
 10
2.3653900598434046
 20
8.96750211925006
 10
2.366921908236873
 20
8.964596154287989
 10
2.366921908236873
 20
9.427644286952304
 10
2.3653900598434046
 20
9.430550251914376
  0
HATCH
  5
B7
330
17
100
AcDbEntity
  8
A-MASS
 62
7
420
11974326
100
AcDbHatch
 10
0.0
 20
0.0
 30
0.0
210
0.0
220
0.0
230
1.0
  2
SOLID
 70
1
 71
0
 91
1
 92
3
 72
0
 73
1
 93
4
 10
2.366921908236873
 20
8.964596154287989
 10
2.368595927166673
 20
8.961709861268975
 10
2.368595927166673
 20
9.42475799393329
 10
2.366921908236873
 20
9.427644286952304
 97
0
 75
0
 76
1
 98
0
  0
LWPOLYLINE
  5
B8
330
17
100
AcDbEntity
  8
A-MASS
100
AcDbPolyline
 90
4
 70
1
 10
2.366921908236873
 20
8.964596154287989
 10
2.368595927166673
 20
8.961709861268975
 10
2.368595927166673
 20
9.42475799393329
 10
2.366921908236873
 20
9.427644286952304
  0
HATCH
  5
B9
330
17
100
AcDbEntity
  8
A-MASS
 62
7
420
11974326
100
AcDbHatch
 10
0.0
 20
0.0
 30
0.0
210
0.0
220
0.0
230
1.0
  2
SOLID
 70
1
 71
0
 91
1
 92
3
 72
0
 73
1
 93
4
 10
2.368595927166673
 20
8.961709861268975
 10
2.3704111082663966
 20
8.958844978788012
 10
2.3704111082663966
 20
9.421893111452327
 10
2.368595927166673
 20
9.42475799393329
 97
0
 75
0
 76
1
 98
0
  0
LWPOLYLINE
  5
BA
330
17
100
AcDbEntity
  8
A-MASS
100
AcDbPolyline
 90
4
 70
1
 10
2.368595927166673
 20
8.961709861268975
 10
2.3704111082663966
 20
8.958844978788012
 10
2.3704111082663966
 20
9.421893111452327
 10
2.368595927166673
 20
9.42475799393329
  0
HATCH
  5
BB
330
17
100
AcDbEntity
  8
A-MASS
 62
7
420
11974326
100
AcDbHatch
 10
0.0
 20
0.0
 30
0.0
210
0.0
220
0.0
230
1.0
  2
SOLID
 70
1
 71
0
 91
1
 92
3
 72
0
 73
1
 93
4
 10
2.3704111082663966
 20
8.958844978788012
 10
2.372366358138823
 20
8.956003232543178
 10
2.372366358138823
 20
9.419051365207494
 10
2.3704111082663966
 20
9.421893111452327
 97
0
 75
0
 76
1
 98
0
  0
LWPOLYLINE
  5
BC
330
17
100
AcDbEntity
  8
A-MASS
100
AcDbPolyline
 90
4
 70
1
 10
2.3704111082663966
 20
8.958844978788012
 10
2.372366358138823
 20
8.956003232543178
 10
2.372366358138823
 20
9.419051365207494
 10
2.3704111082663966
 20
9.421893111452327
  0
HATCH
  5
BD
330
17
100
AcDbEntity
  8
A-MASS
 62
7
420
11974326
100
AcDbHatch
 10
0.0
 20
0.0
 30
0.0
210
0.0
220
0.0
230
1.0
  2
SOLID
 70
1
 71
0
 91
1
 92
3
 72
0
 73
1
 93
4
 10
2.372366358138823
 20
8.956003232543178
 10
2.374460499014541
 20
8.953186334296152
 10
2.374460499014541
 20
9.416234466960468
 10
2.372366358138823
 20
9.419051365207494
 97
0
 75
0
 76
1
 98
0
  0
LWPOLYLINE
  5
BE
330
17
100
AcDbEntity
  8
A-MASS
100
AcDbPolyline
 90
4
 70
1
 10
2.372366358138823
 20
8.956003232543178
 10
2.374460499014541
 20
8.953186334296152
 10
2.374460499014541
 20
9.416234466960468
 10
2.372366358138823
 20
9.419051365207494
  0
HATCH
  5
BF
330
17
100
AcDbEntity
  8
A-MASS
 62
7
420
11974326
100
AcDbHatch
 10
0.0
 20
0.0
 30
0.0
210
0.0
220
0.0
230
1.0
  2
SOLID
 70
1
 71
0
 91
1
 92
3
 72
0
 73
1
 93
4
 10
2.374460499014541
 20
8.953186334296152
 10
2.3766922694613912
 20
8.950395980841108
 10
2.3766922694613912
 20
9.413444113505424
 10
2.374460499014541
 20
9.416234466960468
 97
0
 75
0
 76
1
 98
0
  0
LWPOLYLINE
  5
C0
330
17
100
AcDbEntity
  8
A-MASS
100
AcDbPolyline
 90
4
 70
1
 10
2.374460499014541
 20
8.953186334296152
 10
2.3766922694613912
 20
8.950395980841108
 10
2.3766922694613912
 20
9.413444113505424
 10
2.374460499014541
 20
9.416234466960468
  0
HATCH
  5
C1
330
17
100
AcDbEntity
  8
A-MASS
 62
7
420
11974326
100
AcDbHatch
 10
0.0
 20
0.0
 30
0.0
210
0.0
220
0.0
230
1.0
  2
SOLID
 70
1
 71
0
 91
1
 92
3
 72
0
 73
1
 93
4
 10
2.3766922694613912
 20
8.950395980841108
 10
2.3790603251443088
 20
8.94763385298263
 10
2.3790603251443088
 20
9.410681985646946
 10
2.3766922694613912
 20
9.413444113505424
 97
0
 75
0
 76
1
 98
0
  0
LWPOLYLINE
  5
C2
330
17
100
AcDbEntity
  8
A-MASS
100
AcDbPolyline
 90
4
 70
1
 10
2.3766922694613912
 20
8.950395980841108
 10
2.3790603251443088
 20
8.94763385298263
 10
2.3790603251443088
 20
9.410681985646946
 10
2.3766922694613912
 20
9.413444113505424
  0
HATCH
  5
C3
330
17
100
AcDbEntity
  8
A-MASS
 62
7
420
11974326
100
AcDbHatch
 10
0.0
 20
0.0
 30
0.0
210
0.0
220
0.0
230
1.0
  2
SOLID
 70
1
 71
0
 91
1
 92
3
 72
0
 73
1
 93
4
 10
2.3790603251443088
 20
8.94763385298263
 10
2.3815632396350965
 20
8.944901614523257
 10
2.3815632396350965
 20
9.407949747187573
 10
2.3790603251443088
 20
9.410681985646946
 97
0
 75
0
 76
1
 98
0
  0
LWPOLYLINE
  5
C4
330
17
100
AcDbEntity
  8
A-MASS
100
AcDbPolyline
 90
4
 70
1
 10
2.3790603251443088
 20
8.94763385298263
 10
2.3815632396350965
 20
8.944901614523257
 10
2.3815632396350965
 20
9.407949747187573
 10
2.3790603251443088
 20
9.410681985646946
  0
HATCH
  5
C5
330
17
100
AcDbEntity
  8
A-MASS
 62
7
420
11974326
100
AcDbHatch
 10
0.0
 20
0.0
 30
0.0
210
0.0
220
0.0
230
1.0
  2
SOLID
 70
1
 71
0
 91
1
 92
3
 72
0
 73
1
 93
4
 10
2.3815632396350965
 20
8.944901614523257
 10
2.3841995052716576
 20
8.942200911261269
 10
2.3841995052716576
 20
9.405249043925586
 10
2.3815632396350965
 20
9.407949747187573
 97
0
 75
0
 76
1
 98
0
  0
LWPOLYLINE
  5
C6
330
17
100
AcDbEntity
  8
A-MASS
100
AcDbPolyline
 90
4
 70
1
 10
2.3815632396350965
 20
8.944901614523257
 10
2.3841995052716576
 20
8.942200911261269
 10
2.3841995052716576
 20
9.405249043925586
 10
2.3815632396350965
 20
9.407949747187573
  0
HATCH
  5
C7
330
17
100
AcDbEntity
  8
A-MASS
 62
7
420
11974326
100
AcDbHatch
 10
0.0
 20
0.0
 30
0.0
210
0.0
220
0.0
230
1.0
  2
SOLID
 70
1
 71
0
 91
1
 92
3
 72
0
 73
1
 93
4
 10
2.3841995052716576
 20
8.942200911261269
 10
2.3869675340661454
 20
8.939533369999328
 10
2.3869675340661454
 20
9.402581502663645
 10
2.3841995052716576
 20
9.405249043925586
 97
0
 75
0
 76
1
 98
0
  0
LWPOLYLINE
  5
C8
330
17
100
AcDbEntity
  8
A-MASS
100
AcDbPolyline
 90
4
 70
1
 10
2.3841995052716576
 20
8.942200911261269
 10
2.3869675340661454
 20
8.939533369999328
 10
2.3869675340661454
 20
9.402581502663645
 10
2.3841995052716576
 20
9.405249043925586
  0
HATCH
  5
C9
330
17
100
AcDbEntity
  8
A-MASS
 62
7
420
11974326
100
AcDbHatch
 10
0.0
 20
0.0
 30
0.0
210
0.0
220
0.0
230
1.0
  2
SOLID
 70
1
 71
0
 91
1
 92
3
 72
0
 73
1
 93
4
 10
2.3869675340661454
 20
8.939533369999328
 10
2.3898656586615195
 20
8.936900597564545
 10
2.3898656586615195
 20
9.39994873022886
 10
2.3869675340661454
 20
9.402581502663645
 97
0
 75
0
 76
1
 98
0
  0
LWPOLYLINE
  5
CA
330
17
100
AcDbEntity
  8
A-MASS
100
AcDbPolyline
 90
4
 70
1
 10
2.3869675340661454
 20
8.939533369999328
 10
2.3898656586615195
 20
8.936900597564545
 10
2.3898656586615195
 20
9.39994873022886
 10
2.3869675340661454
 20
9.402581502663645
  0
HATCH
  5
CB
330
17
100
AcDbEntity
  8
A-MASS
 62
7
420
11974326
100
AcDbHatch
 10
0.0
 20
0.0
 30
0.0
210
0.0
220
0.0
230
1.0
  2
SOLID
 70
1
 71
0
 91
1
 92
3
 72
0
 73
1
 93
4
 10
2.3898656586615195
 20
8.936900597564545
 10
2.392892133335891
 20
8.934304179840588
 10
2.392892133335891
 20
9.397352312504903
 10
2.3898656586615195
 20
9.39994873022886
 97
0
 75
0
 76
1
 98
0
  0
LWPOLYLINE
  5
CC
330
17
100
AcDbEntity
  8
A-MASS
100
AcDbPolyline
 90
4
 70
1
 10
2.3898656586615195
 20
8.936900597564545
 10
2.392892133335891
 20
8.934304179840588
 10
2.392892133335891
 20
9.397352312504903
 10
2.3898656586615195
 20
9.39994873022886
  0
HATCH
  5
CD
330
17
100
AcDbEntity
  8
A-MASS
 62
7
420
11974326
100
AcDbHatch
 10
0.0
 20
0.0
 30
0.0
210
0.0
220
0.0
230
1.0
  2
SOLID
 70
1
 71
0
 91
1
 92
3
 72
0
 73
1
 93
4
 10
2.392892133335891
 20
8.934304179840588
 10
2.3960451350540835
 20
8.931745680812408
 10
2.3960451350540835
 20
9.394793813476724
 10
2.392892133335891
 20
9.397352312504903
 97
0
 75
0
 76
1
 98
0
  0
LWPOLYLINE
  5
CE
330
17
100
AcDbEntity
  8
A-MASS
100
AcDbPolyline
 90
4
 70
1
 10
2.392892133335891
 20
8.934304179840588
 10
2.3960451350540835
 20
8.931745680812408
 10
2.3960451350540835
 20
9.394793813476724
 10
2.392892133335891
 20
9.397352312504903
  0
HATCH
  5
CF
330
17
100
AcDbEntity
  8
A-MASS
 62
7
420
11974326
100
AcDbHatch
 10
0.0
 20
0.0
 30
0.0
210
0.0
220
0.0
230
1.0
  2
SOLID
 70
1
 71
0
 91
1
 92
3
 72
0
 73
1
 93
4
 10
2.3960451350540835
 20
8.931745680812408
 10
2.3993227645657607
 20
8.92922664162415
 10
2.3993227645657607
 20
9.392274774288467
 10
2.3960451350540835
 20
9.394793813476724
 97
0
 75
0
 76
1
 98
0
  0
LWPOLYLINE
  5
D0
330
17
100
AcDbEntity
  8
A-MASS
100
AcDbPolyline
 90
4
 70
1
 10
2.3960451350540835
 20
8.931745680812408
 10
2.3993227645657607
 20
8.92922664162415
 10
2.3993227645657607
 20
9.392274774288467
 10
2.3960451350540835
 20
9.394793813476724
  0
HATCH
  5
D1
330
17
100
AcDbEntity
  8
A-MASS
 62
7
420
13487565
100
AcDbHatch
 10
0.0
 20
0.0
 30
0.0
210
0.0
220
0.0
230
1.0
  2
SOLID
 70
1
 71
0
 91
1
 92
3
 72
0
 73
1
 93
4
 10
2.600511971514487
 20
8.874822806309023
 10
2.8165137614678892
 20
8.982823701285724
 10
2.8165137614678892
 20
9.44587183395004
 10
2.600511971514487
 20
9.337870938973339
 97
0
 75
0
 76
1
 98
0
  0
LWPOLYLINE
  5
D2
330
17
100
AcDbEntity
  8
A-MASS
100
AcDbPolyline
 90
4
 70
1
 10
2.600511971514487
 20
8.874822806309023
 10
2.8165137614678892
 20
8.982823701285724
 10
2.8165137614678892
 20
9.44587183395004
 10
2.600511971514487
 20
9.337870938973339
  0
HATCH
  5
D3
330
17
100
AcDbEntity
  8
A-MASS
 62
7
420
11974326
100
AcDbHatch
 10
0.0
 20
0.0
 30
0.0
210
0.0
220
0.0
230
1.0
  2
SOLID
 70
1
 71
0
 91
1
 92
3
 72
0
 73
1
 93
4
 10
2.3993227645657607
 20
8.92922664162415
 10
2.402723047549461
 20
8.926748579650829
 10
2.402723047549461
 20
9.389796712315144
 10
2.3993227645657607
 20
9.392274774288467
 97
0
 75
0
 76
1
 98
0
  0
LWPOLYLINE
  5
D4
330
17
100
AcDbEntity
  8
A-MASS
100
AcDbPolyline
 90
4
 70
1
 10
2.3993227645657607
 20
8.92922664162415
 10
2.402723047549461
 20
8.926748579650829
 10
2.402723047549461
 20
9.389796712315144
 10
2.3993227645657607
 20
9.392274774288467
  0
HATCH
  5
D5
330
17
100
AcDbEntity
  8
A-MASS
 62
7
420
11974326
100
AcDbHatch
 10
0.0
 20
0.0
 30
0.0
210
0.0
220
0.0
230
1.0
  2
SOLID
 70
1
 71
0
 91
1
 92
3
 72
0
 73
1
 93
4
 10
2.402723047549461
 20
8.926748579650829
 10
2.4062439358018635
 20
8.924312987584315
 10
2.4062439358018635
 20
9.387361120248633
 10
2.402723047549461
 20
9.389796712315144
 97
0
 75
0
 76
1
 98
0
  0
LWPOLYLINE
  5
D6
330
17
100
AcDbEntity
  8
A-MASS
100
AcDbPolyline
 90
4
 70
1
 10
2.402723047549461
 20
8.926748579650829
 10
2.4062439358018635
 20
8.924312987584315
 10
2.4062439358018635
 20
9.387361120248633
 10
2.402723047549461
 20
9.389796712315144
  0
HATCH
  5
D7
330
17
100
AcDbEntity
  8
A-MASS
 62
7
420
11974326
100
AcDbHatch
 10
0.0
 20
0.0
 30
0.0
210
0.0
220
0.0
230
1.0
  2
SOLID
 70
1
 71
0
 91
1
 92
3
 72
0
 73
1
 93
4
 10
2.4062439358018635
 20
8.924312987584315
 10
2.409883308471536
 20
8.9219213325342
 10
2.409883308471536
 20
9.384969465198516
 10
2.4062439358018635
 20
9.387361120248633
 97
0
 75
0
 76
1
 98
0
  0
LWPOLYLINE
  5
D8
330
17
100
AcDbEntity
  8
A-MASS
100
AcDbPolyline
 90
4
 70
1
 10
2.4062439358018635
 20
8.924312987584315
 10
2.409883308471536
 20
8.9219213325342
 10
2.409883308471536
 20
9.384969465198516
 10
2.4062439358018635
 20
9.387361120248633
  0
HATCH
  5
D9
330
17
100
AcDbEntity
  8
A-MASS
 62
7
420
11974326
100
AcDbHatch
 10
0.0
 20
0.0
 30
0.0
210
0.0
220
0.0
230
1.0
  2
SOLID
 70
1
 71
0
 91
1
 92
3
 72
0
 73
1
 93
4
 10
2.409883308471536
 20
8.9219213325342
 10
2.413638973336469
 20
8.919575055144055
 10
2.413638973336469
 20
9.38262318780837
 10
2.409883308471536
 20
9.384969465198516
 97
0
 75
0
 76
1
 98
0
  0
LWPOLYLINE
  5
DA
330
17
100
AcDbEntity
  8
A-MASS
100
AcDbPolyline
 90
4
 70
1
 10
2.409883308471536
 20
8.9219213325342
 10
2.413638973336469
 20
8.919575055144055
 10
2.413638973336469
 20
9.38262318780837
 10
2.409883308471536
 20
9.384969465198516
  0
HATCH
  5
DB
330
17
100
AcDbEntity
  8
A-MASS
 62
7
420
11974326
100
AcDbHatch
 10
0.0
 20
0.0
 30
0.0
210
0.0
220
0.0
230
1.0
  2
SOLID
 70
1
 71
0
 91
1
 92
3
 72
0
 73
1
 93
4
 10
2.413638973336469
 20
8.919575055144055
 10
2.4175086681245808
 20
8.917275568723646
 10
2.4175086681245808
 20
9.380323701387962
 10
2.413638973336469
 20
9.38262318780837
 97
0
 75
0
 76
1
 98
0
  0
LWPOLYLINE
  5
DC
330
17
100
AcDbEntity
  8
A-MASS
100
AcDbPolyline
 90
4
 70
1
 10
2.413638973336469
 20
8.919575055144055
 10
2.4175086681245808
 20
8.917275568723646
 10
2.4175086681245808
 20
9.380323701387962
 10
2.413638973336469
 20
9.38262318780837
  0
HATCH
  5
DD
330
17
100
AcDbEntity
  8
A-MASS
 62
7
420
11974326
100
AcDbHatch
 10
0.0
 20
0.0
 30
0.0
210
0.0
220
0.0
230
1.0
  2
SOLID
 70
1
 71
0
 91
1
 92
3
 72
0
 73
1
 93
4
 10
2.4175086681245808
 20
8.917275568723646
 10
2.421490061876428
 20
8.915024258397608
 10
2.421490061876428
 20
9.378072391061924
 10
2.4175086681245808
 20
9.380323701387962
 97
0
 75
0
 76
1
 98
0
  0
LWPOLYLINE
  5
DE
330
17
100
AcDbEntity
  8
A-MASS
100
AcDbPolyline
 90
4
 70
1
 10
2.4175086681245808
 20
8.917275568723646
 10
2.421490061876428
 20
8.915024258397608
 10
2.421490061876428
 20
9.378072391061924
 10
2.4175086681245808
 20
9.380323701387962
  0
HATCH
  5
DF
330
17
100
AcDbEntity
  8
A-MASS
 62
7
420
11974326
100
AcDbHatch
 10
0.0
 20
0.0
 30
0.0
210
0.0
220
0.0
230
1.0
  2
SOLID
 70
1
 71
0
 91
1
 92
3
 72
0
 73
1
 93
4
 10
2.421490061876428
 20
8.915024258397608
 10
2.425580756349288
 20
8.912822480271101
 10
2.425580756349288
 20
9.375870612935419
 10
2.421490061876428
 20
9.378072391061924
 97
0
 75
0
 76
1
 98
0
  0
LWPOLYLINE
  5
E0
330
17
100
AcDbEntity
  8
A-MASS
100
AcDbPolyline
 90
4
 70
1
 10
2.421490061876428
 20
8.915024258397608
 10
2.425580756349288
 20
8.912822480271101
 10
2.425580756349288
 20
9.375870612935419
 10
2.421490061876428
 20
9.378072391061924
  0
HATCH
  5
E1
330
17
100
AcDbEntity
  8
A-MASS
 62
7
420
11974326
100
AcDbHatch
 10
0.0
 20
0.0
 30
0.0
210
0.0
220
0.0
230
1.0
  2
SOLID
 70
1
 71
0
 91
1
 92
3
 72
0
 73
1
 93
4
 10
2.425580756349288
 20
8.912822480271101
 10
2.429778287461773
 20
8.91067156061294
 10
2.429778287461773
 20
9.373719693277257
 10
2.425580756349288
 20
9.375870612935419
 97
0
 75
0
 76
1
 98
0
  0
LWPOLYLINE
  5
E2
330
17
100
AcDbEntity
  8
A-MASS
100
AcDbPolyline
 90
4
 70
1
 10
2.425580756349288
 20
8.912822480271101
 10
2.429778287461773
 20
8.91067156061294
 10
2.429778287461773
 20
9.373719693277257
 10
2.425580756349288
 20
9.375870612935419
  0
HATCH
  5
E3
330
17
100
AcDbEntity
  8
A-MASS
 62
7
420
11974326
100
AcDbHatch
 10
0.0
 20
0.0
 30
0.0
210
0.0
220
0.0
230
1.0
  2
SOLID
 70
1
 71
0
 91
1
 92
3
 72
0
 73
1
 93
4
 10
2.429778287461773
 20
8.91067156061294
 10
2.4340801267780954
 20
8.908572795056699
 10
2.4340801267780954
 20
9.371620927721015
 10
2.429778287461773
 20
9.373719693277257
 97
0
 75
0
 76
1
 98
0
  0
LWPOLYLINE
  5
E4
330
17
100
AcDbEntity
  8
A-MASS
100
AcDbPolyline
 90
4
 70
1
 10
2.429778287461773
 20
8.91067156061294
 10
2.4340801267780954
 20
8.908572795056699
 10
2.4340801267780954
 20
9.371620927721015
 10
2.429778287461773
 20
9.373719693277257
  0
HATCH
  5
E5
330
17
100
AcDbEntity
  8
A-MASS
 62
7
420
11974326
100
AcDbHatch
 10
0.0
 20
0.0
 30
0.0
210
0.0
220
0.0
230
1.0
  2
SOLID
 70
1
 71
0
 91
1
 92
3
 72
0
 73
1
 93
4
 10
2.4340801267780954
 20
8.908572795056699
 10
2.438483683031107
 20
8.906527447820269
 10
2.438483683031107
 20
9.369575580484584
 10
2.4340801267780954
 20
9.371620927721015
 97
0
 75
0
 76
1
 98
0
  0
LWPOLYLINE
  5
E6
330
17
100
AcDbEntity
  8
A-MASS
100
AcDbPolyline
 90
4
 70
1
 10
2.4340801267780954
 20
8.908572795056699
 10
2.438483683031107
 20
8.906527447820269
 10
2.438483683031107
 20
9.369575580484584
 10
2.4340801267780954
 20
9.371620927721015
  0
HATCH
  5
E7
330
17
100
AcDbEntity
  8
A-MASS
 62
7
420
11974326
100
AcDbHatch
 10
0.0
 20
0.0
 30
0.0
210
0.0
220
0.0
230
1.0
  2
SOLID
 70
1
 71
0
 91
1
 92
3
 72
0
 73
1
 93
4
 10
2.438483683031107
 20
8.906527447820269
 10
2.4429863036831807
 20
8.904536750944345
 10
2.4429863036831807
 20
9.36758488360866
 10
2.438483683031107
 20
9.369575580484584
 97
0
 75
0
 76
1
 98
0
  0
LWPOLYLINE
  5
E8
330
17
100
AcDbEntity
  8
A-MASS
100
AcDbPolyline
 90
4
 70
1
 10
2.438483683031107
 20
8.906527447820269
 10
2.4429863036831807
 20
8.904536750944345
 10
2.4429863036831807
 20
9.36758488360866
 10
2.438483683031107
 20
9.369575580484584
  0
HATCH
  5
E9
330
17
100
AcDbEntity
  8
A-MASS
 62
7
420
11974326
100
AcDbHatch
 10
0.0
 20
0.0
 30
0.0
210
0.0
220
0.0
230
1.0
  2
SOLID
 70
1
 71
0
 91
1
 92
3
 72
0
 73
1
 93
4
 10
2.4429863036831807
 20
8.904536750944345
 10
2.4475852765240003
 20
8.902601903550288
 10
2.4475852765240003
 20
9.365650036214605
 10
2.4429863036831807
 20
9.36758488360866
 97
0
 75
0
 76
1
 98
0
  0
LWPOLYLINE
  5
EA
330
17
100
AcDbEntity
  8
A-MASS
100
AcDbPolyline
 90
4
 70
1
 10
2.4429863036831807
 20
8.904536750944345
 10
2.4475852765240003
 20
8.902601903550288
 10
2.4475852765240003
 20
9.365650036214605
 10
2.4429863036831807
 20
9.36758488360866
  0
HATCH
  5
EB
330
17
100
AcDbEntity
  8
A-MASS
 62
7
420
11974326
100
AcDbHatch
 10
0.0
 20
0.0
 30
0.0
210
0.0
220
0.0
230
1.0
  2
SOLID
 70
1
 71
0
 91
1
 92
3
 72
0
 73
1
 93
4
 10
2.4475852765240003
 20
8.902601903550288
 10
2.452277831304292
 20
8.900724071117823
 10
2.452277831304292
 20
9.363772203782139
 10
2.4475852765240003
 20
9.365650036214605
 97
0
 75
0
 76
1
 98
0
  0
LWPOLYLINE
  5
EC
330
17
100
AcDbEntity
  8
A-MASS
100
AcDbPolyline
 90
4
 70
1
 10
2.4475852765240003
 20
8.902601903550288
 10
2.452277831304292
 20
8.900724071117823
 10
2.452277831304292
 20
9.363772203782139
 10
2.4475852765240003
 20
9.365650036214605
  0
HATCH
  5
ED
330
17
100
AcDbEntity
  8
A-MASS
 62
7
420
11974326
100
AcDbHatch
 10
0.0
 20
0.0
 30
0.0
210
0.0
220
0.0
230
1.0
  2
SOLID
 70
1
 71
0
 91
1
 92
3
 72
0
 73
1
 93
4
 10
2.452277831304292
 20
8.900724071117823
 10
2.457061141404523
 20
8.898904384782986
 10
2.457061141404523
 20
9.361952517447303
 10
2.452277831304292
 20
9.363772203782139
 97
0
 75
0
 76
1
 98
0
  0
LWPOLYLINE
  5
EE
330
17
100
AcDbEntity
  8
A-MASS
100
AcDbPolyline
 90
4
 70
1
 10
2.452277831304292
 20
8.900724071117823
 10
2.457061141404523
 20
8.898904384782986
 10
2.457061141404523
 20
9.361952517447303
 10
2.452277831304292
 20
9.363772203782139
  0
HATCH
  5
EF
330
17
100
AcDbEntity
  8
A-MASS
 62
7
420
11974326
100
AcDbHatch
 10
0.0
 20
0.0
 30
0.0
210
0.0
220
0.0
230
1.0
  2
SOLID
 70
1
 71
0
 91
1
 92
3
 72
0
 73
1
 93
4
 10
2.457061141404523
 20
8.898904384782986
 10
2.461932325537548
 20
8.897143940656786
 10
2.461932325537548
 20
9.360192073321102
 10
2.457061141404523
 20
9.361952517447303
 97
0
 75
0
 76
1
 98
0
  0
LWPOLYLINE
  5
F0
330
17
100
AcDbEntity
  8
A-MASS
100
AcDbPolyline
 90
4
 70
1
 10
2.457061141404523
 20
8.898904384782986
 10
2.461932325537548
 20
8.897143940656786
 10
2.461932325537548
 20
9.360192073321102
 10
2.457061141404523
 20
9.361952517447303
  0
HATCH
  5
F1
330
17
100
AcDbEntity
  8
A-MASS
 62
7
420
11974326
100
AcDbHatch
 10
0.0
 20
0.0
 30
0.0
210
0.0
220
0.0
230
1.0
  2
SOLID
 70
1
 71
0
 91
1
 92
3
 72
0
 73
1
 93
4
 10
2.461932325537548
 20
8.897143940656786
 10
2.46688844948419
 20
8.895443799164935
 10
2.46688844948419
 20
9.358491931829251
 10
2.461932325537548
 20
9.360192073321102
 97
0
 75
0
 76
1
 98
0
  0
LWPOLYLINE
  5
F2
330
17
100
AcDbEntity
  8
A-MASS
100
AcDbPolyline
 90
4
 70
1
 10
2.461932325537548
 20
8.897143940656786
 10
2.46688844948419
 20
8.895443799164935
 10
2.46688844948419
 20
9.358491931829251
 10
2.461932325537548
 20
9.360192073321102
  0
HATCH
  5
F3
330
17
100
AcDbEntity
  8
A-MASS
 62
7
420
11974326
100
AcDbHatch
 10
0.0
 20
0.0
 30
0.0
210
0.0
220
0.0
230
1.0
  2
SOLID
 70
1
 71
0
 91
1
 92
3
 72
0
 73
1
 93
4
 10
2.46688844948419
 20
8.895443799164935
 10
2.471926527860706
 20
8.893804984409096
 10
2.471926527860706
 20
9.356853117073413
 10
2.46688844948419
 20
9.358491931829251
 97
0
 75
0
 76
1
 98
0
  0
LWPOLYLINE
  5
F4
330
17
100
AcDbEntity
  8
A-MASS
100
AcDbPolyline
 90
4
 70
1
 10
2.46688844948419
 20
8.895443799164935
 10
2.471926527860706
 20
8.893804984409096
 10
2.471926527860706
 20
9.356853117073413
 10
2.46688844948419
 20
9.358491931829251
  0
HATCH
  5
F5
330
17
100
AcDbEntity
  8
A-MASS
 62
7
420
11974326
100
AcDbHatch
 10
0.0
 20
0.0
 30
0.0
210
0.0
220
0.0
230
1.0
  2
SOLID
 70
1
 71
0
 91
1
 92
3
 72
0
 73
1
 93
4
 10
2.471926527860706
 20
8.893804984409096
 10
2.4770435259170673
 20
8.89222848355
 10
2.4770435259170673
 20
9.355276616214317
 10
2.471926527860706
 20
9.356853117073413
 97
0
 75
0
 76
1
 98
0
  0
LWPOLYLINE
  5
F6
330
17
100
AcDbEntity
  8
A-MASS
100
AcDbPolyline
 90
4
 70
1
 10
2.471926527860706
 20
8.893804984409096
 10
2.4770435259170673
 20
8.89222848355
 10
2.4770435259170673
 20
9.355276616214317
 10
2.471926527860706
 20
9.356853117073413
  0
HATCH
  5
F7
330
17
100
AcDbEntity
  8
A-MASS
 62
7
420
11974326
100
AcDbHatch
 10
0.0
 20
0.0
 30
0.0
210
0.0
220
0.0
230
1.0
  2
SOLID
 70
1
 71
0
 91
1
 92
3
 72
0
 73
1
 93
4
 10
2.4770435259170673
 20
8.89222848355
 10
2.482236361364982
 20
8.890715246212814
 10
2.482236361364982
 20
9.35376337887713
 10
2.4770435259170673
 20
9.355276616214317
 97
0
 75
0
 76
1
 98
0
  0
LWPOLYLINE
  5
F8
330
17
100
AcDbEntity
  8
A-MASS
100
AcDbPolyline
 90
4
 70
1
 10
2.4770435259170673
 20
8.89222848355
 10
2.482236361364982
 20
8.890715246212814
 10
2.482236361364982
 20
9.35376337887713
 10
2.4770435259170673
 20
9.355276616214317
  0
HATCH
  5
F9
330
17
100
AcDbEntity
  8
A-MASS
 62
7
420
11974326
100
AcDbHatch
 10
0.0
 20
0.0
 30
0.0
210
0.0
220
0.0
230
1.0
  2
SOLID
 70
1
 71
0
 91
1
 92
3
 72
0
 73
1
 93
4
 10
2.482236361364982
 20
8.890715246212814
 10
2.4875019062345483
 20
8.889266183915128
 10
2.4875019062345483
 20
9.352314316579443
 10
2.482236361364982
 20
9.35376337887713
 97
0
 75
0
 76
1
 98
0
  0
LWPOLYLINE
  5
FA
330
17
100
AcDbEntity
  8
A-MASS
100
AcDbPolyline
 90
4
 70
1
 10
2.482236361364982
 20
8.890715246212814
 10
2.4875019062345483
 20
8.889266183915128
 10
2.4875019062345483
 20
9.352314316579443
 10
2.482236361364982
 20
9.35376337887713
  0
HATCH
  5
FB
330
17
100
AcDbEntity
  8
A-MASS
 62
7
420
11974326
100
AcDbHatch
 10
0.0
 20
0.0
 30
0.0
210
0.0
220
0.0
230
1.0
  2
SOLID
 70
1
 71
0
 91
1
 92
3
 72
0
 73
1
 93
4
 10
2.4875019062345483
 20
8.889266183915128
 10
2.492836988758429
 20
8.887882169517884
 10
2.492836988758429
 20
9.3509303021822
 10
2.4875019062345483
 20
9.352314316579443
 97
0
 75
0
 76
1
 98
0
  0
LWPOLYLINE
  5
FC
330
17
100
AcDbEntity
  8
A-MASS
100
AcDbPolyline
 90
4
 70
1
 10
2.4875019062345483
 20
8.889266183915128
 10
2.492836988758429
 20
8.887882169517884
 10
2.492836988758429
 20
9.3509303021822
 10
2.4875019062345483
 20
9.352314316579443
  0
HATCH
  5
FD
330
17
100
AcDbEntity
  8
A-MASS
 62
7
420
11974326
100
AcDbHatch
 10
0.0
 20
0.0
 30
0.0
210
0.0
220
0.0
230
1.0
  2
SOLID
 70
1
 71
0
 91
1
 92
3
 72
0
 73
1
 93
4
 10
2.492836988758429
 20
8.887882169517884
 10
2.498238395282403
 20
8.886564036699603
 10
2.498238395282403
 20
9.349612169363919
 10
2.492836988758429
 20
9.3509303021822
 97
0
 75
0
 76
1
 98
0
  0
LWPOLYLINE
  5
FE
330
17
100
AcDbEntity
  8
A-MASS
100
AcDbPolyline
 90
4
 70
1
 10
2.492836988758429
 20
8.887882169517884
 10
2.498238395282403
 20
8.886564036699603
 10
2.498238395282403
 20
9.349612169363919
 10
2.492836988758429
 20
9.3509303021822
  0
HATCH
  5
FF
330
17
100
AcDbEntity
  8
A-MASS
 62
7
420
11974326
100
AcDbHatch
 10
0.0
 20
0.0
 30
0.0
210
0.0
220
0.0
230
1.0
  2
SOLID
 70
1
 71
0
 91
1
 92
3
 72
0
 73
1
 93
4
 10
2.498238395282403
 20
8.886564036699603
 10
2.503702872201151
 20
8.885312579454208
 10
2.503702872201151
 20
9.348360712118525
 10
2.498238395282403
 20
9.349612169363919
 97
0
 75
0
 76
1
 98
0
  0
LWPOLYLINE
  5
100
330
17
100
AcDbEntity
  8
A-MASS
100
AcDbPolyline
 90
4
 70
1
 10
2.498238395282403
 20
8.886564036699603
 10
2.503702872201151
 20
8.885312579454208
 10
2.503702872201151
 20
9.348360712118525
 10
2.498238395282403
 20
9.349612169363919
  0
HATCH
  5
101
330
17
100
AcDbEntity
  8
A-MASS
 62
7
420
11974326
100
AcDbHatch
 10
0.0
 20
0.0
 30
0.0
210
0.0
220
0.0
230
1.0
  2
SOLID
 70
1
 71
0
 91
1
 92
3
 72
0
 73
1
 93
4
 10
2.503702872201151
 20
8.885312579454208
 10
2.509227127918108
 20
8.88412855161275
 10
2.509227127918108
 20
9.347176684277066
 10
2.503702872201151
 20
9.348360712118525
 97
0
 75
0
 76
1
 98
0
  0
LWPOLYLINE
  5
102
330
17
100
AcDbEntity
  8
A-MASS
100
AcDbPolyline
 90
4
 70
1
 10
2.503702872201151
 20
8.885312579454208
 10
2.509227127918108
 20
8.88412855161275
 10
2.509227127918108
 20
9.347176684277066
 10
2.503702872201151
 20
9.348360712118525
  0
HATCH
  5
103
330
17
100
AcDbEntity
  8
A-MASS
 62
7
420
11974326
100
AcDbHatch
 10
0.0
 20
0.0
 30
0.0
210
0.0
220
0.0
230
1.0
  2
SOLID
 70
1
 71
0
 91
1
 92
3
 72
0
 73
1
 93
4
 10
2.509227127918108
 20
8.88412855161275
 10
2.5148078348281957
 20
8.883012666389325
 10
2.5148078348281957
 20
9.34606079905364
 10
2.509227127918108
 20
9.347176684277066
 97
0
 75
0
 76
1
 98
0
  0
LWPOLYLINE
  5
104
330
17
100
AcDbEntity
  8
A-MASS
100
AcDbPolyline
 90
4
 70
1
 10
2.509227127918108
 20
8.88412855161275
 10
2.5148078348281957
 20
8.883012666389325
 10
2.5148078348281957
 20
9.34606079905364
 10
2.509227127918108
 20
9.347176684277066
  0
HATCH
  5
105
330
17
100
AcDbEntity
  8
A-MASS
 62
7
420
11974326
100
AcDbHatch
 10
0.0
 20
0.0
 30
0.0
210
0.0
220
0.0
230
1.0
  2
SOLID
 70
1
 71
0
 91
1
 92
3
 72
0
 73
1
 93
4
 10
2.5148078348281957
 20
8.883012666389325
 10
2.5204416313222464
 20
8.881965595951467
 10
2.5204416313222464
 20
9.345013728615783
 10
2.5148078348281957
 20
9.34606079905364
 97
0
 75
0
 76
1
 98
0
  0
LWPOLYLINE
  5
106
330
17
100
AcDbEntity
  8
A-MASS
100
AcDbPolyline
 90
4
 70
1
 10
2.5148078348281957
 20
8.883012666389325
 10
2.5204416313222464
 20
8.881965595951467
 10
2.5204416313222464
 20
9.345013728615783
 10
2.5148078348281957
 20
9.34606079905364
  0
HATCH
  5
107
330
17
100
AcDbEntity
  8
A-MASS
 62
7
420
11974326
100
AcDbHatch
 10
0.0
 20
0.0
 30
0.0
210
0.0
220
0.0
230
1.0
  2
SOLID
 70
1
 71
0
 91
1
 92
3
 72
0
 73
1
 93
4
 10
2.5204416313222464
 20
8.881965595951467
 10
2.526125123811914
 20
8.880987971015253
 10
2.526125123811914
 20
9.344036103679569
 10
2.5204416313222464
 20
9.345013728615783
 97
0
 75
0
 76
1
 98
0
  0
LWPOLYLINE
  5
108
330
17
100
AcDbEntity
  8
A-MASS
100
AcDbPolyline
 90
4
 70
1
 10
2.5204416313222464
 20
8.881965595951467
 10
2.526125123811914
 20
8.880987971015253
 10
2.526125123811914
 20
9.344036103679569
 10
2.5204416313222464
 20
9.345013728615783
  0
HATCH
  5
109
330
17
100
AcDbEntity
  8
A-MASS
 62
7
420
11974326
100
AcDbHatch
 10
0.0
 20
0.0
 30
0.0
210
0.0
220
0.0
230
1.0
  2
SOLID
 70
1
 71
0
 91
1
 92
3
 72
0
 73
1
 93
4
 10
2.526125123811914
 20
8.880987971015253
 10
2.531854888773842
 20
8.88008038046539
 10
2.531854888773842
 20
9.343128513129708
 10
2.526125123811914
 20
9.344036103679569
 97
0
 75
0
 76
1
 98
0
  0
LWPOLYLINE
  5
10A
330
17
100
AcDbEntity
  8
A-MASS
100
AcDbPolyline
 90
4
 70
1
 10
2.526125123811914
 20
8.880987971015253
 10
2.531854888773842
 20
8.88008038046539
 10
2.531854888773842
 20
9.343128513129708
 10
2.526125123811914
 20
9.344036103679569
  0
HATCH
  5
10B
330
17
100
AcDbEntity
  8
A-MASS
 62
7
420
11974326
100
AcDbHatch
 10
0.0
 20
0.0
 30
0.0
210
0.0
220
0.0
230
1.0
  2
SOLID
 70
1
 71
0
 91
1
 92
3
 72
0
 73
1
 93
4
 10
2.531854888773842
 20
8.88008038046539
 10
2.537627474811867
 20
8.879243371000491
 10
2.537627474811867
 20
9.342291503664807
 10
2.531854888773842
 20
9.343128513129708
 97
0
 75
0
 76
1
 98
0
  0
LWPOLYLINE
  5
10C
330
17
100
AcDbEntity
  8
A-MASS
100
AcDbPolyline
 90
4
 70
1
 10
2.531854888773842
 20
8.88008038046539
 10
2.537627474811867
 20
8.879243371000491
 10
2.537627474811867
 20
9.342291503664807
 10
2.531854888773842
 20
9.343128513129708
  0
HATCH
  5
10D
330
17
100
AcDbEntity
  8
A-MASS
 62
7
420
11974326
100
AcDbHatch
 10
0.0
 20
0.0
 30
0.0
210
0.0
220
0.0
230
1.0
  2
SOLID
 70
1
 71
0
 91
1
 92
3
 72
0
 73
1
 93
4
 10
2.537627474811867
 20
8.879243371000491
 10
2.5434394047360107
 20
8.878477446803757
 10
2.5434394047360107
 20
9.341525579468072
 10
2.537627474811867
 20
9.342291503664807
 97
0
 75
0
 76
1
 98
0
  0
LWPOLYLINE
  5
10E
330
17
100
AcDbEntity
  8
A-MASS
100
AcDbPolyline
 90
4
 70
1
 10
2.537627474811867
 20
8.879243371000491
 10
2.5434394047360107
 20
8.878477446803757
 10
2.5434394047360107
 20
9.341525579468072
 10
2.537627474811867
 20
9.342291503664807
  0
HATCH
  5
10F
330
17
100
AcDbEntity
  8
A-MASS
 62
7
420
11974326
100
AcDbHatch
 10
0.0
 20
0.0
 30
0.0
210
0.0
220
0.0
230
1.0
  2
SOLID
 70
1
 71
0
 91
1
 92
3
 72
0
 73
1
 93
4
 10
2.5434394047360107
 20
8.878477446803757
 10
2.549287177657009
 20
8.877783069239284
 10
2.549287177657009
 20
9.340831201903601
 10
2.5434394047360107
 20
9.341525579468072
 97
0
 75
0
 76
1
 98
0
  0
LWPOLYLINE
  5
110
330
17
100
AcDbEntity
  8
A-MASS
100
AcDbPolyline
 90
4
 70
1
 10
2.5434394047360107
 20
8.878477446803757
 10
2.549287177657009
 20
8.877783069239284
 10
2.549287177657009
 20
9.340831201903601
 10
2.5434394047360107
 20
9.341525579468072
  0
HATCH
  5
111
330
17
100
AcDbEntity
  8
A-MASS
 62
7
420
11974326
100
AcDbHatch
 10
0.0
 20
0.0
 30
0.0
210
0.0
220
0.0
230
1.0
  2
SOLID
 70
1
 71
0
 91
1
 92
3
 72
0
 73
1
 93
4
 10
2.549287177657009
 20
8.877783069239284
 10
2.5551672710951165
 20
8.877160656574155
 10
2.5551672710951165
 20
9.34020878923847
 10
2.549287177657009
 20
9.340831201903601
 97
0
 75
0
 76
1
 98
0
  0
LWPOLYLINE
  5
112
330
17
100
AcDbEntity
  8
A-MASS
100
AcDbPolyline
 90
4
 70
1
 10
2.549287177657009
 20
8.877783069239284
 10
2.5551672710951165
 20
8.877160656574155
 10
2.5551672710951165
 20
9.34020878923847
 10
2.549287177657009
 20
9.340831201903601
  0
HATCH
  5
113
330
17
100
AcDbEntity
  8
A-MASS
 62
7
420
11974326
100
AcDbHatch
 10
0.0
 20
0.0
 30
0.0
210
0.0
220
0.0
230
1.0
  2
SOLID
 70
1
 71
0
 91
1
 92
3
 72
0
 73
1
 93
4
 10
2.5551672710951165
 20
8.877160656574155
 10
2.561076143101917
 20
8.876610583726482
 10
2.561076143101917
 20
9.3396587163908
 10
2.5551672710951165
 20
9.34020878923847
 97
0
 75
0
 76
1
 98
0
  0
LWPOLYLINE
  5
114
330
17
100
AcDbEntity
  8
A-MASS
100
AcDbPolyline
 90
4
 70
1
 10
2.5551672710951165
 20
8.877160656574155
 10
2.561076143101917
 20
8.876610583726482
 10
2.561076143101917
 20
9.3396587163908
 10
2.5551672710951165
 20
9.34020878923847
  0
HATCH
  5
115
330
17
100
AcDbEntity
  8
A-MASS
 62
7
420
11974326
100
AcDbHatch
 10
0.0
 20
0.0
 30
0.0
210
0.0
220
0.0
230
1.0
  2
SOLID
 70
1
 71
0
 91
1
 92
3
 72
0
 73
1
 93
4
 10
2.561076143101917
 20
8.876610583726482
 10
2.56701023439386
 20
8.876133182039585
 10
2.56701023439386
 20
9.3391813147039
 10
2.561076143101917
 20
9.3396587163908
 97
0
 75
0
 76
1
 98
0
  0
LWPOLYLINE
  5
116
330
17
100
AcDbEntity
  8
A-MASS
100
AcDbPolyline
 90
4
 70
1
 10
2.561076143101917
 20
8.876610583726482
 10
2.56701023439386
 20
8.876133182039585
 10
2.56701023439386
 20
9.3391813147039
 10
2.561076143101917
 20
9.3396587163908
  0
HATCH
  5
117
330
17
100
AcDbEntity
  8
A-MASS
 62
7
420
11974326
100
AcDbHatch
 10
0.0
 20
0.0
 30
0.0
210
0.0
220
0.0
230
1.0
  2
SOLID
 70
1
 71
0
 91
1
 92
3
 72
0
 73
1
 93
4
 10
2.56701023439386
 20
8.876133182039585
 10
2.5729659704962424
 20
8.875728739082383
 10
2.5729659704962424
 20
9.338776871746699
 10
2.56701023439386
 20
9.3391813147039
 97
0
 75
0
 76
1
 98
0
  0
LWPOLYLINE
  5
118
330
17
100
AcDbEntity
  8
A-MASS
100
AcDbPolyline
 90
4
 70
1
 10
2.56701023439386
 20
8.876133182039585
 10
2.5729659704962424
 20
8.875728739082383
 10
2.5729659704962424
 20
9.338776871746699
 10
2.56701023439386
 20
9.3391813147039
  0
HATCH
  5
119
330
17
100
AcDbEntity
  8
A-MASS
 62
7
420
11974326
100
AcDbHatch
 10
0.0
 20
0.0
 30
0.0
210
0.0
220
0.0
230
1.0
  2
SOLID
 70
1
 71
0
 91
1
 92
3
 72
0
 73
1
 93
4
 10
2.5729659704962424
 20
8.875728739082383
 10
2.578939763896334
 20
8.875397498476197
 10
2.578939763896334
 20
9.338445631140512
 10
2.5729659704962424
 20
9.338776871746699
 97
0
 75
0
 76
1
 98
0
  0
LWPOLYLINE
  5
11A
330
17
100
AcDbEntity
  8
A-MASS
100
AcDbPolyline
 90
4
 70
1
 10
2.5729659704962424
 20
8.875728739082383
 10
2.578939763896334
 20
8.875397498476197
 10
2.578939763896334
 20
9.338445631140512
 10
2.5729659704962424
 20
9.338776871746699
  0
HATCH
  5
11B
330
17
100
AcDbEntity
  8
A-MASS
 62
7
420
11974326
100
AcDbHatch
 10
0.0
 20
0.0
 30
0.0
210
0.0
220
0.0
230
1.0
  2
SOLID
 70
1
 71
0
 91
1
 92
3
 72
0
 73
1
 93
4
 10
2.578939763896334
 20
8.875397498476197
 10
2.5849280162043664
 20
8.875139659747976
 10
2.5849280162043664
 20
9.338187792412292
 10
2.578939763896334
 20
9.338445631140512
 97
0
 75
0
 76
1
 98
0
  0
LWPOLYLINE
  5
11C
330
17
100
AcDbEntity
  8
A-MASS
100
AcDbPolyline
 90
4
 70
1
 10
2.578939763896334
 20
8.875397498476197
 10
2.5849280162043664
 20
8.875139659747976
 10
2.5849280162043664
 20
9.338187792412292
 10
2.578939763896334
 20
9.338445631140512
  0
HATCH
  5
11D
330
17
100
AcDbEntity
  8
A-MASS
 62
7
420
11974326
100
AcDbHatch
 10
0.0
 20
0.0
 30
0.0
210
0.0
220
0.0
230
1.0
  2
SOLID
 70
1
 71
0
 91
1
 92
3
 72
0
 73
1
 93
4
 10
2.5849280162043664
 20
8.875139659747976
 10
2.590927120321063
 20
8.874955378210132
 10
2.590927120321063
 20
9.338003510874449
 10
2.5849280162043664
 20
9.338187792412292
 97
0
 75
0
 76
1
 98
0
  0
LWPOLYLINE
  5
11E
330
17
100
AcDbEntity
  8
A-MASS
100
AcDbPolyline
 90
4
 70
1
 10
2.5849280162043664
 20
8.875139659747976
 10
2.590927120321063
 20
8.874955378210132
 10
2.590927120321063
 20
9.338003510874449
 10
2.5849280162043664
 20
9.338187792412292
  0
HATCH
  5
11F
330
17
100
AcDbEntity
  8
A-MASS
 62
7
420
11974326
100
AcDbHatch
 10
0.0
 20
0.0
 30
0.0
210
0.0
220
0.0
230
1.0
  2
SOLID
 70
1
 71
0
 91
1
 92
3
 72
0
 73
1
 93
4
 10
2.590927120321063
 20
8.874955378210132
 10
2.5969334626104263
 20
8.874844764866973
 10
2.5969334626104263
 20
9.33789289753129
 10
2.590927120321063
 20
9.338003510874449
 97
0
 75
0
 76
1
 98
0
  0
LWPOLYLINE
  5
120
330
17
100
AcDbEntity
  8
A-MASS
100
AcDbPolyline
 90
4
 70
1
 10
2.590927120321063
 20
8.874955378210132
 10
2.5969334626104263
 20
8.874844764866973
 10
2.5969334626104263
 20
9.33789289753129
 10
2.590927120321063
 20
9.338003510874449
  0
HATCH
  5
121
330
17
100
AcDbEntity
  8
A-MASS
 62
7
420
11974326
100
AcDbHatch
 10
0.0
 20
0.0
 30
0.0
210
0.0
220
0.0
230
1.0
  2
SOLID
 70
1
 71
0
 91
1
 92
3
 72
0
 73
1
 93
4
 10
2.5969334626104263
 20
8.874844764866973
 10
2.600511971514487
 20
8.874822806309023
 10
2.600511971514487
 20
9.337870938973339
 10
2.5969334626104263
 20
9.33789289753129
 97
0
 75
0
 76
1
 98
0
  0
LWPOLYLINE
  5
122
330
17
100
AcDbEntity
  8
A-MASS
100
AcDbPolyline
 90
4
 70
1
 10
2.5969334626104263
 20
8.874844764866973
 10
2.600511971514487
 20
8.874822806309023
 10
2.600511971514487
 20
9.337870938973339
 10
2.5969334626104263
 20
9.33789289753129
  0
HATCH
  5
123
330
17
100
AcDbEntity
  8
A-MASS
 62
7
420
15000804
100
AcDbHatch
 10
0.0
 20
0.0
 30
0.0
210
0.0
220
0.0
230
1.0
  2
SOLID
 70
1
 71
0
 91
1
 92
3
 72
0
 73
1
 93
196
 10
2.780306093803616
 20
9.544733911233775
 10
2.776108562691131
 20
9.546884830891937
 10
2.771806723374809
 20
9.548983596448178
 10
2.767403167121797
 20
9.551028943684608
 10
2.762900546469723
 20
9.553019640560533
 10
2.758301573628904
 20
9.55495448795459
 10
2.753609018848612
 20
9.556832320387056
 10
2.7488257087483814
 20
9.558652006721891
 10
2.743954524615356
 20
9.560412450848093
 10
2.738998400668714
 20
9.562112592339943
 10
2.733960322292198
 20
9.563751407095781
 10
2.7288433242358368
 20
9.565327907954877
 10
2.7236504887879223
 20
9.566841145292063
 10
2.7183849439183554
 20
9.568290207589751
 10
2.7130498613944742
 20
9.569674221986995
 10
2.707648454870501
 20
9.570992354805274
 10
2.702183977951753
 20
9.572243812050669
 10
2.696659722234796
 20
9.573427839892126
 10
2.6910790153247084
 20
9.574543725115552
 10
2.6854452188306577
 20
9.575590795553412
 10
2.67976172634099
 20
9.576568420489625
 10
2.674031961379062
 20
9.577476011039487
 10
2.6682593753410364
 20
9.578313020504385
 10
2.6624474454168925
 20
9.57907894470112
 10
2.6565996724958945
 20
9.579773322265593
 10
2.650719579057787
 20
9.580395734930724
 10
2.6448107070509868
 20
9.580945807778395
 10
2.6388766157590435
 20
9.581423209465294
 10
2.6329208796566617
 20
9.581827652422493
 10
2.62694708625657
 20
9.582158893028682
 10
2.6209588339485377
 20
9.5824167317569
 10
2.6149597298318406
 20
9.582601013294745
 10
2.6089533875424777
 20
9.582711626637906
 10
2.602943425076451
 20
9.582748505157038
 10
2.5969334626104263
 20
9.582711626637906
 10
2.590927120321063
 20
9.582601013294745
 10
2.5849280162043664
 20
9.582416731756902
 10
2.5789397638963343
 20
9.582158893028682
 10
2.572965970496242
 20
9.581827652422493
 10
2.5670102343938606
 20
9.581423209465294
 10
2.5610761431019173
 20
9.580945807778395
 10
2.555167271095117
 20
9.580395734930724
 10
2.5492871776570096
 20
9.579773322265593
 10
2.5434394047360107
 20
9.57907894470112
 10
2.537627474811867
 20
9.578313020504385
 10
2.531854888773842
 20
9.577476011039487
 10
2.526125123811914
 20
9.576568420489625
 10
2.520441631322246
 20
9.575590795553412
 10
2.514807834828196
 20
9.574543725115552
 10
2.509227127918108
 20
9.573427839892128
 10
2.503702872201151
 20
9.572243812050669
 10
2.4982383952824025
 20
9.570992354805274
 10
2.492836988758429
 20
9.569674221986993
 10
2.4875019062345483
 20
9.568290207589751
 10
2.482236361364982
 20
9.566841145292063
 10
2.477043525917068
 20
9.565327907954877
 10
2.471926527860706
 20
9.563751407095781
 10
2.4668884494841903
 20
9.562112592339943
 10
2.461932325537548
 20
9.560412450848093
 10
2.4570611414045227
 20
9.558652006721891
 10
2.4522778313042912
 20
9.556832320387056
 10
2.4475852765239994
 20
9.55495448795459
 10
2.4429863036831803
 20
9.553019640560533
 10
2.438483683031107
 20
9.551028943684608
 10
2.4340801267780954
 20
9.548983596448178
 10
2.429778287461773
 20
9.546884830891937
 10
2.4255807563492886
 20
9.544733911233775
 10
2.421490061876428
 20
9.542532133107269
 10
2.4175086681245803
 20
9.540280822781233
 10
2.413638973336468
 20
9.537981336360822
 10
2.409883308471535
 20
9.535635058970676
 10
2.4062439358018626
 20
9.533243403920562
 10
2.402723047549462
 20
9.53080781185405
 10
2.39932276456576
 20
9.528329749880728
 10
2.3960451350540835
 20
9.52581071069247
 10
2.392892133335891
 20
9.523252211664289
 10
2.3898656586615195
 20
9.520655793940332
 10
2.3869675340661454
 20
9.518023021505549
 10
2.384199505271657
 20
9.515355480243608
 10
2.381563239635097
 20
9.512654776981622
 10
2.3790603251443088
 20
9.509922538522247
 10
2.3766922694613912
 20
9.507160410663769
 10
2.374460499014541
 20
9.504370057208725
 10
2.372366358138823
 20
9.5015531589617
 10
2.370411108266396
 20
9.498711412716865
 10
2.368595927166673
 20
9.495846530235902
 10
2.366921908236873
 20
9.49296023721689
 10
2.3653900598434037
 20
9.490054272254817
 10
2.36400130471446
 20
9.487130385794318
 10
2.362756479384199
 20
9.484190339075266
 10
2.361656333688856
 20
9.481235903071864
 10
2.360701530315059
 20
9.478268857425892
 10
2.3598926444006576
 20
9.475290989374702
 10
2.3592301631882826
 20
9.472304092674655
 10
2.3587144857318423
 20
9.46930996652064
 10
2.358345922656155
 20
9.466310414462292
 10
2.3581246959698365
 20
9.46330724331761
 10
2.3580509389315703
 20
9.460302262084596
 10
2.3581246959698365
 20
9.457297280851584
 10
2.3583459226561554
 20
9.454294109706902
 10
2.3587144857318423
 20
9.451294557648554
 10
2.359230163188282
 20
9.448300431494538
 10
2.3598926444006585
 20
9.445313534794492
 10
2.3607015303150587
 20
9.4423356667433
 10
2.361656333688855
 20
9.43936862109733
 10
2.362756479384199
 20
9.436414185093929
 10
2.36400130471446
 20
9.433474138374876
 10
2.3653900598434046
 20
9.430550251914376
 10
2.366921908236873
 20
9.427644286952304
 10
2.368595927166673
 20
9.42475799393329
 10
2.3704111082663966
 20
9.421893111452327
 10
2.372366358138823
 20
9.419051365207494
 10
2.374460499014541
 20
9.416234466960468
 10
2.3766922694613912
 20
9.413444113505424
 10
2.3790603251443088
 20
9.410681985646946
 10
2.3815632396350965
 20
9.407949747187573
 10
2.3841995052716576
 20
9.405249043925586
 10
2.3869675340661454
 20
9.402581502663645
 10
2.3898656586615195
 20
9.39994873022886
 10
2.392892133335891
 20
9.397352312504903
 10
2.3960451350540835
 20
9.394793813476724
 10
2.3993227645657607
 20
9.392274774288467
 10
2.402723047549461
 20
9.389796712315144
 10
2.4062439358018635
 20
9.387361120248633
 10
2.409883308471536
 20
9.384969465198516
 10
2.413638973336469
 20
9.38262318780837
 10
2.4175086681245808
 20
9.380323701387962
 10
2.421490061876428
 20
9.378072391061924
 10
2.425580756349288
 20
9.375870612935419
 10
2.429778287461773
 20
9.373719693277257
 10
2.4340801267780954
 20
9.371620927721015
 10
2.438483683031107
 20
9.369575580484584
 10
2.4429863036831807
 20
9.36758488360866
 10
2.4475852765240003
 20
9.365650036214605
 10
2.452277831304292
 20
9.363772203782139
 10
2.457061141404523
 20
9.361952517447303
 10
2.461932325537548
 20
9.360192073321102
 10
2.46688844948419
 20
9.358491931829251
 10
2.471926527860706
 20
9.356853117073413
 10
2.4770435259170673
 20
9.355276616214317
 10
2.482236361364982
 20
9.35376337887713
 10
2.4875019062345483
 20
9.352314316579443
 10
2.492836988758429
 20
9.3509303021822
 10
2.498238395282403
 20
9.349612169363919
 10
2.503702872201151
 20
9.348360712118525
 10
2.509227127918108
 20
9.347176684277066
 10
2.5148078348281957
 20
9.34606079905364
 10
2.5204416313222464
 20
9.345013728615783
 10
2.526125123811914
 20
9.344036103679569
 10
2.531854888773842
 20
9.343128513129708
 10
2.537627474811867
 20
9.342291503664807
 10
2.5434394047360107
 20
9.341525579468072
 10
2.549287177657009
 20
9.340831201903601
 10
2.5551672710951165
 20
9.34020878923847
 10
2.561076143101917
 20
9.3396587163908
 10
2.56701023439386
 20
9.3391813147039
 10
2.5729659704962424
 20
9.338776871746699
 10
2.578939763896334
 20
9.338445631140512
 10
2.5849280162043664
 20
9.338187792412292
 10
2.590927120321063
 20
9.338003510874449
 10
2.5969334626104263
 20
9.33789289753129
 10
2.600511971514487
 20
9.337870938973339
 10
2.8165137614678892
 20
9.44587183395004
 10
2.8321088304353546
 20
9.453175021964398
 10
2.847819204603369
 20
9.459621607402234
 10
2.8478359112213343
 20
9.460302262084596
 10
2.8477621541830676
 20
9.46330724331761
 10
2.8475409274967483
 20
9.466310414462292
 10
2.847172364421062
 20
9.46930996652064
 10
2.8466566869646215
 20
9.472304092674655
 10
2.845994205752246
 20
9.475290989374702
 10
2.8451853198378454
 20
9.478268857425892
 10
2.844230516464048
 20
9.481235903071864
 10
2.843130370768705
 20
9.484190339075266
 10
2.841885545438444
 20
9.487130385794318
 10
2.8404967903094995
 20
9.490054272254817
 10
2.8389649419160303
 20
9.49296023721689
 10
2.837290922986231
 20
9.495846530235902
 10
2.8354757418865075
 20
9.498711412716865
 10
2.833520492014081
 20
9.5015531589617
 10
2.8314263511383633
 20
9.504370057208725
 10
2.8291945806915124
 20
9.507160410663769
 10
2.8268265250085953
 20
9.509922538522247
 10
2.8243236105178062
 20
9.512654776981622
 10
2.821687344881247
 20
9.515355480243608
 10
2.8189193160867583
 20
9.518023021505549
 10
2.816021191491384
 20
9.520655793940332
 10
2.8129947168170126
 20
9.523252211664289
 10
2.80984171509882
 20
9.52581071069247
 10
2.8065640855871434
 20
9.528329749880728
 10
2.803163802603443
 20
9.53080781185405
 10
2.799642914351041
 20
9.533243403920562
 10
2.796003541681368
 20
9.535635058970676
 10
2.792247876816435
 20
9.537981336360822
 10
2.7883781820283233
 20
9.540280822781233
 10
2.784396788276476
 20
9.542532133107269
 97
0
 75
0
 76
1
 98
0
  0
LWPOLYLINE
  5
124
330
17
100
AcDbEntity
  8
A-MASS
100
AcDbPolyline
 90
196
 70
1
 10
2.780306093803616
 20
9.544733911233775
 10
2.776108562691131
 20
9.546884830891937
 10
2.771806723374809
 20
9.548983596448178
 10
2.767403167121797
 20
9.551028943684608
 10
2.762900546469723
 20
9.553019640560533
 10
2.758301573628904
 20
9.55495448795459
 10
2.753609018848612
 20
9.556832320387056
 10
2.7488257087483814
 20
9.558652006721891
 10
2.743954524615356
 20
9.560412450848093
 10
2.738998400668714
 20
9.562112592339943
 10
2.733960322292198
 20
9.563751407095781
 10
2.7288433242358368
 20
9.565327907954877
 10
2.7236504887879223
 20
9.566841145292063
 10
2.7183849439183554
 20
9.568290207589751
 10
2.7130498613944742
 20
9.569674221986995
 10
2.707648454870501
 20
9.570992354805274
 10
2.702183977951753
 20
9.572243812050669
 10
2.696659722234796
 20
9.573427839892126
 10
2.6910790153247084
 20
9.574543725115552
 10
2.6854452188306577
 20
9.575590795553412
 10
2.67976172634099
 20
9.576568420489625
 10
2.674031961379062
 20
9.577476011039487
 10
2.6682593753410364
 20
9.578313020504385
 10
2.6624474454168925
 20
9.57907894470112
 10
2.6565996724958945
 20
9.579773322265593
 10
2.650719579057787
 20
9.580395734930724
 10
2.6448107070509868
 20
9.580945807778395
 10
2.6388766157590435
 20
9.581423209465294
 10
2.6329208796566617
 20
9.581827652422493
 10
2.62694708625657
 20
9.582158893028682
 10
2.6209588339485377
 20
9.5824167317569
 10
2.6149597298318406
 20
9.582601013294745
 10
2.6089533875424777
 20
9.582711626637906
 10
2.602943425076451
 20
9.582748505157038
 10
2.5969334626104263
 20
9.582711626637906
 10
2.590927120321063
 20
9.582601013294745
 10
2.5849280162043664
 20
9.582416731756902
 10
2.5789397638963343
 20
9.582158893028682
 10
2.572965970496242
 20
9.581827652422493
 10
2.5670102343938606
 20
9.581423209465294
 10
2.5610761431019173
 20
9.580945807778395
 10
2.555167271095117
 20
9.580395734930724
 10
2.5492871776570096
 20
9.579773322265593
 10
2.5434394047360107
 20
9.57907894470112
 10
2.537627474811867
 20
9.578313020504385
 10
2.531854888773842
 20
9.577476011039487
 10
2.526125123811914
 20
9.576568420489625
 10
2.520441631322246
 20
9.575590795553412
 10
2.514807834828196
 20
9.574543725115552
 10
2.509227127918108
 20
9.573427839892128
 10
2.503702872201151
 20
9.572243812050669
 10
2.4982383952824025
 20
9.570992354805274
 10
2.492836988758429
 20
9.569674221986993
 10
2.4875019062345483
 20
9.568290207589751
 10
2.482236361364982
 20
9.566841145292063
 10
2.477043525917068
 20
9.565327907954877
 10
2.471926527860706
 20
9.563751407095781
 10
2.4668884494841903
 20
9.562112592339943
 10
2.461932325537548
 20
9.560412450848093
 10
2.4570611414045227
 20
9.558652006721891
 10
2.4522778313042912
 20
9.556832320387056
 10
2.4475852765239994
 20
9.55495448795459
 10
2.4429863036831803
 20
9.553019640560533
 10
2.438483683031107
 20
9.551028943684608
 10
2.4340801267780954
 20
9.548983596448178
 10
2.429778287461773
 20
9.546884830891937
 10
2.4255807563492886
 20
9.544733911233775
 10
2.421490061876428
 20
9.542532133107269
 10
2.4175086681245803
 20
9.540280822781233
 10
2.413638973336468
 20
9.537981336360822
 10
2.409883308471535
 20
9.535635058970676
 10
2.4062439358018626
 20
9.533243403920562
 10
2.402723047549462
 20
9.53080781185405
 10
2.39932276456576
 20
9.528329749880728
 10
2.3960451350540835
 20
9.52581071069247
 10
2.392892133335891
 20
9.523252211664289
 10
2.3898656586615195
 20
9.520655793940332
 10
2.3869675340661454
 20
9.518023021505549
 10
2.384199505271657
 20
9.515355480243608
 10
2.381563239635097
 20
9.512654776981622
 10
2.3790603251443088
 20
9.509922538522247
 10
2.3766922694613912
 20
9.507160410663769
 10
2.374460499014541
 20
9.504370057208725
 10
2.372366358138823
 20
9.5015531589617
 10
2.370411108266396
 20
9.498711412716865
 10
2.368595927166673
 20
9.495846530235902
 10
2.366921908236873
 20
9.49296023721689
 10
2.3653900598434037
 20
9.490054272254817
 10
2.36400130471446
 20
9.487130385794318
 10
2.362756479384199
 20
9.484190339075266
 10
2.361656333688856
 20
9.481235903071864
 10
2.360701530315059
 20
9.478268857425892
 10
2.3598926444006576
 20
9.475290989374702
 10
2.3592301631882826
 20
9.472304092674655
 10
2.3587144857318423
 20
9.46930996652064
 10
2.358345922656155
 20
9.466310414462292
 10
2.3581246959698365
 20
9.46330724331761
 10
2.3580509389315703
 20
9.460302262084596
 10
2.3581246959698365
 20
9.457297280851584
 10
2.3583459226561554
 20
9.454294109706902
 10
2.3587144857318423
 20
9.451294557648554
 10
2.359230163188282
 20
9.448300431494538
 10
2.3598926444006585
 20
9.445313534794492
 10
2.3607015303150587
 20
9.4423356667433
 10
2.361656333688855
 20
9.43936862109733
 10
2.362756479384199
 20
9.436414185093929
 10
2.36400130471446
 20
9.433474138374876
 10
2.3653900598434046
 20
9.430550251914376
 10
2.366921908236873
 20
9.427644286952304
 10
2.368595927166673
 20
9.42475799393329
 10
2.3704111082663966
 20
9.421893111452327
 10
2.372366358138823
 20
9.419051365207494
 10
2.374460499014541
 20
9.416234466960468
 10
2.3766922694613912
 20
9.413444113505424
 10
2.3790603251443088
 20
9.410681985646946
 10
2.3815632396350965
 20
9.407949747187573
 10
2.3841995052716576
 20
9.405249043925586
 10
2.3869675340661454
 20
9.402581502663645
 10
2.3898656586615195
 20
9.39994873022886
 10
2.392892133335891
 20
9.397352312504903
 10
2.3960451350540835
 20
9.394793813476724
 10
2.3993227645657607
 20
9.392274774288467
 10
2.402723047549461
 20
9.389796712315144
 10
2.4062439358018635
 20
9.387361120248633
 10
2.409883308471536
 20
9.384969465198516
 10
2.413638973336469
 20
9.38262318780837
 10
2.4175086681245808
 20
9.380323701387962
 10
2.421490061876428
 20
9.378072391061924
 10
2.425580756349288
 20
9.375870612935419
 10
2.429778287461773
 20
9.373719693277257
 10
2.4340801267780954
 20
9.371620927721015
 10
2.438483683031107
 20
9.369575580484584
 10
2.4429863036831807
 20
9.36758488360866
 10
2.4475852765240003
 20
9.365650036214605
 10
2.452277831304292
 20
9.363772203782139
 10
2.457061141404523
 20
9.361952517447303
 10
2.461932325537548
 20
9.360192073321102
 10
2.46688844948419
 20
9.358491931829251
 10
2.471926527860706
 20
9.356853117073413
 10
2.4770435259170673
 20
9.355276616214317
 10
2.482236361364982
 20
9.35376337887713
 10
2.4875019062345483
 20
9.352314316579443
 10
2.492836988758429
 20
9.3509303021822
 10
2.498238395282403
 20
9.349612169363919
 10
2.503702872201151
 20
9.348360712118525
 10
2.509227127918108
 20
9.347176684277066
 10
2.5148078348281957
 20
9.34606079905364
 10
2.5204416313222464
 20
9.345013728615783
 10
2.526125123811914
 20
9.344036103679569
 10
2.531854888773842
 20
9.343128513129708
 10
2.537627474811867
 20
9.342291503664807
 10
2.5434394047360107
 20
9.341525579468072
 10
2.549287177657009
 20
9.340831201903601
 10
2.5551672710951165
 20
9.34020878923847
 10
2.561076143101917
 20
9.3396587163908
 10
2.56701023439386
 20
9.3391813147039
 10
2.5729659704962424
 20
9.338776871746699
 10
2.578939763896334
 20
9.338445631140512
 10
2.5849280162043664
 20
9.338187792412292
 10
2.590927120321063
 20
9.338003510874449
 10
2.5969334626104263
 20
9.33789289753129
 10
2.600511971514487
 20
9.337870938973339
 10
2.8165137614678892
 20
9.44587183395004
 10
2.8321088304353546
 20
9.453175021964398
 10
2.847819204603369
 20
9.459621607402234
 10
2.8478359112213343
 20
9.460302262084596
 10
2.8477621541830676
 20
9.46330724331761
 10
2.8475409274967483
 20
9.466310414462292
 10
2.847172364421062
 20
9.46930996652064
 10
2.8466566869646215
 20
9.472304092674655
 10
2.845994205752246
 20
9.475290989374702
 10
2.8451853198378454
 20
9.478268857425892
 10
2.844230516464048
 20
9.481235903071864
 10
2.843130370768705
 20
9.484190339075266
 10
2.841885545438444
 20
9.487130385794318
 10
2.8404967903094995
 20
9.490054272254817
 10
2.8389649419160303
 20
9.49296023721689
 10
2.837290922986231
 20
9.495846530235902
 10
2.8354757418865075
 20
9.498711412716865
 10
2.833520492014081
 20
9.5015531589617
 10
2.8314263511383633
 20
9.504370057208725
 10
2.8291945806915124
 20
9.507160410663769
 10
2.8268265250085953
 20
9.509922538522247
 10
2.8243236105178062
 20
9.512654776981622
 10
2.821687344881247
 20
9.515355480243608
 10
2.8189193160867583
 20
9.518023021505549
 10
2.816021191491384
 20
9.520655793940332
 10
2.8129947168170126
 20
9.523252211664289
 10
2.80984171509882
 20
9.52581071069247
 10
2.8065640855871434
 20
9.528329749880728
 10
2.803163802603443
 20
9.53080781185405
 10
2.799642914351041
 20
9.533243403920562
 10
2.796003541681368
 20
9.535635058970676
 10
2.792247876816435
 20
9.537981336360822
 10
2.7883781820283233
 20
9.540280822781233
 10
2.784396788276476
 20
9.542532133107269
  0
HATCH
  5
125
330
17
100
AcDbEntity
  8
A-MASS
 62
7
420
15000804
100
AcDbHatch
 10
0.0
 20
0.0
 30
0.0
210
0.0
220
0.0
230
1.0
  2
SOLID
 70
1
 71
0
 91
1
 92
3
 72
0
 73
1
 93
4
 10
2.1700305810397547
 20
8.88580409954888
 10
2.516360856269112
 20
9.05896923716356
 10
2.1700305810397547
 20
9.232134374778237
 10
1.8237003058103969
 20
9.05896923716356
 97
0
 75
0
 76
1
 98
0
  0
LWPOLYLINE
  5
126
330
17
100
AcDbEntity
  8
A-MASS
100
AcDbPolyline
 90
4
 70
1
 10
2.1700305810397547
 20
8.88580409954888
 10
2.516360856269112
 20
9.05896923716356
 10
2.1700305810397547
 20
9.232134374778237
 10
1.8237003058103969
 20
9.05896923716356
  0
HATCH
  5
127
330
17
100
AcDbEntity
  8
A-MASS
 62
7
420
13487565
100
AcDbHatch
 10
0.0
 20
0.0
 30
0.0
210
0.0
220
0.0
230
1.0
  2
SOLID
 70
1
 71
0
 91
1
 92
3
 72
0
 73
1
 93
4
 10
2.1700305810397547
 20
8.659582111071657
 10
2.516360856269112
 20
8.832747248686335
 10
2.516360856269112
 20
9.05896923716356
 10
2.1700305810397547
 20
8.88580409954888
 97
0
 75
0
 76
1
 98
0
  0
LWPOLYLINE
  5
128
330
17
100
AcDbEntity
  8
A-MASS
100
AcDbPolyline
 90
4
 70
1
 10
2.1700305810397547
 20
8.659582111071657
 10
2.516360856269112
 20
8.832747248686335
 10
2.516360856269112
 20
9.05896923716356
 10
2.1700305810397547
 20
8.88580409954888
  0
HATCH
  5
129
330
17
100
AcDbEntity
  8
A-MASS
 62
7
420
11974326
100
AcDbHatch
 10
0.0
 20
0.0
 30
0.0
210
0.0
220
0.0
230
1.0
  2
SOLID
 70
1
 71
0
 91
1
 92
3
 72
0
 73
1
 93
4
 10
1.8237003058103969
 20
8.832747248686335
 10
2.1700305810397547
 20
8.659582111071657
 10
2.1700305810397547
 20
8.88580409954888
 10
1.8237003058103969
 20
9.05896923716356
 97
0
 75
0
 76
1
 98
0
  0
LWPOLYLINE
  5
12A
330
17
100
AcDbEntity
  8
A-MASS
100
AcDbPolyline
 90
4
 70
1
 10
1.8237003058103969
 20
8.832747248686335
 10
2.1700305810397547
 20
8.659582111071657
 10
2.1700305810397547
 20
8.88580409954888
 10
1.8237003058103969
 20
9.05896923716356
  0
HATCH
  5
12B
330
17
100
AcDbEntity
  8
A-MASS
 62
7
420
15000804
100
AcDbHatch
 10
0.0
 20
0.0
 30
0.0
210
0.0
220
0.0
230
1.0
  2
SOLID
 70
1
 71
0
 91
1
 92
3
 72
0
 73
1
 93
4
 10
4.581759174311927
 20
8.557309833493834
 10
4.928089449541284
 20
8.730474971108514
 10
4.28160626911315
 20
9.053716561322581
 10
3.9352759938837916
 20
8.880551423707901
 97
0
 75
0
 76
1
 98
0
  0
LWPOLYLINE
  5
12C
330
17
100
AcDbEntity
  8
A-MASS
100
AcDbPolyline
 90
4
 70
1
 10
4.581759174311927
 20
8.557309833493834
 10
4.928089449541284
 20
8.730474971108514
 10
4.28160626911315
 20
9.053716561322581
 10
3.9352759938837916
 20
8.880551423707901
  0
HATCH
  5
12D
330
17
100
AcDbEntity
  8
A-MASS
 62
7
420
13487565
100
AcDbHatch
 10
0.0
 20
0.0
 30
0.0
210
0.0
220
0.0
230
1.0
  2
SOLID
 70
1
 71
0
 91
1
 92
3
 72
0
 73
1
 93
4
 10
4.581759174311927
 20
8.331087845016611
 10
4.928089449541284
 20
8.50425298263129
 10
4.928089449541284
 20
8.730474971108514
 10
4.581759174311927
 20
8.557309833493834
 97
0
 75
0
 76
1
 98
0
  0
LWPOLYLINE
  5
12E
330
17
100
AcDbEntity
  8
A-MASS
100
AcDbPolyline
 90
4
 70
1
 10
4.581759174311927
 20
8.331087845016611
 10
4.928089449541284
 20
8.50425298263129
 10
4.928089449541284
 20
8.730474971108514
 10
4.581759174311927
 20
8.557309833493834
  0
HATCH
  5
12F
330
17
100
AcDbEntity
  8
A-MASS
 62
7
420
11974326
100
AcDbHatch
 10
0.0
 20
0.0
 30
0.0
210
0.0
220
0.0
230
1.0
  2
SOLID
 70
1
 71
0
 91
1
 92
3
 72
0
 73
1
 93
4
 10
3.9352759938837916
 20
8.654329435230679
 10
4.581759174311927
 20
8.331087845016611
 10
4.581759174311927
 20
8.557309833493834
 10
3.9352759938837916
 20
8.880551423707901
 97
0
 75
0
 76
1
 98
0
  0
LWPOLYLINE
  5
130
330
17
100
AcDbEntity
  8
A-MASS
100
AcDbPolyline
 90
4
 70
1
 10
3.9352759938837916
 20
8.654329435230679
 10
4.581759174311927
 20
8.331087845016611
 10
4.581759174311927
 20
8.557309833493834
 10
3.9352759938837916
 20
8.880551423707901
  0
HATCH
  5
131
330
17
100
AcDbEntity
  8
A-MASS
 62
7
420
15000804
100
AcDbHatch
 10
0.0
 20
0.0
 30
0.0
210
0.0
220
0.0
230
1.0
  2
SOLID
 70
1
 71
0
 91
1
 92
3
 72
0
 73
1
 93
4
 10
1.223394495412843
 20
8.412486056735425
 10
2.0314984709480113
 20
8.816538044503009
 10
1.6851681957186535
 20
8.989703182117687
 10
0.8770642201834855
 20
8.585651194350103
 97
0
 75
0
 76
1
 98
0
  0
LWPOLYLINE
  5
132
330
17
100
AcDbEntity
  8
A-MASS
100
AcDbPolyline
 90
4
 70
1
 10
1.223394495412843
 20
8.412486056735425
 10
2.0314984709480113
 20
8.816538044503009
 10
1.6851681957186535
 20
8.989703182117687
 10
0.8770642201834855
 20
8.585651194350103
  0
HATCH
  5
133
330
17
100
AcDbEntity
  8
A-MASS
 62
7
420
13487565
100
AcDbHatch
 10
0.0
 20
0.0
 30
0.0
210
0.0
220
0.0
230
1.0
  2
SOLID
 70
1
 71
0
 91
1
 92
3
 72
0
 73
1
 93
4
 10
1.223394495412843
 20
8.1862640682582
 10
2.0314984709480113
 20
8.590316056025785
 10
2.0314984709480113
 20
8.816538044503009
 10
1.223394495412843
 20
8.412486056735425
 97
0
 75
0
 76
1
 98
0
  0
LWPOLYLINE
  5
134
330
17
100
AcDbEntity
  8
A-MASS
100
AcDbPolyline
 90
4
 70
1
 10
1.223394495412843
 20
8.1862640682582
 10
2.0314984709480113
 20
8.590316056025785
 10
2.0314984709480113
 20
8.816538044503009
 10
1.223394495412843
 20
8.412486056735425
  0
HATCH
  5
135
330
17
100
AcDbEntity
  8
A-MASS
 62
7
420
11974326
100
AcDbHatch
 10
0.0
 20
0.0
 30
0.0
210
0.0
220
0.0
230
1.0
  2
SOLID
 70
1
 71
0
 91
1
 92
3
 72
0
 73
1
 93
4
 10
0.8770642201834855
 20
8.35942920587288
 10
1.223394495412843
 20
8.1862640682582
 10
1.223394495412843
 20
8.412486056735425
 10
0.8770642201834855
 20
8.585651194350103
 97
0
 75
0
 76
1
 98
0
  0
LWPOLYLINE
  5
136
330
17
100
AcDbEntity
  8
A-MASS
100
AcDbPolyline
 90
4
 70
1
 10
0.8770642201834855
 20
8.35942920587288
 10
1.223394495412843
 20
8.1862640682582
 10
1.223394495412843
 20
8.412486056735425
 10
0.8770642201834855
 20
8.585651194350103
  0
HATCH
  5
137
330
17
100
AcDbEntity
  8
A-MASS
 62
7
420
11974326
100
AcDbHatch
 10
0.0
 20
0.0
 30
0.0
210
0.0
220
0.0
230
1.0
  2
SOLID
 70
1
 71
0
 91
1
 92
3
 72
0
 73
1
 93
4
 10
0.7583390704612571
 20
7.886111163059424
 10
0.7590381819427581
 20
7.875433339780208
 10
0.7590381819427581
 20
8.338481472444524
 10
0.7583390704612571
 20
8.34915929572374
 97
0
 75
0
 76
1
 98
0
  0
LWPOLYLINE
  5
138
330
17
100
AcDbEntity
  8
A-MASS
100
AcDbPolyline
 90
4
 70
1
 10
0.7583390704612571
 20
7.886111163059424
 10
0.7590381819427581
 20
7.875433339780208
 10
0.7590381819427581
 20
8.338481472444524
 10
0.7583390704612571
 20
8.34915929572374
  0
HATCH
  5
139
330
17
100
AcDbEntity
  8
A-MASS
 62
7
420
11974326
100
AcDbHatch
 10
0.0
 20
0.0
 30
0.0
210
0.0
220
0.0
230
1.0
  2
SOLID
 70
1
 71
0
 91
1
 92
3
 72
0
 73
1
 93
4
 10
0.7590381819427581
 20
7.875433339780208
 10
0.7611325226845662
 20
7.8648012405795615
 10
0.7611325226845662
 20
8.327849373243879
 10
0.7590381819427581
 20
8.338481472444524
 97
0
 75
0
 76
1
 98
0
  0
LWPOLYLINE
  5
13A
330
17
100
AcDbEntity
  8
A-MASS
100
AcDbPolyline
 90
4
 70
1
 10
0.7590381819427581
 20
7.875433339780208
 10
0.7611325226845662
 20
7.8648012405795615
 10
0.7611325226845662
 20
8.327849373243879
 10
0.7590381819427581
 20
8.338481472444524
  0
HATCH
  5
13B
330
17
100
AcDbEntity
  8
A-MASS
 62
7
420
11974326
100
AcDbHatch
 10
0.0
 20
0.0
 30
0.0
210
0.0
220
0.0
230
1.0
  2
SOLID
 70
1
 71
0
 91
1
 92
3
 72
0
 73
1
 93
4
 10
0.7611325226845662
 20
7.8648012405795615
 10
0.7646131243980965
 20
7.854260393738534
 10
0.7646131243980965
 20
8.31730852640285
 10
0.7611325226845662
 20
8.327849373243879
 97
0
 75
0
 76
1
 98
0
  0
LWPOLYLINE
  5
13C
330
17
100
AcDbEntity
  8
A-MASS
100
AcDbPolyline
 90
4
 70
1
 10
0.7611325226845662
 20
7.8648012405795615
 10
0.7646131243980965
 20
7.854260393738534
 10
0.7646131243980965
 20
8.31730852640285
 10
0.7611325226845662
 20
8.327849373243879
  0
HATCH
  5
13D
330
17
100
AcDbEntity
  8
A-MASS
 62
7
420
11974326
100
AcDbHatch
 10
0.0
 20
0.0
 30
0.0
210
0.0
220
0.0
230
1.0
  2
SOLID
 70
1
 71
0
 91
1
 92
3
 72
0
 73
1
 93
4
 10
0.7646131243980965
 20
7.854260393738534
 10
0.7694650826124607
 20
7.843855936781557
 10
0.7694650826124607
 20
8.306904069445872
 10
0.7646131243980965
 20
8.31730852640285
 97
0
 75
0
 76
1
 98
0
  0
LWPOLYLINE
  5
13E
330
17
100
AcDbEntity
  8
A-MASS
100
AcDbPolyline
 90
4
 70
1
 10
0.7646131243980965
 20
7.854260393738534
 10
0.7694650826124607
 20
7.843855936781557
 10
0.7694650826124607
 20
8.306904069445872
 10
0.7646131243980965
 20
8.31730852640285
  0
HATCH
  5
13F
330
17
100
AcDbEntity
  8
A-MASS
 62
7
420
11974326
100
AcDbHatch
 10
0.0
 20
0.0
 30
0.0
210
0.0
220
0.0
230
1.0
  2
SOLID
 70
1
 71
0
 91
1
 92
3
 72
0
 73
1
 93
4
 10
0.7694650826124607
 20
7.843855936781557
 10
0.775667620497698
 20
7.833632423190642
 10
0.775667620497698
 20
8.296680555854959
 10
0.7694650826124607
 20
8.306904069445872
 97
0
 75
0
 76
1
 98
0
  0
LWPOLYLINE
  5
140
330
17
100
AcDbEntity
  8
A-MASS
100
AcDbPolyline
 90
4
 70
1
 10
0.7694650826124607
 20
7.843855936781557
 10
0.775667620497698
 20
7.833632423190642
 10
0.775667620497698
 20
8.296680555854959
 10
0.7694650826124607
 20
8.306904069445872
  0
HATCH
  5
141
330
17
100
AcDbEntity
  8
A-MASS
 62
7
420
11974326
100
AcDbHatch
 10
0.0
 20
0.0
 30
0.0
210
0.0
220
0.0
230
1.0
  2
SOLID
 70
1
 71
0
 91
1
 92
3
 72
0
 73
1
 93
4
 10
0.775667620497698
 20
7.833632423190642
 10
0.7831941778343525
 20
7.823633631620528
 10
0.7831941778343525
 20
8.286681764284845
 10
0.775667620497698
 20
8.296680555854959
 97
0
 75
0
 76
1
 98
0
  0
LWPOLYLINE
  5
142
330
17
100
AcDbEntity
  8
A-MASS
100
AcDbPolyline
 90
4
 70
1
 10
0.775667620497698
 20
7.833632423190642
 10
0.7831941778343525
 20
7.823633631620528
 10
0.7831941778343525
 20
8.286681764284845
 10
0.775667620497698
 20
8.296680555854959
  0
HATCH
  5
143
330
17
100
AcDbEntity
  8
A-MASS
 62
7
420
11974326
100
AcDbHatch
 10
0.0
 20
0.0
 30
0.0
210
0.0
220
0.0
230
1.0
  2
SOLID
 70
1
 71
0
 91
1
 92
3
 72
0
 73
1
 93
4
 10
0.7831941778343525
 20
7.823633631620528
 10
0.792012524748412
 20
7.813902378431761
 10
0.792012524748412
 20
8.276950511096077
 10
0.7831941778343525
 20
8.286681764284845
 97
0
 75
0
 76
1
 98
0
  0
LWPOLYLINE
  5
144
330
17
100
AcDbEntity
  8
A-MASS
100
AcDbPolyline
 90
4
 70
1
 10
0.7831941778343525
 20
7.823633631620528
 10
0.792012524748412
 20
7.813902378431761
 10
0.792012524748412
 20
8.276950511096077
 10
0.7831941778343525
 20
8.286681764284845
  0
HATCH
  5
145
330
17
100
AcDbEntity
  8
A-MASS
 62
7
420
11974326
100
AcDbHatch
 10
0.0
 20
0.0
 30
0.0
210
0.0
220
0.0
230
1.0
  2
SOLID
 70
1
 71
0
 91
1
 92
3
 72
0
 73
1
 93
4
 10
0.792012524748412
 20
7.813902378431761
 10
0.8020848997245711
 20
7.804480334344463
 10
0.8020848997245711
 20
8.26752846700878
 10
0.792012524748412
 20
8.276950511096077
 97
0
 75
0
 76
1
 98
0
  0
LWPOLYLINE
  5
146
330
17
100
AcDbEntity
  8
A-MASS
100
AcDbPolyline
 90
4
 70
1
 10
0.792012524748412
 20
7.813902378431761
 10
0.8020848997245711
 20
7.804480334344463
 10
0.8020848997245711
 20
8.26752846700878
 10
0.792012524748412
 20
8.276950511096077
  0
HATCH
  5
147
330
17
100
AcDbEntity
  8
A-MASS
 62
7
420
11974326
100
AcDbHatch
 10
0.0
 20
0.0
 30
0.0
210
0.0
220
0.0
230
1.0
  2
SOLID
 70
1
 71
0
 91
1
 92
3
 72
0
 73
1
 93
4
 10
0.8020848997245711
 20
7.804480334344463
 10
0.8133681713068448
 20
7.795407845997916
 10
0.8133681713068448
 20
8.258455978662232
 10
0.8020848997245711
 20
8.26752846700878
 97
0
 75
0
 76
1
 98
0
  0
LWPOLYLINE
  5
148
330
17
100
AcDbEntity
  8
A-MASS
100
AcDbPolyline
 90
4
 70
1
 10
0.8020848997245711
 20
7.804480334344463
 10
0.8133681713068448
 20
7.795407845997916
 10
0.8133681713068448
 20
8.258455978662232
 10
0.8020848997245711
 20
8.26752846700878
  0
HATCH
  5
149
330
17
100
AcDbEntity
  8
A-MASS
 62
7
420
11974326
100
AcDbHatch
 10
0.0
 20
0.0
 30
0.0
210
0.0
220
0.0
230
1.0
  2
SOLID
 70
1
 71
0
 91
1
 92
3
 72
0
 73
1
 93
4
 10
0.8133681713068448
 20
7.795407845997916
 10
0.8258140227940771
 20
7.786723763180053
 10
0.8258140227940771
 20
8.249771895844368
 10
0.8133681713068448
 20
8.258455978662232
 97
0
 75
0
 76
1
 98
0
  0
LWPOLYLINE
  5
14A
330
17
100
AcDbEntity
  8
A-MASS
100
AcDbPolyline
 90
4
 70
1
 10
0.8133681713068448
 20
7.795407845997916
 10
0.8258140227940771
 20
7.786723763180053
 10
0.8258140227940771
 20
8.249771895844368
 10
0.8133681713068448
 20
8.258455978662232
  0
HATCH
  5
14B
330
17
100
AcDbEntity
  8
A-MASS
 62
7
420
11974326
100
AcDbHatch
 10
0.0
 20
0.0
 30
0.0
210
0.0
220
0.0
230
1.0
  2
SOLID
 70
1
 71
0
 91
1
 92
3
 72
0
 73
1
 93
4
 10
0.8258140227940771
 20
7.786723763180053
 10
0.8393691591394785
 20
7.778465272466704
 10
0.8393691591394785
 20
8.24151340513102
 10
0.8258140227940771
 20
8.249771895844368
 97
0
 75
0
 76
1
 98
0
  0
LWPOLYLINE
  5
14C
330
17
100
AcDbEntity
  8
A-MASS
100
AcDbPolyline
 90
4
 70
1
 10
0.8258140227940771
 20
7.786723763180053
 10
0.8393691591394785
 20
7.778465272466704
 10
0.8393691591394785
 20
8.24151340513102
 10
0.8258140227940771
 20
8.249771895844368
  0
HATCH
  5
14D
330
17
100
AcDbEntity
  8
A-MASS
 62
7
420
11974326
100
AcDbHatch
 10
0.0
 20
0.0
 30
0.0
210
0.0
220
0.0
230
1.0
  2
SOLID
 70
1
 71
0
 91
1
 92
3
 72
0
 73
1
 93
4
 10
0.8393691591394785
 20
7.778465272466704
 10
0.8539755351681952
 20
7.770667737982971
 10
0.8539755351681952
 20
8.233715870647288
 10
0.8393691591394785
 20
8.24151340513102
 97
0
 75
0
 76
1
 98
0
  0
LWPOLYLINE
  5
14E
330
17
100
AcDbEntity
  8
A-MASS
100
AcDbPolyline
 90
4
 70
1
 10
0.8393691591394785
 20
7.778465272466704
 10
0.8539755351681952
 20
7.770667737982971
 10
0.8539755351681952
 20
8.233715870647288
 10
0.8393691591394785
 20
8.24151340513102
  0
HATCH
  5
14F
330
17
100
AcDbEntity
  8
A-MASS
 62
7
420
13487565
100
AcDbHatch
 10
0.0
 20
0.0
 30
0.0
210
0.0
220
0.0
230
1.0
  2
SOLID
 70
1
 71
0
 91
1
 92
3
 72
0
 73
1
 93
4
 10
5.820625426619934
 20
7.633002147119658
 10
5.821324538101433
 20
7.643679970398874
 10
5.821324538101433
 20
8.10672810306319
 10
5.820625426619934
 20
8.096050279783974
 97
0
 75
0
 76
1
 98
0
  0
LWPOLYLINE
  5
150
330
17
100
AcDbEntity
  8
A-MASS
100
AcDbPolyline
 90
4
 70
1
 10
5.820625426619934
 20
7.633002147119658
 10
5.821324538101433
 20
7.643679970398874
 10
5.821324538101433
 20
8.10672810306319
 10
5.820625426619934
 20
8.096050279783974
  0
HATCH
  5
151
330
17
100
AcDbEntity
  8
A-MASS
 62
7
420
13487565
100
AcDbHatch
 10
0.0
 20
0.0
 30
0.0
210
0.0
220
0.0
230
1.0
  2
SOLID
 70
1
 71
0
 91
1
 92
3
 72
0
 73
1
 93
4
 10
5.818531085878124
 20
7.622370047919012
 10
5.820625426619934
 20
7.633002147119658
 10
5.820625426619934
 20
8.096050279783974
 10
5.818531085878124
 20
8.085418180583329
 97
0
 75
0
 76
1
 98
0
  0
LWPOLYLINE
  5
152
330
17
100
AcDbEntity
  8
A-MASS
100
AcDbPolyline
 90
4
 70
1
 10
5.818531085878124
 20
7.622370047919012
 10
5.820625426619934
 20
7.633002147119658
 10
5.820625426619934
 20
8.096050279783974
 10
5.818531085878124
 20
8.085418180583329
  0
HATCH
  5
153
330
17
100
AcDbEntity
  8
A-MASS
 62
7
420
13487565
100
AcDbHatch
 10
0.0
 20
0.0
 30
0.0
210
0.0
220
0.0
230
1.0
  2
SOLID
 70
1
 71
0
 91
1
 92
3
 72
0
 73
1
 93
4
 10
5.815050484164594
 20
7.611829201077984
 10
5.818531085878124
 20
7.622370047919012
 10
5.818531085878124
 20
8.085418180583329
 10
5.815050484164594
 20
8.0748773337423
 97
0
 75
0
 76
1
 98
0
  0
LWPOLYLINE
  5
154
330
17
100
AcDbEntity
  8
A-MASS
100
AcDbPolyline
 90
4
 70
1
 10
5.815050484164594
 20
7.611829201077984
 10
5.818531085878124
 20
7.622370047919012
 10
5.818531085878124
 20
8.085418180583329
 10
5.815050484164594
 20
8.0748773337423
  0
HATCH
  5
155
330
17
100
AcDbEntity
  8
A-MASS
 62
7
420
13487565
100
AcDbHatch
 10
0.0
 20
0.0
 30
0.0
210
0.0
220
0.0
230
1.0
  2
SOLID
 70
1
 71
0
 91
1
 92
3
 72
0
 73
1
 93
4
 10
5.810198525950231
 20
7.601424744121006
 10
5.815050484164594
 20
7.611829201077984
 10
5.815050484164594
 20
8.0748773337423
 10
5.810198525950231
 20
8.064472876785324
 97
0
 75
0
 76
1
 98
0
  0
LWPOLYLINE
  5
156
330
17
100
AcDbEntity
  8
A-MASS
100
AcDbPolyline
 90
4
 70
1
 10
5.810198525950231
 20
7.601424744121006
 10
5.815050484164594
 20
7.611829201077984
 10
5.815050484164594
 20
8.0748773337423
 10
5.810198525950231
 20
8.064472876785324
  0
HATCH
  5
157
330
17
100
AcDbEntity
  8
A-MASS
 62
7
420
13487565
100
AcDbHatch
 10
0.0
 20
0.0
 30
0.0
210
0.0
220
0.0
230
1.0
  2
SOLID
 70
1
 71
0
 91
1
 92
3
 72
0
 73
1
 93
4
 10
5.803995988064993
 20
7.591201230530093
 10
5.810198525950231
 20
7.601424744121006
 10
5.810198525950231
 20
8.064472876785324
 10
5.803995988064993
 20
8.054249363194408
 97
0
 75
0
 76
1
 98
0
  0
LWPOLYLINE
  5
158
330
17
100
AcDbEntity
  8
A-MASS
100
AcDbPolyline
 90
4
 70
1
 10
5.803995988064993
 20
7.591201230530093
 10
5.810198525950231
 20
7.601424744121006
 10
5.810198525950231
 20
8.064472876785324
 10
5.803995988064993
 20
8.054249363194408
  0
HATCH
  5
159
330
17
100
AcDbEntity
  8
A-MASS
 62
7
420
13487565
100
AcDbHatch
 10
0.0
 20
0.0
 30
0.0
210
0.0
220
0.0
230
1.0
  2
SOLID
 70
1
 71
0
 91
1
 92
3
 72
0
 73
1
 93
4
 10
5.796469430728338
 20
7.581202438959978
 10
5.803995988064993
 20
7.591201230530093
 10
5.803995988064993
 20
8.054249363194408
 10
5.796469430728338
 20
8.044250571624294
 97
0
 75
0
 76
1
 98
0
  0
LWPOLYLINE
  5
15A
330
17
100
AcDbEntity
  8
A-MASS
100
AcDbPolyline
 90
4
 70
1
 10
5.796469430728338
 20
7.581202438959978
 10
5.803995988064993
 20
7.591201230530093
 10
5.803995988064993
 20
8.054249363194408
 10
5.796469430728338
 20
8.044250571624294
  0
HATCH
  5
15B
330
17
100
AcDbEntity
  8
A-MASS
 62
7
420
13487565
100
AcDbHatch
 10
0.0
 20
0.0
 30
0.0
210
0.0
220
0.0
230
1.0
  2
SOLID
 70
1
 71
0
 91
1
 92
3
 72
0
 73
1
 93
4
 10
5.7876510838142785
 20
7.571471185771211
 10
5.796469430728338
 20
7.581202438959978
 10
5.796469430728338
 20
8.044250571624294
 10
5.7876510838142785
 20
8.034519318435526
 97
0
 75
0
 76
1
 98
0
  0
LWPOLYLINE
  5
15C
330
17
100
AcDbEntity
  8
A-MASS
100
AcDbPolyline
 90
4
 70
1
 10
5.7876510838142785
 20
7.571471185771211
 10
5.796469430728338
 20
7.581202438959978
 10
5.796469430728338
 20
8.044250571624294
 10
5.7876510838142785
 20
8.034519318435526
  0
HATCH
  5
15D
330
17
100
AcDbEntity
  8
A-MASS
 62
7
420
13487565
100
AcDbHatch
 10
0.0
 20
0.0
 30
0.0
210
0.0
220
0.0
230
1.0
  2
SOLID
 70
1
 71
0
 91
1
 92
3
 72
0
 73
1
 93
4
 10
5.77757870883812
 20
7.562049141683913
 10
5.7876510838142785
 20
7.571471185771211
 10
5.7876510838142785
 20
8.034519318435526
 10
5.77757870883812
 20
8.02509727434823
 97
0
 75
0
 76
1
 98
0
  0
LWPOLYLINE
  5
15E
330
17
100
AcDbEntity
  8
A-MASS
100
AcDbPolyline
 90
4
 70
1
 10
5.77757870883812
 20
7.562049141683913
 10
5.7876510838142785
 20
7.571471185771211
 10
5.7876510838142785
 20
8.034519318435526
 10
5.77757870883812
 20
8.02509727434823
  0
HATCH
  5
15F
330
17
100
AcDbEntity
  8
A-MASS
 62
7
420
13487565
100
AcDbHatch
 10
0.0
 20
0.0
 30
0.0
210
0.0
220
0.0
230
1.0
  2
SOLID
 70
1
 71
0
 91
1
 92
3
 72
0
 73
1
 93
4
 10
5.766295437255846
 20
7.552976653337366
 10
5.77757870883812
 20
7.562049141683913
 10
5.77757870883812
 20
8.02509727434823
 10
5.766295437255846
 20
8.016024786001683
 97
0
 75
0
 76
1
 98
0
  0
LWPOLYLINE
  5
160
330
17
100
AcDbEntity
  8
A-MASS
100
AcDbPolyline
 90
4
 70
1
 10
5.766295437255846
 20
7.552976653337366
 10
5.77757870883812
 20
7.562049141683913
 10
5.77757870883812
 20
8.02509727434823
 10
5.766295437255846
 20
8.016024786001683
  0
HATCH
  5
161
330
17
100
AcDbEntity
  8
A-MASS
 62
7
420
13487565
100
AcDbHatch
 10
0.0
 20
0.0
 30
0.0
210
0.0
220
0.0
230
1.0
  2
SOLID
 70
1
 71
0
 91
1
 92
3
 72
0
 73
1
 93
4
 10
5.753849585768614
 20
7.544292570519502
 10
5.766295437255846
 20
7.552976653337366
 10
5.766295437255846
 20
8.016024786001683
 10
5.753849585768614
 20
8.00734070318382
 97
0
 75
0
 76
1
 98
0
  0
LWPOLYLINE
  5
162
330
17
100
AcDbEntity
  8
A-MASS
100
AcDbPolyline
 90
4
 70
1
 10
5.753849585768614
 20
7.544292570519502
 10
5.766295437255846
 20
7.552976653337366
 10
5.766295437255846
 20
8.016024786001683
 10
5.753849585768614
 20
8.00734070318382
  0
HATCH
  5
163
330
17
100
AcDbEntity
  8
A-MASS
 62
7
420
13487565
100
AcDbHatch
 10
0.0
 20
0.0
 30
0.0
210
0.0
220
0.0
230
1.0
  2
SOLID
 70
1
 71
0
 91
1
 92
3
 72
0
 73
1
 93
4
 10
5.740294449423212
 20
7.536034079806154
 10
5.753849585768614
 20
7.544292570519502
 10
5.753849585768614
 20
8.00734070318382
 10
5.740294449423212
 20
7.99908221247047
 97
0
 75
0
 76
1
 98
0
  0
LWPOLYLINE
  5
164
330
17
100
AcDbEntity
  8
A-MASS
100
AcDbPolyline
 90
4
 70
1
 10
5.740294449423212
 20
7.536034079806154
 10
5.753849585768614
 20
7.544292570519502
 10
5.753849585768614
 20
8.00734070318382
 10
5.740294449423212
 20
7.99908221247047
  0
HATCH
  5
165
330
17
100
AcDbEntity
  8
A-MASS
 62
7
420
13487565
100
AcDbHatch
 10
0.0
 20
0.0
 30
0.0
210
0.0
220
0.0
230
1.0
  2
SOLID
 70
1
 71
0
 91
1
 92
3
 72
0
 73
1
 93
4
 10
5.725688073394496
 20
7.528236545322422
 10
5.740294449423212
 20
7.536034079806154
 10
5.740294449423212
 20
7.99908221247047
 10
5.725688073394496
 20
7.991284677986737
 97
0
 75
0
 76
1
 98
0
  0
LWPOLYLINE
  5
166
330
17
100
AcDbEntity
  8
A-MASS
100
AcDbPolyline
 90
4
 70
1
 10
5.725688073394496
 20
7.528236545322422
 10
5.740294449423212
 20
7.536034079806154
 10
5.740294449423212
 20
7.99908221247047
 10
5.725688073394496
 20
7.991284677986737
  0
HATCH
  5
167
330
17
100
AcDbEntity
  8
A-MASS
 62
7
420
11974326
100
AcDbHatch
 10
0.0
 20
0.0
 30
0.0
210
0.0
220
0.0
230
1.0
  2
SOLID
 70
1
 71
0
 91
1
 92
3
 72
0
 73
1
 93
4
 10
0.8539755351681952
 20
7.770667737982971
 10
3.301376146788991
 20
6.546967432172574
 10
3.301376146788991
 20
7.01001556483689
 10
0.8539755351681952
 20
8.233715870647288
 97
0
 75
0
 76
1
 98
0
  0
LWPOLYLINE
  5
168
330
17
100
AcDbEntity
  8
A-MASS
100
AcDbPolyline
 90
4
 70
1
 10
0.8539755351681952
 20
7.770667737982971
 10
3.301376146788991
 20
6.546967432172574
 10
3.301376146788991
 20
7.01001556483689
 10
0.8539755351681952
 20
8.233715870647288
  0
HATCH
  5
169
330
17
100
AcDbEntity
  8
A-MASS
 62
7
420
13487565
100
AcDbHatch
 10
0.0
 20
0.0
 30
0.0
210
0.0
220
0.0
230
1.0
  2
SOLID
 70
1
 71
0
 91
1
 92
3
 72
0
 73
1
 93
4
 10
3.7631498470948017
 20
6.546967432172574
 10
5.725688073394496
 20
7.528236545322422
 10
5.725688073394496
 20
7.991284677986737
 10
3.7631498470948017
 20
7.01001556483689
 97
0
 75
0
 76
1
 98
0
  0
LWPOLYLINE
  5
16A
330
17
100
AcDbEntity
  8
A-MASS
100
AcDbPolyline
 90
4
 70
1
 10
3.7631498470948017
 20
6.546967432172574
 10
5.725688073394496
 20
7.528236545322422
 10
5.725688073394496
 20
7.991284677986737
 10
3.7631498470948017
 20
7.01001556483689
  0
HATCH
  5
16B
330
17
100
AcDbEntity
  8
A-MASS
 62
7
420
13487565
100
AcDbHatch
 10
0.0
 20
0.0
 30
0.0
210
0.0
220
0.0
230
1.0
  2
SOLID
 70
1
 71
0
 91
1
 92
3
 72
0
 73
1
 93
4
 10
3.747554778127336
 20
6.539664244158216
 10
3.7631498470948017
 20
6.546967432172574
 10
3.7631498470948017
 20
7.01001556483689
 10
3.747554778127336
 20
7.002712376822532
 97
0
 75
0
 76
1
 98
0
  0
LWPOLYLINE
  5
16C
330
17
100
AcDbEntity
  8
A-MASS
100
AcDbPolyline
 90
4
 70
1
 10
3.747554778127336
 20
6.539664244158216
 10
3.7631498470948017
 20
6.546967432172574
 10
3.7631498470948017
 20
7.01001556483689
 10
3.747554778127336
 20
7.002712376822532
  0
HATCH
  5
16D
330
17
100
AcDbEntity
  8
A-MASS
 62
7
420
11974326
100
AcDbHatch
 10
0.0
 20
0.0
 30
0.0
210
0.0
220
0.0
230
1.0
  2
SOLID
 70
1
 71
0
 91
1
 92
3
 72
0
 73
1
 93
4
 10
3.301376146788991
 20
6.546967432172574
 10
3.316971215756457
 20
6.539664244158216
 10
3.316971215756457
 20
7.002712376822532
 10
3.301376146788991
 20
7.01001556483689
 97
0
 75
0
 76
1
 98
0
  0
LWPOLYLINE
  5
16E
330
17
100
AcDbEntity
  8
A-MASS
100
AcDbPolyline
 90
4
 70
1
 10
3.301376146788991
 20
6.546967432172574
 10
3.316971215756457
 20
6.539664244158216
 10
3.316971215756457
 20
7.002712376822532
 10
3.301376146788991
 20
7.01001556483689
  0
HATCH
  5
16F
330
17
100
AcDbEntity
  8
A-MASS
 62
7
420
13487565
100
AcDbHatch
 10
0.0
 20
0.0
 30
0.0
210
0.0
220
0.0
230
1.0
  2
SOLID
 70
1
 71
0
 91
1
 92
3
 72
0
 73
1
 93
4
 10
3.731037796700639
 20
6.532886675985515
 10
3.747554778127336
 20
6.539664244158216
 10
3.747554778127336
 20
7.002712376822532
 10
3.731037796700639
 20
6.995934808649832
 97
0
 75
0
 76
1
 98
0
  0
LWPOLYLINE
  5
170
330
17
100
AcDbEntity
  8
A-MASS
100
AcDbPolyline
 90
4
 70
1
 10
3.731037796700639
 20
6.532886675985515
 10
3.747554778127336
 20
6.539664244158216
 10
3.747554778127336
 20
7.002712376822532
 10
3.731037796700639
 20
6.995934808649832
  0
HATCH
  5
171
330
17
100
AcDbEntity
  8
A-MASS
 62
7
420
11974326
100
AcDbHatch
 10
0.0
 20
0.0
 30
0.0
210
0.0
220
0.0
230
1.0
  2
SOLID
 70
1
 71
0
 91
1
 92
3
 72
0
 73
1
 93
4
 10
3.316971215756457
 20
6.539664244158216
 10
3.333488197183154
 20
6.532886675985515
 10
3.333488197183154
 20
6.995934808649832
 10
3.316971215756457
 20
7.002712376822532
 97
0
 75
0
 76
1
 98
0
  0
LWPOLYLINE
  5
172
330
17
100
AcDbEntity
  8
A-MASS
100
AcDbPolyline
 90
4
 70
1
 10
3.316971215756457
 20
6.539664244158216
 10
3.333488197183154
 20
6.532886675985515
 10
3.333488197183154
 20
6.995934808649832
 10
3.316971215756457
 20
7.002712376822532
  0
HATCH
  5
173
330
17
100
AcDbEntity
  8
A-MASS
 62
7
420
13487565
100
AcDbHatch
 10
0.0
 20
0.0
 30
0.0
210
0.0
220
0.0
230
1.0
  2
SOLID
 70
1
 71
0
 91
1
 92
3
 72
0
 73
1
 93
4
 10
3.713669631064912
 20
6.526663750241899
 10
3.731037796700639
 20
6.532886675985515
 10
3.731037796700639
 20
6.995934808649832
 10
3.713669631064912
 20
6.9897118829062155
 97
0
 75
0
 76
1
 98
0
  0
LWPOLYLINE
  5
174
330
17
100
AcDbEntity
  8
A-MASS
100
AcDbPolyline
 90
4
 70
1
 10
3.713669631064912
 20
6.526663750241899
 10
3.731037796700639
 20
6.532886675985515
 10
3.731037796700639
 20
6.995934808649832
 10
3.713669631064912
 20
6.9897118829062155
  0
HATCH
  5
175
330
17
100
AcDbEntity
  8
A-MASS
 62
7
420
11974326
100
AcDbHatch
 10
0.0
 20
0.0
 30
0.0
210
0.0
220
0.0
230
1.0
  2
SOLID
 70
1
 71
0
 91
1
 92
3
 72
0
 73
1
 93
4
 10
3.333488197183154
 20
6.532886675985515
 10
3.3508563628188806
 20
6.526663750241899
 10
3.3508563628188806
 20
6.9897118829062155
 10
3.333488197183154
 20
6.995934808649832
 97
0
 75
0
 76
1
 98
0
  0
LWPOLYLINE
  5
176
330
17
100
AcDbEntity
  8
A-MASS
100
AcDbPolyline
 90
4
 70
1
 10
3.333488197183154
 20
6.532886675985515
 10
3.3508563628188806
 20
6.526663750241899
 10
3.3508563628188806
 20
6.9897118829062155
 10
3.333488197183154
 20
6.995934808649832
  0
HATCH
  5
177
330
17
100
AcDbEntity
  8
A-MASS
 62
7
420
13487565
100
AcDbHatch
 10
0.0
 20
0.0
 30
0.0
210
0.0
220
0.0
230
1.0
  2
SOLID
 70
1
 71
0
 91
1
 92
3
 72
0
 73
1
 93
4
 10
3.695524654371818
 20
6.521022114450762
 10
3.713669631064912
 20
6.526663750241899
 10
3.713669631064912
 20
6.9897118829062155
 10
3.695524654371818
 20
6.984070247115079
 97
0
 75
0
 76
1
 98
0
  0
LWPOLYLINE
  5
178
330
17
100
AcDbEntity
  8
A-MASS
100
AcDbPolyline
 90
4
 70
1
 10
3.695524654371818
 20
6.521022114450762
 10
3.713669631064912
 20
6.526663750241899
 10
3.713669631064912
 20
6.9897118829062155
 10
3.695524654371818
 20
6.984070247115079
  0
HATCH
  5
179
330
17
100
AcDbEntity
  8
A-MASS
 62
7
420
11974326
100
AcDbHatch
 10
0.0
 20
0.0
 30
0.0
210
0.0
220
0.0
230
1.0
  2
SOLID
 70
1
 71
0
 91
1
 92
3
 72
0
 73
1
 93
4
 10
3.3508563628188806
 20
6.526663750241899
 10
3.369001339511975
 20
6.521022114450762
 10
3.369001339511975
 20
6.984070247115079
 10
3.3508563628188806
 20
6.9897118829062155
 97
0
 75
0
 76
1
 98
0
  0
LWPOLYLINE
  5
17A
330
17
100
AcDbEntity
  8
A-MASS
100
AcDbPolyline
 90
4
 70
1
 10
3.3508563628188806
 20
6.526663750241899
 10
3.369001339511975
 20
6.521022114450762
 10
3.369001339511975
 20
6.984070247115079
 10
3.3508563628188806
 20
6.9897118829062155
  0
HATCH
  5
17B
330
17
100
AcDbEntity
  8
A-MASS
 62
7
420
13487565
100
AcDbHatch
 10
0.0
 20
0.0
 30
0.0
210
0.0
220
0.0
230
1.0
  2
SOLID
 70
1
 71
0
 91
1
 92
3
 72
0
 73
1
 93
4
 10
3.6766805661972226
 20
6.515985926962682
 10
3.695524654371818
 20
6.521022114450762
 10
3.695524654371818
 20
6.984070247115079
 10
3.6766805661972226
 20
6.979034059626999
 97
0
 75
0
 76
1
 98
0
  0
LWPOLYLINE
  5
17C
330
17
100
AcDbEntity
  8
A-MASS
100
AcDbPolyline
 90
4
 70
1
 10
3.6766805661972226
 20
6.515985926962682
 10
3.695524654371818
 20
6.521022114450762
 10
3.695524654371818
 20
6.984070247115079
 10
3.6766805661972226
 20
6.979034059626999
  0
HATCH
  5
17D
330
17
100
AcDbEntity
  8
A-MASS
 62
7
420
11974326
100
AcDbHatch
 10
0.0
 20
0.0
 30
0.0
210
0.0
220
0.0
230
1.0
  2
SOLID
 70
1
 71
0
 91
1
 92
3
 72
0
 73
1
 93
4
 10
3.369001339511975
 20
6.521022114450762
 10
3.3878454276865697
 20
6.515985926962682
 10
3.3878454276865697
 20
6.979034059626999
 10
3.369001339511975
 20
6.984070247115079
 97
0
 75
0
 76
1
 98
0
  0
LWPOLYLINE
  5
17E
330
17
100
AcDbEntity
  8
A-MASS
100
AcDbPolyline
 90
4
 70
1
 10
3.369001339511975
 20
6.521022114450762
 10
3.3878454276865697
 20
6.515985926962682
 10
3.3878454276865697
 20
6.979034059626999
 10
3.369001339511975
 20
6.984070247115079
  0
HATCH
  5
17F
330
17
100
AcDbEntity
  8
A-MASS
 62
7
420
13487565
100
AcDbHatch
 10
0.0
 20
0.0
 30
0.0
210
0.0
220
0.0
230
1.0
  2
SOLID
 70
1
 71
0
 91
1
 92
3
 72
0
 73
1
 93
4
 10
3.657218059819688
 20
6.511576753505653
 10
3.6766805661972226
 20
6.515985926962682
 10
3.6766805661972226
 20
6.979034059626999
 10
3.657218059819688
 20
6.974624886169969
 97
0
 75
0
 76
1
 98
0
  0
LWPOLYLINE
  5
180
330
17
100
AcDbEntity
  8
A-MASS
100
AcDbPolyline
 90
4
 70
1
 10
3.657218059819688
 20
6.511576753505653
 10
3.6766805661972226
 20
6.515985926962682
 10
3.6766805661972226
 20
6.979034059626999
 10
3.657218059819688
 20
6.974624886169969
  0
HATCH
  5
181
330
17
100
AcDbEntity
  8
A-MASS
 62
7
420
11974326
100
AcDbHatch
 10
0.0
 20
0.0
 30
0.0
210
0.0
220
0.0
230
1.0
  2
SOLID
 70
1
 71
0
 91
1
 92
3
 72
0
 73
1
 93
4
 10
3.3878454276865697
 20
6.515985926962682
 10
3.4073079340641046
 20
6.511576753505653
 10
3.4073079340641046
 20
6.974624886169969
 10
3.3878454276865697
 20
6.979034059626999
 97
0
 75
0
 76
1
 98
0
  0
LWPOLYLINE
  5
182
330
17
100
AcDbEntity
  8
A-MASS
100
AcDbPolyline
 90
4
 70
1
 10
3.3878454276865697
 20
6.515985926962682
 10
3.4073079340641046
 20
6.511576753505653
 10
3.4073079340641046
 20
6.974624886169969
 10
3.3878454276865697
 20
6.979034059626999
  0
HATCH
  5
183
330
17
100
AcDbEntity
  8
A-MASS
 62
7
420
13487565
100
AcDbHatch
 10
0.0
 20
0.0
 30
0.0
210
0.0
220
0.0
230
1.0
  2
SOLID
 70
1
 71
0
 91
1
 92
3
 72
0
 73
1
 93
4
 10
3.63722047667946
 20
6.5078134748373255
 10
3.657218059819688
 20
6.511576753505653
 10
3.657218059819688
 20
6.974624886169969
 10
3.63722047667946
 20
6.970861607501642
 97
0
 75
0
 76
1
 98
0
  0
LWPOLYLINE
  5
184
330
17
100
AcDbEntity
  8
A-MASS
100
AcDbPolyline
 90
4
 70
1
 10
3.63722047667946
 20
6.5078134748373255
 10
3.657218059819688
 20
6.511576753505653
 10
3.657218059819688
 20
6.974624886169969
 10
3.63722047667946
 20
6.970861607501642
  0
HATCH
  5
185
330
17
100
AcDbEntity
  8
A-MASS
 62
7
420
11974326
100
AcDbHatch
 10
0.0
 20
0.0
 30
0.0
210
0.0
220
0.0
230
1.0
  2
SOLID
 70
1
 71
0
 91
1
 92
3
 72
0
 73
1
 93
4
 10
3.4073079340641046
 20
6.511576753505653
 10
3.4273055172043323
 20
6.5078134748373255
 10
3.4273055172043323
 20
6.970861607501642
 10
3.4073079340641046
 20
6.974624886169969
 97
0
 75
0
 76
1
 98
0
  0
LWPOLYLINE
  5
186
330
17
100
AcDbEntity
  8
A-MASS
100
AcDbPolyline
 90
4
 70
1
 10
3.4073079340641046
 20
6.511576753505653
 10
3.4273055172043323
 20
6.5078134748373255
 10
3.4273055172043323
 20
6.970861607501642
 10
3.4073079340641046
 20
6.974624886169969
  0
HATCH
  5
187
330
17
100
AcDbEntity
  8
A-MASS
 62
7
420
11974326
100
AcDbHatch
 10
0.0
 20
0.0
 30
0.0
210
0.0
220
0.0
230
1.0
  2
SOLID
 70
1
 71
0
 91
1
 92
3
 72
0
 73
1
 93
4
 10
3.4273055172043323
 20
6.5078134748373255
 10
3.4477525443861623
 20
6.504712205894707
 10
3.4477525443861623
 20
6.967760338559023
 10
3.4273055172043323
 20
6.970861607501642
 97
0
 75
0
 76
1
 98
0
  0
LWPOLYLINE
  5
188
330
17
100
AcDbEntity
  8
A-MASS
100
AcDbPolyline
 90
4
 70
1
 10
3.4273055172043323
 20
6.5078134748373255
 10
3.4477525443861623
 20
6.504712205894707
 10
3.4477525443861623
 20
6.967760338559023
 10
3.4273055172043323
 20
6.970861607501642
  0
HATCH
  5
189
330
17
100
AcDbEntity
  8
A-MASS
 62
7
420
13487565
100
AcDbHatch
 10
0.0
 20
0.0
 30
0.0
210
0.0
220
0.0
230
1.0
  2
SOLID
 70
1
 71
0
 91
1
 92
3
 72
0
 73
1
 93
4
 10
3.6167734494976305
 20
6.504712205894707
 10
3.63722047667946
 20
6.5078134748373255
 10
3.63722047667946
 20
6.970861607501642
 10
3.6167734494976305
 20
6.967760338559023
 97
0
 75
0
 76
1
 98
0
  0
LWPOLYLINE
  5
18A
330
17
100
AcDbEntity
  8
A-MASS
100
AcDbPolyline
 90
4
 70
1
 10
3.6167734494976305
 20
6.504712205894707
 10
3.63722047667946
 20
6.5078134748373255
 10
3.63722047667946
 20
6.970861607501642
 10
3.6167734494976305
 20
6.967760338559023
  0
HATCH
  5
18B
330
17
100
AcDbEntity
  8
A-MASS
 62
7
420
13487565
100
AcDbHatch
 10
0.0
 20
0.0
 30
0.0
210
0.0
220
0.0
230
1.0
  2
SOLID
 70
1
 71
0
 91
1
 92
3
 72
0
 73
1
 93
4
 10
3.595964535583677
 20
6.5022862267875245
 10
3.6167734494976305
 20
6.504712205894707
 10
3.6167734494976305
 20
6.967760338559023
 10
3.595964535583677
 20
6.965334359451841
 97
0
 75
0
 76
1
 98
0
  0
LWPOLYLINE
  5
18C
330
17
100
AcDbEntity
  8
A-MASS
100
AcDbPolyline
 90
4
 70
1
 10
3.595964535583677
 20
6.5022862267875245
 10
3.6167734494976305
 20
6.504712205894707
 10
3.6167734494976305
 20
6.967760338559023
 10
3.595964535583677
 20
6.965334359451841
  0
HATCH
  5
18D
330
17
100
AcDbEntity
  8
A-MASS
 62
7
420
11974326
100
AcDbHatch
 10
0.0
 20
0.0
 30
0.0
210
0.0
220
0.0
230
1.0
  2
SOLID
 70
1
 71
0
 91
1
 92
3
 72
0
 73
1
 93
4
 10
3.4477525443861623
 20
6.504712205894707
 10
3.468561458300116
 20
6.5022862267875245
 10
3.468561458300116
 20
6.965334359451841
 10
3.4477525443861623
 20
6.967760338559023
 97
0
 75
0
 76
1
 98
0
  0
LWPOLYLINE
  5
18E
330
17
100
AcDbEntity
  8
A-MASS
100
AcDbPolyline
 90
4
 70
1
 10
3.4477525443861623
 20
6.504712205894707
 10
3.468561458300116
 20
6.5022862267875245
 10
3.468561458300116
 20
6.965334359451841
 10
3.4477525443861623
 20
6.967760338559023
  0
HATCH
  5
18F
330
17
100
AcDbEntity
  8
A-MASS
 62
7
420
13487565
100
AcDbHatch
 10
0.0
 20
0.0
 30
0.0
210
0.0
220
0.0
230
1.0
  2
SOLID
 70
1
 71
0
 91
1
 92
3
 72
0
 73
1
 93
4
 10
3.5748828419016205
 20
6.500545925930759
 10
3.595964535583677
 20
6.5022862267875245
 10
3.595964535583677
 20
6.965334359451841
 10
3.5748828419016205
 20
6.963594058595076
 97
0
 75
0
 76
1
 98
0
  0
LWPOLYLINE
  5
190
330
17
100
AcDbEntity
  8
A-MASS
100
AcDbPolyline
 90
4
 70
1
 10
3.5748828419016205
 20
6.500545925930759
 10
3.595964535583677
 20
6.5022862267875245
 10
3.595964535583677
 20
6.965334359451841
 10
3.5748828419016205
 20
6.963594058595076
  0
HATCH
  5
191
330
17
100
AcDbEntity
  8
A-MASS
 62
7
420
11974326
100
AcDbHatch
 10
0.0
 20
0.0
 30
0.0
210
0.0
220
0.0
230
1.0
  2
SOLID
 70
1
 71
0
 91
1
 92
3
 72
0
 73
1
 93
4
 10
3.468561458300116
 20
6.5022862267875245
 10
3.4896431519821722
 20
6.500545925930759
 10
3.4896431519821722
 20
6.963594058595076
 10
3.468561458300116
 20
6.965334359451841
 97
0
 75
0
 76
1
 98
0
  0
LWPOLYLINE
  5
192
330
17
100
AcDbEntity
  8
A-MASS
100
AcDbPolyline
 90
4
 70
1
 10
3.468561458300116
 20
6.5022862267875245
 10
3.4896431519821722
 20
6.500545925930759
 10
3.4896431519821722
 20
6.963594058595076
 10
3.468561458300116
 20
6.965334359451841
  0
HATCH
  5
193
330
17
100
AcDbEntity
  8
A-MASS
 62
7
420
11974326
100
AcDbHatch
 10
0.0
 20
0.0
 30
0.0
210
0.0
220
0.0
230
1.0
  2
SOLID
 70
1
 71
0
 91
1
 92
3
 72
0
 73
1
 93
4
 10
3.4896431519821722
 20
6.500545925930759
 10
3.510907350383463
 20
6.499498755559856
 10
3.510907350383463
 20
6.962546888224172
 10
3.4896431519821722
 20
6.963594058595076
 97
0
 75
0
 76
1
 98
0
  0
LWPOLYLINE
  5
194
330
17
100
AcDbEntity
  8
A-MASS
100
AcDbPolyline
 90
4
 70
1
 10
3.4896431519821722
 20
6.500545925930759
 10
3.510907350383463
 20
6.499498755559856
 10
3.510907350383463
 20
6.962546888224172
 10
3.4896431519821722
 20
6.963594058595076
  0
HATCH
  5
195
330
17
100
AcDbEntity
  8
A-MASS
 62
7
420
13487565
100
AcDbHatch
 10
0.0
 20
0.0
 30
0.0
210
0.0
220
0.0
230
1.0
  2
SOLID
 70
1
 71
0
 91
1
 92
3
 72
0
 73
1
 93
4
 10
3.553618643500329
 20
6.499498755559856
 10
3.5748828419016205
 20
6.500545925930759
 10
3.5748828419016205
 20
6.963594058595076
 10
3.553618643500329
 20
6.962546888224172
 97
0
 75
0
 76
1
 98
0
  0
LWPOLYLINE
  5
196
330
17
100
AcDbEntity
  8
A-MASS
100
AcDbPolyline
 90
4
 70
1
 10
3.553618643500329
 20
6.499498755559856
 10
3.5748828419016205
 20
6.500545925930759
 10
3.5748828419016205
 20
6.963594058595076
 10
3.553618643500329
 20
6.962546888224172
  0
HATCH
  5
197
330
17
100
AcDbEntity
  8
A-MASS
 62
7
420
11974326
100
AcDbHatch
 10
0.0
 20
0.0
 30
0.0
210
0.0
220
0.0
230
1.0
  2
SOLID
 70
1
 71
0
 91
1
 92
3
 72
0
 73
1
 93
4
 10
3.510907350383463
 20
6.499498755559856
 10
3.5322629969418964
 20
6.499149199819105
 10
3.5322629969418964
 20
6.962197332483422
 10
3.510907350383463
 20
6.962546888224172
 97
0
 75
0
 76
1
 98
0
  0
LWPOLYLINE
  5
198
330
17
100
AcDbEntity
  8
A-MASS
100
AcDbPolyline
 90
4
 70
1
 10
3.510907350383463
 20
6.499498755559856
 10
3.5322629969418964
 20
6.499149199819105
 10
3.5322629969418964
 20
6.962197332483422
 10
3.510907350383463
 20
6.962546888224172
  0
HATCH
  5
199
330
17
100
AcDbEntity
  8
A-MASS
 62
7
420
13487565
100
AcDbHatch
 10
0.0
 20
0.0
 30
0.0
210
0.0
220
0.0
230
1.0
  2
SOLID
 70
1
 71
0
 91
1
 92
3
 72
0
 73
1
 93
4
 10
3.5322629969418964
 20
6.499149199819105
 10
3.553618643500329
 20
6.499498755559856
 10
3.553618643500329
 20
6.962546888224172
 10
3.5322629969418964
 20
6.962197332483422
 97
0
 75
0
 76
1
 98
0
  0
LWPOLYLINE
  5
19A
330
17
100
AcDbEntity
  8
A-MASS
100
AcDbPolyline
 90
4
 70
1
 10
3.5322629969418964
 20
6.499149199819105
 10
3.553618643500329
 20
6.499498755559856
 10
3.553618643500329
 20
6.962546888224172
 10
3.5322629969418964
 20
6.962197332483422
  0
HATCH
  5
19B
330
17
100
AcDbEntity
  8
A-MASS
 62
7
420
15000804
100
AcDbHatch
 10
0.0
 20
0.0
 30
0.0
210
0.0
220
0.0
230
1.0
  2
SOLID
 70
1
 71
0
 91
1
 92
3
 72
0
 73
1
 93
100
 10
3.2782874617736995
 20
9.44587183395004
 10
3.2626923928062346
 20
9.453175021964398
 10
3.246175411379537
 20
9.4599525901371
 10
3.228807245743811
 20
9.466175515880716
 10
3.210662269050716
 20
9.471817151671852
 10
3.1918181808761212
 20
9.476853339159932
 10
3.172355674498586
 20
9.481262512616961
 10
3.152358091358358
 20
9.485025791285288
 10
3.1319110641765286
 20
9.488127060227907
 10
3.111102150262575
 20
9.49055303933509
 10
3.0900204565805187
 20
9.492293340191855
 10
3.068756258179228
 20
9.49334051056276
 10
3.047400611620794
 20
9.49369006630351
 10
3.0260449650623613
 20
9.49334051056276
 10
3.00478076666107
 20
9.492293340191855
 10
2.983699072979014
 20
9.49055303933509
 10
2.9628901590650605
 20
9.488127060227907
 10
2.942443131883231
 20
9.485025791285288
 10
2.9224455487430028
 20
9.481262512616961
 10
2.9029830423654683
 20
9.476853339159932
 10
2.8841389541908726
 20
9.471817151671852
 10
2.8659939774977787
 20
9.466175515880716
 10
2.848625811862052
 20
9.4599525901371
 10
2.8321088304353546
 20
9.453175021964398
 10
2.8165137614678892
 20
9.44587183395004
 10
0.8539755351681952
 20
8.464602720800194
 10
0.8393691591394785
 20
8.45680518631646
 10
0.8258140227940767
 20
8.448546695603111
 10
0.8133681713068444
 20
8.439862612785248
 10
0.8020848997245711
 20
8.430790124438701
 10
0.7920125247484116
 20
8.421368080351403
 10
0.7831941778343525
 20
8.411636827162637
 10
0.775667620497698
 20
8.401638035592523
 10
0.7694650826124612
 20
8.391414522001607
 10
0.7646131243980965
 20
8.38101006504463
 10
0.7611325226845662
 20
8.370469218203603
 10
0.7590381819427576
 20
8.359837119002957
 10
0.7583390704612571
 20
8.34915929572374
 10
0.7590381819427581
 20
8.338481472444524
 10
0.7611325226845662
 20
8.327849373243879
 10
0.7646131243980965
 20
8.31730852640285
 10
0.7694650826124607
 20
8.306904069445872
 10
0.775667620497698
 20
8.296680555854959
 10
0.7831941778343525
 20
8.286681764284845
 10
0.792012524748412
 20
8.276950511096077
 10
0.8020848997245711
 20
8.26752846700878
 10
0.8133681713068448
 20
8.258455978662232
 10
0.8258140227940771
 20
8.249771895844368
 10
0.8393691591394785
 20
8.24151340513102
 10
0.8539755351681952
 20
8.233715870647288
 10
3.301376146788991
 20
7.01001556483689
 10
3.316971215756457
 20
7.002712376822532
 10
3.333488197183154
 20
6.995934808649832
 10
3.3508563628188806
 20
6.9897118829062155
 10
3.369001339511975
 20
6.984070247115079
 10
3.3878454276865697
 20
6.979034059626999
 10
3.4073079340641046
 20
6.974624886169969
 10
3.4273055172043323
 20
6.970861607501642
 10
3.4477525443861623
 20
6.967760338559023
 10
3.468561458300116
 20
6.965334359451841
 10
3.4896431519821722
 20
6.963594058595076
 10
3.510907350383463
 20
6.962546888224172
 10
3.5322629969418964
 20
6.962197332483422
 10
3.553618643500329
 20
6.962546888224172
 10
3.5748828419016205
 20
6.963594058595076
 10
3.595964535583677
 20
6.965334359451841
 10
3.6167734494976305
 20
6.967760338559023
 10
3.63722047667946
 20
6.970861607501642
 10
3.657218059819688
 20
6.974624886169969
 10
3.6766805661972226
 20
6.979034059626999
 10
3.695524654371818
 20
6.984070247115079
 10
3.713669631064912
 20
6.9897118829062155
 10
3.731037796700639
 20
6.995934808649832
 10
3.747554778127336
 20
7.002712376822532
 10
3.7631498470948017
 20
7.01001556483689
 10
5.725688073394496
 20
7.991284677986737
 10
5.740294449423212
 20
7.99908221247047
 10
5.753849585768614
 20
8.00734070318382
 10
5.766295437255846
 20
8.016024786001683
 10
5.77757870883812
 20
8.02509727434823
 10
5.7876510838142785
 20
8.034519318435526
 10
5.796469430728338
 20
8.044250571624294
 10
5.803995988064993
 20
8.054249363194408
 10
5.810198525950231
 20
8.064472876785324
 10
5.815050484164594
 20
8.0748773337423
 10
5.818531085878124
 20
8.085418180583329
 10
5.820625426619934
 20
8.096050279783974
 10
5.821324538101433
 20
8.10672810306319
 10
5.820625426619933
 20
8.117405926342407
 10
5.818531085878124
 20
8.128038025543052
 10
5.815050484164594
 20
8.13857887238408
 10
5.810198525950231
 20
8.148983329341057
 10
5.803995988064992
 20
8.159206842931972
 10
5.796469430728338
 20
8.169205634502086
 10
5.787651083814279
 20
8.178936887690853
 10
5.77757870883812
 20
8.18835893177815
 10
5.766295437255847
 20
8.197431420124698
 10
5.753849585768613
 20
8.206115502942561
 10
5.740294449423213
 20
8.21437399365591
 10
5.725688073394496
 20
8.222171528139643
 97
0
 75
0
 76
1
 98
0
  0
LWPOLYLINE
  5
19C
330
17
100
AcDbEntity
  8
A-MASS
100
AcDbPolyline
 90
100
 70
1
 10
3.2782874617736995
 20
9.44587183395004
 10
3.2626923928062346
 20
9.453175021964398
 10
3.246175411379537
 20
9.4599525901371
 10
3.228807245743811
 20
9.466175515880716
 10
3.210662269050716
 20
9.471817151671852
 10
3.1918181808761212
 20
9.476853339159932
 10
3.172355674498586
 20
9.481262512616961
 10
3.152358091358358
 20
9.485025791285288
 10
3.1319110641765286
 20
9.488127060227907
 10
3.111102150262575
 20
9.49055303933509
 10
3.0900204565805187
 20
9.492293340191855
 10
3.068756258179228
 20
9.49334051056276
 10
3.047400611620794
 20
9.49369006630351
 10
3.0260449650623613
 20
9.49334051056276
 10
3.00478076666107
 20
9.492293340191855
 10
2.983699072979014
 20
9.49055303933509
 10
2.9628901590650605
 20
9.488127060227907
 10
2.942443131883231
 20
9.485025791285288
 10
2.9224455487430028
 20
9.481262512616961
 10
2.9029830423654683
 20
9.476853339159932
 10
2.8841389541908726
 20
9.471817151671852
 10
2.8659939774977787
 20
9.466175515880716
 10
2.848625811862052
 20
9.4599525901371
 10
2.8321088304353546
 20
9.453175021964398
 10
2.8165137614678892
 20
9.44587183395004
 10
0.8539755351681952
 20
8.464602720800194
 10
0.8393691591394785
 20
8.45680518631646
 10
0.8258140227940767
 20
8.448546695603111
 10
0.8133681713068444
 20
8.439862612785248
 10
0.8020848997245711
 20
8.430790124438701
 10
0.7920125247484116
 20
8.421368080351403
 10
0.7831941778343525
 20
8.411636827162637
 10
0.775667620497698
 20
8.401638035592523
 10
0.7694650826124612
 20
8.391414522001607
 10
0.7646131243980965
 20
8.38101006504463
 10
0.7611325226845662
 20
8.370469218203603
 10
0.7590381819427576
 20
8.359837119002957
 10
0.7583390704612571
 20
8.34915929572374
 10
0.7590381819427581
 20
8.338481472444524
 10
0.7611325226845662
 20
8.327849373243879
 10
0.7646131243980965
 20
8.31730852640285
 10
0.7694650826124607
 20
8.306904069445872
 10
0.775667620497698
 20
8.296680555854959
 10
0.7831941778343525
 20
8.286681764284845
 10
0.792012524748412
 20
8.276950511096077
 10
0.8020848997245711
 20
8.26752846700878
 10
0.8133681713068448
 20
8.258455978662232
 10
0.8258140227940771
 20
8.249771895844368
 10
0.8393691591394785
 20
8.24151340513102
 10
0.8539755351681952
 20
8.233715870647288
 10
3.301376146788991
 20
7.01001556483689
 10
3.316971215756457
 20
7.002712376822532
 10
3.333488197183154
 20
6.995934808649832
 10
3.3508563628188806
 20
6.9897118829062155
 10
3.369001339511975
 20
6.984070247115079
 10
3.3878454276865697
 20
6.979034059626999
 10
3.4073079340641046
 20
6.974624886169969
 10
3.4273055172043323
 20
6.970861607501642
 10
3.4477525443861623
 20
6.967760338559023
 10
3.468561458300116
 20
6.965334359451841
 10
3.4896431519821722
 20
6.963594058595076
 10
3.510907350383463
 20
6.962546888224172
 10
3.5322629969418964
 20
6.962197332483422
 10
3.553618643500329
 20
6.962546888224172
 10
3.5748828419016205
 20
6.963594058595076
 10
3.595964535583677
 20
6.965334359451841
 10
3.6167734494976305
 20
6.967760338559023
 10
3.63722047667946
 20
6.970861607501642
 10
3.657218059819688
 20
6.974624886169969
 10
3.6766805661972226
 20
6.979034059626999
 10
3.695524654371818
 20
6.984070247115079
 10
3.713669631064912
 20
6.9897118829062155
 10
3.731037796700639
 20
6.995934808649832
 10
3.747554778127336
 20
7.002712376822532
 10
3.7631498470948017
 20
7.01001556483689
 10
5.725688073394496
 20
7.991284677986737
 10
5.740294449423212
 20
7.99908221247047
 10
5.753849585768614
 20
8.00734070318382
 10
5.766295437255846
 20
8.016024786001683
 10
5.77757870883812
 20
8.02509727434823
 10
5.7876510838142785
 20
8.034519318435526
 10
5.796469430728338
 20
8.044250571624294
 10
5.803995988064993
 20
8.054249363194408
 10
5.810198525950231
 20
8.064472876785324
 10
5.815050484164594
 20
8.0748773337423
 10
5.818531085878124
 20
8.085418180583329
 10
5.820625426619934
 20
8.096050279783974
 10
5.821324538101433
 20
8.10672810306319
 10
5.820625426619933
 20
8.117405926342407
 10
5.818531085878124
 20
8.128038025543052
 10
5.815050484164594
 20
8.13857887238408
 10
5.810198525950231
 20
8.148983329341057
 10
5.803995988064992
 20
8.159206842931972
 10
5.796469430728338
 20
8.169205634502086
 10
5.787651083814279
 20
8.178936887690853
 10
5.77757870883812
 20
8.18835893177815
 10
5.766295437255847
 20
8.197431420124698
 10
5.753849585768613
 20
8.206115502942561
 10
5.740294449423213
 20
8.21437399365591
 10
5.725688073394496
 20
8.222171528139643
  0
HATCH
  5
19D
330
17
100
AcDbEntity
  8
A-MASS
 62
7
420
10007239
100
AcDbHatch
 10
0.0
 20
0.0
 30
0.0
210
0.0
220
0.0
230
1.0
  2
SOLID
 70
1
 71
0
 91
1
 92
3
 72
0
 73
1
 93
4
 10
4.539506880733946
 20
6.935145948992146
 10
5.134040519877677
 20
7.232412768564012
 10
5.134040519877677
 20
7.345523762802623
 10
4.539506880733946
 20
7.048256943230758
 97
0
 75
0
 76
1
 98
0
  0
LWPOLYLINE
  5
19E
330
17
100
AcDbEntity
  8
A-MASS
100
AcDbPolyline
 90
4
 70
1
 10
4.539506880733946
 20
6.935145948992146
 10
5.134040519877677
 20
7.232412768564012
 10
5.134040519877677
 20
7.345523762802623
 10
4.539506880733946
 20
7.048256943230758
  0
HATCH
  5
19F
330
17
100
AcDbEntity
  8
A-MASS
 62
7
420
1381653
100
AcDbHatch
 10
0.0
 20
0.0
 30
0.0
210
0.0
220
0.0
230
1.0
  2
SOLID
 70
1
 71
0
 91
1
 92
3
 72
0
 73
1
 93
4
 10
2.920412844036697
 20
6.737449083548721
 10
2.989678899082569
 20
6.702816056025785
 10
2.989678899082569
 20
6.8159270502643965
 10
2.920412844036697
 20
6.850560077787333
 97
0
 75
0
 76
1
 98
0
  0
LWPOLYLINE
  5
1A0
330
17
100
AcDbEntity
  8
A-MASS
100
AcDbPolyline
 90
4
 70
1
 10
2.920412844036697
 20
6.737449083548721
 10
2.989678899082569
 20
6.702816056025785
 10
2.989678899082569
 20
6.8159270502643965
 10
2.920412844036697
 20
6.850560077787333
  0
HATCH
  5
1A1
330
17
100
AcDbEntity
  8
A-MASS
 62
7
420
1381653
100
AcDbHatch
 10
0.0
 20
0.0
 30
0.0
210
0.0
220
0.0
230
1.0
  2
SOLID
 70
1
 71
0
 91
1
 92
3
 72
0
 73
1
 93
4
 10
2.3662844036697246
 20
7.014513303732207
 10
2.4355504587155963
 20
6.979880276209271
 10
2.4355504587155963
 20
7.092991270447883
 10
2.3662844036697246
 20
7.127624297970819
 97
0
 75
0
 76
1
 98
0
  0
LWPOLYLINE
  5
1A2
330
17
100
AcDbEntity
  8
A-MASS
100
AcDbPolyline
 90
4
 70
1
 10
2.3662844036697246
 20
7.014513303732207
 10
2.4355504587155963
 20
6.979880276209271
 10
2.4355504587155963
 20
7.092991270447883
 10
2.3662844036697246
 20
7.127624297970819
  0
HATCH
  5
1A3
330
17
100
AcDbEntity
  8
A-MASS
 62
7
420
1381653
100
AcDbHatch
 10
0.0
 20
0.0
 30
0.0
210
0.0
220
0.0
230
1.0
  2
SOLID
 70
1
 71
0
 91
1
 92
3
 72
0
 73
1
 93
4
 10
1.3965596330275227
 20
7.499375689053307
 10
1.465825688073394
 20
7.464742661530372
 10
1.465825688073394
 20
7.577853655768983
 10
1.3965596330275227
 20
7.61248668329192
 97
0
 75
0
 76
1
 98
0
  0
LWPOLYLINE
  5
1A4
330
17
100
AcDbEntity
  8
A-MASS
100
AcDbPolyline
 90
4
 70
1
 10
1.3965596330275227
 20
7.499375689053307
 10
1.465825688073394
 20
7.464742661530372
 10
1.465825688073394
 20
7.577853655768983
 10
1.3965596330275227
 20
7.61248668329192
  0
HATCH
  5
1A5
330
17
100
AcDbEntity
  8
A-MASS
 62
7
420
1513239
100
AcDbHatch
 10
0.0
 20
0.0
 30
0.0
210
0.0
220
0.0
230
1.0
  2
SOLID
 70
1
 71
0
 91
1
 92
3
 72
0
 73
1
 93
4
 10
5.617944724770643
 20
7.474364871010495
 10
5.687210779816514
 20
7.508997898533431
 10
5.687210779816514
 20
7.622108892772042
 10
5.617944724770643
 20
7.5874758652491066
 97
0
 75
0
 76
1
 98
0
  0
LWPOLYLINE
  5
1A6
330
17
100
AcDbEntity
  8
A-MASS
100
AcDbPolyline
 90
4
 70
1
 10
5.617944724770643
 20
7.474364871010495
 10
5.687210779816514
 20
7.508997898533431
 10
5.687210779816514
 20
7.622108892772042
 10
5.617944724770643
 20
7.5874758652491066
  0
HATCH
  5
1A7
330
17
100
AcDbEntity
  8
A-MASS
 62
7
420
1381653
100
AcDbHatch
 10
0.0
 20
0.0
 30
0.0
210
0.0
220
0.0
230
1.0
  2
SOLID
 70
1
 71
0
 91
1
 92
3
 72
0
 73
1
 93
4
 10
3.1282110091743123
 20
6.6335500009799135
 10
3.197477064220184
 20
6.598916973456978
 10
3.197477064220184
 20
6.712027967695589
 10
3.1282110091743123
 20
6.746660995218525
 97
0
 75
0
 76
1
 98
0
  0
LWPOLYLINE
  5
1A8
330
17
100
AcDbEntity
  8
A-MASS
100
AcDbPolyline
 90
4
 70
1
 10
3.1282110091743123
 20
6.6335500009799135
 10
3.197477064220184
 20
6.598916973456978
 10
3.197477064220184
 20
6.712027967695589
 10
3.1282110091743123
 20
6.746660995218525
  0
HATCH
  5
1A9
330
17
100
AcDbEntity
  8
A-MASS
 62
7
420
1513239
100
AcDbHatch
 10
0.0
 20
0.0
 30
0.0
210
0.0
220
0.0
230
1.0
  2
SOLID
 70
1
 71
0
 91
1
 92
3
 72
0
 73
1
 93
4
 10
3.9940366972477066
 20
6.881563408586337
 10
4.5250764525993885
 20
7.147083286262178
 10
4.5250764525993885
 20
7.253124843360876
 10
3.9940366972477066
 20
6.987604965685035
 97
0
 75
0
 76
1
 98
0
  0
LWPOLYLINE
  5
1AA
330
17
100
AcDbEntity
  8
A-MASS
100
AcDbPolyline
 90
4
 70
1
 10
3.9940366972477066
 20
6.881563408586337
 10
4.5250764525993885
 20
7.147083286262178
 10
4.5250764525993885
 20
7.253124843360876
 10
3.9940366972477066
 20
6.987604965685035
  0
HATCH
  5
1AB
330
17
100
AcDbEntity
  8
A-MASS
 62
7
420
12058624
100
AcDbHatch
 10
0.0
 20
0.0
 30
0.0
210
0.0
220
0.0
230
1.0
  2
SOLID
 70
1
 71
0
 91
1
 92
3
 72
0
 73
1
 93
4
 10
3.9940366972477066
 20
6.881563408586337
 10
4.5250764525993885
 20
7.147083286262178
 10
4.5250764525993885
 20
7.158394385686039
 10
3.9940366972477066
 20
6.892874508010198
 97
0
 75
0
 76
1
 98
0
  0
LWPOLYLINE
  5
1AC
330
17
100
AcDbEntity
  8
A-MASS
100
AcDbPolyline
 90
4
 70
1
 10
3.9940366972477066
 20
6.881563408586337
 10
4.5250764525993885
 20
7.147083286262178
 10
4.5250764525993885
 20
7.158394385686039
 10
3.9940366972477066
 20
6.892874508010198
  0
HATCH
  5
1AD
330
17
100
AcDbEntity
  8
A-MASS
 62
7
420
13487565
100
AcDbHatch
 10
0.0
 20
0.0
 30
0.0
210
0.0
220
0.0
230
1.0
  2
SOLID
 70
1
 71
0
 91
1
 92
3
 72
0
 73
1
 93
4
 10
3.705428134556575
 20
7.504446940916111
 10
5.564067278287462
 20
8.433766512781554
 10
3.116666666666666
 20
9.657466818591953
 10
1.2580275229357794
 20
8.728147246726508
 97
0
 75
0
 76
1
 98
0
  0
LWPOLYLINE
  5
1AE
330
17
100
AcDbEntity
  8
A-MASS
100
AcDbPolyline
 90
4
 70
1
 10
3.705428134556575
 20
7.504446940916111
 10
5.564067278287462
 20
8.433766512781554
 10
3.116666666666666
 20
9.657466818591953
 10
1.2580275229357794
 20
8.728147246726508
  0
HATCH
  5
1AF
330
17
100
AcDbEntity
  8
A-MASS
 62
7
420
12171705
100
AcDbHatch
 10
0.0
 20
0.0
 30
0.0
210
0.0
220
0.0
230
1.0
  2
SOLID
 70
1
 71
0
 91
1
 92
3
 72
0
 73
1
 93
4
 10
3.705428134556575
 20
7.373662353827716
 10
5.564067278287462
 20
8.30298192569316
 10
5.564067278287462
 20
8.433766512781554
 10
3.705428134556575
 20
7.504446940916111
 97
0
 75
0
 76
1
 98
0
  0
LWPOLYLINE
  5
1B0
330
17
100
AcDbEntity
  8
A-MASS
100
AcDbPolyline
 90
4
 70
1
 10
3.705428134556575
 20
7.373662353827716
 10
5.564067278287462
 20
8.30298192569316
 10
5.564067278287462
 20
8.433766512781554
 10
3.705428134556575
 20
7.504446940916111
  0
HATCH
  5
1B1
330
17
100
AcDbEntity
  8
A-MASS
 62
7
420
10790052
100
AcDbHatch
 10
0.0
 20
0.0
 30
0.0
210
0.0
220
0.0
230
1.0
  2
SOLID
 70
1
 71
0
 91
1
 92
3
 72
0
 73
1
 93
4
 10
1.2580275229357794
 20
8.597362659638113
 10
3.705428134556575
 20
7.373662353827716
 10
3.705428134556575
 20
7.504446940916111
 10
1.2580275229357794
 20
8.728147246726508
 97
0
 75
0
 76
1
 98
0
  0
LWPOLYLINE
  5
1B2
330
17
100
AcDbEntity
  8
A-MASS
100
AcDbPolyline
 90
4
 70
1
 10
1.2580275229357794
 20
8.597362659638113
 10
3.705428134556575
 20
7.373662353827716
 10
3.705428134556575
 20
7.504446940916111
 10
1.2580275229357794
 20
8.728147246726508
  0
HATCH
  5
1B3
330
17
100
AcDbEntity
  8
A-MASS
 62
7
420
14208176
100
AcDbHatch
 10
0.0
 20
0.0
 30
0.0
210
0.0
220
0.0
230
1.0
  2
SOLID
 70
1
 71
0
 91
1
 92
3
 72
0
 73
1
 93
4
 10
5.4139908256880735
 20
7.663735305185304
 10
5.5063455657492355
 20
7.709912675215884
 10
5.437079510703365
 20
7.7445457027388205
 10
5.344724770642202
 20
7.698368332708239
 97
0
 75
0
 76
1
 98
0
  0
LWPOLYLINE
  5
1B4
330
17
100
AcDbEntity
  8
A-MASS
100
AcDbPolyline
 90
4
 70
1
 10
5.4139908256880735
 20
7.663735305185304
 10
5.5063455657492355
 20
7.709912675215884
 10
5.437079510703365
 20
7.7445457027388205
 10
5.344724770642202
 20
7.698368332708239
  0
HATCH
  5
1B5
330
17
100
AcDbEntity
  8
A-MASS
 62
7
420
12761246
100
AcDbHatch
 10
0.0
 20
0.0
 30
0.0
210
0.0
220
0.0
230
1.0
  2
SOLID
 70
1
 71
0
 91
1
 92
3
 72
0
 73
1
 93
4
 10
5.4139908256880735
 20
6.956791591193981
 10
5.5063455657492355
 20
7.002968961224562
 10
5.5063455657492355
 20
7.709912675215884
 10
5.4139908256880735
 20
7.663735305185304
 97
0
 75
0
 76
1
 98
0
  0
LWPOLYLINE
  5
1B6
330
17
100
AcDbEntity
  8
A-MASS
100
AcDbPolyline
 90
4
 70
1
 10
5.4139908256880735
 20
6.956791591193981
 10
5.5063455657492355
 20
7.002968961224562
 10
5.5063455657492355
 20
7.709912675215884
 10
5.4139908256880735
 20
7.663735305185304
  0
HATCH
  5
1B7
330
17
100
AcDbEntity
  8
A-MASS
 62
7
420
11379597
100
AcDbHatch
 10
0.0
 20
0.0
 30
0.0
210
0.0
220
0.0
230
1.0
  2
SOLID
 70
1
 71
0
 91
1
 92
3
 72
0
 73
1
 93
4
 10
5.344724770642202
 20
6.991424618716917
 10
5.4139908256880735
 20
6.956791591193981
 10
5.4139908256880735
 20
7.663735305185304
 10
5.344724770642202
 20
7.698368332708239
 97
0
 75
0
 76
1
 98
0
  0
LWPOLYLINE
  5
1B8
330
17
100
AcDbEntity
  8
A-MASS
100
AcDbPolyline
 90
4
 70
1
 10
5.344724770642202
 20
6.991424618716917
 10
5.4139908256880735
 20
6.956791591193981
 10
5.4139908256880735
 20
7.663735305185304
 10
5.344724770642202
 20
7.698368332708239
  0
HATCH
  5
1B9
330
17
100
AcDbEntity
  8
A-MASS
 62
7
420
14208176
100
AcDbHatch
 10
0.0
 20
0.0
 30
0.0
210
0.0
220
0.0
230
1.0
  2
SOLID
 70
1
 71
0
 91
1
 92
3
 72
0
 73
1
 93
4
 10
5.090749235474007
 20
7.50211451007827
 10
5.4139908256880735
 20
7.663735305185304
 10
5.344724770642202
 20
7.698368332708239
 10
5.021483180428135
 20
7.536747537601206
 97
0
 75
0
 76
1
 98
0
  0
LWPOLYLINE
  5
1BA
330
17
100
AcDbEntity
  8
A-MASS
100
AcDbPolyline
 90
4
 70
1
 10
5.090749235474007
 20
7.50211451007827
 10
5.4139908256880735
 20
7.663735305185304
 10
5.344724770642202
 20
7.698368332708239
 10
5.021483180428135
 20
7.536747537601206
  0
HATCH
  5
1BB
330
17
100
AcDbEntity
  8
A-MASS
 62
7
420
12761246
100
AcDbHatch
 10
0.0
 20
0.0
 30
0.0
210
0.0
220
0.0
230
1.0
  2
SOLID
 70
1
 71
0
 91
1
 92
3
 72
0
 73
1
 93
59
 10
5.090749235474007
 20
7.107639917671112
 10
5.096521406727829
 20
7.1550900999664195
 10
5.102293577981651
 20
7.17585967289188
 10
5.108065749235474
 20
7.192069053485085
 10
5.113837920489297
 20
7.205847601707288
 10
5.1196100917431195
 20
7.218026725244632
 10
5.1253822629969426
 20
7.229035738044155
 10
5.131154434250765
 20
7.239131153918906
 10
5.136926605504588
 20
7.248480896264384
 10
5.14269877675841
 20
7.257202017402069
 10
5.148470948012233
 20
7.265379928574625
 10
5.154243119266056
 20
7.273079149572324
 10
5.160015290519878
 20
7.280349748582428
 10
5.165787461773701
 20
7.287231414416941
 10
5.171559633027524
 20
7.293756145704076
 10
5.177331804281346
 20
7.299950090920222
 10
5.183103975535169
 20
7.3058348450367765
 10
5.188876146788991
 20
7.311428386054696
 10
5.194648318042814
 20
7.31674576556655
 10
5.200420489296636
 20
7.32179962679137
 10
5.206192660550459
 20
7.326600598685917
 10
5.211964831804282
 20
7.331157599080417
 10
5.2177370030581045
 20
7.335478069636511
 10
5.223509174311927
 20
7.339568158672134
 10
5.22928134556575
 20
7.3434328632955035
 10
5.235053516819573
 20
7.3470761390786175
 10
5.240825688073395
 20
7.350500983204149
 10
5.246597859327218
 20
7.353709495332402
 10
5.252370030581041
 20
7.356702919154563
 10
5.258142201834863
 20
7.359481666586225
 10
5.263914373088686
 20
7.362045325711794
 10
5.269686544342508
 20
7.364392652840085
 10
5.275458715596331
 20
7.366521548310794
 10
5.281230886850153
 20
7.368429014941247
 10
5.287003058103976
 20
7.370111097159446
 10
5.292775229357799
 20
7.371562797857176
 10
5.298547400611621
 20
7.372777968716497
 10
5.3043195718654435
 20
7.373749168075774
 10
5.3100917431192665
 20
7.374467478104776
 10
5.3158639143730895
 20
7.374922269846745
 10
5.321636085626912
 20
7.375100900082648
 10
5.327408256880735
 20
7.374988317219916
 10
5.333180428134557
 20
7.374566543257592
 10
5.33895259938838
 20
7.373813983224281
 10
5.344724770642202
 20
7.37270448864359
 10
5.350496941896025
 20
7.371206060887309
 10
5.356269113149848
 20
7.3692790111434325
 10
5.36204128440367
 20
7.366873271224699
 10
5.367813455657493
 20
7.3639243213408365
 10
5.373585626911316
 20
7.360346750249181
 10
5.379357798165138
 20
7.356023505628253
 10
5.38512996941896
 20
7.350786664082552
 10
5.390902140672783
 20
7.34437971179903
 10
5.396674311926606
 20
7.33637333483065
 10
5.402446483180428
 20
7.325936125491268
 10
5.408218654434251
 20
7.31093872381963
 10
5.4139908256880735
 20
7.269260712778146
 10
5.4139908256880735
 20
7.663735305185304
 10
5.090749235474007
 20
7.50211451007827
 97
0
 75
0
 76
1
 98
0
  0
LWPOLYLINE
  5
1BC
330
17
100
AcDbEntity
  8
A-MASS
100
AcDbPolyline
 90
59
 70
1
 10
5.090749235474007
 20
7.107639917671112
 10
5.096521406727829
 20
7.1550900999664195
 10
5.102293577981651
 20
7.17585967289188
 10
5.108065749235474
 20
7.192069053485085
 10
5.113837920489297
 20
7.205847601707288
 10
5.1196100917431195
 20
7.218026725244632
 10
5.1253822629969426
 20
7.229035738044155
 10
5.131154434250765
 20
7.239131153918906
 10
5.136926605504588
 20
7.248480896264384
 10
5.14269877675841
 20
7.257202017402069
 10
5.148470948012233
 20
7.265379928574625
 10
5.154243119266056
 20
7.273079149572324
 10
5.160015290519878
 20
7.280349748582428
 10
5.165787461773701
 20
7.287231414416941
 10
5.171559633027524
 20
7.293756145704076
 10
5.177331804281346
 20
7.299950090920222
 10
5.183103975535169
 20
7.3058348450367765
 10
5.188876146788991
 20
7.311428386054696
 10
5.194648318042814
 20
7.31674576556655
 10
5.200420489296636
 20
7.32179962679137
 10
5.206192660550459
 20
7.326600598685917
 10
5.211964831804282
 20
7.331157599080417
 10
5.2177370030581045
 20
7.335478069636511
 10
5.223509174311927
 20
7.339568158672134
 10
5.22928134556575
 20
7.3434328632955035
 10
5.235053516819573
 20
7.3470761390786175
 10
5.240825688073395
 20
7.350500983204149
 10
5.246597859327218
 20
7.353709495332402
 10
5.252370030581041
 20
7.356702919154563
 10
5.258142201834863
 20
7.359481666586225
 10
5.263914373088686
 20
7.362045325711794
 10
5.269686544342508
 20
7.364392652840085
 10
5.275458715596331
 20
7.366521548310794
 10
5.281230886850153
 20
7.368429014941247
 10
5.287003058103976
 20
7.370111097159446
 10
5.292775229357799
 20
7.371562797857176
 10
5.298547400611621
 20
7.372777968716497
 10
5.3043195718654435
 20
7.373749168075774
 10
5.3100917431192665
 20
7.374467478104776
 10
5.3158639143730895
 20
7.374922269846745
 10
5.321636085626912
 20
7.375100900082648
 10
5.327408256880735
 20
7.374988317219916
 10
5.333180428134557
 20
7.374566543257592
 10
5.33895259938838
 20
7.373813983224281
 10
5.344724770642202
 20
7.37270448864359
 10
5.350496941896025
 20
7.371206060887309
 10
5.356269113149848
 20
7.3692790111434325
 10
5.36204128440367
 20
7.366873271224699
 10
5.367813455657493
 20
7.3639243213408365
 10
5.373585626911316
 20
7.360346750249181
 10
5.379357798165138
 20
7.356023505628253
 10
5.38512996941896
 20
7.350786664082552
 10
5.390902140672783
 20
7.34437971179903
 10
5.396674311926606
 20
7.33637333483065
 10
5.402446483180428
 20
7.325936125491268
 10
5.408218654434251
 20
7.31093872381963
 10
5.4139908256880735
 20
7.269260712778146
 10
5.4139908256880735
 20
7.663735305185304
 10
5.090749235474007
 20
7.50211451007827
  0
LWPOLYLINE
  5
1BD
330
17
100
AcDbEntity
  8
A-MASS
100
AcDbPolyline
 90
4
 70
1
 10
5.090749235474007
 20
7.107639917671112
 10
5.096521406727829
 20
7.1550900999664195
 10
5.096521406727829
 20
7.1550900999664195
 10
5.090749235474007
 20
7.107639917671112
  0
LWPOLYLINE
  5
1BE
330
17
100
AcDbEntity
  8
A-MASS
100
AcDbPolyline
 90
4
 70
1
 10
5.096521406727829
 20
7.1550900999664195
 10
5.102293577981651
 20
7.17585967289188
 10
5.102293577981651
 20
7.17585967289188
 10
5.096521406727829
 20
7.1550900999664195
  0
LWPOLYLINE
  5
1BF
330
17
100
AcDbEntity
  8
A-MASS
100
AcDbPolyline
 90
4
 70
1
 10
5.102293577981651
 20
7.17585967289188
 10
5.108065749235474
 20
7.192069053485085
 10
5.108065749235474
 20
7.192069053485085
 10
5.102293577981651
 20
7.17585967289188
  0
LWPOLYLINE
  5
1C0
330
17
100
AcDbEntity
  8
A-MASS
100
AcDbPolyline
 90
4
 70
1
 10
5.108065749235474
 20
7.192069053485085
 10
5.113837920489297
 20
7.205847601707288
 10
5.113837920489297
 20
7.205847601707288
 10
5.108065749235474
 20
7.192069053485085
  0
LWPOLYLINE
  5
1C1
330
17
100
AcDbEntity
  8
A-MASS
100
AcDbPolyline
 90
4
 70
1
 10
5.113837920489297
 20
7.205847601707288
 10
5.1196100917431195
 20
7.218026725244632
 10
5.1196100917431195
 20
7.218026725244632
 10
5.113837920489297
 20
7.205847601707288
  0
LWPOLYLINE
  5
1C2
330
17
100
AcDbEntity
  8
A-MASS
100
AcDbPolyline
 90
4
 70
1
 10
5.1196100917431195
 20
7.218026725244632
 10
5.1253822629969426
 20
7.229035738044155
 10
5.1253822629969426
 20
7.229035738044155
 10
5.1196100917431195
 20
7.218026725244632
  0
LWPOLYLINE
  5
1C3
330
17
100
AcDbEntity
  8
A-MASS
100
AcDbPolyline
 90
4
 70
1
 10
5.1253822629969426
 20
7.229035738044155
 10
5.131154434250765
 20
7.239131153918906
 10
5.131154434250765
 20
7.239131153918906
 10
5.1253822629969426
 20
7.229035738044155
  0
LWPOLYLINE
  5
1C4
330
17
100
AcDbEntity
  8
A-MASS
100
AcDbPolyline
 90
4
 70
1
 10
5.131154434250765
 20
7.239131153918906
 10
5.136926605504588
 20
7.248480896264384
 10
5.136926605504588
 20
7.248480896264384
 10
5.131154434250765
 20
7.239131153918906
  0
LWPOLYLINE
  5
1C5
330
17
100
AcDbEntity
  8
A-MASS
100
AcDbPolyline
 90
4
 70
1
 10
5.136926605504588
 20
7.248480896264384
 10
5.14269877675841
 20
7.257202017402069
 10
5.14269877675841
 20
7.257202017402069
 10
5.136926605504588
 20
7.248480896264384
  0
LWPOLYLINE
  5
1C6
330
17
100
AcDbEntity
  8
A-MASS
100
AcDbPolyline
 90
4
 70
1
 10
5.14269877675841
 20
7.257202017402069
 10
5.148470948012233
 20
7.265379928574625
 10
5.148470948012233
 20
7.265379928574625
 10
5.14269877675841
 20
7.257202017402069
  0
LWPOLYLINE
  5
1C7
330
17
100
AcDbEntity
  8
A-MASS
100
AcDbPolyline
 90
4
 70
1
 10
5.148470948012233
 20
7.265379928574625
 10
5.154243119266056
 20
7.273079149572324
 10
5.154243119266056
 20
7.273079149572324
 10
5.148470948012233
 20
7.265379928574625
  0
LWPOLYLINE
  5
1C8
330
17
100
AcDbEntity
  8
A-MASS
100
AcDbPolyline
 90
4
 70
1
 10
5.154243119266056
 20
7.273079149572324
 10
5.160015290519878
 20
7.280349748582428
 10
5.160015290519878
 20
7.280349748582428
 10
5.154243119266056
 20
7.273079149572324
  0
LWPOLYLINE
  5
1C9
330
17
100
AcDbEntity
  8
A-MASS
100
AcDbPolyline
 90
4
 70
1
 10
5.160015290519878
 20
7.280349748582428
 10
5.165787461773701
 20
7.287231414416941
 10
5.165787461773701
 20
7.287231414416941
 10
5.160015290519878
 20
7.280349748582428
  0
LWPOLYLINE
  5
1CA
330
17
100
AcDbEntity
  8
A-MASS
100
AcDbPolyline
 90
4
 70
1
 10
5.165787461773701
 20
7.287231414416941
 10
5.171559633027524
 20
7.293756145704076
 10
5.171559633027524
 20
7.293756145704076
 10
5.165787461773701
 20
7.287231414416941
  0
LWPOLYLINE
  5
1CB
330
17
100
AcDbEntity
  8
A-MASS
100
AcDbPolyline
 90
4
 70
1
 10
5.171559633027524
 20
7.293756145704076
 10
5.177331804281346
 20
7.299950090920222
 10
5.177331804281346
 20
7.299950090920222
 10
5.171559633027524
 20
7.293756145704076
  0
LWPOLYLINE
  5
1CC
330
17
100
AcDbEntity
  8
A-MASS
100
AcDbPolyline
 90
4
 70
1
 10
5.177331804281346
 20
7.299950090920222
 10
5.183103975535169
 20
7.3058348450367765
 10
5.183103975535169
 20
7.3058348450367765
 10
5.177331804281346
 20
7.299950090920222
  0
LWPOLYLINE
  5
1CD
330
17
100
AcDbEntity
  8
A-MASS
100
AcDbPolyline
 90
4
 70
1
 10
5.183103975535169
 20
7.3058348450367765
 10
5.188876146788991
 20
7.311428386054696
 10
5.188876146788991
 20
7.311428386054696
 10
5.183103975535169
 20
7.3058348450367765
  0
LWPOLYLINE
  5
1CE
330
17
100
AcDbEntity
  8
A-MASS
100
AcDbPolyline
 90
4
 70
1
 10
5.188876146788991
 20
7.311428386054696
 10
5.194648318042814
 20
7.31674576556655
 10
5.194648318042814
 20
7.31674576556655
 10
5.188876146788991
 20
7.311428386054696
  0
LWPOLYLINE
  5
1CF
330
17
100
AcDbEntity
  8
A-MASS
100
AcDbPolyline
 90
4
 70
1
 10
5.194648318042814
 20
7.31674576556655
 10
5.200420489296636
 20
7.32179962679137
 10
5.200420489296636
 20
7.32179962679137
 10
5.194648318042814
 20
7.31674576556655
  0
LWPOLYLINE
  5
1D0
330
17
100
AcDbEntity
  8
A-MASS
100
AcDbPolyline
 90
4
 70
1
 10
5.200420489296636
 20
7.32179962679137
 10
5.206192660550459
 20
7.326600598685917
 10
5.206192660550459
 20
7.326600598685917
 10
5.200420489296636
 20
7.32179962679137
  0
LWPOLYLINE
  5
1D1
330
17
100
AcDbEntity
  8
A-MASS
100
AcDbPolyline
 90
4
 70
1
 10
5.206192660550459
 20
7.326600598685917
 10
5.211964831804282
 20
7.331157599080417
 10
5.211964831804282
 20
7.331157599080417
 10
5.206192660550459
 20
7.326600598685917
  0
LWPOLYLINE
  5
1D2
330
17
100
AcDbEntity
  8
A-MASS
100
AcDbPolyline
 90
4
 70
1
 10
5.211964831804282
 20
7.331157599080417
 10
5.2177370030581045
 20
7.335478069636511
 10
5.2177370030581045
 20
7.335478069636511
 10
5.211964831804282
 20
7.331157599080417
  0
LWPOLYLINE
  5
1D3
330
17
100
AcDbEntity
  8
A-MASS
100
AcDbPolyline
 90
4
 70
1
 10
5.2177370030581045
 20
7.335478069636511
 10
5.223509174311927
 20
7.339568158672134
 10
5.223509174311927
 20
7.339568158672134
 10
5.2177370030581045
 20
7.335478069636511
  0
LWPOLYLINE
  5
1D4
330
17
100
AcDbEntity
  8
A-MASS
100
AcDbPolyline
 90
4
 70
1
 10
5.223509174311927
 20
7.339568158672134
 10
5.22928134556575
 20
7.3434328632955035
 10
5.22928134556575
 20
7.3434328632955035
 10
5.223509174311927
 20
7.339568158672134
  0
LWPOLYLINE
  5
1D5
330
17
100
AcDbEntity
  8
A-MASS
100
AcDbPolyline
 90
4
 70
1
 10
5.22928134556575
 20
7.3434328632955035
 10
5.235053516819573
 20
7.3470761390786175
 10
5.235053516819573
 20
7.3470761390786175
 10
5.22928134556575
 20
7.3434328632955035
  0
LWPOLYLINE
  5
1D6
330
17
100
AcDbEntity
  8
A-MASS
100
AcDbPolyline
 90
4
 70
1
 10
5.235053516819573
 20
7.3470761390786175
 10
5.240825688073395
 20
7.350500983204149
 10
5.240825688073395
 20
7.350500983204149
 10
5.235053516819573
 20
7.3470761390786175
  0
LWPOLYLINE
  5
1D7
330
17
100
AcDbEntity
  8
A-MASS
100
AcDbPolyline
 90
4
 70
1
 10
5.240825688073395
 20
7.350500983204149
 10
5.246597859327218
 20
7.353709495332402
 10
5.246597859327218
 20
7.353709495332402
 10
5.240825688073395
 20
7.350500983204149
  0
LWPOLYLINE
  5
1D8
330
17
100
AcDbEntity
  8
A-MASS
100
AcDbPolyline
 90
4
 70
1
 10
5.246597859327218
 20
7.353709495332402
 10
5.252370030581041
 20
7.356702919154563
 10
5.252370030581041
 20
7.356702919154563
 10
5.246597859327218
 20
7.353709495332402
  0
LWPOLYLINE
  5
1D9
330
17
100
AcDbEntity
  8
A-MASS
100
AcDbPolyline
 90
4
 70
1
 10
5.252370030581041
 20
7.356702919154563
 10
5.258142201834863
 20
7.359481666586225
 10
5.258142201834863
 20
7.359481666586225
 10
5.252370030581041
 20
7.356702919154563
  0
LWPOLYLINE
  5
1DA
330
17
100
AcDbEntity
  8
A-MASS
100
AcDbPolyline
 90
4
 70
1
 10
5.258142201834863
 20
7.359481666586225
 10
5.263914373088686
 20
7.362045325711794
 10
5.263914373088686
 20
7.362045325711794
 10
5.258142201834863
 20
7.359481666586225
  0
LWPOLYLINE
  5
1DB
330
17
100
AcDbEntity
  8
A-MASS
100
AcDbPolyline
 90
4
 70
1
 10
5.263914373088686
 20
7.362045325711794
 10
5.269686544342508
 20
7.364392652840085
 10
5.269686544342508
 20
7.364392652840085
 10
5.263914373088686
 20
7.362045325711794
  0
LWPOLYLINE
  5
1DC
330
17
100
AcDbEntity
  8
A-MASS
100
AcDbPolyline
 90
4
 70
1
 10
5.269686544342508
 20
7.364392652840085
 10
5.275458715596331
 20
7.366521548310794
 10
5.275458715596331
 20
7.366521548310794
 10
5.269686544342508
 20
7.364392652840085
  0
LWPOLYLINE
  5
1DD
330
17
100
AcDbEntity
  8
A-MASS
100
AcDbPolyline
 90
4
 70
1
 10
5.275458715596331
 20
7.366521548310794
 10
5.281230886850153
 20
7.368429014941247
 10
5.281230886850153
 20
7.368429014941247
 10
5.275458715596331
 20
7.366521548310794
  0
LWPOLYLINE
  5
1DE
330
17
100
AcDbEntity
  8
A-MASS
100
AcDbPolyline
 90
4
 70
1
 10
5.281230886850153
 20
7.368429014941247
 10
5.287003058103976
 20
7.370111097159446
 10
5.287003058103976
 20
7.370111097159446
 10
5.281230886850153
 20
7.368429014941247
  0
LWPOLYLINE
  5
1DF
330
17
100
AcDbEntity
  8
A-MASS
100
AcDbPolyline
 90
4
 70
1
 10
5.287003058103976
 20
7.370111097159446
 10
5.292775229357799
 20
7.371562797857176
 10
5.292775229357799
 20
7.371562797857176
 10
5.287003058103976
 20
7.370111097159446
  0
LWPOLYLINE
  5
1E0
330
17
100
AcDbEntity
  8
A-MASS
100
AcDbPolyline
 90
4
 70
1
 10
5.292775229357799
 20
7.371562797857176
 10
5.298547400611621
 20
7.372777968716497
 10
5.298547400611621
 20
7.372777968716497
 10
5.292775229357799
 20
7.371562797857176
  0
LWPOLYLINE
  5
1E1
330
17
100
AcDbEntity
  8
A-MASS
100
AcDbPolyline
 90
4
 70
1
 10
5.298547400611621
 20
7.372777968716497
 10
5.3043195718654435
 20
7.373749168075774
 10
5.3043195718654435
 20
7.373749168075774
 10
5.298547400611621
 20
7.372777968716497
  0
LWPOLYLINE
  5
1E2
330
17
100
AcDbEntity
  8
A-MASS
100
AcDbPolyline
 90
4
 70
1
 10
5.3043195718654435
 20
7.373749168075774
 10
5.3100917431192665
 20
7.374467478104776
 10
5.3100917431192665
 20
7.374467478104776
 10
5.3043195718654435
 20
7.373749168075774
  0
LWPOLYLINE
  5
1E3
330
17
100
AcDbEntity
  8
A-MASS
100
AcDbPolyline
 90
4
 70
1
 10
5.3100917431192665
 20
7.374467478104776
 10
5.3158639143730895
 20
7.374922269846745
 10
5.3158639143730895
 20
7.374922269846745
 10
5.3100917431192665
 20
7.374467478104776
  0
LWPOLYLINE
  5
1E4
330
17
100
AcDbEntity
  8
A-MASS
100
AcDbPolyline
 90
4
 70
1
 10
5.3158639143730895
 20
7.374922269846745
 10
5.321636085626912
 20
7.375100900082648
 10
5.321636085626912
 20
7.375100900082648
 10
5.3158639143730895
 20
7.374922269846745
  0
LWPOLYLINE
  5
1E5
330
17
100
AcDbEntity
  8
A-MASS
100
AcDbPolyline
 90
4
 70
1
 10
5.321636085626912
 20
7.375100900082648
 10
5.327408256880735
 20
7.374988317219916
 10
5.327408256880735
 20
7.374988317219916
 10
5.321636085626912
 20
7.375100900082648
  0
LWPOLYLINE
  5
1E6
330
17
100
AcDbEntity
  8
A-MASS
100
AcDbPolyline
 90
4
 70
1
 10
5.327408256880735
 20
7.374988317219916
 10
5.333180428134557
 20
7.374566543257592
 10
5.333180428134557
 20
7.374566543257592
 10
5.327408256880735
 20
7.374988317219916
  0
LWPOLYLINE
  5
1E7
330
17
100
AcDbEntity
  8
A-MASS
100
AcDbPolyline
 90
4
 70
1
 10
5.333180428134557
 20
7.374566543257592
 10
5.33895259938838
 20
7.373813983224281
 10
5.33895259938838
 20
7.373813983224281
 10
5.333180428134557
 20
7.374566543257592
  0
LWPOLYLINE
  5
1E8
330
17
100
AcDbEntity
  8
A-MASS
100
AcDbPolyline
 90
4
 70
1
 10
5.33895259938838
 20
7.373813983224281
 10
5.344724770642202
 20
7.37270448864359
 10
5.344724770642202
 20
7.37270448864359
 10
5.33895259938838
 20
7.373813983224281
  0
LWPOLYLINE
  5
1E9
330
17
100
AcDbEntity
  8
A-MASS
100
AcDbPolyline
 90
4
 70
1
 10
5.344724770642202
 20
7.37270448864359
 10
5.350496941896025
 20
7.371206060887309
 10
5.350496941896025
 20
7.371206060887309
 10
5.344724770642202
 20
7.37270448864359
  0
LWPOLYLINE
  5
1EA
330
17
100
AcDbEntity
  8
A-MASS
100
AcDbPolyline
 90
4
 70
1
 10
5.350496941896025
 20
7.371206060887309
 10
5.356269113149848
 20
7.3692790111434325
 10
5.356269113149848
 20
7.3692790111434325
 10
5.350496941896025
 20
7.371206060887309
  0
LWPOLYLINE
  5
1EB
330
17
100
AcDbEntity
  8
A-MASS
100
AcDbPolyline
 90
4
 70
1
 10
5.356269113149848
 20
7.3692790111434325
 10
5.36204128440367
 20
7.366873271224699
 10
5.36204128440367
 20
7.366873271224699
 10
5.356269113149848
 20
7.3692790111434325
  0
LWPOLYLINE
  5
1EC
330
17
100
AcDbEntity
  8
A-MASS
100
AcDbPolyline
 90
4
 70
1
 10
5.36204128440367
 20
7.366873271224699
 10
5.367813455657493
 20
7.3639243213408365
 10
5.367813455657493
 20
7.3639243213408365
 10
5.36204128440367
 20
7.366873271224699
  0
LWPOLYLINE
  5
1ED
330
17
100
AcDbEntity
  8
A-MASS
100
AcDbPolyline
 90
4
 70
1
 10
5.367813455657493
 20
7.3639243213408365
 10
5.373585626911316
 20
7.360346750249181
 10
5.373585626911316
 20
7.360346750249181
 10
5.367813455657493
 20
7.3639243213408365
  0
LWPOLYLINE
  5
1EE
330
17
100
AcDbEntity
  8
A-MASS
100
AcDbPolyline
 90
4
 70
1
 10
5.373585626911316
 20
7.360346750249181
 10
5.379357798165138
 20
7.356023505628253
 10
5.379357798165138
 20
7.356023505628253
 10
5.373585626911316
 20
7.360346750249181
  0
LWPOLYLINE
  5
1EF
330
17
100
AcDbEntity
  8
A-MASS
100
AcDbPolyline
 90
4
 70
1
 10
5.379357798165138
 20
7.356023505628253
 10
5.38512996941896
 20
7.350786664082552
 10
5.38512996941896
 20
7.350786664082552
 10
5.379357798165138
 20
7.356023505628253
  0
LWPOLYLINE
  5
1F0
330
17
100
AcDbEntity
  8
A-MASS
100
AcDbPolyline
 90
4
 70
1
 10
5.38512996941896
 20
7.350786664082552
 10
5.390902140672783
 20
7.34437971179903
 10
5.390902140672783
 20
7.34437971179903
 10
5.38512996941896
 20
7.350786664082552
  0
LWPOLYLINE
  5
1F1
330
17
100
AcDbEntity
  8
A-MASS
100
AcDbPolyline
 90
4
 70
1
 10
5.390902140672783
 20
7.34437971179903
 10
5.396674311926606
 20
7.33637333483065
 10
5.396674311926606
 20
7.33637333483065
 10
5.390902140672783
 20
7.34437971179903
  0
LWPOLYLINE
  5
1F2
330
17
100
AcDbEntity
  8
A-MASS
100
AcDbPolyline
 90
4
 70
1
 10
5.396674311926606
 20
7.33637333483065
 10
5.402446483180428
 20
7.325936125491268
 10
5.402446483180428
 20
7.325936125491268
 10
5.396674311926606
 20
7.33637333483065
  0
LWPOLYLINE
  5
1F3
330
17
100
AcDbEntity
  8
A-MASS
100
AcDbPolyline
 90
4
 70
1
 10
5.402446483180428
 20
7.325936125491268
 10
5.408218654434251
 20
7.31093872381963
 10
5.408218654434251
 20
7.31093872381963
 10
5.402446483180428
 20
7.325936125491268
  0
LWPOLYLINE
  5
1F4
330
17
100
AcDbEntity
  8
A-MASS
100
AcDbPolyline
 90
4
 70
1
 10
5.408218654434251
 20
7.31093872381963
 10
5.4139908256880735
 20
7.269260712778146
 10
5.4139908256880735
 20
7.269260712778146
 10
5.408218654434251
 20
7.31093872381963
  0
HATCH
  5
1F5
330
17
100
AcDbEntity
  8
A-MASS
 62
7
420
1513239
100
AcDbHatch
 10
0.0
 20
0.0
 30
0.0
210
0.0
220
0.0
230
1.0
  2
SOLID
 70
1
 71
0
 91
1
 92
3
 72
0
 73
1
 93
48
 10
5.3158639143730895
 20
7.471869219301564
 10
5.315320715395333
 20
7.481747833633817
 10
5.313700412747178
 20
7.490914223158219
 10
5.311030730256165
 20
7.4992115484086055
 10
5.307357346929892
 20
7.506497839849488
 10
5.302743115375526
 20
7.512648427014172
 10
5.297266986374269
 20
7.517558071651005
 10
5.2910226580116015
 20
7.52114276837904
 10
5.284116972477065
 20
7.523341182043395
 10
5.276668087964772
 20
7.5241156971767555
 10
5.268803456953949
 20
7.523453061610456
 10
5.260657645461679
 20
7.521364613222753
 10
5.252370030581041
 20
7.5178860859445855
 10
5.244082415700402
 20
7.513076998342114
 10
5.235936604208132
 20
7.507019635237548
 10
5.228071973197309
 20
7.499817639793024
 10
5.220623088685016
 20
7.49159424014737
 10
5.213717403150479
 20
7.482490140948479
 10
5.207473074787812
 20
7.472661115857777
 10
5.201996945786554
 20
7.462275342219687
 10
5.197382714232189
 20
7.4515105235006365
 10
5.193709330905916
 20
7.440550848733481
 10
5.191039648414903
 20
7.429583840992082
 10
5.189419345766748
 20
7.4187971488195235
 10
5.188876146788991
 20
7.408375335509515
 10
5.189419345766748
 20
7.3984967211772625
 10
5.191039648414903
 20
7.38933033165286
 10
5.193709330905916
 20
7.381033006402474
 10
5.197382714232189
 20
7.373746714961591
 10
5.201996945786554
 20
7.367596127796907
 10
5.207473074787812
 20
7.362686483160074
 10
5.213717403150479
 20
7.359101786432039
 10
5.220623088685016
 20
7.356903372767684
 10
5.228071973197309
 20
7.356128857634324
 10
5.235936604208132
 20
7.356791493200623
 10
5.244082415700402
 20
7.358879941588327
 10
5.252370030581041
 20
7.3623584688664945
 10
5.260657645461679
 20
7.367167556468965
 10
5.268803456953949
 20
7.3732249195735315
 10
5.276668087964771
 20
7.380426915018055
 10
5.284116972477065
 20
7.3886503146637095
 10
5.2910226580116015
 20
7.3977544138626
 10
5.297266986374269
 20
7.407583438953303
 10
5.302743115375526
 20
7.417969212591393
 10
5.307357346929892
 20
7.428734031310443
 10
5.311030730256165
 20
7.439693706077598
 10
5.313700412747178
 20
7.450660713818997
 10
5.315320715395333
 20
7.461447405991555
 97
0
 75
0
 76
1
 98
0
  0
LWPOLYLINE
  5
1F6
330
17
100
AcDbEntity
  8
A-MASS
100
AcDbPolyline
 90
48
 70
1
 10
5.3158639143730895
 20
7.471869219301564
 10
5.315320715395333
 20
7.481747833633817
 10
5.313700412747178
 20
7.490914223158219
 10
5.311030730256165
 20
7.4992115484086055
 10
5.307357346929892
 20
7.506497839849488
 10
5.302743115375526
 20
7.512648427014172
 10
5.297266986374269
 20
7.517558071651005
 10
5.2910226580116015
 20
7.52114276837904
 10
5.284116972477065
 20
7.523341182043395
 10
5.276668087964772
 20
7.5241156971767555
 10
5.268803456953949
 20
7.523453061610456
 10
5.260657645461679
 20
7.521364613222753
 10
5.252370030581041
 20
7.5178860859445855
 10
5.244082415700402
 20
7.513076998342114
 10
5.235936604208132
 20
7.507019635237548
 10
5.228071973197309
 20
7.499817639793024
 10
5.220623088685016
 20
7.49159424014737
 10
5.213717403150479
 20
7.482490140948479
 10
5.207473074787812
 20
7.472661115857777
 10
5.201996945786554
 20
7.462275342219687
 10
5.197382714232189
 20
7.4515105235006365
 10
5.193709330905916
 20
7.440550848733481
 10
5.191039648414903
 20
7.429583840992082
 10
5.189419345766748
 20
7.4187971488195235
 10
5.188876146788991
 20
7.408375335509515
 10
5.189419345766748
 20
7.3984967211772625
 10
5.191039648414903
 20
7.38933033165286
 10
5.193709330905916
 20
7.381033006402474
 10
5.197382714232189
 20
7.373746714961591
 10
5.201996945786554
 20
7.367596127796907
 10
5.207473074787812
 20
7.362686483160074
 10
5.213717403150479
 20
7.359101786432039
 10
5.220623088685016
 20
7.356903372767684
 10
5.228071973197309
 20
7.356128857634324
 10
5.235936604208132
 20
7.356791493200623
 10
5.244082415700402
 20
7.358879941588327
 10
5.252370030581041
 20
7.3623584688664945
 10
5.260657645461679
 20
7.367167556468965
 10
5.268803456953949
 20
7.3732249195735315
 10
5.276668087964771
 20
7.380426915018055
 10
5.284116972477065
 20
7.3886503146637095
 10
5.2910226580116015
 20
7.3977544138626
 10
5.297266986374269
 20
7.407583438953303
 10
5.302743115375526
 20
7.417969212591393
 10
5.307357346929892
 20
7.428734031310443
 10
5.311030730256165
 20
7.439693706077598
 10
5.313700412747178
 20
7.450660713818997
 10
5.315320715395333
 20
7.461447405991555
  0
HATCH
  5
1F7
330
17
100
AcDbEntity
  8
A-MASS
 62
7
420
14208176
100
AcDbHatch
 10
0.0
 20
0.0
 30
0.0
210
0.0
220
0.0
230
1.0
  2
SOLID
 70
1
 71
0
 91
1
 92
3
 72
0
 73
1
 93
4
 10
4.998394495412844
 20
7.455937140047689
 10
5.090749235474007
 20
7.50211451007827
 10
5.021483180428135
 20
7.536747537601206
 10
4.929128440366973
 20
7.490570167570625
 97
0
 75
0
 76
1
 98
0
  0
LWPOLYLINE
  5
1F8
330
17
100
AcDbEntity
  8
A-MASS
100
AcDbPolyline
 90
4
 70
1
 10
4.998394495412844
 20
7.455937140047689
 10
5.090749235474007
 20
7.50211451007827
 10
5.021483180428135
 20
7.536747537601206
 10
4.929128440366973
 20
7.490570167570625
  0
HATCH
  5
1F9
330
17
100
AcDbEntity
  8
A-MASS
 62
7
420
12761246
100
AcDbHatch
 10
0.0
 20
0.0
 30
0.0
210
0.0
220
0.0
230
1.0
  2
SOLID
 70
1
 71
0
 91
1
 92
3
 72
0
 73
1
 93
4
 10
4.998394495412844
 20
6.748993426056367
 10
5.090749235474007
 20
6.795170796086947
 10
5.090749235474007
 20
7.50211451007827
 10
4.998394495412844
 20
7.455937140047689
 97
0
 75
0
 76
1
 98
0
  0
LWPOLYLINE
  5
1FA
330
17
100
AcDbEntity
  8
A-MASS
100
AcDbPolyline
 90
4
 70
1
 10
4.998394495412844
 20
6.748993426056367
 10
5.090749235474007
 20
6.795170796086947
 10
5.090749235474007
 20
7.50211451007827
 10
4.998394495412844
 20
7.455937140047689
  0
HATCH
  5
1FB
330
17
100
AcDbEntity
  8
A-MASS
 62
7
420
11379597
100
AcDbHatch
 10
0.0
 20
0.0
 30
0.0
210
0.0
220
0.0
230
1.0
  2
SOLID
 70
1
 71
0
 91
1
 92
3
 72
0
 73
1
 93
4
 10
4.929128440366973
 20
6.783626453579302
 10
4.998394495412844
 20
6.748993426056367
 10
4.998394495412844
 20
7.455937140047689
 10
4.929128440366973
 20
7.490570167570625
 97
0
 75
0
 76
1
 98
0
  0
LWPOLYLINE
  5
1FC
330
17
100
AcDbEntity
  8
A-MASS
100
AcDbPolyline
 90
4
 70
1
 10
4.929128440366973
 20
6.783626453579302
 10
4.998394495412844
 20
6.748993426056367
 10
4.998394495412844
 20
7.455937140047689
 10
4.929128440366973
 20
7.490570167570625
  0
LINE
  5
1FD
330
17
100
AcDbEntity
  8
A-ANNO-TEXT
100
AcDbLine
 10
8.060996894379985
 20
5.569501552810007
 30
0.0
 11
7.739003105620015
 21
5.730498447189992
 31
0.0
  0
HATCH
  5
1FE
330
17
100
AcDbEntity
  8
A-ANNO-TEXT
 62
7
420
0
100
AcDbHatch
 10
0.0
 20
0.0
 30
0.0
210
0.0
220
0.0
230
1.0
  2
SOLID
 70
1
 71
0
 91
1
 92
3
 72
0
 73
1
 93
3
 10
7.739003105620015
 20
5.730498447189992
 10
7.787302173934012
 20
5.6459750776405
 10
7.835601242248006
 20
5.742573214268491
 97
0
 75
0
 76
1
 98
0
  0
LWPOLYLINE
  5
1FF
330
17
100
AcDbEntity
  8
A-ANNO-TEXT
100
AcDbPolyline
 90
3
 70
1
 10
7.739003105620015
 20
5.730498447189992
 10
7.787302173934012
 20
5.6459750776405
 10
7.835601242248006
 20
5.742573214268491
  0
TEXT
  5
200
330
17
100
AcDbEntity
  8
A-ANNO-TEXT
100
AcDbText
 10
7.642404968992024
 20
5.748797515503987
 30
0.0
 40
0.055
  1
N
  7
KS-BOLD
 72
1
 11
7.642404968992024
 21
5.748797515503987
 31
0.0
100
AcDbText
  0
TEXT
  5
201
330
17
100
AcDbEntity
  8
A-ANNO-VIEW
100
AcDbText
 10
0.6
 20
10.02
 30
0.0
 40
0.06799999999999999
  1
V1  AERIAL FROM SOUTHWEST
  7
KS-BOLD
 11
0.6
 21
10.02
 31
0.0
100
AcDbText
  0
TEXT
  5
202
330
17
100
AcDbEntity
  8
A-ANNO-VIEW
100
AcDbText
 10
0.6
 20
9.9
 30
0.0
 40
0.04599999999999999
  1
axonometric · not to scale
  7
KS-REG
 11
0.6
 21
9.9
 31
0.0
100
AcDbText
  0
LINE
  5
203
330
17
100
AcDbEntity
  8
A-ANNO-TEXT
100
AcDbLine
 10
3.4110474006116207
 20
8.580956879754032
 30
0.0
 11
3.761047400611621
 21
8.830956879754032
 31
0.0
  0
TEXT
  5
204
330
17
100
AcDbEntity
  8
A-ANNO-TEXT
100
AcDbText
 10
3.7910474006116206
 20
8.800956879754033
 30
0.0
 40
0.04599999999999999
  1
ARENA VOLUME — roof 42' ASSUMED (wall / roof TBD)
  7
KS-REG
 11
3.7910474006116206
 21
8.800956879754033
 31
0.0
100
AcDbText
  0
LINE
  5
205
330
17
100
AcDbEntity
  8
A-ANNO-TEXT
100
AcDbLine
 10
2.389373088685015
 20
9.197668470035667
 30
0.0
 11
2.6893730886850147
 21
9.497668470035668
 31
0.0
  0
TEXT
  5
206
330
17
100
AcDbEntity
  8
A-ANNO-TEXT
100
AcDbText
 10
2.7193730886850145
 20
9.467668470035669
 30
0.0
 40
0.044000000000000004
  1
RING — roof 32.75' ASSUMED · L2 FF 17.75' DECIDED
  7
KS-REG
 11
2.7193730886850145
 21
9.467668470035669
 31
0.0
100
AcDbText
  0
LINE
  5
207
330
17
100
AcDbEntity
  8
A-ANNO-TEXT
100
AcDbLine
 10
0.7904816513761461
 20
8.593202141652696
 30
0.0
 11
0.8404816513761462
 21
8.993202141652697
 31
0.0
  0
TEXT
  5
208
330
17
100
AcDbEntity
  8
A-ANNO-TEXT
100
AcDbText
 10
0.8704816513761462
 20
8.963202141652697
 30
0.0
 40
0.041999999999999996
  1
service apron at S1 — diagram (D-034)
  7
KS-REG
 11
0.8704816513761462
 21
8.963202141652697
 31
0.0
100
AcDbText
  0
LINE
  5
209
330
17
100
AcDbEntity
  8
A-ANNO-TEXT
100
AcDbLine
 10
5.252370030581041
 20
7.582924907631787
 30
0.0
 11
4.902370030581041
 21
7.782924907631787
 31
0.0
  0
TEXT
  5
20A
330
17
100
AcDbEntity
  8
A-ANNO-TEXT
100
AcDbText
 10
4.872370030581041
 20
7.752924907631787
 30
0.0
 40
0.04599999999999999
  1
FREESTANDING PORTAL 50' max (D-043, D-050)
  7
KS-REG
 72
2
 11
4.872370030581041
 21
7.752924907631787
 31
0.0
100
AcDbText
  0
LINE
  5
20B
330
17
100
AcDbEntity
  8
A-ANNO-TEXT
100
AcDbLine
 10
5.009938837920489
 20
6.997196789970739
 30
0.0
 11
5.759938837920489
 21
6.697196789970739
 31
0.0
  0
TEXT
  5
20C
330
17
100
AcDbEntity
  8
A-ANNO-TEXT
100
AcDbText
 10
5.78993883792049
 20
6.667196789970739
 30
0.0
 40
0.04599999999999999
  1
CHAMPION WALK 28' brick + 6' bands = 40' (D-066)
  7
KS-REG
 11
5.78993883792049
 21
6.667196789970739
 31
0.0
100
AcDbText
  0
LINE
  5
20D
330
17
100
AcDbEntity
  8
A-ANNO-TEXT
100
AcDbLine
 10
1.2811162079510696
 20
8.787677188233895
 30
0.0
 11
1.3011162079510696
 21
9.587677188233895
 31
0.0
  0
TEXT
  5
20E
330
17
100
AcDbEntity
  8
A-ANNO-TEXT
100
AcDbText
 10
1.3311162079510697
 20
9.557677188233896
 30
0.0
 40
0.044000000000000004
  1
STORAGE ANNEX 70' x 30', 16' ASSUMED (D-067)
  7
KS-REG
 11
1.3311162079510697
 21
9.557677188233896
 31
0.0
100
AcDbText
  0
LINE
  5
20F
330
17
100
AcDbEntity
  8
A-ANNO-TEXT
100
AcDbLine
 10
6.683868501529053
 20
6.9106142211634
 30
0.0
 11
6.983868501529053
 21
6.060614221163401
 31
0.0
  0
TEXT
  5
210
330
17
100
AcDbEntity
  8
A-ANNO-TEXT
100
AcDbText
 10
7.013868501529053
 20
6.0306142211634
 30
0.0
 40
0.041999999999999996
  1
BUS / VAN DROP-OFF: curbside, drive aisle (ASSUMED, D-087)
  7
KS-REG
 11
7.013868501529053
 21
6.0306142211634
 31
0.0
100
AcDbText
  0
LINE
  5
211
330
17
100
AcDbEntity
  8
A-ANNO-TEXT
100
AcDbLine
 10
7.457339449541285
 20
6.662410857249027
 30
0.0
 11
7.357339449541286
 21
6.462410857249027
 31
0.0
  0
TEXT
  5
212
330
17
100
AcDbEntity
  8
A-ANNO-TEXT
100
AcDbText
 10
7.327339449541285
 20
6.432410857249026
 30
0.0
 40
0.041999999999999996
  1
ROAD assumed south (site TBD, D-006)
  7
KS-REG
 72
2
 11
7.327339449541285
 21
6.432410857249026
 31
0.0
100
AcDbText
  0
HATCH
  5
213
330
17
100
AcDbEntity
  8
C-SITE-DIAG
 62
7
420
14268314
100
AcDbHatch
 10
0.0
 20
0.0
 30
0.0
210
0.0
220
0.0
230
1.0
  2
SOLID
 70
1
 71
0
 91
1
 92
3
 72
0
 73
1
 93
10
 10
5.13169643965439
 20
2.4393854725351143
 10
5.189971037579534
 20
2.4645071159244765
 10
5.393992601346164
 20
2.2851199912614573
 10
5.316293137445972
 20
2.2516244667423075
 10
5.357097450199298
 20
2.2157470418097036
 10
5.43479691409949
 20
2.2492425663288533
 10
5.475601226852816
 20
2.2133651413962494
 10
5.33962716502748
 20
2.154747973487738
 10
5.217214226767502
 20
2.2623802482855493
 10
5.294913690667694
 20
2.295875772804699
 97
0
 75
0
 76
1
 98
0
  0
LWPOLYLINE
  5
214
330
17
100
AcDbEntity
  8
C-SITE-DIAG
100
AcDbPolyline
 90
10
 70
1
 10
5.13169643965439
 20
2.4393854725351143
 10
5.189971037579534
 20
2.4645071159244765
 10
5.393992601346164
 20
2.2851199912614573
 10
5.316293137445972
 20
2.2516244667423075
 10
5.357097450199298
 20
2.2157470418097036
 10
5.43479691409949
 20
2.2492425663288533
 10
5.475601226852816
 20
2.2133651413962494
 10
5.33962716502748
 20
2.154747973487738
 10
5.217214226767502
 20
2.2623802482855493
 10
5.294913690667694
 20
2.295875772804699
  0
HATCH
  5
215
330
17
100
AcDbEntity
  8
C-SITE-DIAG
 62
7
420
14268314
100
AcDbHatch
 10
0.0
 20
0.0
 30
0.0
210
0.0
220
0.0
230
1.0
  2
SOLID
 70
1
 71
0
 91
1
 92
3
 72
0
 73
1
 93
10
 10
5.683411010168656
 20
2.463353395400447
 10
5.761110474068848
 20
2.496848919919597
 10
5.883523412328826
 20
2.389216645121785
 10
5.747549350503489
 20
2.3305994772132737
 10
5.706745037750164
 20
2.366476902145877
 10
5.784444501650356
 20
2.399972426665027
 10
5.74364018889703
 20
2.435849851597631
 10
5.665940724996837
 20
2.402354327078481
 10
5.461919161230208
 20
2.5817414517415003
 10
5.520193759155352
 20
2.6068630951308625
 97
0
 75
0
 76
1
 98
0
  0
LWPOLYLINE
  5
216
330
17
100
AcDbEntity
  8
C-SITE-DIAG
100
AcDbPolyline
 90
10
 70
1
 10
5.683411010168656
 20
2.463353395400447
 10
5.761110474068848
 20
2.496848919919597
 10
5.883523412328826
 20
2.389216645121785
 10
5.747549350503489
 20
2.3305994772132737
 10
5.706745037750164
 20
2.366476902145877
 10
5.784444501650356
 20
2.399972426665027
 10
5.74364018889703
 20
2.435849851597631
 10
5.665940724996837
 20
2.402354327078481
 10
5.461919161230208
 20
2.5817414517415003
 10
5.520193759155352
 20
2.6068630951308625
  0
HATCH
  5
217
330
17
100
AcDbEntity
  8
C-SITE-DIAG
 62
7
420
11887946
100
AcDbHatch
 10
0.0
 20
0.0
 30
0.0
210
0.0
220
0.0
230
1.0
  2
SOLID
 70
1
 71
0
 91
1
 92
3
 72
0
 73
1
 93
4
 10
5.393992601346164
 20
2.2851199912614573
 10
5.665940724996837
 20
2.402354327078481
 10
5.461919161230208
 20
2.5817414517415003
 10
5.189971037579534
 20
2.4645071159244765
 97
0
 75
0
 76
1
 98
0
  0
LWPOLYLINE
  5
218
330
17
100
AcDbEntity
  8
C-SITE-DIAG
100
AcDbPolyline
 90
4
 70
1
 10
5.393992601346164
 20
2.2851199912614573
 10
5.665940724996837
 20
2.402354327078481
 10
5.461919161230208
 20
2.5817414517415003
 10
5.189971037579534
 20
2.4645071159244765
  0
HATCH
  5
219
330
17
100
AcDbEntity
  8
C-SITE-DIAG
 62
7
420
15724527
100
AcDbHatch
 10
0.0
 20
0.0
 30
0.0
210
0.0
220
0.0
230
1.0
  2
SOLID
 70
1
 71
0
 91
1
 92
3
 72
0
 73
1
 93
4
 10
5.044284542766674
 20
2.4017030074510712
 10
5.607605656043068
 20
2.644545560214906
 10
5.3763812171075545
 20
2.8478509681663278
 10
4.81306010383116
 20
2.605008415402493
 97
0
 75
0
 76
1
 98
0
  0
LWPOLYLINE
  5
21A
330
17
100
AcDbEntity
  8
C-SITE-DIAG
100
AcDbPolyline
 90
4
 70
1
 10
5.044284542766674
 20
2.4017030074510712
 10
5.607605656043068
 20
2.644545560214906
 10
5.3763812171075545
 20
2.8478509681663278
 10
4.81306010383116
 20
2.605008415402493
  0
HATCH
  5
21B
330
17
100
AcDbEntity
  8
C-SITE-DIAG
 62
7
420
13624274
100
AcDbHatch
 10
0.0
 20
0.0
 30
0.0
210
0.0
220
0.0
230
1.0
  2
SOLID
 70
1
 71
0
 91
1
 92
3
 72
0
 73
1
 93
4
 10
5.259852178266808
 20
2.708503389212341
 10
5.444388405029764
 20
2.788055259945321
 10
5.3763812171075545
 20
2.8478509681663278
 10
5.191844990344597
 20
2.7682990974333475
 97
0
 75
0
 76
1
 98
0
  0
LWPOLYLINE
  5
21C
330
17
100
AcDbEntity
  8
C-SITE-DIAG
100
AcDbPolyline
 90
4
 70
1
 10
5.259852178266808
 20
2.708503389212341
 10
5.444388405029764
 20
2.788055259945321
 10
5.3763812171075545
 20
2.8478509681663278
 10
5.191844990344597
 20
2.7682990974333475
  0
HATCH
  5
21D
330
17
100
AcDbEntity
  8
C-SITE-DIAG
 62
7
420
15920093
100
AcDbHatch
 10
0.0
 20
0.0
 30
0.0
210
0.0
220
0.0
230
1.0
  2
SOLID
 70
1
 71
0
 91
1
 92
3
 72
0
 73
1
 93
4
 10
4.391496166751625
 20
2.619324637671683
 10
5.673537321104799
 20
3.1720007922376525
 10
4.531016564011672
 20
4.17656869035056
 10
3.248975409658498
 20
3.6238925357845915
 97
0
 75
0
 76
1
 98
0
  0
LWPOLYLINE
  5
21E
330
17
100
AcDbEntity
  8
C-SITE-DIAG
100
AcDbPolyline
 90
4
 70
1
 10
4.391496166751625
 20
2.619324637671683
 10
5.673537321104799
 20
3.1720007922376525
 10
4.531016564011672
 20
4.17656869035056
 10
3.248975409658498
 20
3.6238925357845915
  0
HATCH
  5
21F
330
17
100
AcDbEntity
  8
C-SITE-DIAG
 62
7
420
15324070
100
AcDbHatch
 10
0.0
 20
0.0
 30
0.0
210
0.0
220
0.0
230
1.0
  2
SOLID
 70
1
 71
0
 91
1
 92
3
 72
0
 73
1
 93
4
 10
3.883356524119197
 20
3.193375846487578
 10
4.291278709595207
 20
3.369227350213113
 10
4.005648520321925
 20
3.6203693247413407
 10
3.597726334845915
 20
3.444517821015805
 97
0
 75
0
 76
1
 98
0
  0
LWPOLYLINE
  5
220
330
17
100
AcDbEntity
  8
C-SITE-DIAG
100
AcDbPolyline
 90
4
 70
1
 10
3.883356524119197
 20
3.193375846487578
 10
4.291278709595207
 20
3.369227350213113
 10
4.005648520321925
 20
3.6203693247413407
 10
3.597726334845915
 20
3.444517821015805
  0
HATCH
  5
221
330
17
100
AcDbEntity
  8
C-SITE-DIAG
 62
7
420
15324070
100
AcDbHatch
 10
0.0
 20
0.0
 30
0.0
210
0.0
220
0.0
230
1.0
  2
SOLID
 70
1
 71
0
 91
1
 92
3
 72
0
 73
1
 93
4
 10
4.388403039470448
 20
3.4110967558620504
 10
4.796325224946457
 20
3.586948259587586
 10
4.510695035673176
 20
3.838090234115813
 10
4.102772850197166
 20
3.6622387303902775
 97
0
 75
0
 76
1
 98
0
  0
LWPOLYLINE
  5
222
330
17
100
AcDbEntity
  8
C-SITE-DIAG
100
AcDbPolyline
 90
4
 70
1
 10
4.388403039470448
 20
3.4110967558620504
 10
4.796325224946457
 20
3.586948259587586
 10
4.510695035673176
 20
3.838090234115813
 10
4.102772850197166
 20
3.6622387303902775
  0
HATCH
  5
223
330
17
100
AcDbEntity
  8
C-SITE-DIAG
 62
7
420
15324070
100
AcDbHatch
 10
0.0
 20
0.0
 30
0.0
210
0.0
220
0.0
230
1.0
  2
SOLID
 70
1
 71
0
 91
1
 92
3
 72
0
 73
1
 93
4
 10
4.236993901314689
 20
2.8824381637383443
 10
4.6449160867906985
 20
3.05828966746388
 10
4.359285897517417
 20
3.3094316419921066
 10
3.951363712041407
 20
3.1335801382665713
 97
0
 75
0
 76
1
 98
0
  0
LWPOLYLINE
  5
224
330
17
100
AcDbEntity
  8
C-SITE-DIAG
100
AcDbPolyline
 90
4
 70
1
 10
4.236993901314689
 20
2.8824381637383443
 10
4.6449160867906985
 20
3.05828966746388
 10
4.359285897517417
 20
3.3094316419921066
 10
3.951363712041407
 20
3.1335801382665713
  0
HATCH
  5
225
330
17
100
AcDbEntity
  8
C-SITE-DIAG
 62
7
420
15324070
100
AcDbHatch
 10
0.0
 20
0.0
 30
0.0
210
0.0
220
0.0
230
1.0
  2
SOLID
 70
1
 71
0
 91
1
 92
3
 72
0
 73
1
 93
4
 10
4.7420404166659385
 20
3.100159073112817
 10
5.149962602141948
 20
3.2760105768383525
 10
4.8643324128686665
 20
3.5271525513665796
 10
4.456410227392658
 20
3.351301047641044
 97
0
 75
0
 76
1
 98
0
  0
LWPOLYLINE
  5
226
330
17
100
AcDbEntity
  8
C-SITE-DIAG
100
AcDbPolyline
 90
4
 70
1
 10
4.7420404166659385
 20
3.100159073112817
 10
5.149962602141948
 20
3.2760105768383525
 10
4.8643324128686665
 20
3.5271525513665796
 10
4.456410227392658
 20
3.351301047641044
  0
HATCH
  5
227
330
17
100
AcDbEntity
  8
A-MASS
 62
7
420
11250603
100
AcDbHatch
 10
0.0
 20
0.0
 30
0.0
210
0.0
220
0.0
230
1.0
  2
SOLID
 70
1
 71
0
 91
1
 92
3
 72
0
 73
1
 93
4
 10
4.033064583124386
 20
4.381959126228622
 10
4.033106245364828
 20
4.379271889213559
 10
4.033106245364828
 20
4.54511369479657
 10
4.033064583124386
 20
4.547800931811635
 97
0
 75
0
 76
1
 98
0
  0
LWPOLYLINE
  5
228
330
17
100
AcDbEntity
  8
A-MASS
100
AcDbPolyline
 90
4
 70
1
 10
4.033064583124386
 20
4.381959126228622
 10
4.033106245364828
 20
4.379271889213559
 10
4.033106245364828
 20
4.54511369479657
 10
4.033064583124386
 20
4.547800931811635
  0
HATCH
  5
229
330
17
100
AcDbEntity
  8
A-MASS
 62
7
420
10132122
100
AcDbHatch
 10
0.0
 20
0.0
 30
0.0
210
0.0
220
0.0
230
1.0
  2
SOLID
 70
1
 71
0
 91
1
 92
3
 72
0
 73
1
 93
4
 10
4.388698534273345
 20
4.378674863847511
 10
4.388764002047653
 20
4.3813619209955235
 10
4.388764002047653
 20
4.547203726578536
 10
4.388698534273345
 20
4.544516669430523
 97
0
 75
0
 76
1
 98
0
  0
LWPOLYLINE
  5
22A
330
17
100
AcDbEntity
  8
A-MASS
100
AcDbPolyline
 90
4
 70
1
 10
4.388698534273345
 20
4.378674863847511
 10
4.388764002047653
 20
4.3813619209955235
 10
4.388764002047653
 20
4.547203726578536
 10
4.388698534273345
 20
4.544516669430523
  0
HATCH
  5
22B
330
17
100
AcDbEntity
  8
A-MASS
 62
7
420
11250603
100
AcDbHatch
 10
0.0
 20
0.0
 30
0.0
210
0.0
220
0.0
230
1.0
  2
SOLID
 70
1
 71
0
 91
1
 92
3
 72
0
 73
1
 93
4
 10
4.033106245364828
 20
4.379271889213559
 10
4.033255012524246
 20
4.376586091022539
 10
4.033255012524246
 20
4.542427896605551
 10
4.033106245364828
 20
4.54511369479657
 97
0
 75
0
 76
1
 98
0
  0
LWPOLYLINE
  5
22C
330
17
100
AcDbEntity
  8
A-MASS
100
AcDbPolyline
 90
4
 70
1
 10
4.033106245364828
 20
4.379271889213559
 10
4.033255012524246
 20
4.376586091022539
 10
4.033255012524246
 20
4.542427896605551
 10
4.033106245364828
 20
4.54511369479657
  0
HATCH
  5
22D
330
17
100
AcDbEntity
  8
A-MASS
 62
7
420
10132122
100
AcDbHatch
 10
0.0
 20
0.0
 30
0.0
210
0.0
220
0.0
230
1.0
  2
SOLID
 70
1
 71
0
 91
1
 92
3
 72
0
 73
1
 93
4
 10
4.388525975919626
 20
4.375989605149298
 10
4.388698534273345
 20
4.378674863847511
 10
4.388698534273345
 20
4.544516669430523
 10
4.388525975919626
 20
4.541831410732311
 97
0
 75
0
 76
1
 98
0
  0
LWPOLYLINE
  5
22E
330
17
100
AcDbEntity
  8
A-MASS
100
AcDbPolyline
 90
4
 70
1
 10
4.388525975919626
 20
4.375989605149298
 10
4.388698534273345
 20
4.378674863847511
 10
4.388698534273345
 20
4.544516669430523
 10
4.388525975919626
 20
4.541831410732311
  0
HATCH
  5
22F
330
17
100
AcDbEntity
  8
A-MASS
 62
7
420
11250603
100
AcDbHatch
 10
0.0
 20
0.0
 30
0.0
210
0.0
220
0.0
230
1.0
  2
SOLID
 70
1
 71
0
 91
1
 92
3
 72
0
 73
1
 93
4
 10
4.033255012524246
 20
4.376586091022539
 10
4.033510794990864
 20
4.373903349479967
 10
4.033510794990864
 20
4.539745155062979
 10
4.033255012524246
 20
4.542427896605551
 97
0
 75
0
 76
1
 98
0
  0
LWPOLYLINE
  5
230
330
17
100
AcDbEntity
  8
A-MASS
100
AcDbPolyline
 90
4
 70
1
 10
4.033255012524246
 20
4.376586091022539
 10
4.033510794990864
 20
4.373903349479967
 10
4.033510794990864
 20
4.539745155062979
 10
4.033255012524246
 20
4.542427896605551
  0
HATCH
  5
231
330
17
100
AcDbEntity
  8
A-MASS
 62
7
420
10132122
100
AcDbHatch
 10
0.0
 20
0.0
 30
0.0
210
0.0
220
0.0
230
1.0
  2
SOLID
 70
1
 71
0
 91
1
 92
3
 72
0
 73
1
 93
4
 10
4.388246430929194
 20
4.373307762400319
 10
4.388525975919626
 20
4.375989605149298
 10
4.388525975919626
 20
4.541831410732311
 10
4.388246430929194
 20
4.539149567983332
 97
0
 75
0
 76
1
 98
0
  0
LWPOLYLINE
  5
232
330
17
100
AcDbEntity
  8
A-MASS
100
AcDbPolyline
 90
4
 70
1
 10
4.388246430929194
 20
4.373307762400319
 10
4.388525975919626
 20
4.375989605149298
 10
4.388525975919626
 20
4.541831410732311
 10
4.388246430929194
 20
4.539149567983332
  0
HATCH
  5
233
330
17
100
AcDbEntity
  8
A-MASS
 62
7
420
11250603
100
AcDbHatch
 10
0.0
 20
0.0
 30
0.0
210
0.0
220
0.0
230
1.0
  2
SOLID
 70
1
 71
0
 91
1
 92
3
 72
0
 73
1
 93
4
 10
4.033510794990864
 20
4.373903349479967
 10
4.03387343869089
 20
4.371225280569033
 10
4.03387343869089
 20
4.537067086152044
 10
4.033510794990864
 20
4.539745155062979
 97
0
 75
0
 76
1
 98
0
  0
LWPOLYLINE
  5
234
330
17
100
AcDbEntity
  8
A-MASS
100
AcDbPolyline
 90
4
 70
1
 10
4.033510794990864
 20
4.373903349479967
 10
4.03387343869089
 20
4.371225280569033
 10
4.03387343869089
 20
4.537067086152044
 10
4.033510794990864
 20
4.539745155062979
  0
HATCH
  5
235
330
17
100
AcDbEntity
  8
A-MASS
 62
7
420
10132122
100
AcDbHatch
 10
0.0
 20
0.0
 30
0.0
210
0.0
220
0.0
230
1.0
  2
SOLID
 70
1
 71
0
 91
1
 92
3
 72
0
 73
1
 93
4
 10
4.387860067689501
 20
4.370630951042365
 10
4.388246430929194
 20
4.373307762400319
 10
4.388246430929194
 20
4.539149567983332
 10
4.387860067689501
 20
4.536472756625376
 97
0
 75
0
 76
1
 98
0
  0
LWPOLYLINE
  5
236
330
17
100
AcDbEntity
  8
A-MASS
100
AcDbPolyline
 90
4
 70
1
 10
4.387860067689501
 20
4.370630951042365
 10
4.388246430929194
 20
4.373307762400319
 10
4.388246430929194
 20
4.539149567983332
 10
4.387860067689501
 20
4.536472756625376
  0
HATCH
  5
237
330
17
100
AcDbEntity
  8
A-MASS
 62
7
420
11250603
100
AcDbHatch
 10
0.0
 20
0.0
 30
0.0
210
0.0
220
0.0
230
1.0
  2
SOLID
 70
1
 71
0
 91
1
 92
3
 72
0
 73
1
 93
4
 10
4.03387343869089
 20
4.371225280569033
 10
4.034342725181318
 20
4.368553497458309
 10
4.034342725181318
 20
4.53439530304132
 10
4.03387343869089
 20
4.537067086152044
 97
0
 75
0
 76
1
 98
0
  0
LWPOLYLINE
  5
238
330
17
100
AcDbEntity
  8
A-MASS
100
AcDbPolyline
 90
4
 70
1
 10
4.03387343869089
 20
4.371225280569033
 10
4.034342725181318
 20
4.368553497458309
 10
4.034342725181318
 20
4.53439530304132
 10
4.03387343869089
 20
4.537067086152044
  0
HATCH
  5
239
330
17
100
AcDbEntity
  8
A-MASS
 62
7
420
10132122
100
AcDbHatch
 10
0.0
 20
0.0
 30
0.0
210
0.0
220
0.0
230
1.0
  2
SOLID
 70
1
 71
0
 91
1
 92
3
 72
0
 73
1
 93
4
 10
4.387367118931314
 20
4.367960783486503
 10
4.387860067689501
 20
4.370630951042365
 10
4.387860067689501
 20
4.536472756625376
 10
4.387367118931314
 20
4.533802589069515
 97
0
 75
0
 76
1
 98
0
  0
LWPOLYLINE
  5
23A
330
17
100
AcDbEntity
  8
A-MASS
100
AcDbPolyline
 90
4
 70
1
 10
4.387367118931314
 20
4.367960783486503
 10
4.387860067689501
 20
4.370630951042365
 10
4.387860067689501
 20
4.536472756625376
 10
4.387367118931314
 20
4.533802589069515
  0
HATCH
  5
23B
330
17
100
AcDbEntity
  8
A-MASS
 62
7
420
11250603
100
AcDbHatch
 10
0.0
 20
0.0
 30
0.0
210
0.0
220
0.0
230
1.0
  2
SOLID
 70
1
 71
0
 91
1
 92
3
 72
0
 73
1
 93
4
 10
4.034342725181318
 20
4.368553497458309
 10
4.034918371781515
 20
4.365889609530036
 10
4.034918371781515
 20
4.5317314151130486
 10
4.034342725181318
 20
4.53439530304132
 97
0
 75
0
 76
1
 98
0
  0
LWPOLYLINE
  5
23C
330
17
100
AcDbEntity
  8
A-MASS
100
AcDbPolyline
 90
4
 70
1
 10
4.034342725181318
 20
4.368553497458309
 10
4.034918371781515
 20
4.365889609530036
 10
4.034918371781515
 20
4.5317314151130486
 10
4.034342725181318
 20
4.53439530304132
  0
HATCH
  5
23D
330
17
100
AcDbEntity
  8
A-MASS
 62
7
420
10132122
100
AcDbHatch
 10
0.0
 20
0.0
 30
0.0
210
0.0
220
0.0
230
1.0
  2
SOLID
 70
1
 71
0
 91
1
 92
3
 72
0
 73
1
 93
4
 10
4.386767881588533
 20
4.365298868141827
 10
4.387367118931314
 20
4.367960783486503
 10
4.387367118931314
 20
4.533802589069515
 10
4.386767881588533
 20
4.531140673724838
 97
0
 75
0
 76
1
 98
0
  0
LWPOLYLINE
  5
23E
330
17
100
AcDbEntity
  8
A-MASS
100
AcDbPolyline
 90
4
 70
1
 10
4.386767881588533
 20
4.365298868141827
 10
4.387367118931314
 20
4.367960783486503
 10
4.387367118931314
 20
4.533802589069515
 10
4.386767881588533
 20
4.531140673724838
  0
HATCH
  5
23F
330
17
100
AcDbEntity
  8
A-MASS
 62
7
420
11250603
100
AcDbHatch
 10
0.0
 20
0.0
 30
0.0
210
0.0
220
0.0
230
1.0
  2
SOLID
 70
1
 71
0
 91
1
 92
3
 72
0
 73
1
 93
4
 10
4.034918371781515
 20
4.365889609530036
 10
4.035600031743493
 20
4.363235221410695
 10
4.035600031743493
 20
4.529077026993706
 10
4.034918371781515
 20
4.5317314151130486
 97
0
 75
0
 76
1
 98
0
  0
LWPOLYLINE
  5
240
330
17
100
AcDbEntity
  8
A-MASS
100
AcDbPolyline
 90
4
 70
1
 10
4.034918371781515
 20
4.365889609530036
 10
4.035600031743493
 20
4.363235221410695
 10
4.035600031743493
 20
4.529077026993706
 10
4.034918371781515
 20
4.5317314151130486
  0
HATCH
  5
241
330
17
100
AcDbEntity
  8
A-MASS
 62
7
420
10132122
100
AcDbHatch
 10
0.0
 20
0.0
 30
0.0
210
0.0
220
0.0
230
1.0
  2
SOLID
 70
1
 71
0
 91
1
 92
3
 72
0
 73
1
 93
4
 10
4.386062716619326
 20
4.3626468084466055
 10
4.386767881588533
 20
4.365298868141827
 10
4.386767881588533
 20
4.531140673724838
 10
4.386062716619326
 20
4.528488614029617
 97
0
 75
0
 76
1
 98
0
  0
LWPOLYLINE
  5
242
330
17
100
AcDbEntity
  8
A-MASS
100
AcDbPolyline
 90
4
 70
1
 10
4.386062716619326
 20
4.3626468084466055
 10
4.386767881588533
 20
4.365298868141827
 10
4.386767881588533
 20
4.531140673724838
 10
4.386062716619326
 20
4.528488614029617
  0
HATCH
  5
243
330
17
100
AcDbEntity
  8
A-MASS
 62
7
420
12698049
100
AcDbHatch
 10
0.0
 20
0.0
 30
0.0
210
0.0
220
0.0
230
1.0
  2
SOLID
 70
1
 71
0
 91
1
 92
3
 72
0
 73
1
 93
4
 10
4.3858790932247125
 20
4.362048687836458
 10
4.386062716619326
 20
4.3626468084466055
 10
4.386062716619326
 20
4.528488614029617
 10
4.3858790932247125
 20
4.52789049341947
 97
0
 75
0
 76
1
 98
0
  0
LWPOLYLINE
  5
244
330
17
100
AcDbEntity
  8
A-MASS
100
AcDbPolyline
 90
4
 70
1
 10
4.3858790932247125
 20
4.362048687836458
 10
4.386062716619326
 20
4.3626468084466055
 10
4.386062716619326
 20
4.528488614029617
 10
4.3858790932247125
 20
4.52789049341947
  0
HATCH
  5
245
330
17
100
AcDbEntity
  8
A-MASS
 62
7
420
11250603
100
AcDbHatch
 10
0.0
 20
0.0
 30
0.0
210
0.0
220
0.0
230
1.0
  2
SOLID
 70
1
 71
0
 91
1
 92
3
 72
0
 73
1
 93
4
 10
4.035600031743493
 20
4.363235221410695
 10
4.03638729446078
 20
4.360591932004432
 10
4.03638729446078
 20
4.526433737587444
 10
4.035600031743493
 20
4.529077026993706
 97
0
 75
0
 76
1
 98
0
  0
LWPOLYLINE
  5
246
330
17
100
AcDbEntity
  8
A-MASS
100
AcDbPolyline
 90
4
 70
1
 10
4.035600031743493
 20
4.363235221410695
 10
4.03638729446078
 20
4.360591932004432
 10
4.03638729446078
 20
4.526433737587444
 10
4.035600031743493
 20
4.529077026993706
  0
HATCH
  5
247
330
17
100
AcDbEntity
  8
A-MASS
 62
7
420
12698049
100
AcDbHatch
 10
0.0
 20
0.0
 30
0.0
210
0.0
220
0.0
230
1.0
  2
SOLID
 70
1
 71
0
 91
1
 92
3
 72
0
 73
1
 93
4
 10
4.373016991220311
 20
4.357591280393454
 10
4.3858790932247125
 20
4.362048687836458
 10
4.3858790932247125
 20
4.52789049341947
 10
4.373016991220311
 20
4.523433085976465
 97
0
 75
0
 76
1
 98
0
  0
LWPOLYLINE
  5
248
330
17
100
AcDbEntity
  8
A-MASS
100
AcDbPolyline
 90
4
 70
1
 10
4.373016991220311
 20
4.357591280393454
 10
4.3858790932247125
 20
4.362048687836458
 10
4.3858790932247125
 20
4.52789049341947
 10
4.373016991220311
 20
4.523433085976465
  0
HATCH
  5
249
330
17
100
AcDbEntity
  8
A-MASS
 62
7
420
11250603
100
AcDbHatch
 10
0.0
 20
0.0
 30
0.0
210
0.0
220
0.0
230
1.0
  2
SOLID
 70
1
 71
0
 91
1
 92
3
 72
0
 73
1
 93
4
 10
4.03638729446078
 20
4.360591932004432
 10
4.0372796857157525
 20
4.357961333529949
 10
4.0372796857157525
 20
4.523803139112961
 10
4.03638729446078
 20
4.526433737587444
 97
0
 75
0
 76
1
 98
0
  0
LWPOLYLINE
  5
24A
330
17
100
AcDbEntity
  8
A-MASS
100
AcDbPolyline
 90
4
 70
1
 10
4.03638729446078
 20
4.360591932004432
 10
4.0372796857157525
 20
4.357961333529949
 10
4.0372796857157525
 20
4.523803139112961
 10
4.03638729446078
 20
4.526433737587444
  0
HATCH
  5
24B
330
17
100
AcDbEntity
  8
A-MASS
 62
7
420
11250603
100
AcDbHatch
 10
0.0
 20
0.0
 30
0.0
210
0.0
220
0.0
230
1.0
  2
SOLID
 70
1
 71
0
 91
1
 92
3
 72
0
 73
1
 93
4
 10
4.0372796857157525
 20
4.357961333529949
 10
4.038276667965287
 20
4.355345010561402
 10
4.038276667965287
 20
4.5211868161444135
 10
4.0372796857157525
 20
4.523803139112961
 97
0
 75
0
 76
1
 98
0
  0
LWPOLYLINE
  5
24C
330
17
100
AcDbEntity
  8
A-MASS
100
AcDbPolyline
 90
4
 70
1
 10
4.0372796857157525
 20
4.357961333529949
 10
4.038276667965287
 20
4.355345010561402
 10
4.038276667965287
 20
4.5211868161444135
 10
4.0372796857157525
 20
4.523803139112961
  0
HATCH
  5
24D
330
17
100
AcDbEntity
  8
A-MASS
 62
7
420
12698049
100
AcDbHatch
 10
0.0
 20
0.0
 30
0.0
210
0.0
220
0.0
230
1.0
  2
SOLID
 70
1
 71
0
 91
1
 92
3
 72
0
 73
1
 93
4
 10
4.360021303804532
 20
4.352370554499165
 10
4.373016991220311
 20
4.357591280393454
 10
4.373016991220311
 20
4.523433085976465
 10
4.360021303804532
 20
4.5182123600821775
 97
0
 75
0
 76
1
 98
0
  0
LWPOLYLINE
  5
24E
330
17
100
AcDbEntity
  8
A-MASS
100
AcDbPolyline
 90
4
 70
1
 10
4.360021303804532
 20
4.352370554499165
 10
4.373016991220311
 20
4.357591280393454
 10
4.373016991220311
 20
4.523433085976465
 10
4.360021303804532
 20
4.5182123600821775
  0
HATCH
  5
24F
330
17
100
AcDbEntity
  8
A-MASS
 62
7
420
11250603
100
AcDbHatch
 10
0.0
 20
0.0
 30
0.0
210
0.0
220
0.0
230
1.0
  2
SOLID
 70
1
 71
0
 91
1
 92
3
 72
0
 73
1
 93
4
 10
4.038276667965287
 20
4.355345010561402
 10
4.039377640664558
 20
4.352744539073916
 10
4.039377640664558
 20
4.518586344656928
 10
4.038276667965287
 20
4.5211868161444135
 97
0
 75
0
 76
1
 98
0
  0
LWPOLYLINE
  5
250
330
17
100
AcDbEntity
  8
A-MASS
100
AcDbPolyline
 90
4
 70
1
 10
4.038276667965287
 20
4.355345010561402
 10
4.039377640664558
 20
4.352744539073916
 10
4.039377640664558
 20
4.518586344656928
 10
4.038276667965287
 20
4.5211868161444135
  0
HATCH
  5
251
330
17
100
AcDbEntity
  8
A-MASS
 62
7
420
11250603
100
AcDbHatch
 10
0.0
 20
0.0
 30
0.0
210
0.0
220
0.0
230
1.0
  2
SOLID
 70
1
 71
0
 91
1
 92
3
 72
0
 73
1
 93
4
 10
4.039377640664558
 20
4.352744539073916
 10
4.040581940628777
 20
4.350161485494277
 10
4.040581940628777
 20
4.516003291077288
 10
4.039377640664558
 20
4.518586344656928
 97
0
 75
0
 76
1
 98
0
  0
LWPOLYLINE
  5
252
330
17
100
AcDbEntity
  8
A-MASS
100
AcDbPolyline
 90
4
 70
1
 10
4.039377640664558
 20
4.352744539073916
 10
4.040581940628777
 20
4.350161485494277
 10
4.040581940628777
 20
4.516003291077288
 10
4.039377640664558
 20
4.518586344656928
  0
HATCH
  5
253
330
17
100
AcDbEntity
  8
A-MASS
 62
7
420
11250603
100
AcDbHatch
 10
0.0
 20
0.0
 30
0.0
210
0.0
220
0.0
230
1.0
  2
SOLID
 70
1
 71
0
 91
1
 92
3
 72
0
 73
1
 93
4
 10
4.040581940628777
 20
4.350161485494277
 10
4.041888842432678
 20
4.347597405757376
 10
4.041888842432678
 20
4.513439211340387
 10
4.040581940628777
 20
4.516003291077288
 97
0
 75
0
 76
1
 98
0
  0
LWPOLYLINE
  5
254
330
17
100
AcDbEntity
  8
A-MASS
100
AcDbPolyline
 90
4
 70
1
 10
4.040581940628777
 20
4.350161485494277
 10
4.041888842432678
 20
4.347597405757376
 10
4.041888842432678
 20
4.513439211340387
 10
4.040581940628777
 20
4.516003291077288
  0
HATCH
  5
255
330
17
100
AcDbEntity
  8
A-MASS
 62
7
420
11250603
100
AcDbHatch
 10
0.0
 20
0.0
 30
0.0
210
0.0
220
0.0
230
1.0
  2
SOLID
 70
1
 71
0
 91
1
 92
3
 72
0
 73
1
 93
4
 10
4.041888842432678
 20
4.347597405757376
 10
4.043297558847484
 20
4.345053844368968
 10
4.043297558847484
 20
4.51089564995198
 10
4.041888842432678
 20
4.513439211340387
 97
0
 75
0
 76
1
 98
0
  0
LWPOLYLINE
  5
256
330
17
100
AcDbEntity
  8
A-MASS
100
AcDbPolyline
 90
4
 70
1
 10
4.041888842432678
 20
4.347597405757376
 10
4.043297558847484
 20
4.345053844368968
 10
4.043297558847484
 20
4.51089564995198
 10
4.041888842432678
 20
4.513439211340387
  0
HATCH
  5
257
330
17
100
AcDbEntity
  8
A-MASS
 62
7
420
11250603
100
AcDbHatch
 10
0.0
 20
0.0
 30
0.0
210
0.0
220
0.0
230
1.0
  2
SOLID
 70
1
 71
0
 91
1
 92
3
 72
0
 73
1
 93
4
 10
4.043297558847484
 20
4.345053844368968
 10
4.0448072413151
 20
4.342532333475324
 10
4.0448072413151
 20
4.508374139058335
 10
4.043297558847484
 20
4.51089564995198
 97
0
 75
0
 76
1
 98
0
  0
LWPOLYLINE
  5
258
330
17
100
AcDbEntity
  8
A-MASS
100
AcDbPolyline
 90
4
 70
1
 10
4.043297558847484
 20
4.345053844368968
 10
4.0448072413151
 20
4.342532333475324
 10
4.0448072413151
 20
4.508374139058335
 10
4.043297558847484
 20
4.51089564995198
  0
HATCH
  5
259
330
17
100
AcDbEntity
  8
A-MASS
 62
7
420
11250603
100
AcDbHatch
 10
0.0
 20
0.0
 30
0.0
210
0.0
220
0.0
230
1.0
  2
SOLID
 70
1
 71
0
 91
1
 92
3
 72
0
 73
1
 93
4
 10
4.0448072413151
 20
4.342532333475324
 10
4.046416980459258
 20
4.340034391940321
 10
4.046416980459258
 20
4.5058761975233335
 10
4.0448072413151
 20
4.508374139058335
 97
0
 75
0
 76
1
 98
0
  0
LWPOLYLINE
  5
25A
330
17
100
AcDbEntity
  8
A-MASS
100
AcDbPolyline
 90
4
 70
1
 10
4.0448072413151
 20
4.342532333475324
 10
4.046416980459258
 20
4.340034391940321
 10
4.046416980459258
 20
4.5058761975233335
 10
4.0448072413151
 20
4.508374139058335
  0
HATCH
  5
25B
330
17
100
AcDbEntity
  8
A-MASS
 62
7
420
11250603
100
AcDbHatch
 10
0.0
 20
0.0
 30
0.0
210
0.0
220
0.0
230
1.0
  2
SOLID
 70
1
 71
0
 91
1
 92
3
 72
0
 73
1
 93
4
 10
4.046416980459258
 20
4.340034391940321
 10
4.0481258066332915
 20
4.337561524430537
 10
4.0481258066332915
 20
4.5034033300135485
 10
4.046416980459258
 20
4.5058761975233335
 97
0
 75
0
 76
1
 98
0
  0
LWPOLYLINE
  5
25C
330
17
100
AcDbEntity
  8
A-MASS
100
AcDbPolyline
 90
4
 70
1
 10
4.046416980459258
 20
4.340034391940321
 10
4.0481258066332915
 20
4.337561524430537
 10
4.0481258066332915
 20
4.5034033300135485
 10
4.046416980459258
 20
4.5058761975233335
  0
HATCH
  5
25D
330
17
100
AcDbEntity
  8
A-MASS
 62
7
420
11250603
100
AcDbHatch
 10
0.0
 20
0.0
 30
0.0
210
0.0
220
0.0
230
1.0
  2
SOLID
 70
1
 71
0
 91
1
 92
3
 72
0
 73
1
 93
4
 10
4.0481258066332915
 20
4.337561524430537
 10
4.049932690504209
 20
4.335115220508891
 10
4.049932690504209
 20
4.500957026091903
 10
4.0481258066332915
 20
4.5034033300135485
 97
0
 75
0
 76
1
 98
0
  0
LWPOLYLINE
  5
25E
330
17
100
AcDbEntity
  8
A-MASS
100
AcDbPolyline
 90
4
 70
1
 10
4.0481258066332915
 20
4.337561524430537
 10
4.049932690504209
 20
4.335115220508891
 10
4.049932690504209
 20
4.500957026091903
 10
4.0481258066332915
 20
4.5034033300135485
  0
HATCH
  5
25F
330
17
100
AcDbEntity
  8
A-MASS
 62
7
420
11250603
100
AcDbHatch
 10
0.0
 20
0.0
 30
0.0
210
0.0
220
0.0
230
1.0
  2
SOLID
 70
1
 71
0
 91
1
 92
3
 72
0
 73
1
 93
4
 10
4.049932690504209
 20
4.335115220508891
 10
4.051836543672731
 20
4.332696953737394
 10
4.051836543672731
 20
4.498538759320406
 10
4.049932690504209
 20
4.500957026091903
 97
0
 75
0
 76
1
 98
0
  0
LWPOLYLINE
  5
260
330
17
100
AcDbEntity
  8
A-MASS
100
AcDbPolyline
 90
4
 70
1
 10
4.049932690504209
 20
4.335115220508891
 10
4.051836543672731
 20
4.332696953737394
 10
4.051836543672731
 20
4.498538759320406
 10
4.049932690504209
 20
4.500957026091903
  0
HATCH
  5
261
330
17
100
AcDbEntity
  8
A-MASS
 62
7
420
11250603
100
AcDbHatch
 10
0.0
 20
0.0
 30
0.0
210
0.0
220
0.0
230
1.0
  2
SOLID
 70
1
 71
0
 91
1
 92
3
 72
0
 73
1
 93
4
 10
4.051836543672731
 20
4.332696953737394
 10
4.053836219328898
 20
4.330308180789524
 10
4.053836219328898
 20
4.4961499863725365
 10
4.051836543672731
 20
4.498538759320406
 97
0
 75
0
 76
1
 98
0
  0
LWPOLYLINE
  5
262
330
17
100
AcDbEntity
  8
A-MASS
100
AcDbPolyline
 90
4
 70
1
 10
4.051836543672731
 20
4.332696953737394
 10
4.053836219328898
 20
4.330308180789524
 10
4.053836219328898
 20
4.4961499863725365
 10
4.051836543672731
 20
4.498538759320406
  0
HATCH
  5
263
330
17
100
AcDbEntity
  8
A-MASS
 62
7
420
11250603
100
AcDbHatch
 10
0.0
 20
0.0
 30
0.0
210
0.0
220
0.0
230
1.0
  2
SOLID
 70
1
 71
0
 91
1
 92
3
 72
0
 73
1
 93
4
 10
4.053836219328898
 20
4.330308180789524
 10
4.055930512942867
 20
4.327950340572782
 10
4.055930512942867
 20
4.493792146155794
 10
4.053836219328898
 20
4.4961499863725365
 97
0
 75
0
 76
1
 98
0
  0
LWPOLYLINE
  5
264
330
17
100
AcDbEntity
  8
A-MASS
100
AcDbPolyline
 90
4
 70
1
 10
4.053836219328898
 20
4.330308180789524
 10
4.055930512942867
 20
4.327950340572782
 10
4.055930512942867
 20
4.493792146155794
 10
4.053836219328898
 20
4.4961499863725365
  0
HATCH
  5
265
330
17
100
AcDbEntity
  8
A-MASS
 62
7
420
11250603
100
AcDbHatch
 10
0.0
 20
0.0
 30
0.0
210
0.0
220
0.0
230
1.0
  2
SOLID
 70
1
 71
0
 91
1
 92
3
 72
0
 73
1
 93
4
 10
4.055930512942867
 20
4.327950340572782
 10
4.0581181629904775
 20
4.3256248533619495
 10
4.0581181629904775
 20
4.491466658944962
 10
4.055930512942867
 20
4.493792146155794
 97
0
 75
0
 76
1
 98
0
  0
LWPOLYLINE
  5
266
330
17
100
AcDbEntity
  8
A-MASS
100
AcDbPolyline
 90
4
 70
1
 10
4.055930512942867
 20
4.327950340572782
 10
4.0581181629904775
 20
4.3256248533619495
 10
4.0581181629904775
 20
4.491466658944962
 10
4.055930512942867
 20
4.493792146155794
  0
HATCH
  5
267
330
17
100
AcDbEntity
  8
A-MASS
 62
7
420
11250603
100
AcDbHatch
 10
0.0
 20
0.0
 30
0.0
210
0.0
220
0.0
230
1.0
  2
SOLID
 70
1
 71
0
 91
1
 92
3
 72
0
 73
1
 93
4
 10
4.0581181629904775
 20
4.3256248533619495
 10
4.06039785171314
 20
4.323333119943568
 10
4.06039785171314
 20
4.489174925526579
 10
4.0581181629904775
 20
4.491466658944962
 97
0
 75
0
 76
1
 98
0
  0
LWPOLYLINE
  5
268
330
17
100
AcDbEntity
  8
A-MASS
100
AcDbPolyline
 90
4
 70
1
 10
4.0581181629904775
 20
4.3256248533619495
 10
4.06039785171314
 20
4.323333119943568
 10
4.06039785171314
 20
4.489174925526579
 10
4.0581181629904775
 20
4.491466658944962
  0
HATCH
  5
269
330
17
100
AcDbEntity
  8
A-MASS
 62
7
420
11250603
100
AcDbHatch
 10
0.0
 20
0.0
 30
0.0
210
0.0
220
0.0
230
1.0
  2
SOLID
 70
1
 71
0
 91
1
 92
3
 72
0
 73
1
 93
4
 10
4.06039785171314
 20
4.323333119943568
 10
4.062768205911612
 20
4.321076520772153
 10
4.062768205911612
 20
4.486918326355164
 10
4.06039785171314
 20
4.489174925526579
 97
0
 75
0
 76
1
 98
0
  0
LWPOLYLINE
  5
26A
330
17
100
AcDbEntity
  8
A-MASS
100
AcDbPolyline
 90
4
 70
1
 10
4.06039785171314
 20
4.323333119943568
 10
4.062768205911612
 20
4.321076520772153
 10
4.062768205911612
 20
4.486918326355164
 10
4.06039785171314
 20
4.489174925526579
  0
HATCH
  5
26B
330
17
100
AcDbEntity
  8
A-MASS
 62
7
420
11250603
100
AcDbHatch
 10
0.0
 20
0.0
 30
0.0
210
0.0
220
0.0
230
1.0
  2
SOLID
 70
1
 71
0
 91
1
 92
3
 72
0
 73
1
 93
4
 10
4.062768205911612
 20
4.321076520772153
 10
4.065227797773159
 20
4.318856415138667
 10
4.065227797773159
 20
4.484698220721679
 10
4.062768205911612
 20
4.486918326355164
 97
0
 75
0
 76
1
 98
0
  0
LWPOLYLINE
  5
26C
330
17
100
AcDbEntity
  8
A-MASS
100
AcDbPolyline
 90
4
 70
1
 10
4.062768205911612
 20
4.321076520772153
 10
4.065227797773159
 20
4.318856415138667
 10
4.065227797773159
 20
4.484698220721679
 10
4.062768205911612
 20
4.486918326355164
  0
HATCH
  5
26D
330
17
100
AcDbEntity
  8
A-MASS
 62
7
420
11250603
100
AcDbHatch
 10
0.0
 20
0.0
 30
0.0
210
0.0
220
0.0
230
1.0
  2
SOLID
 70
1
 71
0
 91
1
 92
3
 72
0
 73
1
 93
4
 10
4.065227797773159
 20
4.318856415138667
 10
4.067775145731611
 20
4.316674140351729
 10
4.067775145731611
 20
4.4825159459347415
 10
4.065227797773159
 20
4.484698220721679
 97
0
 75
0
 76
1
 98
0
  0
LWPOLYLINE
  5
26E
330
17
100
AcDbEntity
  8
A-MASS
100
AcDbPolyline
 90
4
 70
1
 10
4.065227797773159
 20
4.318856415138667
 10
4.067775145731611
 20
4.316674140351729
 10
4.067775145731611
 20
4.4825159459347415
 10
4.065227797773159
 20
4.484698220721679
  0
HATCH
  5
26F
330
17
100
AcDbEntity
  8
A-MASS
 62
7
420
11250603
100
AcDbHatch
 10
0.0
 20
0.0
 30
0.0
210
0.0
220
0.0
230
1.0
  2
SOLID
 70
1
 71
0
 91
1
 92
3
 72
0
 73
1
 93
4
 10
4.067775145731611
 20
4.316674140351729
 10
4.070408715359812
 20
4.31453101093207
 10
4.070408715359812
 20
4.480372816515082
 10
4.067775145731611
 20
4.4825159459347415
 97
0
 75
0
 76
1
 98
0
  0
LWPOLYLINE
  5
270
330
17
100
AcDbEntity
  8
A-MASS
100
AcDbPolyline
 90
4
 70
1
 10
4.067775145731611
 20
4.316674140351729
 10
4.070408715359812
 20
4.31453101093207
 10
4.070408715359812
 20
4.480372816515082
 10
4.067775145731611
 20
4.4825159459347415
  0
HATCH
  5
271
330
17
100
AcDbEntity
  8
A-MASS
 62
7
420
11250603
100
AcDbHatch
 10
0.0
 20
0.0
 30
0.0
210
0.0
220
0.0
230
1.0
  2
SOLID
 70
1
 71
0
 91
1
 92
3
 72
0
 73
1
 93
4
 10
4.070408715359812
 20
4.31453101093207
 10
4.073126920293891
 20
4.312428317820716
 10
4.073126920293891
 20
4.478270123403727
 10
4.070408715359812
 20
4.480372816515082
 97
0
 75
0
 76
1
 98
0
  0
LWPOLYLINE
  5
272
330
17
100
AcDbEntity
  8
A-MASS
100
AcDbPolyline
 90
4
 70
1
 10
4.070408715359812
 20
4.31453101093207
 10
4.073126920293891
 20
4.312428317820716
 10
4.073126920293891
 20
4.478270123403727
 10
4.070408715359812
 20
4.480372816515082
  0
HATCH
  5
273
330
17
100
AcDbEntity
  8
A-MASS
 62
7
420
12698049
100
AcDbHatch
 10
0.0
 20
0.0
 30
0.0
210
0.0
220
0.0
230
1.0
  2
SOLID
 70
1
 71
0
 91
1
 92
3
 72
0
 73
1
 93
4
 10
4.178295674240239
 20
4.274030306377922
 10
4.360021303804532
 20
4.352370554499165
 10
4.360021303804532
 20
4.5182123600821775
 10
4.178295674240239
 20
4.439872111960934
 97
0
 75
0
 76
1
 98
0
  0
LWPOLYLINE
  5
274
330
17
100
AcDbEntity
  8
A-MASS
100
AcDbPolyline
 90
4
 70
1
 10
4.178295674240239
 20
4.274030306377922
 10
4.360021303804532
 20
4.352370554499165
 10
4.360021303804532
 20
4.5182123600821775
 10
4.178295674240239
 20
4.439872111960934
  0
HATCH
  5
275
330
17
100
AcDbEntity
  8
A-MASS
 62
7
420
11250603
100
AcDbHatch
 10
0.0
 20
0.0
 30
0.0
210
0.0
220
0.0
230
1.0
  2
SOLID
 70
1
 71
0
 91
1
 92
3
 72
0
 73
1
 93
4
 10
4.073126920293891
 20
4.312428317820716
 10
4.075928123188837
 20
4.31036732760137
 10
4.075928123188837
 20
4.476209133184382
 10
4.073126920293891
 20
4.478270123403727
 97
0
 75
0
 76
1
 98
0
  0
LWPOLYLINE
  5
276
330
17
100
AcDbEntity
  8
A-MASS
100
AcDbPolyline
 90
4
 70
1
 10
4.073126920293891
 20
4.312428317820716
 10
4.075928123188837
 20
4.31036732760137
 10
4.075928123188837
 20
4.476209133184382
 10
4.073126920293891
 20
4.478270123403727
  0
HATCH
  5
277
330
17
100
AcDbEntity
  8
A-MASS
 62
7
420
11250603
100
AcDbHatch
 10
0.0
 20
0.0
 30
0.0
210
0.0
220
0.0
230
1.0
  2
SOLID
 70
1
 71
0
 91
1
 92
3
 72
0
 73
1
 93
4
 10
4.075928123188837
 20
4.31036732760137
 10
4.0788106367047705
 20
4.3083492817374776
 10
4.0788106367047705
 20
4.47419108732049
 10
4.075928123188837
 20
4.476209133184382
 97
0
 75
0
 76
1
 98
0
  0
LWPOLYLINE
  5
278
330
17
100
AcDbEntity
  8
A-MASS
100
AcDbPolyline
 90
4
 70
1
 10
4.075928123188837
 20
4.31036732760137
 10
4.0788106367047705
 20
4.3083492817374776
 10
4.0788106367047705
 20
4.47419108732049
 10
4.075928123188837
 20
4.476209133184382
  0
HATCH
  5
279
330
17
100
AcDbEntity
  8
A-MASS
 62
7
420
11250603
100
AcDbHatch
 10
0.0
 20
0.0
 30
0.0
210
0.0
220
0.0
230
1.0
  2
SOLID
 70
1
 71
0
 91
1
 92
3
 72
0
 73
1
 93
4
 10
4.0788106367047705
 20
4.3083492817374776
 10
4.081772724523333
 20
4.306375395824407
 10
4.081772724523333
 20
4.472217201407418
 10
4.0788106367047705
 20
4.47419108732049
 97
0
 75
0
 76
1
 98
0
  0
LWPOLYLINE
  5
27A
330
17
100
AcDbEntity
  8
A-MASS
100
AcDbPolyline
 90
4
 70
1
 10
4.0788106367047705
 20
4.3083492817374776
 10
4.081772724523333
 20
4.306375395824407
 10
4.081772724523333
 20
4.472217201407418
 10
4.0788106367047705
 20
4.47419108732049
  0
HATCH
  5
27B
330
17
100
AcDbEntity
  8
A-MASS
 62
7
420
11250603
100
AcDbHatch
 10
0.0
 20
0.0
 30
0.0
210
0.0
220
0.0
230
1.0
  2
SOLID
 70
1
 71
0
 91
1
 92
3
 72
0
 73
1
 93
4
 10
4.081772724523333
 20
4.306375395824407
 10
4.0848126023935825
 20
4.304446858857222
 10
4.0848126023935825
 20
4.4702886644402335
 10
4.081772724523333
 20
4.472217201407418
 97
0
 75
0
 76
1
 98
0
  0
LWPOLYLINE
  5
27C
330
17
100
AcDbEntity
  8
A-MASS
100
AcDbPolyline
 90
4
 70
1
 10
4.081772724523333
 20
4.306375395824407
 10
4.0848126023935825
 20
4.304446858857222
 10
4.0848126023935825
 20
4.4702886644402335
 10
4.081772724523333
 20
4.472217201407418
  0
HATCH
  5
27D
330
17
100
AcDbEntity
  8
A-MASS
 62
7
420
11250603
100
AcDbHatch
 10
0.0
 20
0.0
 30
0.0
210
0.0
220
0.0
230
1.0
  2
SOLID
 70
1
 71
0
 91
1
 92
3
 72
0
 73
1
 93
4
 10
4.0848126023935825
 20
4.304446858857222
 10
4.087928439206757
 20
4.302564832514482
 10
4.087928439206757
 20
4.468406638097493
 10
4.0848126023935825
 20
4.4702886644402335
 97
0
 75
0
 76
1
 98
0
  0
LWPOLYLINE
  5
27E
330
17
100
AcDbEntity
  8
A-MASS
100
AcDbPolyline
 90
4
 70
1
 10
4.0848126023935825
 20
4.304446858857222
 10
4.087928439206757
 20
4.302564832514482
 10
4.087928439206757
 20
4.468406638097493
 10
4.0848126023935825
 20
4.4702886644402335
  0
HATCH
  5
27F
330
17
100
AcDbEntity
  8
A-MASS
 62
7
420
11250603
100
AcDbHatch
 10
0.0
 20
0.0
 30
0.0
210
0.0
220
0.0
230
1.0
  2
SOLID
 70
1
 71
0
 91
1
 92
3
 72
0
 73
1
 93
4
 10
4.087928439206757
 20
4.302564832514482
 10
4.091118358099271
 20
4.300730450458479
 10
4.091118358099271
 20
4.466572256041491
 10
4.087928439206757
 20
4.468406638097493
 97
0
 75
0
 76
1
 98
0
  0
LWPOLYLINE
  5
280
330
17
100
AcDbEntity
  8
A-MASS
100
AcDbPolyline
 90
4
 70
1
 10
4.087928439206757
 20
4.302564832514482
 10
4.091118358099271
 20
4.300730450458479
 10
4.091118358099271
 20
4.466572256041491
 10
4.087928439206757
 20
4.468406638097493
  0
HATCH
  5
281
330
17
100
AcDbEntity
  8
A-MASS
 62
7
420
11250603
100
AcDbHatch
 10
0.0
 20
0.0
 30
0.0
210
0.0
220
0.0
230
1.0
  2
SOLID
 70
1
 71
0
 91
1
 92
3
 72
0
 73
1
 93
4
 10
4.091118358099271
 20
4.300730450458479
 10
4.09438043758326
 20
4.298944817652375
 10
4.09438043758326
 20
4.464786623235387
 10
4.091118358099271
 20
4.466572256041491
 97
0
 75
0
 76
1
 98
0
  0
LWPOLYLINE
  5
282
330
17
100
AcDbEntity
  8
A-MASS
100
AcDbPolyline
 90
4
 70
1
 10
4.091118358099271
 20
4.300730450458479
 10
4.09438043758326
 20
4.298944817652375
 10
4.09438043758326
 20
4.464786623235387
 10
4.091118358099271
 20
4.466572256041491
  0
HATCH
  5
283
330
17
100
AcDbEntity
  8
A-MASS
 62
7
420
11250603
100
AcDbHatch
 10
0.0
 20
0.0
 30
0.0
210
0.0
220
0.0
230
1.0
  2
SOLID
 70
1
 71
0
 91
1
 92
3
 72
0
 73
1
 93
4
 10
4.09438043758326
 20
4.298944817652375
 10
4.097712712704022
 20
4.297209009694601
 10
4.097712712704022
 20
4.4630508152776125
 10
4.09438043758326
 20
4.464786623235387
 97
0
 75
0
 76
1
 98
0
  0
LWPOLYLINE
  5
284
330
17
100
AcDbEntity
  8
A-MASS
100
AcDbPolyline
 90
4
 70
1
 10
4.09438043758326
 20
4.298944817652375
 10
4.097712712704022
 20
4.297209009694601
 10
4.097712712704022
 20
4.4630508152776125
 10
4.09438043758326
 20
4.464786623235387
  0
HATCH
  5
285
330
17
100
AcDbEntity
  8
A-MASS
 62
7
420
11250603
100
AcDbHatch
 10
0.0
 20
0.0
 30
0.0
210
0.0
220
0.0
230
1.0
  2
SOLID
 70
1
 71
0
 91
1
 92
3
 72
0
 73
1
 93
4
 10
4.097712712704022
 20
4.297209009694601
 10
4.101113176223625
 20
4.295524072170965
 10
4.101113176223625
 20
4.461365877753977
 10
4.097712712704022
 20
4.4630508152776125
 97
0
 75
0
 76
1
 98
0
  0
LWPOLYLINE
  5
286
330
17
100
AcDbEntity
  8
A-MASS
100
AcDbPolyline
 90
4
 70
1
 10
4.097712712704022
 20
4.297209009694601
 10
4.101113176223625
 20
4.295524072170965
 10
4.101113176223625
 20
4.461365877753977
 10
4.097712712704022
 20
4.4630508152776125
  0
HATCH
  5
287
330
17
100
AcDbEntity
  8
A-MASS
 62
7
420
11250603
100
AcDbHatch
 10
0.0
 20
0.0
 30
0.0
210
0.0
220
0.0
230
1.0
  2
SOLID
 70
1
 71
0
 91
1
 92
3
 72
0
 73
1
 93
4
 10
4.101113176223625
 20
4.295524072170965
 10
4.104579779829997
 20
4.293891020024828
 10
4.104579779829997
 20
4.459732825607841
 10
4.101113176223625
 20
4.461365877753977
 97
0
 75
0
 76
1
 98
0
  0
LWPOLYLINE
  5
288
330
17
100
AcDbEntity
  8
A-MASS
100
AcDbPolyline
 90
4
 70
1
 10
4.101113176223625
 20
4.295524072170965
 10
4.104579779829997
 20
4.293891020024828
 10
4.104579779829997
 20
4.459732825607841
 10
4.101113176223625
 20
4.461365877753977
  0
HATCH
  5
289
330
17
100
AcDbEntity
  8
A-MASS
 62
7
420
11250603
100
AcDbHatch
 10
0.0
 20
0.0
 30
0.0
210
0.0
220
0.0
230
1.0
  2
SOLID
 70
1
 71
0
 91
1
 92
3
 72
0
 73
1
 93
4
 10
4.104579779829997
 20
4.293891020024828
 10
4.10811043537075
 20
4.292310836945739
 10
4.10811043537075
 20
4.45815264252875
 10
4.104579779829997
 20
4.459732825607841
 97
0
 75
0
 76
1
 98
0
  0
LWPOLYLINE
  5
28A
330
17
100
AcDbEntity
  8
A-MASS
100
AcDbPolyline
 90
4
 70
1
 10
4.104579779829997
 20
4.293891020024828
 10
4.10811043537075
 20
4.292310836945739
 10
4.10811043537075
 20
4.45815264252875
 10
4.104579779829997
 20
4.459732825607841
  0
HATCH
  5
28B
330
17
100
AcDbEntity
  8
A-MASS
 62
7
420
11250603
100
AcDbHatch
 10
0.0
 20
0.0
 30
0.0
210
0.0
220
0.0
230
1.0
  2
SOLID
 70
1
 71
0
 91
1
 92
3
 72
0
 73
1
 93
4
 10
4.10811043537075
 20
4.292310836945739
 10
4.111703016111004
 20
4.290784474776898
 10
4.111703016111004
 20
4.4566262803599095
 10
4.10811043537075
 20
4.45815264252875
 97
0
 75
0
 76
1
 98
0
  0
LWPOLYLINE
  5
28C
330
17
100
AcDbEntity
  8
A-MASS
100
AcDbPolyline
 90
4
 70
1
 10
4.10811043537075
 20
4.292310836945739
 10
4.111703016111004
 20
4.290784474776898
 10
4.111703016111004
 20
4.4566262803599095
 10
4.10811043537075
 20
4.45815264252875
  0
HATCH
  5
28D
330
17
100
AcDbEntity
  8
A-MASS
 62
7
420
11250603
100
AcDbHatch
 10
0.0
 20
0.0
 30
0.0
210
0.0
220
0.0
230
1.0
  2
SOLID
 70
1
 71
0
 91
1
 92
3
 72
0
 73
1
 93
4
 10
4.111703016111004
 20
4.290784474776898
 10
4.115355358014459
 20
4.289312852941801
 10
4.115355358014459
 20
4.455154658524813
 10
4.111703016111004
 20
4.4566262803599095
 97
0
 75
0
 76
1
 98
0
  0
LWPOLYLINE
  5
28E
330
17
100
AcDbEntity
  8
A-MASS
100
AcDbPolyline
 90
4
 70
1
 10
4.111703016111004
 20
4.290784474776898
 10
4.115355358014459
 20
4.289312852941801
 10
4.115355358014459
 20
4.455154658524813
 10
4.111703016111004
 20
4.4566262803599095
  0
HATCH
  5
28F
330
17
100
AcDbEntity
  8
A-MASS
 62
7
420
11250603
100
AcDbHatch
 10
0.0
 20
0.0
 30
0.0
210
0.0
220
0.0
230
1.0
  2
SOLID
 70
1
 71
0
 91
1
 92
3
 72
0
 73
1
 93
4
 10
4.115355358014459
 20
4.289312852941801
 10
4.119065261046922
 20
4.287896857890413
 10
4.119065261046922
 20
4.453738663473425
 10
4.115355358014459
 20
4.455154658524813
 97
0
 75
0
 76
1
 98
0
  0
LWPOLYLINE
  5
290
330
17
100
AcDbEntity
  8
A-MASS
100
AcDbPolyline
 90
4
 70
1
 10
4.115355358014459
 20
4.289312852941801
 10
4.119065261046922
 20
4.287896857890413
 10
4.119065261046922
 20
4.453738663473425
 10
4.115355358014459
 20
4.455154658524813
  0
HATCH
  5
291
330
17
100
AcDbEntity
  8
A-MASS
 62
7
420
11250603
100
AcDbHatch
 10
0.0
 20
0.0
 30
0.0
210
0.0
220
0.0
230
1.0
  2
SOLID
 70
1
 71
0
 91
1
 92
3
 72
0
 73
1
 93
4
 10
4.119065261046922
 20
4.287896857890413
 10
4.122830490501526
 20
4.286537342565207
 10
4.122830490501526
 20
4.45237914814822
 10
4.119065261046922
 20
4.453738663473425
 97
0
 75
0
 76
1
 98
0
  0
LWPOLYLINE
  5
292
330
17
100
AcDbEntity
  8
A-MASS
100
AcDbPolyline
 90
4
 70
1
 10
4.119065261046922
 20
4.287896857890413
 10
4.122830490501526
 20
4.286537342565207
 10
4.122830490501526
 20
4.45237914814822
 10
4.119065261046922
 20
4.453738663473425
  0
HATCH
  5
293
330
17
100
AcDbEntity
  8
A-MASS
 62
7
420
11250603
100
AcDbHatch
 10
0.0
 20
0.0
 30
0.0
210
0.0
220
0.0
230
1.0
  2
SOLID
 70
1
 71
0
 91
1
 92
3
 72
0
 73
1
 93
4
 10
4.122830490501526
 20
4.286537342565207
 10
4.126648778344841
 20
4.28523512588738
 10
4.126648778344841
 20
4.451076931470391
 10
4.122830490501526
 20
4.45237914814822
 97
0
 75
0
 76
1
 98
0
  0
LWPOLYLINE
  5
294
330
17
100
AcDbEntity
  8
A-MASS
100
AcDbPolyline
 90
4
 70
1
 10
4.122830490501526
 20
4.286537342565207
 10
4.126648778344841
 20
4.28523512588738
 10
4.126648778344841
 20
4.451076931470391
 10
4.122830490501526
 20
4.45237914814822
  0
HATCH
  5
295
330
17
100
AcDbEntity
  8
A-MASS
 62
7
420
11250603
100
AcDbHatch
 10
0.0
 20
0.0
 30
0.0
210
0.0
220
0.0
230
1.0
  2
SOLID
 70
1
 71
0
 91
1
 92
3
 72
0
 73
1
 93
4
 10
4.126648778344841
 20
4.28523512588738
 10
4.130517824583045
 20
4.283990992263563
 10
4.130517824583045
 20
4.449832797846575
 10
4.126648778344841
 20
4.451076931470391
 97
0
 75
0
 76
1
 98
0
  0
LWPOLYLINE
  5
296
330
17
100
AcDbEntity
  8
A-MASS
100
AcDbPolyline
 90
4
 70
1
 10
4.126648778344841
 20
4.28523512588738
 10
4.130517824583045
 20
4.283990992263563
 10
4.130517824583045
 20
4.449832797846575
 10
4.126648778344841
 20
4.451076931470391
  0
HATCH
  5
297
330
17
100
AcDbEntity
  8
A-MASS
 62
7
420
11250603
100
AcDbHatch
 10
0.0
 20
0.0
 30
0.0
210
0.0
220
0.0
230
1.0
  2
SOLID
 70
1
 71
0
 91
1
 92
3
 72
0
 73
1
 93
4
 10
4.130517824583045
 20
4.283990992263563
 10
4.134435298647355
 20
4.282805691113332
 10
4.134435298647355
 20
4.448647496696344
 10
4.130517824583045
 20
4.449832797846575
 97
0
 75
0
 76
1
 98
0
  0
LWPOLYLINE
  5
298
330
17
100
AcDbEntity
  8
A-MASS
100
AcDbPolyline
 90
4
 70
1
 10
4.130517824583045
 20
4.283990992263563
 10
4.134435298647355
 20
4.282805691113332
 10
4.134435298647355
 20
4.448647496696344
 10
4.130517824583045
 20
4.449832797846575
  0
HATCH
  5
299
330
17
100
AcDbEntity
  8
A-MASS
 62
7
420
11250603
100
AcDbHatch
 10
0.0
 20
0.0
 30
0.0
210
0.0
220
0.0
230
1.0
  2
SOLID
 70
1
 71
0
 91
1
 92
3
 72
0
 73
1
 93
4
 10
4.134435298647355
 20
4.282805691113332
 10
4.138398840797881
 20
4.2816799364177776
 10
4.138398840797881
 20
4.44752174200079
 10
4.134435298647355
 20
4.448647496696344
 97
0
 75
0
 76
1
 98
0
  0
LWPOLYLINE
  5
29A
330
17
100
AcDbEntity
  8
A-MASS
100
AcDbPolyline
 90
4
 70
1
 10
4.134435298647355
 20
4.282805691113332
 10
4.138398840797881
 20
4.2816799364177776
 10
4.138398840797881
 20
4.44752174200079
 10
4.134435298647355
 20
4.448647496696344
  0
HATCH
  5
29B
330
17
100
AcDbEntity
  8
A-MASS
 62
7
420
11250603
100
AcDbHatch
 10
0.0
 20
0.0
 30
0.0
210
0.0
220
0.0
230
1.0
  2
SOLID
 70
1
 71
0
 91
1
 92
3
 72
0
 73
1
 93
4
 10
4.138398840797881
 20
4.2816799364177776
 10
4.142406063545036
 20
4.280614406289434
 10
4.142406063545036
 20
4.446456211872446
 10
4.138398840797881
 20
4.44752174200079
 97
0
 75
0
 76
1
 98
0
  0
LWPOLYLINE
  5
29C
330
17
100
AcDbEntity
  8
A-MASS
100
AcDbPolyline
 90
4
 70
1
 10
4.138398840797881
 20
4.2816799364177776
 10
4.142406063545036
 20
4.280614406289434
 10
4.142406063545036
 20
4.446456211872446
 10
4.138398840797881
 20
4.44752174200079
  0
HATCH
  5
29D
330
17
100
AcDbEntity
  8
A-MASS
 62
7
420
11250603
100
AcDbHatch
 10
0.0
 20
0.0
 30
0.0
210
0.0
220
0.0
230
1.0
  2
SOLID
 70
1
 71
0
 91
1
 92
3
 72
0
 73
1
 93
4
 10
4.142406063545036
 20
4.280614406289434
 10
4.146454553087678
 20
4.279609742563808
 10
4.146454553087678
 20
4.445451548146821
 10
4.142406063545036
 20
4.446456211872446
 97
0
 75
0
 76
1
 98
0
  0
LWPOLYLINE
  5
29E
330
17
100
AcDbEntity
  8
A-MASS
100
AcDbPolyline
 90
4
 70
1
 10
4.142406063545036
 20
4.280614406289434
 10
4.146454553087678
 20
4.279609742563808
 10
4.146454553087678
 20
4.445451548146821
 10
4.142406063545036
 20
4.446456211872446
  0
HATCH
  5
29F
330
17
100
AcDbEntity
  8
A-MASS
 62
7
420
11250603
100
AcDbHatch
 10
0.0
 20
0.0
 30
0.0
210
0.0
220
0.0
230
1.0
  2
SOLID
 70
1
 71
0
 91
1
 92
3
 72
0
 73
1
 93
4
 10
4.146454553087678
 20
4.279609742563808
 10
4.150541870767089
 20
4.278666550412762
 10
4.150541870767089
 20
4.444508355995774
 10
4.146454553087678
 20
4.445451548146821
 97
0
 75
0
 76
1
 98
0
  0
LWPOLYLINE
  5
2A0
330
17
100
AcDbEntity
  8
A-MASS
100
AcDbPolyline
 90
4
 70
1
 10
4.146454553087678
 20
4.279609742563808
 10
4.150541870767089
 20
4.278666550412762
 10
4.150541870767089
 20
4.444508355995774
 10
4.146454553087678
 20
4.445451548146821
  0
HATCH
  5
2A1
330
17
100
AcDbEntity
  8
A-MASS
 62
7
420
11250603
100
AcDbHatch
 10
0.0
 20
0.0
 30
0.0
210
0.0
220
0.0
230
1.0
  2
SOLID
 70
1
 71
0
 91
1
 92
3
 72
0
 73
1
 93
4
 10
4.150541870767089
 20
4.278666550412762
 10
4.154665554535933
 20
4.277785397979978
 10
4.154665554535933
 20
4.443627203562989
 10
4.150541870767089
 20
4.444508355995774
 97
0
 75
0
 76
1
 98
0
  0
LWPOLYLINE
  5
2A2
330
17
100
AcDbEntity
  8
A-MASS
100
AcDbPolyline
 90
4
 70
1
 10
4.150541870767089
 20
4.278666550412762
 10
4.154665554535933
 20
4.277785397979978
 10
4.154665554535933
 20
4.443627203562989
 10
4.150541870767089
 20
4.444508355995774
  0
HATCH
  5
2A3
330
17
100
AcDbEntity
  8
A-MASS
 62
7
420
11250603
100
AcDbHatch
 10
0.0
 20
0.0
 30
0.0
210
0.0
220
0.0
230
1.0
  2
SOLID
 70
1
 71
0
 91
1
 92
3
 72
0
 73
1
 93
4
 10
4.154665554535933
 20
4.277785397979978
 10
4.158823120441304
 20
4.276966816038732
 10
4.158823120441304
 20
4.442808621621744
 10
4.154665554535933
 20
4.443627203562989
 97
0
 75
0
 76
1
 98
0
  0
LWPOLYLINE
  5
2A4
330
17
100
AcDbEntity
  8
A-MASS
100
AcDbPolyline
 90
4
 70
1
 10
4.154665554535933
 20
4.277785397979978
 10
4.158823120441304
 20
4.276966816038732
 10
4.158823120441304
 20
4.442808621621744
 10
4.154665554535933
 20
4.443627203562989
  0
HATCH
  5
2A5
330
17
100
AcDbEntity
  8
A-MASS
 62
7
420
11250603
100
AcDbHatch
 10
0.0
 20
0.0
 30
0.0
210
0.0
220
0.0
230
1.0
  2
SOLID
 70
1
 71
0
 91
1
 92
3
 72
0
 73
1
 93
4
 10
4.158823120441304
 20
4.276966816038732
 10
4.163012064120959
 20
4.27621129767218
 10
4.163012064120959
 20
4.442053103255192
 10
4.158823120441304
 20
4.442808621621744
 97
0
 75
0
 76
1
 98
0
  0
LWPOLYLINE
  5
2A6
330
17
100
AcDbEntity
  8
A-MASS
100
AcDbPolyline
 90
4
 70
1
 10
4.158823120441304
 20
4.276966816038732
 10
4.163012064120959
 20
4.27621129767218
 10
4.163012064120959
 20
4.442053103255192
 10
4.158823120441304
 20
4.442808621621744
  0
HATCH
  5
2A7
330
17
100
AcDbEntity
  8
A-MASS
 62
7
420
11250603
100
AcDbHatch
 10
0.0
 20
0.0
 30
0.0
210
0.0
220
0.0
230
1.0
  2
SOLID
 70
1
 71
0
 91
1
 92
3
 72
0
 73
1
 93
4
 10
4.163012064120959
 20
4.27621129767218
 10
4.167229862311863
 20
4.275519297976334
 10
4.167229862311863
 20
4.441361103559346
 10
4.163012064120959
 20
4.442053103255192
 97
0
 75
0
 76
1
 98
0
  0
LWPOLYLINE
  5
2A8
330
17
100
AcDbEntity
  8
A-MASS
100
AcDbPolyline
 90
4
 70
1
 10
4.163012064120959
 20
4.27621129767218
 10
4.167229862311863
 20
4.275519297976334
 10
4.167229862311863
 20
4.441361103559346
 10
4.163012064120959
 20
4.442053103255192
  0
HATCH
  5
2A9
330
17
100
AcDbEntity
  8
A-MASS
 62
7
420
11250603
100
AcDbHatch
 10
0.0
 20
0.0
 30
0.0
210
0.0
220
0.0
230
1.0
  2
SOLID
 70
1
 71
0
 91
1
 92
3
 72
0
 73
1
 93
4
 10
4.167229862311863
 20
4.275519297976334
 10
4.171473974370097
 20
4.274891233785934
 10
4.171473974370097
 20
4.440733039368945
 10
4.167229862311863
 20
4.441361103559346
 97
0
 75
0
 76
1
 98
0
  0
LWPOLYLINE
  5
2AA
330
17
100
AcDbEntity
  8
A-MASS
100
AcDbPolyline
 90
4
 70
1
 10
4.167229862311863
 20
4.275519297976334
 10
4.171473974370097
 20
4.274891233785934
 10
4.171473974370097
 20
4.440733039368945
 10
4.167229862311863
 20
4.441361103559346
  0
HATCH
  5
2AB
330
17
100
AcDbEntity
  8
A-MASS
 62
7
420
11250603
100
AcDbHatch
 10
0.0
 20
0.0
 30
0.0
210
0.0
220
0.0
230
1.0
  2
SOLID
 70
1
 71
0
 91
1
 92
3
 72
0
 73
1
 93
4
 10
4.171473974370097
 20
4.274891233785934
 10
4.175741843801256
 20
4.274327483423365
 10
4.175741843801256
 20
4.440169289006376
 10
4.171473974370097
 20
4.440733039368945
 97
0
 75
0
 76
1
 98
0
  0
LWPOLYLINE
  5
2AC
330
17
100
AcDbEntity
  8
A-MASS
100
AcDbPolyline
 90
4
 70
1
 10
4.171473974370097
 20
4.274891233785934
 10
4.175741843801256
 20
4.274327483423365
 10
4.175741843801256
 20
4.440169289006376
 10
4.171473974370097
 20
4.440733039368945
  0
HATCH
  5
2AD
330
17
100
AcDbEntity
  8
A-MASS
 62
7
420
11250603
100
AcDbHatch
 10
0.0
 20
0.0
 30
0.0
210
0.0
220
0.0
230
1.0
  2
SOLID
 70
1
 71
0
 91
1
 92
3
 72
0
 73
1
 93
4
 10
4.175741843801256
 20
4.274327483423365
 10
4.178295674240239
 20
4.274030306377922
 10
4.178295674240239
 20
4.439872111960934
 10
4.175741843801256
 20
4.440169289006376
 97
0
 75
0
 76
1
 98
0
  0
LWPOLYLINE
  5
2AE
330
17
100
AcDbEntity
  8
A-MASS
100
AcDbPolyline
 90
4
 70
1
 10
4.175741843801256
 20
4.274327483423365
 10
4.178295674240239
 20
4.274030306377922
 10
4.178295674240239
 20
4.439872111960934
 10
4.175741843801256
 20
4.440169289006376
  0
HATCH
  5
2AF
330
17
100
AcDbEntity
  8
A-MASS
 62
7
420
14079702
100
AcDbHatch
 10
0.0
 20
0.0
 30
0.0
210
0.0
220
0.0
230
1.0
  2
SOLID
 70
1
 71
0
 91
1
 92
3
 72
0
 73
1
 93
196
 10
4.359060379260426
 20
4.608086332035005
 10
4.35660078739888
 20
4.61030643766849
 10
4.3540534394404276
 20
4.612488712455429
 10
4.3514198698122275
 20
4.614631841875087
 10
4.348701664878148
 20
4.616734534986442
 10
4.345900461983201
 20
4.618795525205788
 10
4.343017948467268
 20
4.6208135710696805
 10
4.340055860648706
 20
4.622787456982752
 10
4.337015982778457
 20
4.624715993949936
 10
4.333900145965282
 20
4.626598020292677
 10
4.330710227072768
 20
4.628432402348679
 10
4.327448147588779
 20
4.630218035154783
 10
4.324115872468017
 20
4.631953843112557
 10
4.320715408948414
 20
4.633638780636193
 10
4.317248805342041
 20
4.63527183278233
 10
4.313718149801289
 20
4.636852015861418
 10
4.310125569061035
 20
4.63837837803026
 10
4.306473227157579
 20
4.639849999865357
 10
4.3027633241251175
 20
4.641265994916744
 10
4.298998094670512
 20
4.642625510241951
 10
4.295179806827197
 20
4.643927726919777
 10
4.291310760588995
 20
4.645171860543595
 10
4.287393286524684
 20
4.646357161693826
 10
4.283429744374158
 20
4.6474829163893805
 10
4.279422521627002
 20
4.648548446517724
 10
4.27537403208436
 20
4.64955311024335
 10
4.271286714404949
 20
4.650496302394396
 10
4.267163030636105
 20
4.6513774548271805
 10
4.2630054647307345
 20
4.652196036768426
 10
4.258816521051079
 20
4.652951555134978
 10
4.254598722860176
 20
4.653643554830825
 10
4.250354610801941
 20
4.654271619021224
 10
4.246086741370783
 20
4.654835369383793
 10
4.241797685371658
 20
4.655334466336395
 10
4.237490026371524
 20
4.655768609241685
 10
4.233166359143088
 20
4.656137536588211
 10
4.228829288101816
 20
4.656441026147936
 10
4.224481425737132
 20
4.6566788951100975
 10
4.220125391038744
 20
4.656851000191326
 10
4.215763807919073
 20
4.656957237721956
 10
4.211399303632701
 20
4.656997543708474
 10
4.20703450719381
 20
4.656971893872058
 10
4.202672047792565
 20
4.656880303663211
 10
4.198314553211386
 20
4.65672282825245
 10
4.193964648242071
 20
4.656499562497075
 10
4.1896249531047225
 20
4.656210640884027
 10
4.1852980818694165
 20
4.6558562374488845
 10
4.180986640881595
 20
4.655436565671023
 10
4.176693227192093
 20
4.654951878345029
 10
4.172420426992776
 20
4.654402467428424
 10
4.168170814058715
 20
4.653788663865802
 10
4.163946948197835
 20
4.653110837389477
 10
4.159751373708994
 20
4.65236939629677
 10
4.15558661784938
 20
4.651564787204075
 10
4.151455189312192
 20
4.65069749477782
 10
4.147359576715497
 20
4.649768041442535
 10
4.143302247103178
 20
4.648776987066152
 10
4.139285644458882
 20
4.647724928622772
 10
4.135312188233849
 20
4.6466124998330605
 10
4.131384271889534
 20
4.645440370782525
 10
4.127504261455866
 20
4.6442092475178764
 10
4.12367449410605
 20
4.642919871621735
 10
4.1198972767487305
 20
4.641573019765927
 10
4.116174884638408
 20
4.640169503243649
 10
4.112509560004898
 20
4.638710167480773
 10
4.108903510702705
 20
4.637195891526595
 10
4.105358908881089
 20
4.635627587524326
 10
4.101877889675647
 20
4.6340062001616555
 10
4.098462549922185
 20
4.632332706101702
 10
4.095114946893662
 20
4.630608113394713
 10
4.091837097060967
 20
4.6288334608708475
 10
4.088630974878274
 20
4.627009817514427
 10
4.0854985115937
 20
4.6251382818200195
 10
4.0824415940859975
 20
4.623219981130747
 10
4.079462063727968
 20
4.6212560709592125
 10
4.076561715277288
 20
4.61924773429147
 10
4.073742295795411
 20
4.61719618087443
 10
4.0710055035952095
 20
4.615102646487161
 10
4.0683529872179705
 20
4.612968392196493
 10
4.065786344440373
 20
4.610794703597406
 10
4.063307121312056
 20
4.608582890038635
 10
4.060916811224327
 20
4.606334283833959
 10
4.058616854010603
 20
4.604050239459679
 10
4.056408635079109
 20
4.601732132738717
 10
4.054293484578358
 20
4.5993813600118845
 10
4.052272676595922
 20
4.596999337296769
 10
4.050347428390966
 20
4.594587499434785
 10
4.048518899661019
 20
4.592147299226877
 10
4.046788191843416
 20
4.589680206558405
 10
4.0451563474518295
 20
4.587187707513741
 10
4.043624349448304
 20
4.584671303481111
 10
4.0421931206511506
 20
4.582132510248207
 10
4.040863523179079
 20
4.579572857089143
 10
4.03963635793189
 20
4.576993885843271
 10
4.038512364108043
 20
4.574397149986433
 10
4.037492218759388
 20
4.571784213695214
 10
4.036576536383336
 20
4.569156650904729
 10
4.035765868552714
 20
4.566516044360553
 10
4.035060703583506
 20
4.56386398466533
 10
4.0344614662407245
 20
4.561202069320655
 10
4.0339685174825375
 20
4.558531901764793
 10
4.033582154242844
 20
4.555855090406839
 10
4.033302609252413
 20
4.553173247657859
 10
4.033130050898693
 20
4.550487988959647
 10
4.033064583124386
 20
4.547800931811635
 10
4.033106245364828
 20
4.54511369479657
 10
4.033255012524246
 20
4.542427896605551
 10
4.033510794990864
 20
4.539745155062979
 10
4.03387343869089
 20
4.537067086152044
 10
4.034342725181318
 20
4.53439530304132
 10
4.034918371781515
 20
4.5317314151130486
 10
4.035600031743493
 20
4.529077026993706
 10
4.03638729446078
 20
4.526433737587444
 10
4.0372796857157525
 20
4.523803139112961
 10
4.038276667965287
 20
4.5211868161444135
 10
4.039377640664558
 20
4.518586344656928
 10
4.040581940628777
 20
4.516003291077288
 10
4.041888842432678
 20
4.513439211340387
 10
4.043297558847484
 20
4.51089564995198
 10
4.0448072413151
 20
4.508374139058335
 10
4.046416980459258
 20
4.5058761975233335
 10
4.0481258066332915
 20
4.5034033300135485
 10
4.049932690504209
 20
4.500957026091903
 10
4.051836543672731
 20
4.498538759320406
 10
4.053836219328898
 20
4.4961499863725365
 10
4.055930512942867
 20
4.493792146155794
 10
4.0581181629904775
 20
4.491466658944962
 10
4.06039785171314
 20
4.489174925526579
 10
4.062768205911612
 20
4.486918326355164
 10
4.065227797773159
 20
4.484698220721679
 10
4.067775145731611
 20
4.4825159459347415
 10
4.070408715359812
 20
4.480372816515082
 10
4.073126920293891
 20
4.478270123403727
 10
4.075928123188837
 20
4.476209133184382
 10
4.0788106367047705
 20
4.47419108732049
 10
4.081772724523333
 20
4.472217201407418
 10
4.0848126023935825
 20
4.4702886644402335
 10
4.087928439206757
 20
4.468406638097493
 10
4.091118358099271
 20
4.466572256041491
 10
4.09438043758326
 20
4.464786623235387
 10
4.097712712704022
 20
4.4630508152776125
 10
4.101113176223625
 20
4.461365877753977
 10
4.104579779829997
 20
4.459732825607841
 10
4.10811043537075
 20
4.45815264252875
 10
4.111703016111004
 20
4.4566262803599095
 10
4.115355358014459
 20
4.455154658524813
 10
4.119065261046922
 20
4.453738663473425
 10
4.122830490501526
 20
4.45237914814822
 10
4.126648778344841
 20
4.451076931470391
 10
4.130517824583045
 20
4.449832797846575
 10
4.134435298647355
 20
4.448647496696344
 10
4.138398840797881
 20
4.44752174200079
 10
4.142406063545036
 20
4.446456211872446
 10
4.146454553087678
 20
4.445451548146821
 10
4.150541870767089
 20
4.444508355995774
 10
4.154665554535933
 20
4.443627203562989
 10
4.158823120441304
 20
4.442808621621744
 10
4.163012064120959
 20
4.442053103255192
 10
4.167229862311863
 20
4.441361103559346
 10
4.171473974370097
 20
4.440733039368945
 10
4.175741843801256
 20
4.440169289006376
 10
4.178295674240239
 20
4.439872111960934
 10
4.360021303804532
 20
4.5182123600821775
 10
4.373016991220311
 20
4.523433085976465
 10
4.3858790932247125
 20
4.52789049341947
 10
4.386062716619326
 20
4.528488614029617
 10
4.386767881588533
 20
4.531140673724838
 10
4.387367118931314
 20
4.533802589069515
 10
4.387860067689501
 20
4.536472756625376
 10
4.388246430929194
 20
4.539149567983332
 10
4.388525975919626
 20
4.541831410732311
 10
4.388698534273345
 20
4.544516669430523
 10
4.388764002047653
 20
4.547203726578536
 10
4.38872233980721
 20
4.549890963593599
 10
4.388573572647793
 20
4.552576761784619
 10
4.3883177901811745
 20
4.55525950332719
 10
4.387955146481149
 20
4.557937572238125
 10
4.38748585999072
 20
4.5606093553488485
 10
4.386910213390524
 20
4.563273243277122
 10
4.386228553428547
 20
4.5659276313964625
 10
4.385441290711259
 20
4.568570920802726
 10
4.384548899456287
 20
4.571201519277208
 10
4.383551917206751
 20
4.573817842245756
 10
4.382450944507481
 20
4.576418313733242
 10
4.381246644543262
 20
4.57900136731288
 10
4.37993974273936
 20
4.581565447049782
 10
4.378531026324556
 20
4.58410900843819
 10
4.377021343856939
 20
4.586630519331834
 10
4.375411604712781
 20
4.589128460866837
 10
4.373702778538748
 20
4.591601328376621
 10
4.37189589466783
 20
4.594047632298267
 10
4.369992041499308
 20
4.596465899069764
 10
4.367992365843141
 20
4.598854672017634
 10
4.365898072229172
 20
4.601212512234376
 10
4.363710422181562
 20
4.603537999445209
 10
4.361430733458898
 20
4.60582973286359
 97
0
 75
0
 76
1
 98
0
  0
LWPOLYLINE
  5
2B0
330
17
100
AcDbEntity
  8
A-MASS
100
AcDbPolyline
 90
196
 70
1
 10
4.359060379260426
 20
4.608086332035005
 10
4.35660078739888
 20
4.61030643766849
 10
4.3540534394404276
 20
4.612488712455429
 10
4.3514198698122275
 20
4.614631841875087
 10
4.348701664878148
 20
4.616734534986442
 10
4.345900461983201
 20
4.618795525205788
 10
4.343017948467268
 20
4.6208135710696805
 10
4.340055860648706
 20
4.622787456982752
 10
4.337015982778457
 20
4.624715993949936
 10
4.333900145965282
 20
4.626598020292677
 10
4.330710227072768
 20
4.628432402348679
 10
4.327448147588779
 20
4.630218035154783
 10
4.324115872468017
 20
4.631953843112557
 10
4.320715408948414
 20
4.633638780636193
 10
4.317248805342041
 20
4.63527183278233
 10
4.313718149801289
 20
4.636852015861418
 10
4.310125569061035
 20
4.63837837803026
 10
4.306473227157579
 20
4.639849999865357
 10
4.3027633241251175
 20
4.641265994916744
 10
4.298998094670512
 20
4.642625510241951
 10
4.295179806827197
 20
4.643927726919777
 10
4.291310760588995
 20
4.645171860543595
 10
4.287393286524684
 20
4.646357161693826
 10
4.283429744374158
 20
4.6474829163893805
 10
4.279422521627002
 20
4.648548446517724
 10
4.27537403208436
 20
4.64955311024335
 10
4.271286714404949
 20
4.650496302394396
 10
4.267163030636105
 20
4.6513774548271805
 10
4.2630054647307345
 20
4.652196036768426
 10
4.258816521051079
 20
4.652951555134978
 10
4.254598722860176
 20
4.653643554830825
 10
4.250354610801941
 20
4.654271619021224
 10
4.246086741370783
 20
4.654835369383793
 10
4.241797685371658
 20
4.655334466336395
 10
4.237490026371524
 20
4.655768609241685
 10
4.233166359143088
 20
4.656137536588211
 10
4.228829288101816
 20
4.656441026147936
 10
4.224481425737132
 20
4.6566788951100975
 10
4.220125391038744
 20
4.656851000191326
 10
4.215763807919073
 20
4.656957237721956
 10
4.211399303632701
 20
4.656997543708474
 10
4.20703450719381
 20
4.656971893872058
 10
4.202672047792565
 20
4.656880303663211
 10
4.198314553211386
 20
4.65672282825245
 10
4.193964648242071
 20
4.656499562497075
 10
4.1896249531047225
 20
4.656210640884027
 10
4.1852980818694165
 20
4.6558562374488845
 10
4.180986640881595
 20
4.655436565671023
 10
4.176693227192093
 20
4.654951878345029
 10
4.172420426992776
 20
4.654402467428424
 10
4.168170814058715
 20
4.653788663865802
 10
4.163946948197835
 20
4.653110837389477
 10
4.159751373708994
 20
4.65236939629677
 10
4.15558661784938
 20
4.651564787204075
 10
4.151455189312192
 20
4.65069749477782
 10
4.147359576715497
 20
4.649768041442535
 10
4.143302247103178
 20
4.648776987066152
 10
4.139285644458882
 20
4.647724928622772
 10
4.135312188233849
 20
4.6466124998330605
 10
4.131384271889534
 20
4.645440370782525
 10
4.127504261455866
 20
4.6442092475178764
 10
4.12367449410605
 20
4.642919871621735
 10
4.1198972767487305
 20
4.641573019765927
 10
4.116174884638408
 20
4.640169503243649
 10
4.112509560004898
 20
4.638710167480773
 10
4.108903510702705
 20
4.637195891526595
 10
4.105358908881089
 20
4.635627587524326
 10
4.101877889675647
 20
4.6340062001616555
 10
4.098462549922185
 20
4.632332706101702
 10
4.095114946893662
 20
4.630608113394713
 10
4.091837097060967
 20
4.6288334608708475
 10
4.088630974878274
 20
4.627009817514427
 10
4.0854985115937
 20
4.6251382818200195
 10
4.0824415940859975
 20
4.623219981130747
 10
4.079462063727968
 20
4.6212560709592125
 10
4.076561715277288
 20
4.61924773429147
 10
4.073742295795411
 20
4.61719618087443
 10
4.0710055035952095
 20
4.615102646487161
 10
4.0683529872179705
 20
4.612968392196493
 10
4.065786344440373
 20
4.610794703597406
 10
4.063307121312056
 20
4.608582890038635
 10
4.060916811224327
 20
4.606334283833959
 10
4.058616854010603
 20
4.604050239459679
 10
4.056408635079109
 20
4.601732132738717
 10
4.054293484578358
 20
4.5993813600118845
 10
4.052272676595922
 20
4.596999337296769
 10
4.050347428390966
 20
4.594587499434785
 10
4.048518899661019
 20
4.592147299226877
 10
4.046788191843416
 20
4.589680206558405
 10
4.0451563474518295
 20
4.587187707513741
 10
4.043624349448304
 20
4.584671303481111
 10
4.0421931206511506
 20
4.582132510248207
 10
4.040863523179079
 20
4.579572857089143
 10
4.03963635793189
 20
4.576993885843271
 10
4.038512364108043
 20
4.574397149986433
 10
4.037492218759388
 20
4.571784213695214
 10
4.036576536383336
 20
4.569156650904729
 10
4.035765868552714
 20
4.566516044360553
 10
4.035060703583506
 20
4.56386398466533
 10
4.0344614662407245
 20
4.561202069320655
 10
4.0339685174825375
 20
4.558531901764793
 10
4.033582154242844
 20
4.555855090406839
 10
4.033302609252413
 20
4.553173247657859
 10
4.033130050898693
 20
4.550487988959647
 10
4.033064583124386
 20
4.547800931811635
 10
4.033106245364828
 20
4.54511369479657
 10
4.033255012524246
 20
4.542427896605551
 10
4.033510794990864
 20
4.539745155062979
 10
4.03387343869089
 20
4.537067086152044
 10
4.034342725181318
 20
4.53439530304132
 10
4.034918371781515
 20
4.5317314151130486
 10
4.035600031743493
 20
4.529077026993706
 10
4.03638729446078
 20
4.526433737587444
 10
4.0372796857157525
 20
4.523803139112961
 10
4.038276667965287
 20
4.5211868161444135
 10
4.039377640664558
 20
4.518586344656928
 10
4.040581940628777
 20
4.516003291077288
 10
4.041888842432678
 20
4.513439211340387
 10
4.043297558847484
 20
4.51089564995198
 10
4.0448072413151
 20
4.508374139058335
 10
4.046416980459258
 20
4.5058761975233335
 10
4.0481258066332915
 20
4.5034033300135485
 10
4.049932690504209
 20
4.500957026091903
 10
4.051836543672731
 20
4.498538759320406
 10
4.053836219328898
 20
4.4961499863725365
 10
4.055930512942867
 20
4.493792146155794
 10
4.0581181629904775
 20
4.491466658944962
 10
4.06039785171314
 20
4.489174925526579
 10
4.062768205911612
 20
4.486918326355164
 10
4.065227797773159
 20
4.484698220721679
 10
4.067775145731611
 20
4.4825159459347415
 10
4.070408715359812
 20
4.480372816515082
 10
4.073126920293891
 20
4.478270123403727
 10
4.075928123188837
 20
4.476209133184382
 10
4.0788106367047705
 20
4.47419108732049
 10
4.081772724523333
 20
4.472217201407418
 10
4.0848126023935825
 20
4.4702886644402335
 10
4.087928439206757
 20
4.468406638097493
 10
4.091118358099271
 20
4.466572256041491
 10
4.09438043758326
 20
4.464786623235387
 10
4.097712712704022
 20
4.4630508152776125
 10
4.101113176223625
 20
4.461365877753977
 10
4.104579779829997
 20
4.459732825607841
 10
4.10811043537075
 20
4.45815264252875
 10
4.111703016111004
 20
4.4566262803599095
 10
4.115355358014459
 20
4.455154658524813
 10
4.119065261046922
 20
4.453738663473425
 10
4.122830490501526
 20
4.45237914814822
 10
4.126648778344841
 20
4.451076931470391
 10
4.130517824583045
 20
4.449832797846575
 10
4.134435298647355
 20
4.448647496696344
 10
4.138398840797881
 20
4.44752174200079
 10
4.142406063545036
 20
4.446456211872446
 10
4.146454553087678
 20
4.445451548146821
 10
4.150541870767089
 20
4.444508355995774
 10
4.154665554535933
 20
4.443627203562989
 10
4.158823120441304
 20
4.442808621621744
 10
4.163012064120959
 20
4.442053103255192
 10
4.167229862311863
 20
4.441361103559346
 10
4.171473974370097
 20
4.440733039368945
 10
4.175741843801256
 20
4.440169289006376
 10
4.178295674240239
 20
4.439872111960934
 10
4.360021303804532
 20
4.5182123600821775
 10
4.373016991220311
 20
4.523433085976465
 10
4.3858790932247125
 20
4.52789049341947
 10
4.386062716619326
 20
4.528488614029617
 10
4.386767881588533
 20
4.531140673724838
 10
4.387367118931314
 20
4.533802589069515
 10
4.387860067689501
 20
4.536472756625376
 10
4.388246430929194
 20
4.539149567983332
 10
4.388525975919626
 20
4.541831410732311
 10
4.388698534273345
 20
4.544516669430523
 10
4.388764002047653
 20
4.547203726578536
 10
4.38872233980721
 20
4.549890963593599
 10
4.388573572647793
 20
4.552576761784619
 10
4.3883177901811745
 20
4.55525950332719
 10
4.387955146481149
 20
4.557937572238125
 10
4.38748585999072
 20
4.5606093553488485
 10
4.386910213390524
 20
4.563273243277122
 10
4.386228553428547
 20
4.5659276313964625
 10
4.385441290711259
 20
4.568570920802726
 10
4.384548899456287
 20
4.571201519277208
 10
4.383551917206751
 20
4.573817842245756
 10
4.382450944507481
 20
4.576418313733242
 10
4.381246644543262
 20
4.57900136731288
 10
4.37993974273936
 20
4.581565447049782
 10
4.378531026324556
 20
4.58410900843819
 10
4.377021343856939
 20
4.586630519331834
 10
4.375411604712781
 20
4.589128460866837
 10
4.373702778538748
 20
4.591601328376621
 10
4.37189589466783
 20
4.594047632298267
 10
4.369992041499308
 20
4.596465899069764
 10
4.367992365843141
 20
4.598854672017634
 10
4.365898072229172
 20
4.601212512234376
 10
4.363710422181562
 20
4.603537999445209
 10
4.361430733458898
 20
4.60582973286359
  0
HATCH
  5
2B1
330
17
100
AcDbEntity
  8
A-MASS
 62
7
420
14079702
100
AcDbHatch
 10
0.0
 20
0.0
 30
0.0
210
0.0
220
0.0
230
1.0
  2
SOLID
 70
1
 71
0
 91
1
 92
3
 72
0
 73
1
 93
4
 10
3.8161250565031857
 20
4.267393087897692
 10
4.107498046128907
 20
4.393001304844503
 10
3.903476482362277
 20
4.572388429507523
 10
3.612103492736556
 20
4.446780212560712
 97
0
 75
0
 76
1
 98
0
  0
LWPOLYLINE
  5
2B2
330
17
100
AcDbEntity
  8
A-MASS
100
AcDbPolyline
 90
4
 70
1
 10
3.8161250565031857
 20
4.267393087897692
 10
4.107498046128907
 20
4.393001304844503
 10
3.903476482362277
 20
4.572388429507523
 10
3.612103492736556
 20
4.446780212560712
  0
HATCH
  5
2B3
330
17
100
AcDbEntity
  8
A-MASS
 62
7
420
12698049
100
AcDbHatch
 10
0.0
 20
0.0
 30
0.0
210
0.0
220
0.0
230
1.0
  2
SOLID
 70
1
 71
0
 91
1
 92
3
 72
0
 73
1
 93
4
 10
3.8161250565031857
 20
4.117901882865118
 10
4.107498046128907
 20
4.24351009981193
 10
4.107498046128907
 20
4.393001304844503
 10
3.8161250565031857
 20
4.267393087897692
 97
0
 75
0
 76
1
 98
0
  0
LWPOLYLINE
  5
2B4
330
17
100
AcDbEntity
  8
A-MASS
100
AcDbPolyline
 90
4
 70
1
 10
3.8161250565031857
 20
4.117901882865118
 10
4.107498046128907
 20
4.24351009981193
 10
4.107498046128907
 20
4.393001304844503
 10
3.8161250565031857
 20
4.267393087897692
  0
HATCH
  5
2B5
330
17
100
AcDbEntity
  8
A-MASS
 62
7
420
11250603
100
AcDbHatch
 10
0.0
 20
0.0
 30
0.0
210
0.0
220
0.0
230
1.0
  2
SOLID
 70
1
 71
0
 91
1
 92
3
 72
0
 73
1
 93
4
 10
3.612103492736556
 20
4.297289007528137
 10
3.8161250565031857
 20
4.117901882865118
 10
3.8161250565031857
 20
4.267393087897692
 10
3.612103492736556
 20
4.446780212560712
 97
0
 75
0
 76
1
 98
0
  0
LWPOLYLINE
  5
2B6
330
17
100
AcDbEntity
  8
A-MASS
100
AcDbPolyline
 90
4
 70
1
 10
3.612103492736556
 20
4.297289007528137
 10
3.8161250565031857
 20
4.117901882865118
 10
3.8161250565031857
 20
4.267393087897692
 10
3.612103492736556
 20
4.446780212560712
  0
HATCH
  5
2B7
330
17
100
AcDbEntity
  8
A-MASS
 62
7
420
14079702
100
AcDbHatch
 10
0.0
 20
0.0
 30
0.0
210
0.0
220
0.0
230
1.0
  2
SOLID
 70
1
 71
0
 91
1
 92
3
 72
0
 73
1
 93
4
 10
3.019705551526214
 20
3.9240639615764086
 10
3.6995758606528972
 20
4.217149801118968
 10
3.495554296886268
 20
4.396536925781987
 10
2.8156839877595843
 20
4.103451086239428
 97
0
 75
0
 76
1
 98
0
  0
LWPOLYLINE
  5
2B8
330
17
100
AcDbEntity
  8
A-MASS
100
AcDbPolyline
 90
4
 70
1
 10
3.019705551526214
 20
3.9240639615764086
 10
3.6995758606528972
 20
4.217149801118968
 10
3.495554296886268
 20
4.396536925781987
 10
2.8156839877595843
 20
4.103451086239428
  0
HATCH
  5
2B9
330
17
100
AcDbEntity
  8
A-MASS
 62
7
420
12698049
100
AcDbHatch
 10
0.0
 20
0.0
 30
0.0
210
0.0
220
0.0
230
1.0
  2
SOLID
 70
1
 71
0
 91
1
 92
3
 72
0
 73
1
 93
4
 10
3.019705551526214
 20
3.7745727565438347
 10
3.6995758606528972
 20
4.067658596086394
 10
3.6995758606528972
 20
4.217149801118968
 10
3.019705551526214
 20
3.9240639615764086
 97
0
 75
0
 76
1
 98
0
  0
LWPOLYLINE
  5
2BA
330
17
100
AcDbEntity
  8
A-MASS
100
AcDbPolyline
 90
4
 70
1
 10
3.019705551526214
 20
3.7745727565438347
 10
3.6995758606528972
 20
4.067658596086394
 10
3.6995758606528972
 20
4.217149801118968
 10
3.019705551526214
 20
3.9240639615764086
  0
HATCH
  5
2BB
330
17
100
AcDbEntity
  8
A-MASS
 62
7
420
11250603
100
AcDbHatch
 10
0.0
 20
0.0
 30
0.0
210
0.0
220
0.0
230
1.0
  2
SOLID
 70
1
 71
0
 91
1
 92
3
 72
0
 73
1
 93
4
 10
2.8156839877595843
 20
3.953959881206854
 10
3.019705551526214
 20
3.7745727565438347
 10
3.019705551526214
 20
3.9240639615764086
 10
2.8156839877595843
 20
4.103451086239428
 97
0
 75
0
 76
1
 98
0
  0
LWPOLYLINE
  5
2BC
330
17
100
AcDbEntity
  8
A-MASS
100
AcDbPolyline
 90
4
 70
1
 10
2.8156839877595843
 20
3.953959881206854
 10
3.019705551526214
 20
3.7745727565438347
 10
3.019705551526214
 20
3.9240639615764086
 10
2.8156839877595843
 20
4.103451086239428
  0
HATCH
  5
2BD
330
17
100
AcDbEntity
  8
A-MASS
 62
7
420
12698049
100
AcDbHatch
 10
0.0
 20
0.0
 30
0.0
210
0.0
220
0.0
230
1.0
  2
SOLID
 70
1
 71
0
 91
1
 92
3
 72
0
 73
1
 93
4
 10
3.1469646277751835
 20
3.7135860981161013
 10
4.630282495412491
 20
4.353030793242437
 10
4.630282495412491
 20
4.518872598825448
 10
3.1469646277751835
 20
3.8794279036991126
 97
0
 75
0
 76
1
 98
0
  0
LWPOLYLINE
  5
2BE
330
17
100
AcDbEntity
  8
A-MASS
100
AcDbPolyline
 90
4
 70
1
 10
3.1469646277751835
 20
3.7135860981161013
 10
4.630282495412491
 20
4.353030793242437
 10
4.630282495412491
 20
4.518872598825448
 10
3.1469646277751835
 20
3.8794279036991126
  0
HATCH
  5
2BF
330
17
100
AcDbEntity
  8
A-MASS
 62
7
420
11250603
100
AcDbHatch
 10
0.0
 20
0.0
 30
0.0
210
0.0
220
0.0
230
1.0
  2
SOLID
 70
1
 71
0
 91
1
 92
3
 72
0
 73
1
 93
4
 10
3.05855528347631
 20
3.7913205188034094
 10
3.1469646277751835
 20
3.7135860981161013
 10
3.1469646277751835
 20
3.8794279036991126
 10
3.05855528347631
 20
3.957162324386421
 97
0
 75
0
 76
1
 98
0
  0
LWPOLYLINE
  5
2C0
330
17
100
AcDbEntity
  8
A-MASS
100
AcDbPolyline
 90
4
 70
1
 10
3.05855528347631
 20
3.7913205188034094
 10
3.1469646277751835
 20
3.7135860981161013
 10
3.1469646277751835
 20
3.8794279036991126
 10
3.05855528347631
 20
3.957162324386421
  0
HATCH
  5
2C1
330
17
100
AcDbEntity
  8
A-MASS
 62
7
420
14079702
100
AcDbHatch
 10
0.0
 20
0.0
 30
0.0
210
0.0
220
0.0
230
1.0
  2
SOLID
 70
1
 71
0
 91
1
 92
3
 72
0
 73
1
 93
22
 10
4.360021303804532
 20
4.5182123600821775
 10
3.05855528347631
 20
3.957162324386421
 10
3.1469646277751835
 20
3.8794279036991126
 10
4.630282495412491
 20
4.518872598825448
 10
4.623447592411033
 20
4.521751171200528
 10
4.6100943875152325
 20
4.526617931841151
 10
4.596252765721738
 20
4.530936589727841
 10
4.581981998980074
 20
4.534688651704518
 10
4.5673431969043135
 20
4.5378580508657675
 10
4.552399045092336
 20
4.540431215357808
 10
4.53721353669647
 20
4.542397126495244
 10
4.521851698394987
 20
4.543747365944774
 10
4.506379311937885
 20
4.5444761517737815
 10
4.49086263245934
 20
4.544580363209462
 10
4.4753681047630405
 20
4.54405955400245
 10
4.459962078795346
 20
4.542915954337723
 10
4.444710525524627
 20
4.541154461284617
 10
4.42967875444345
 20
4.538782617826814
 10
4.414931133903303
 20
4.535810580562132
 10
4.400530815479435
 20
4.5322510762104145
 10
4.386539463546114
 20
4.528119347115759
 10
4.373016991220311
 20
4.523433085976465
 97
0
 75
0
 76
1
 98
0
  0
LWPOLYLINE
  5
2C2
330
17
100
AcDbEntity
  8
A-MASS
100
AcDbPolyline
 90
22
 70
1
 10
4.360021303804532
 20
4.5182123600821775
 10
3.05855528347631
 20
3.957162324386421
 10
3.1469646277751835
 20
3.8794279036991126
 10
4.630282495412491
 20
4.518872598825448
 10
4.623447592411033
 20
4.521751171200528
 10
4.6100943875152325
 20
4.526617931841151
 10
4.596252765721738
 20
4.530936589727841
 10
4.581981998980074
 20
4.534688651704518
 10
4.5673431969043135
 20
4.5378580508657675
 10
4.552399045092336
 20
4.540431215357808
 10
4.53721353669647
 20
4.542397126495244
 10
4.521851698394987
 20
4.543747365944774
 10
4.506379311937885
 20
4.5444761517737815
 10
4.49086263245934
 20
4.544580363209462
 10
4.4753681047630405
 20
4.54405955400245
 10
4.459962078795346
 20
4.542915954337723
 10
4.444710525524627
 20
4.541154461284617
 10
4.42967875444345
 20
4.538782617826814
 10
4.414931133903303
 20
4.535810580562132
 10
4.400530815479435
 20
4.5322510762104145
 10
4.386539463546114
 20
4.528119347115759
 10
4.373016991220311
 20
4.523433085976465
  0
HATCH
  5
2C3
330
17
100
AcDbEntity
  8
A-MASS
 62
7
420
14079702
100
AcDbHatch
 10
0.0
 20
0.0
 30
0.0
210
0.0
220
0.0
230
1.0
  2
SOLID
 70
1
 71
0
 91
1
 92
3
 72
0
 73
1
 93
4
 10
5.458153498229105
 20
3.7908558128642174
 10
5.749526487854826
 20
3.9164640298110287
 10
5.3686862354904505
 20
4.2513199958486645
 10
5.07731324586473
 20
4.125711778901854
 97
0
 75
0
 76
1
 98
0
  0
LWPOLYLINE
  5
2C4
330
17
100
AcDbEntity
  8
A-MASS
100
AcDbPolyline
 90
4
 70
1
 10
5.458153498229105
 20
3.7908558128642174
 10
5.749526487854826
 20
3.9164640298110287
 10
5.3686862354904505
 20
4.2513199958486645
 10
5.07731324586473
 20
4.125711778901854
  0
HATCH
  5
2C5
330
17
100
AcDbEntity
  8
A-MASS
 62
7
420
12698049
100
AcDbHatch
 10
0.0
 20
0.0
 30
0.0
210
0.0
220
0.0
230
1.0
  2
SOLID
 70
1
 71
0
 91
1
 92
3
 72
0
 73
1
 93
4
 10
5.458153498229105
 20
3.6413646078316435
 10
5.749526487854826
 20
3.7669728247784544
 10
5.749526487854826
 20
3.9164640298110287
 10
5.458153498229105
 20
3.7908558128642174
 97
0
 75
0
 76
1
 98
0
  0
LWPOLYLINE
  5
2C6
330
17
100
AcDbEntity
  8
A-MASS
100
AcDbPolyline
 90
4
 70
1
 10
5.458153498229105
 20
3.6413646078316435
 10
5.749526487854826
 20
3.7669728247784544
 10
5.749526487854826
 20
3.9164640298110287
 10
5.458153498229105
 20
3.7908558128642174
  0
HATCH
  5
2C7
330
17
100
AcDbEntity
  8
A-MASS
 62
7
420
11250603
100
AcDbHatch
 10
0.0
 20
0.0
 30
0.0
210
0.0
220
0.0
230
1.0
  2
SOLID
 70
1
 71
0
 91
1
 92
3
 72
0
 73
1
 93
4
 10
5.07731324586473
 20
3.9762205738692797
 10
5.458153498229105
 20
3.6413646078316435
 10
5.458153498229105
 20
3.7908558128642174
 10
5.07731324586473
 20
4.125711778901854
 97
0
 75
0
 76
1
 98
0
  0
LWPOLYLINE
  5
2C8
330
17
100
AcDbEntity
  8
A-MASS
100
AcDbPolyline
 90
4
 70
1
 10
5.07731324586473
 20
3.9762205738692797
 10
5.458153498229105
 20
3.6413646078316435
 10
5.458153498229105
 20
3.7908558128642174
 10
5.07731324586473
 20
4.125711778901854
  0
HATCH
  5
2C9
330
17
100
AcDbEntity
  8
A-MASS
 62
7
420
11250603
100
AcDbHatch
 10
0.0
 20
0.0
 30
0.0
210
0.0
220
0.0
230
1.0
  2
SOLID
 70
1
 71
0
 91
1
 92
3
 72
0
 73
1
 93
4
 10
4.574692276941217
 20
4.329066361155476
 10
6.167353932912368
 20
2.9287095079332883
 10
6.167353932912368
 20
3.0945513135163
 10
4.574692276941217
 20
4.494908166738488
 97
0
 75
0
 76
1
 98
0
  0
LWPOLYLINE
  5
2CA
330
17
100
AcDbEntity
  8
A-MASS
100
AcDbPolyline
 90
4
 70
1
 10
4.574692276941217
 20
4.329066361155476
 10
6.167353932912368
 20
2.9287095079332883
 10
6.167353932912368
 20
3.0945513135163
 10
4.574692276941217
 20
4.494908166738488
  0
HATCH
  5
2CB
330
17
100
AcDbEntity
  8
A-MASS
 62
7
420
10132122
100
AcDbHatch
 10
0.0
 20
0.0
 30
0.0
210
0.0
220
0.0
230
1.0
  2
SOLID
 70
1
 71
0
 91
1
 92
3
 72
0
 73
1
 93
4
 10
6.174696192464721
 20
2.958741947856586
 10
6.174865459894724
 20
2.968294969636503
 10
6.174865459894724
 20
3.1341367752195146
 10
6.174696192464721
 20
3.1245837534395973
 97
0
 75
0
 76
1
 98
0
  0
LWPOLYLINE
  5
2CC
330
17
100
AcDbEntity
  8
A-MASS
100
AcDbPolyline
 90
4
 70
1
 10
6.174696192464721
 20
2.958741947856586
 10
6.174865459894724
 20
2.968294969636503
 10
6.174865459894724
 20
3.1341367752195146
 10
6.174696192464721
 20
3.1245837534395973
  0
HATCH
  5
2CD
330
17
100
AcDbEntity
  8
A-MASS
 62
7
420
10132122
100
AcDbHatch
 10
0.0
 20
0.0
 30
0.0
210
0.0
220
0.0
230
1.0
  2
SOLID
 70
1
 71
0
 91
1
 92
3
 72
0
 73
1
 93
4
 10
6.173512448056119
 20
2.949216195583598
 10
6.174696192464721
 20
2.958741947856586
 10
6.174696192464721
 20
3.1245837534395973
 10
6.173512448056119
 20
3.11505800116661
 97
0
 75
0
 76
1
 98
0
  0
LWPOLYLINE
  5
2CE
330
17
100
AcDbEntity
  8
A-MASS
100
AcDbPolyline
 90
4
 70
1
 10
6.173512448056119
 20
2.949216195583598
 10
6.174696192464721
 20
2.958741947856586
 10
6.174696192464721
 20
3.1245837534395973
 10
6.173512448056119
 20
3.11505800116661
  0
HATCH
  5
2CF
330
17
100
AcDbEntity
  8
A-MASS
 62
7
420
10132122
100
AcDbHatch
 10
0.0
 20
0.0
 30
0.0
210
0.0
220
0.0
230
1.0
  2
SOLID
 70
1
 71
0
 91
1
 92
3
 72
0
 73
1
 93
4
 10
6.171319295644211
 20
2.9397585035511926
 10
6.173512448056119
 20
2.949216195583598
 10
6.173512448056119
 20
3.11505800116661
 10
6.171319295644211
 20
3.1056003091342044
 97
0
 75
0
 76
1
 98
0
  0
LWPOLYLINE
  5
2D0
330
17
100
AcDbEntity
  8
A-MASS
100
AcDbPolyline
 90
4
 70
1
 10
6.171319295644211
 20
2.9397585035511926
 10
6.173512448056119
 20
2.949216195583598
 10
6.173512448056119
 20
3.11505800116661
 10
6.171319295644211
 20
3.1056003091342044
  0
HATCH
  5
2D1
330
17
100
AcDbEntity
  8
A-MASS
 62
7
420
12698049
100
AcDbHatch
 10
0.0
 20
0.0
 30
0.0
210
0.0
220
0.0
230
1.0
  2
SOLID
 70
1
 71
0
 91
1
 92
3
 72
0
 73
1
 93
4
 10
6.168126126644321
 20
2.9304093710486234
 10
6.171319295644211
 20
2.9397585035511926
 10
6.171319295644211
 20
3.1056003091342044
 10
6.168126126644321
 20
3.096251176631635
 97
0
 75
0
 76
1
 98
0
  0
LWPOLYLINE
  5
2D2
330
17
100
AcDbEntity
  8
A-MASS
100
AcDbPolyline
 90
4
 70
1
 10
6.168126126644321
 20
2.9304093710486234
 10
6.171319295644211
 20
2.9397585035511926
 10
6.171319295644211
 20
3.1056003091342044
 10
6.168126126644321
 20
3.096251176631635
  0
HATCH
  5
2D3
330
17
100
AcDbEntity
  8
A-MASS
 62
7
420
12698049
100
AcDbHatch
 10
0.0
 20
0.0
 30
0.0
210
0.0
220
0.0
230
1.0
  2
SOLID
 70
1
 71
0
 91
1
 92
3
 72
0
 73
1
 93
4
 10
6.167353932912368
 20
2.9287095079332883
 10
6.168126126644321
 20
2.9304093710486234
 10
6.168126126644321
 20
3.096251176631635
 10
6.167353932912368
 20
3.0945513135163
 97
0
 75
0
 76
1
 98
0
  0
LWPOLYLINE
  5
2D4
330
17
100
AcDbEntity
  8
A-MASS
100
AcDbPolyline
 90
4
 70
1
 10
6.167353932912368
 20
2.9287095079332883
 10
6.168126126644321
 20
2.9304093710486234
 10
6.168126126644321
 20
3.096251176631635
 10
6.167353932912368
 20
3.0945513135163
  0
HATCH
  5
2D5
330
17
100
AcDbEntity
  8
A-MASS
 62
7
420
14079702
100
AcDbHatch
 10
0.0
 20
0.0
 30
0.0
210
0.0
220
0.0
230
1.0
  2
SOLID
 70
1
 71
0
 91
1
 92
3
 72
0
 73
1
 93
23
 10
6.132036723350283
 20
3.2146907406527028
 10
4.690284339399433
 20
4.482359754938039
 10
4.6809726723075995
 20
4.4900021165795145
 10
4.670869076621157
 20
4.4972531700093725
 10
4.660016817487969
 20
4.50408186510362
 10
4.648462365947712
 20
4.5104589603415075
 10
4.636255199935752
 20
4.516357148022195
 10
4.630282495412491
 20
4.518872598825448
 10
4.574692276941217
 20
4.494908166738488
 10
6.167353932912368
 20
3.0945513135163
 10
6.168126126644321
 20
3.096251176631635
 10
6.171319295644211
 20
3.1056003091342044
 10
6.173512448056119
 20
3.11505800116661
 10
6.174696192464721
 20
3.1245837534395973
 10
6.174865459894724
 20
3.1341367752195146
 10
6.174019525517009
 20
3.143676159000492
 10
6.17216201175245
 20
3.1531610556766685
 10
6.169300872760159
 20
3.162550849464327
 10
6.1654483603765495
 20
3.171805331824922
 10
6.160620971651098
 20
3.1808848736442124
 10
6.15483937820344
 20
3.18975059493021
 10
6.148128337704326
 20
3.1983645313032785
 10
6.140516587859469
 20
3.206689796565433
 97
0
 75
0
 76
1
 98
0
  0
LWPOLYLINE
  5
2D6
330
17
100
AcDbEntity
  8
A-MASS
100
AcDbPolyline
 90
23
 70
1
 10
6.132036723350283
 20
3.2146907406527028
 10
4.690284339399433
 20
4.482359754938039
 10
4.6809726723075995
 20
4.4900021165795145
 10
4.670869076621157
 20
4.4972531700093725
 10
4.660016817487969
 20
4.50408186510362
 10
4.648462365947712
 20
4.5104589603415075
 10
4.636255199935752
 20
4.516357148022195
 10
4.630282495412491
 20
4.518872598825448
 10
4.574692276941217
 20
4.494908166738488
 10
6.167353932912368
 20
3.0945513135163
 10
6.168126126644321
 20
3.096251176631635
 10
6.171319295644211
 20
3.1056003091342044
 10
6.173512448056119
 20
3.11505800116661
 10
6.174696192464721
 20
3.1245837534395973
 10
6.174865459894724
 20
3.1341367752195146
 10
6.174019525517009
 20
3.143676159000492
 10
6.17216201175245
 20
3.1531610556766685
 10
6.169300872760159
 20
3.162550849464327
 10
6.1654483603765495
 20
3.171805331824922
 10
6.160620971651098
 20
3.1808848736442124
 10
6.15483937820344
 20
3.18975059493021
 10
6.148128337704326
 20
3.1983645313032785
 10
6.140516587859469
 20
3.206689796565433
  0
HATCH
  5
2D7
330
17
100
AcDbEntity
  8
A-MASS
 62
7
420
10263708
100
AcDbHatch
 10
0.0
 20
0.0
 30
0.0
210
0.0
220
0.0
230
1.0
  2
SOLID
 70
1
 71
0
 91
1
 92
3
 72
0
 73
1
 93
4
 10
5.892097298838402
 20
3.282041721717441
 10
5.921234597800974
 20
3.294602543412122
 10
4.574692276941217
 20
4.47855756618805
 10
4.545554977978646
 20
4.465996744493369
 97
0
 75
0
 76
1
 98
0
  0
LWPOLYLINE
  5
2D8
330
17
100
AcDbEntity
  8
A-MASS
100
AcDbPolyline
 90
4
 70
1
 10
5.892097298838402
 20
3.282041721717441
 10
5.921234597800974
 20
3.294602543412122
 10
4.574692276941217
 20
4.47855756618805
 10
4.545554977978646
 20
4.465996744493369
  0
HATCH
  5
2D9
330
17
100
AcDbEntity
  8
A-MASS
 62
7
420
9211020
100
AcDbHatch
 10
0.0
 20
0.0
 30
0.0
210
0.0
220
0.0
230
1.0
  2
SOLID
 70
1
 71
0
 91
1
 92
3
 72
0
 73
1
 93
4
 10
5.892097298838402
 20
3.1325505166848675
 10
5.921234597800974
 20
3.1451113383795484
 10
5.921234597800974
 20
3.294602543412122
 10
5.892097298838402
 20
3.282041721717441
 97
0
 75
0
 76
1
 98
0
  0
LWPOLYLINE
  5
2DA
330
17
100
AcDbEntity
  8
A-MASS
100
AcDbPolyline
 90
4
 70
1
 10
5.892097298838402
 20
3.1325505166848675
 10
5.921234597800974
 20
3.1451113383795484
 10
5.921234597800974
 20
3.294602543412122
 10
5.892097298838402
 20
3.282041721717441
  0
HATCH
  5
2DB
330
17
100
AcDbEntity
  8
A-MASS
 62
7
420
8224125
100
AcDbHatch
 10
0.0
 20
0.0
 30
0.0
210
0.0
220
0.0
230
1.0
  2
SOLID
 70
1
 71
0
 91
1
 92
3
 72
0
 73
1
 93
4
 10
4.545554977978646
 20
4.316505539460795
 10
5.892097298838402
 20
3.1325505166848675
 10
5.892097298838402
 20
3.282041721717441
 10
4.545554977978646
 20
4.465996744493369
 97
0
 75
0
 76
1
 98
0
  0
LWPOLYLINE
  5
2DC
330
17
100
AcDbEntity
  8
A-MASS
100
AcDbPolyline
 90
4
 70
1
 10
4.545554977978646
 20
4.316505539460795
 10
5.892097298838402
 20
3.1325505166848675
 10
5.892097298838402
 20
3.282041721717441
 10
4.545554977978646
 20
4.465996744493369
  0
HATCH
  5
2DD
330
17
100
AcDbEntity
  8
A-MASS
 62
7
420
10263708
100
AcDbHatch
 10
0.0
 20
0.0
 30
0.0
210
0.0
220
0.0
230
1.0
  2
SOLID
 70
1
 71
0
 91
1
 92
3
 72
0
 73
1
 93
4
 10
5.86295999987583
 20
3.253130299472322
 10
5.892097298838402
 20
3.2656911211670034
 10
4.545554977978646
 20
4.449646143942931
 10
4.516417679016073
 20
4.437085322248249
 97
0
 75
0
 76
1
 98
0
  0
LWPOLYLINE
  5
2DE
330
17
100
AcDbEntity
  8
A-MASS
100
AcDbPolyline
 90
4
 70
1
 10
5.86295999987583
 20
3.253130299472322
 10
5.892097298838402
 20
3.2656911211670034
 10
4.545554977978646
 20
4.449646143942931
 10
4.516417679016073
 20
4.437085322248249
  0
HATCH
  5
2DF
330
17
100
AcDbEntity
  8
A-MASS
 62
7
420
9211020
100
AcDbHatch
 10
0.0
 20
0.0
 30
0.0
210
0.0
220
0.0
230
1.0
  2
SOLID
 70
1
 71
0
 91
1
 92
3
 72
0
 73
1
 93
4
 10
5.86295999987583
 20
3.119989694990186
 10
5.892097298838402
 20
3.1325505166848675
 10
5.892097298838402
 20
3.2656911211670034
 10
5.86295999987583
 20
3.253130299472322
 97
0
 75
0
 76
1
 98
0
  0
LWPOLYLINE
  5
2E0
330
17
100
AcDbEntity
  8
A-MASS
100
AcDbPolyline
 90
4
 70
1
 10
5.86295999987583
 20
3.119989694990186
 10
5.892097298838402
 20
3.1325505166848675
 10
5.892097298838402
 20
3.2656911211670034
 10
5.86295999987583
 20
3.253130299472322
  0
HATCH
  5
2E1
330
17
100
AcDbEntity
  8
A-MASS
 62
7
420
8224125
100
AcDbHatch
 10
0.0
 20
0.0
 30
0.0
210
0.0
220
0.0
230
1.0
  2
SOLID
 70
1
 71
0
 91
1
 92
3
 72
0
 73
1
 93
4
 10
4.516417679016073
 20
4.303944717766113
 10
5.86295999987583
 20
3.119989694990186
 10
5.86295999987583
 20
3.253130299472322
 10
4.516417679016073
 20
4.437085322248249
 97
0
 75
0
 76
1
 98
0
  0
LWPOLYLINE
  5
2E2
330
17
100
AcDbEntity
  8
A-MASS
100
AcDbPolyline
 90
4
 70
1
 10
4.516417679016073
 20
4.303944717766113
 10
5.86295999987583
 20
3.119989694990186
 10
5.86295999987583
 20
3.253130299472322
 10
4.516417679016073
 20
4.437085322248249
  0
HATCH
  5
2E3
330
17
100
AcDbEntity
  8
A-MASS
 62
7
420
10263708
100
AcDbHatch
 10
0.0
 20
0.0
 30
0.0
210
0.0
220
0.0
230
1.0
  2
SOLID
 70
1
 71
0
 91
1
 92
3
 72
0
 73
1
 93
4
 10
5.833822700913258
 20
3.2242188772272034
 10
5.86295999987583
 20
3.236779698921884
 10
4.516417679016073
 20
4.420734721697812
 10
4.487280380053501
 20
4.408173900003131
 97
0
 75
0
 76
1
 98
0
  0
LWPOLYLINE
  5
2E4
330
17
100
AcDbEntity
  8
A-MASS
100
AcDbPolyline
 90
4
 70
1
 10
5.833822700913258
 20
3.2242188772272034
 10
5.86295999987583
 20
3.236779698921884
 10
4.516417679016073
 20
4.420734721697812
 10
4.487280380053501
 20
4.408173900003131
  0
HATCH
  5
2E5
330
17
100
AcDbEntity
  8
A-MASS
 62
7
420
9211020
100
AcDbHatch
 10
0.0
 20
0.0
 30
0.0
210
0.0
220
0.0
230
1.0
  2
SOLID
 70
1
 71
0
 91
1
 92
3
 72
0
 73
1
 93
4
 10
5.833822700913258
 20
3.107428873295505
 10
5.86295999987583
 20
3.119989694990186
 10
5.86295999987583
 20
3.236779698921884
 10
5.833822700913258
 20
3.2242188772272034
 97
0
 75
0
 76
1
 98
0
  0
LWPOLYLINE
  5
2E6
330
17
100
AcDbEntity
  8
A-MASS
100
AcDbPolyline
 90
4
 70
1
 10
5.833822700913258
 20
3.107428873295505
 10
5.86295999987583
 20
3.119989694990186
 10
5.86295999987583
 20
3.236779698921884
 10
5.833822700913258
 20
3.2242188772272034
  0
HATCH
  5
2E7
330
17
100
AcDbEntity
  8
A-MASS
 62
7
420
8224125
100
AcDbHatch
 10
0.0
 20
0.0
 30
0.0
210
0.0
220
0.0
230
1.0
  2
SOLID
 70
1
 71
0
 91
1
 92
3
 72
0
 73
1
 93
4
 10
4.487280380053501
 20
4.291383896071432
 10
5.833822700913258
 20
3.107428873295505
 10
5.833822700913258
 20
3.2242188772272034
 10
4.487280380053501
 20
4.408173900003131
 97
0
 75
0
 76
1
 98
0
  0
LWPOLYLINE
  5
2E8
330
17
100
AcDbEntity
  8
A-MASS
100
AcDbPolyline
 90
4
 70
1
 10
4.487280380053501
 20
4.291383896071432
 10
5.833822700913258
 20
3.107428873295505
 10
5.833822700913258
 20
3.2242188772272034
 10
4.487280380053501
 20
4.408173900003131
  0
HATCH
  5
2E9
330
17
100
AcDbEntity
  8
A-MASS
 62
7
420
10263708
100
AcDbHatch
 10
0.0
 20
0.0
 30
0.0
210
0.0
220
0.0
230
1.0
  2
SOLID
 70
1
 71
0
 91
1
 92
3
 72
0
 73
1
 93
4
 10
5.804685401950685
 20
3.1953074549820846
 10
5.833822700913258
 20
3.2078682766767654
 10
4.487280380053501
 20
4.3918232994526925
 10
4.458143081090929
 20
4.379262477758012
 97
0
 75
0
 76
1
 98
0
  0
LWPOLYLINE
  5
2EA
330
17
100
AcDbEntity
  8
A-MASS
100
AcDbPolyline
 90
4
 70
1
 10
5.804685401950685
 20
3.1953074549820846
 10
5.833822700913258
 20
3.2078682766767654
 10
4.487280380053501
 20
4.3918232994526925
 10
4.458143081090929
 20
4.379262477758012
  0
HATCH
  5
2EB
330
17
100
AcDbEntity
  8
A-MASS
 62
7
420
9211020
100
AcDbHatch
 10
0.0
 20
0.0
 30
0.0
210
0.0
220
0.0
230
1.0
  2
SOLID
 70
1
 71
0
 91
1
 92
3
 72
0
 73
1
 93
4
 10
5.804685401950685
 20
3.094868051600824
 10
5.833822700913258
 20
3.107428873295505
 10
5.833822700913258
 20
3.2078682766767654
 10
5.804685401950685
 20
3.1953074549820846
 97
0
 75
0
 76
1
 98
0
  0
LWPOLYLINE
  5
2EC
330
17
100
AcDbEntity
  8
A-MASS
100
AcDbPolyline
 90
4
 70
1
 10
5.804685401950685
 20
3.094868051600824
 10
5.833822700913258
 20
3.107428873295505
 10
5.833822700913258
 20
3.2078682766767654
 10
5.804685401950685
 20
3.1953074549820846
  0
HATCH
  5
2ED
330
17
100
AcDbEntity
  8
A-MASS
 62
7
420
8224125
100
AcDbHatch
 10
0.0
 20
0.0
 30
0.0
210
0.0
220
0.0
230
1.0
  2
SOLID
 70
1
 71
0
 91
1
 92
3
 72
0
 73
1
 93
4
 10
4.458143081090929
 20
4.278823074376751
 10
5.804685401950685
 20
3.094868051600824
 10
5.804685401950685
 20
3.1953074549820846
 10
4.458143081090929
 20
4.379262477758012
 97
0
 75
0
 76
1
 98
0
  0
LWPOLYLINE
  5
2EE
330
17
100
AcDbEntity
  8
A-MASS
100
AcDbPolyline
 90
4
 70
1
 10
4.458143081090929
 20
4.278823074376751
 10
5.804685401950685
 20
3.094868051600824
 10
5.804685401950685
 20
3.1953074549820846
 10
4.458143081090929
 20
4.379262477758012
  0
HATCH
  5
2EF
330
17
100
AcDbEntity
  8
A-MASS
 62
7
420
10263708
100
AcDbHatch
 10
0.0
 20
0.0
 30
0.0
210
0.0
220
0.0
230
1.0
  2
SOLID
 70
1
 71
0
 91
1
 92
3
 72
0
 73
1
 93
4
 10
5.775548102988114
 20
3.166396032736966
 10
5.804685401950685
 20
3.1789568544316467
 10
4.458143081090929
 20
4.362911877207575
 10
4.429005782128357
 20
4.350351055512893
 97
0
 75
0
 76
1
 98
0
  0
LWPOLYLINE
  5
2F0
330
17
100
AcDbEntity
  8
A-MASS
100
AcDbPolyline
 90
4
 70
1
 10
5.775548102988114
 20
3.166396032736966
 10
5.804685401950685
 20
3.1789568544316467
 10
4.458143081090929
 20
4.362911877207575
 10
4.429005782128357
 20
4.350351055512893
  0
HATCH
  5
2F1
330
17
100
AcDbEntity
  8
A-MASS
 62
7
420
9211020
100
AcDbHatch
 10
0.0
 20
0.0
 30
0.0
210
0.0
220
0.0
230
1.0
  2
SOLID
 70
1
 71
0
 91
1
 92
3
 72
0
 73
1
 93
4
 10
5.775548102988114
 20
3.082307229906143
 10
5.804685401950685
 20
3.094868051600824
 10
5.804685401950685
 20
3.1789568544316467
 10
5.775548102988114
 20
3.166396032736966
 97
0
 75
0
 76
1
 98
0
  0
LWPOLYLINE
  5
2F2
330
17
100
AcDbEntity
  8
A-MASS
100
AcDbPolyline
 90
4
 70
1
 10
5.775548102988114
 20
3.082307229906143
 10
5.804685401950685
 20
3.094868051600824
 10
5.804685401950685
 20
3.1789568544316467
 10
5.775548102988114
 20
3.166396032736966
  0
HATCH
  5
2F3
330
17
100
AcDbEntity
  8
A-MASS
 62
7
420
8224125
100
AcDbHatch
 10
0.0
 20
0.0
 30
0.0
210
0.0
220
0.0
230
1.0
  2
SOLID
 70
1
 71
0
 91
1
 92
3
 72
0
 73
1
 93
4
 10
4.429005782128357
 20
4.26626225268207
 10
5.775548102988114
 20
3.082307229906143
 10
5.775548102988114
 20
3.166396032736966
 10
4.429005782128357
 20
4.350351055512893
 97
0
 75
0
 76
1
 98
0
  0
LWPOLYLINE
  5
2F4
330
17
100
AcDbEntity
  8
A-MASS
100
AcDbPolyline
 90
4
 70
1
 10
4.429005782128357
 20
4.26626225268207
 10
5.775548102988114
 20
3.082307229906143
 10
5.775548102988114
 20
3.166396032736966
 10
4.429005782128357
 20
4.350351055512893
  0
HATCH
  5
2F5
330
17
100
AcDbEntity
  8
A-MASS
 62
7
420
10263708
100
AcDbHatch
 10
0.0
 20
0.0
 30
0.0
210
0.0
220
0.0
230
1.0
  2
SOLID
 70
1
 71
0
 91
1
 92
3
 72
0
 73
1
 93
4
 10
3.167366784151846
 20
3.845138590682373
 10
4.44940793850502
 20
4.397814745248342
 10
4.429005782128357
 20
4.415753457714644
 10
3.1469646277751835
 20
3.8630773031486747
 97
0
 75
0
 76
1
 98
0
  0
LWPOLYLINE
  5
2F6
330
17
100
AcDbEntity
  8
A-MASS
100
AcDbPolyline
 90
4
 70
1
 10
3.167366784151846
 20
3.845138590682373
 10
4.44940793850502
 20
4.397814745248342
 10
4.429005782128357
 20
4.415753457714644
 10
3.1469646277751835
 20
3.8630773031486747
  0
HATCH
  5
2F7
330
17
100
AcDbEntity
  8
A-MASS
 62
7
420
9211020
100
AcDbHatch
 10
0.0
 20
0.0
 30
0.0
210
0.0
220
0.0
230
1.0
  2
SOLID
 70
1
 71
0
 91
1
 92
3
 72
0
 73
1
 93
4
 10
3.167366784151846
 20
3.6956473856497993
 10
4.44940793850502
 20
4.248323540215768
 10
4.44940793850502
 20
4.397814745248342
 10
3.167366784151846
 20
3.845138590682373
 97
0
 75
0
 76
1
 98
0
  0
LWPOLYLINE
  5
2F8
330
17
100
AcDbEntity
  8
A-MASS
100
AcDbPolyline
 90
4
 70
1
 10
3.167366784151846
 20
3.6956473856497993
 10
4.44940793850502
 20
4.248323540215768
 10
4.44940793850502
 20
4.397814745248342
 10
3.167366784151846
 20
3.845138590682373
  0
HATCH
  5
2F9
330
17
100
AcDbEntity
  8
A-MASS
 62
7
420
8224125
100
AcDbHatch
 10
0.0
 20
0.0
 30
0.0
210
0.0
220
0.0
230
1.0
  2
SOLID
 70
1
 71
0
 91
1
 92
3
 72
0
 73
1
 93
4
 10
3.1469646277751835
 20
3.7135860981161013
 10
3.167366784151846
 20
3.6956473856497993
 10
3.167366784151846
 20
3.845138590682373
 10
3.1469646277751835
 20
3.8630773031486747
 97
0
 75
0
 76
1
 98
0
  0
LWPOLYLINE
  5
2FA
330
17
100
AcDbEntity
  8
A-MASS
100
AcDbPolyline
 90
4
 70
1
 10
3.1469646277751835
 20
3.7135860981161013
 10
3.167366784151846
 20
3.6956473856497993
 10
3.167366784151846
 20
3.845138590682373
 10
3.1469646277751835
 20
3.8630773031486747
  0
HATCH
  5
2FB
330
17
100
AcDbEntity
  8
A-MASS
 62
7
420
10263708
100
AcDbHatch
 10
0.0
 20
0.0
 30
0.0
210
0.0
220
0.0
230
1.0
  2
SOLID
 70
1
 71
0
 91
1
 92
3
 72
0
 73
1
 93
4
 10
3.1877689405285095
 20
3.810849277665633
 10
4.469810094881683
 20
4.363525432231603
 10
4.44940793850502
 20
4.381464144697905
 10
3.167366784151846
 20
3.8287879901319353
 97
0
 75
0
 76
1
 98
0
  0
LWPOLYLINE
  5
2FC
330
17
100
AcDbEntity
  8
A-MASS
100
AcDbPolyline
 90
4
 70
1
 10
3.1877689405285095
 20
3.810849277665633
 10
4.469810094881683
 20
4.363525432231603
 10
4.44940793850502
 20
4.381464144697905
 10
3.167366784151846
 20
3.8287879901319353
  0
HATCH
  5
2FD
330
17
100
AcDbEntity
  8
A-MASS
 62
7
420
9211020
100
AcDbHatch
 10
0.0
 20
0.0
 30
0.0
210
0.0
220
0.0
230
1.0
  2
SOLID
 70
1
 71
0
 91
1
 92
3
 72
0
 73
1
 93
4
 10
3.1877689405285095
 20
3.6777086731834974
 10
4.469810094881683
 20
4.230384827749466
 10
4.469810094881683
 20
4.363525432231603
 10
3.1877689405285095
 20
3.810849277665633
 97
0
 75
0
 76
1
 98
0
  0
LWPOLYLINE
  5
2FE
330
17
100
AcDbEntity
  8
A-MASS
100
AcDbPolyline
 90
4
 70
1
 10
3.1877689405285095
 20
3.6777086731834974
 10
4.469810094881683
 20
4.230384827749466
 10
4.469810094881683
 20
4.363525432231603
 10
3.1877689405285095
 20
3.810849277665633
  0
HATCH
  5
2FF
330
17
100
AcDbEntity
  8
A-MASS
 62
7
420
8224125
100
AcDbHatch
 10
0.0
 20
0.0
 30
0.0
210
0.0
220
0.0
230
1.0
  2
SOLID
 70
1
 71
0
 91
1
 92
3
 72
0
 73
1
 93
4
 10
3.167366784151846
 20
3.6956473856497993
 10
3.1877689405285095
 20
3.6777086731834974
 10
3.1877689405285095
 20
3.810849277665633
 10
3.167366784151846
 20
3.8287879901319353
 97
0
 75
0
 76
1
 98
0
  0
LWPOLYLINE
  5
300
330
17
100
AcDbEntity
  8
A-MASS
100
AcDbPolyline
 90
4
 70
1
 10
3.167366784151846
 20
3.6956473856497993
 10
3.1877689405285095
 20
3.6777086731834974
 10
3.1877689405285095
 20
3.810849277665633
 10
3.167366784151846
 20
3.8287879901319353
  0
HATCH
  5
301
330
17
100
AcDbEntity
  8
A-MASS
 62
7
420
10263708
100
AcDbHatch
 10
0.0
 20
0.0
 30
0.0
210
0.0
220
0.0
230
1.0
  2
SOLID
 70
1
 71
0
 91
1
 92
3
 72
0
 73
1
 93
4
 10
3.208171096905172
 20
3.776559964648894
 10
4.490212251258346
 20
4.329236119214864
 10
4.469810094881683
 20
4.347174831681165
 10
3.1877689405285095
 20
3.794498677115196
 97
0
 75
0
 76
1
 98
0
  0
LWPOLYLINE
  5
302
330
17
100
AcDbEntity
  8
A-MASS
100
AcDbPolyline
 90
4
 70
1
 10
3.208171096905172
 20
3.776559964648894
 10
4.490212251258346
 20
4.329236119214864
 10
4.469810094881683
 20
4.347174831681165
 10
3.1877689405285095
 20
3.794498677115196
  0
HATCH
  5
303
330
17
100
AcDbEntity
  8
A-MASS
 62
7
420
9211020
100
AcDbHatch
 10
0.0
 20
0.0
 30
0.0
210
0.0
220
0.0
230
1.0
  2
SOLID
 70
1
 71
0
 91
1
 92
3
 72
0
 73
1
 93
4
 10
3.208171096905172
 20
3.6597699607171954
 10
4.490212251258346
 20
4.212446115283164
 10
4.490212251258346
 20
4.329236119214864
 10
3.208171096905172
 20
3.776559964648894
 97
0
 75
0
 76
1
 98
0
  0
LWPOLYLINE
  5
304
330
17
100
AcDbEntity
  8
A-MASS
100
AcDbPolyline
 90
4
 70
1
 10
3.208171096905172
 20
3.6597699607171954
 10
4.490212251258346
 20
4.212446115283164
 10
4.490212251258346
 20
4.329236119214864
 10
3.208171096905172
 20
3.776559964648894
  0
HATCH
  5
305
330
17
100
AcDbEntity
  8
A-MASS
 62
7
420
8224125
100
AcDbHatch
 10
0.0
 20
0.0
 30
0.0
210
0.0
220
0.0
230
1.0
  2
SOLID
 70
1
 71
0
 91
1
 92
3
 72
0
 73
1
 93
4
 10
3.1877689405285095
 20
3.6777086731834974
 10
3.208171096905172
 20
3.6597699607171954
 10
3.208171096905172
 20
3.776559964648894
 10
3.1877689405285095
 20
3.794498677115196
 97
0
 75
0
 76
1
 98
0
  0
LWPOLYLINE
  5
306
330
17
100
AcDbEntity
  8
A-MASS
100
AcDbPolyline
 90
4
 70
1
 10
3.1877689405285095
 20
3.6777086731834974
 10
3.208171096905172
 20
3.6597699607171954
 10
3.208171096905172
 20
3.776559964648894
 10
3.1877689405285095
 20
3.794498677115196
  0
HATCH
  5
307
330
17
100
AcDbEntity
  8
A-MASS
 62
7
420
10263708
100
AcDbHatch
 10
0.0
 20
0.0
 30
0.0
210
0.0
220
0.0
230
1.0
  2
SOLID
 70
1
 71
0
 91
1
 92
3
 72
0
 73
1
 93
4
 10
3.2285732532818354
 20
3.742270651632154
 10
4.510614407635009
 20
4.294946806198123
 10
4.490212251258346
 20
4.312885518664425
 10
3.208171096905172
 20
3.760209364098456
 97
0
 75
0
 76
1
 98
0
  0
LWPOLYLINE
  5
308
330
17
100
AcDbEntity
  8
A-MASS
100
AcDbPolyline
 90
4
 70
1
 10
3.2285732532818354
 20
3.742270651632154
 10
4.510614407635009
 20
4.294946806198123
 10
4.490212251258346
 20
4.312885518664425
 10
3.208171096905172
 20
3.760209364098456
  0
HATCH
  5
309
330
17
100
AcDbEntity
  8
A-MASS
 62
7
420
9211020
100
AcDbHatch
 10
0.0
 20
0.0
 30
0.0
210
0.0
220
0.0
230
1.0
  2
SOLID
 70
1
 71
0
 91
1
 92
3
 72
0
 73
1
 93
4
 10
3.2285732532818354
 20
3.6418312482508934
 10
4.510614407635009
 20
4.194507402816862
 10
4.510614407635009
 20
4.294946806198123
 10
3.2285732532818354
 20
3.742270651632154
 97
0
 75
0
 76
1
 98
0
  0
LWPOLYLINE
  5
30A
330
17
100
AcDbEntity
  8
A-MASS
100
AcDbPolyline
 90
4
 70
1
 10
3.2285732532818354
 20
3.6418312482508934
 10
4.510614407635009
 20
4.194507402816862
 10
4.510614407635009
 20
4.294946806198123
 10
3.2285732532818354
 20
3.742270651632154
  0
HATCH
  5
30B
330
17
100
AcDbEntity
  8
A-MASS
 62
7
420
8224125
100
AcDbHatch
 10
0.0
 20
0.0
 30
0.0
210
0.0
220
0.0
230
1.0
  2
SOLID
 70
1
 71
0
 91
1
 92
3
 72
0
 73
1
 93
4
 10
3.208171096905172
 20
3.6597699607171954
 10
3.2285732532818354
 20
3.6418312482508934
 10
3.2285732532818354
 20
3.742270651632154
 10
3.208171096905172
 20
3.760209364098456
 97
0
 75
0
 76
1
 98
0
  0
LWPOLYLINE
  5
30C
330
17
100
AcDbEntity
  8
A-MASS
100
AcDbPolyline
 90
4
 70
1
 10
3.208171096905172
 20
3.6597699607171954
 10
3.2285732532818354
 20
3.6418312482508934
 10
3.2285732532818354
 20
3.742270651632154
 10
3.208171096905172
 20
3.760209364098456
  0
HATCH
  5
30D
330
17
100
AcDbEntity
  8
A-MASS
 62
7
420
10263708
100
AcDbHatch
 10
0.0
 20
0.0
 30
0.0
210
0.0
220
0.0
230
1.0
  2
SOLID
 70
1
 71
0
 91
1
 92
3
 72
0
 73
1
 93
4
 10
3.248975409658498
 20
3.707981338615414
 10
4.531016564011672
 20
4.260657493181383
 10
4.510614407635009
 20
4.278596205647686
 10
3.2285732532818354
 20
3.725920051081716
 97
0
 75
0
 76
1
 98
0
  0
LWPOLYLINE
  5
30E
330
17
100
AcDbEntity
  8
A-MASS
100
AcDbPolyline
 90
4
 70
1
 10
3.248975409658498
 20
3.707981338615414
 10
4.531016564011672
 20
4.260657493181383
 10
4.510614407635009
 20
4.278596205647686
 10
3.2285732532818354
 20
3.725920051081716
  0
HATCH
  5
30F
330
17
100
AcDbEntity
  8
A-MASS
 62
7
420
9211020
100
AcDbHatch
 10
0.0
 20
0.0
 30
0.0
210
0.0
220
0.0
230
1.0
  2
SOLID
 70
1
 71
0
 91
1
 92
3
 72
0
 73
1
 93
4
 10
3.248975409658498
 20
3.6238925357845915
 10
4.531016564011672
 20
4.17656869035056
 10
4.531016564011672
 20
4.260657493181383
 10
3.248975409658498
 20
3.707981338615414
 97
0
 75
0
 76
1
 98
0
  0
LWPOLYLINE
  5
310
330
17
100
AcDbEntity
  8
A-MASS
100
AcDbPolyline
 90
4
 70
1
 10
3.248975409658498
 20
3.6238925357845915
 10
4.531016564011672
 20
4.17656869035056
 10
4.531016564011672
 20
4.260657493181383
 10
3.248975409658498
 20
3.707981338615414
  0
HATCH
  5
311
330
17
100
AcDbEntity
  8
A-MASS
 62
7
420
8224125
100
AcDbHatch
 10
0.0
 20
0.0
 30
0.0
210
0.0
220
0.0
230
1.0
  2
SOLID
 70
1
 71
0
 91
1
 92
3
 72
0
 73
1
 93
4
 10
3.2285732532818354
 20
3.6418312482508934
 10
3.248975409658498
 20
3.6238925357845915
 10
3.248975409658498
 20
3.707981338615414
 10
3.2285732532818354
 20
3.725920051081716
 97
0
 75
0
 76
1
 98
0
  0
LWPOLYLINE
  5
312
330
17
100
AcDbEntity
  8
A-MASS
100
AcDbPolyline
 90
4
 70
1
 10
3.2285732532818354
 20
3.6418312482508934
 10
3.248975409658498
 20
3.6238925357845915
 10
3.248975409658498
 20
3.707981338615414
 10
3.2285732532818354
 20
3.725920051081716
  0
HATCH
  5
313
330
17
100
AcDbEntity
  8
A-MASS
 62
7
420
12105912
100
AcDbHatch
 10
0.0
 20
0.0
 30
0.0
210
0.0
220
0.0
230
1.0
  2
SOLID
 70
1
 71
0
 91
1
 92
3
 72
0
 73
1
 93
4
 10
3.9992648893466387
 20
3.974768962511111
 10
4.544618001596114
 20
4.209865675229892
 10
4.531016564011672
 20
4.2218248168740935
 10
3.9856634517621967
 20
3.986728104155312
 97
0
 75
0
 76
1
 98
0
  0
LWPOLYLINE
  5
314
330
17
100
AcDbEntity
  8
A-MASS
100
AcDbPolyline
 90
4
 70
1
 10
3.9992648893466387
 20
3.974768962511111
 10
4.544618001596114
 20
4.209865675229892
 10
4.531016564011672
 20
4.2218248168740935
 10
3.9856634517621967
 20
3.986728104155312
  0
HATCH
  5
315
330
17
100
AcDbEntity
  8
A-MASS
 62
7
420
10921638
100
AcDbHatch
 10
0.0
 20
0.0
 30
0.0
210
0.0
220
0.0
230
1.0
  2
SOLID
 70
1
 71
0
 91
1
 92
3
 72
0
 73
1
 93
4
 10
3.9992648893466387
 20
3.9295128359875777
 10
4.544618001596114
 20
4.164609548706359
 10
4.544618001596114
 20
4.209865675229892
 10
3.9992648893466387
 20
3.974768962511111
 97
0
 75
0
 76
1
 98
0
  0
LWPOLYLINE
  5
316
330
17
100
AcDbEntity
  8
A-MASS
100
AcDbPolyline
 90
4
 70
1
 10
3.9992648893466387
 20
3.9295128359875777
 10
4.544618001596114
 20
4.164609548706359
 10
4.544618001596114
 20
4.209865675229892
 10
3.9992648893466387
 20
3.974768962511111
  0
HATCH
  5
317
330
17
100
AcDbEntity
  8
A-MASS
 62
7
420
9671571
100
AcDbHatch
 10
0.0
 20
0.0
 30
0.0
210
0.0
220
0.0
230
1.0
  2
SOLID
 70
1
 71
0
 91
1
 92
3
 72
0
 73
1
 93
4
 10
3.9856634517621967
 20
3.941471977631779
 10
3.9992648893466387
 20
3.9295128359875777
 10
3.9992648893466387
 20
3.974768962511111
 10
3.9856634517621967
 20
3.986728104155312
 97
0
 75
0
 76
1
 98
0
  0
LWPOLYLINE
  5
318
330
17
100
AcDbEntity
  8
A-MASS
100
AcDbPolyline
 90
4
 70
1
 10
3.9856634517621967
 20
3.941471977631779
 10
3.9992648893466387
 20
3.9295128359875777
 10
3.9992648893466387
 20
3.974768962511111
 10
3.9856634517621967
 20
3.986728104155312
  0
HATCH
  5
319
330
17
100
AcDbEntity
  8
A-MASS
 62
7
420
12105912
100
AcDbHatch
 10
0.0
 20
0.0
 30
0.0
210
0.0
220
0.0
230
1.0
  2
SOLID
 70
1
 71
0
 91
1
 92
3
 72
0
 73
1
 93
4
 10
4.012866326931081
 20
3.953758595562203
 10
4.558219439180556
 20
4.188855308280985
 10
4.544618001596114
 20
4.200814449925186
 10
3.9992648893466387
 20
3.965717737206404
 97
0
 75
0
 76
1
 98
0
  0
LWPOLYLINE
  5
31A
330
17
100
AcDbEntity
  8
A-MASS
100
AcDbPolyline
 90
4
 70
1
 10
4.012866326931081
 20
3.953758595562203
 10
4.558219439180556
 20
4.188855308280985
 10
4.544618001596114
 20
4.200814449925186
 10
3.9992648893466387
 20
3.965717737206404
  0
HATCH
  5
31B
330
17
100
AcDbEntity
  8
A-MASS
 62
7
420
10921638
100
AcDbHatch
 10
0.0
 20
0.0
 30
0.0
210
0.0
220
0.0
230
1.0
  2
SOLID
 70
1
 71
0
 91
1
 92
3
 72
0
 73
1
 93
4
 10
4.012866326931081
 20
3.9175536943433764
 10
4.558219439180556
 20
4.152650407062158
 10
4.558219439180556
 20
4.188855308280985
 10
4.012866326931081
 20
3.953758595562203
 97
0
 75
0
 76
1
 98
0
  0
LWPOLYLINE
  5
31C
330
17
100
AcDbEntity
  8
A-MASS
100
AcDbPolyline
 90
4
 70
1
 10
4.012866326931081
 20
3.9175536943433764
 10
4.558219439180556
 20
4.152650407062158
 10
4.558219439180556
 20
4.188855308280985
 10
4.012866326931081
 20
3.953758595562203
  0
HATCH
  5
31D
330
17
100
AcDbEntity
  8
A-MASS
 62
7
420
9671571
100
AcDbHatch
 10
0.0
 20
0.0
 30
0.0
210
0.0
220
0.0
230
1.0
  2
SOLID
 70
1
 71
0
 91
1
 92
3
 72
0
 73
1
 93
4
 10
3.9992648893466387
 20
3.9295128359875777
 10
4.012866326931081
 20
3.9175536943433764
 10
4.012866326931081
 20
3.953758595562203
 10
3.9992648893466387
 20
3.965717737206404
 97
0
 75
0
 76
1
 98
0
  0
LWPOLYLINE
  5
31E
330
17
100
AcDbEntity
  8
A-MASS
100
AcDbPolyline
 90
4
 70
1
 10
3.9992648893466387
 20
3.9295128359875777
 10
4.012866326931081
 20
3.9175536943433764
 10
4.012866326931081
 20
3.953758595562203
 10
3.9992648893466387
 20
3.965717737206404
  0
HATCH
  5
31F
330
17
100
AcDbEntity
  8
A-MASS
 62
7
420
12105912
100
AcDbHatch
 10
0.0
 20
0.0
 30
0.0
210
0.0
220
0.0
230
1.0
  2
SOLID
 70
1
 71
0
 91
1
 92
3
 72
0
 73
1
 93
4
 10
4.026467764515523
 20
3.932748228613295
 10
4.571820876764998
 20
4.167844941332077
 10
4.558219439180556
 20
4.179804082976278
 10
4.012866326931081
 20
3.9447073702574964
 97
0
 75
0
 76
1
 98
0
  0
LWPOLYLINE
  5
320
330
17
100
AcDbEntity
  8
A-MASS
100
AcDbPolyline
 90
4
 70
1
 10
4.026467764515523
 20
3.932748228613295
 10
4.571820876764998
 20
4.167844941332077
 10
4.558219439180556
 20
4.179804082976278
 10
4.012866326931081
 20
3.9447073702574964
  0
HATCH
  5
321
330
17
100
AcDbEntity
  8
A-MASS
 62
7
420
10921638
100
AcDbHatch
 10
0.0
 20
0.0
 30
0.0
210
0.0
220
0.0
230
1.0
  2
SOLID
 70
1
 71
0
 91
1
 92
3
 72
0
 73
1
 93
4
 10
4.026467764515523
 20
3.905594552699175
 10
4.571820876764998
 20
4.140691265417956
 10
4.571820876764998
 20
4.167844941332077
 10
4.026467764515523
 20
3.932748228613295
 97
0
 75
0
 76
1
 98
0
  0
LWPOLYLINE
  5
322
330
17
100
AcDbEntity
  8
A-MASS
100
AcDbPolyline
 90
4
 70
1
 10
4.026467764515523
 20
3.905594552699175
 10
4.571820876764998
 20
4.140691265417956
 10
4.571820876764998
 20
4.167844941332077
 10
4.026467764515523
 20
3.932748228613295
  0
HATCH
  5
323
330
17
100
AcDbEntity
  8
A-MASS
 62
7
420
9671571
100
AcDbHatch
 10
0.0
 20
0.0
 30
0.0
210
0.0
220
0.0
230
1.0
  2
SOLID
 70
1
 71
0
 91
1
 92
3
 72
0
 73
1
 93
4
 10
4.012866326931081
 20
3.9175536943433764
 10
4.026467764515523
 20
3.905594552699175
 10
4.026467764515523
 20
3.932748228613295
 10
4.012866326931081
 20
3.9447073702574964
 97
0
 75
0
 76
1
 98
0
  0
LWPOLYLINE
  5
324
330
17
100
AcDbEntity
  8
A-MASS
100
AcDbPolyline
 90
4
 70
1
 10
4.012866326931081
 20
3.9175536943433764
 10
4.026467764515523
 20
3.905594552699175
 10
4.026467764515523
 20
3.932748228613295
 10
4.012866326931081
 20
3.9447073702574964
  0
HATCH
  5
325
330
17
100
AcDbEntity
  8
A-MASS
 62
7
420
12105912
100
AcDbHatch
 10
0.0
 20
0.0
 30
0.0
210
0.0
220
0.0
230
1.0
  2
SOLID
 70
1
 71
0
 91
1
 92
3
 72
0
 73
1
 93
4
 10
4.040069202099964
 20
3.911737861664387
 10
4.58542231434944
 20
4.146834574383169
 10
4.571820876764998
 20
4.15879371602737
 10
4.026467764515523
 20
3.9236970033085883
 97
0
 75
0
 76
1
 98
0
  0
LWPOLYLINE
  5
326
330
17
100
AcDbEntity
  8
A-MASS
100
AcDbPolyline
 90
4
 70
1
 10
4.040069202099964
 20
3.911737861664387
 10
4.58542231434944
 20
4.146834574383169
 10
4.571820876764998
 20
4.15879371602737
 10
4.026467764515523
 20
3.9236970033085883
  0
HATCH
  5
327
330
17
100
AcDbEntity
  8
A-MASS
 62
7
420
10921638
100
AcDbHatch
 10
0.0
 20
0.0
 30
0.0
210
0.0
220
0.0
230
1.0
  2
SOLID
 70
1
 71
0
 91
1
 92
3
 72
0
 73
1
 93
4
 10
4.040069202099964
 20
3.893635411054974
 10
4.58542231434944
 20
4.128732123773755
 10
4.58542231434944
 20
4.146834574383169
 10
4.040069202099964
 20
3.911737861664387
 97
0
 75
0
 76
1
 98
0
  0
LWPOLYLINE
  5
328
330
17
100
AcDbEntity
  8
A-MASS
100
AcDbPolyline
 90
4
 70
1
 10
4.040069202099964
 20
3.893635411054974
 10
4.58542231434944
 20
4.128732123773755
 10
4.58542231434944
 20
4.146834574383169
 10
4.040069202099964
 20
3.911737861664387
  0
HATCH
  5
329
330
17
100
AcDbEntity
  8
A-MASS
 62
7
420
9671571
100
AcDbHatch
 10
0.0
 20
0.0
 30
0.0
210
0.0
220
0.0
230
1.0
  2
SOLID
 70
1
 71
0
 91
1
 92
3
 72
0
 73
1
 93
4
 10
4.026467764515523
 20
3.905594552699175
 10
4.040069202099964
 20
3.893635411054974
 10
4.040069202099964
 20
3.911737861664387
 10
4.026467764515523
 20
3.9236970033085883
 97
0
 75
0
 76
1
 98
0
  0
LWPOLYLINE
  5
32A
330
17
100
AcDbEntity
  8
A-MASS
100
AcDbPolyline
 90
4
 70
1
 10
4.026467764515523
 20
3.905594552699175
 10
4.040069202099964
 20
3.893635411054974
 10
4.040069202099964
 20
3.911737861664387
 10
4.026467764515523
 20
3.9236970033085883
  0
HATCH
  5
32B
330
17
100
AcDbEntity
  8
A-MASS
 62
7
420
12105912
100
AcDbHatch
 10
0.0
 20
0.0
 30
0.0
210
0.0
220
0.0
230
1.0
  2
SOLID
 70
1
 71
0
 91
1
 92
3
 72
0
 73
1
 93
4
 10
4.053670639684406
 20
3.8907274947154793
 10
4.599023751933882
 20
4.125824207434261
 10
4.58542231434944
 20
4.137783349078463
 10
4.040069202099964
 20
3.9026866363596806
 97
0
 75
0
 76
1
 98
0
  0
LWPOLYLINE
  5
32C
330
17
100
AcDbEntity
  8
A-MASS
100
AcDbPolyline
 90
4
 70
1
 10
4.053670639684406
 20
3.8907274947154793
 10
4.599023751933882
 20
4.125824207434261
 10
4.58542231434944
 20
4.137783349078463
 10
4.040069202099964
 20
3.9026866363596806
  0
HATCH
  5
32D
330
17
100
AcDbEntity
  8
A-MASS
 62
7
420
10921638
100
AcDbHatch
 10
0.0
 20
0.0
 30
0.0
210
0.0
220
0.0
230
1.0
  2
SOLID
 70
1
 71
0
 91
1
 92
3
 72
0
 73
1
 93
4
 10
4.053670639684406
 20
3.8816762694107725
 10
4.599023751933882
 20
4.116772982129554
 10
4.599023751933882
 20
4.125824207434261
 10
4.053670639684406
 20
3.8907274947154793
 97
0
 75
0
 76
1
 98
0
  0
LWPOLYLINE
  5
32E
330
17
100
AcDbEntity
  8
A-MASS
100
AcDbPolyline
 90
4
 70
1
 10
4.053670639684406
 20
3.8816762694107725
 10
4.599023751933882
 20
4.116772982129554
 10
4.599023751933882
 20
4.125824207434261
 10
4.053670639684406
 20
3.8907274947154793
  0
HATCH
  5
32F
330
17
100
AcDbEntity
  8
A-MASS
 62
7
420
9671571
100
AcDbHatch
 10
0.0
 20
0.0
 30
0.0
210
0.0
220
0.0
230
1.0
  2
SOLID
 70
1
 71
0
 91
1
 92
3
 72
0
 73
1
 93
4
 10
4.040069202099964
 20
3.893635411054974
 10
4.053670639684406
 20
3.8816762694107725
 10
4.053670639684406
 20
3.8907274947154793
 10
4.040069202099964
 20
3.9026866363596806
 97
0
 75
0
 76
1
 98
0
  0
LWPOLYLINE
  5
330
330
17
100
AcDbEntity
  8
A-MASS
100
AcDbPolyline
 90
4
 70
1
 10
4.040069202099964
 20
3.893635411054974
 10
4.053670639684406
 20
3.8816762694107725
 10
4.053670639684406
 20
3.8907274947154793
 10
4.040069202099964
 20
3.9026866363596806
  0
HATCH
  5
331
330
17
100
AcDbEntity
  8
A-MASS
 62
7
420
12105912
100
AcDbHatch
 10
0.0
 20
0.0
 30
0.0
210
0.0
220
0.0
230
1.0
  2
SOLID
 70
1
 71
0
 91
1
 92
3
 72
0
 73
1
 93
4
 10
4.789809103826385
 20
3.9688266934121685
 10
4.809233969801433
 20
3.9772005745419565
 10
4.612625189518324
 20
4.150069967008886
 10
4.593200323543275
 20
4.141696085879098
 97
0
 75
0
 76
1
 98
0
  0
LWPOLYLINE
  5
332
330
17
100
AcDbEntity
  8
A-MASS
100
AcDbPolyline
 90
4
 70
1
 10
4.789809103826385
 20
3.9688266934121685
 10
4.809233969801433
 20
3.9772005745419565
 10
4.612625189518324
 20
4.150069967008886
 10
4.593200323543275
 20
4.141696085879098
  0
HATCH
  5
333
330
17
100
AcDbEntity
  8
A-MASS
 62
7
420
10921638
100
AcDbHatch
 10
0.0
 20
0.0
 30
0.0
210
0.0
220
0.0
230
1.0
  2
SOLID
 70
1
 71
0
 91
1
 92
3
 72
0
 73
1
 93
4
 10
4.789809103826385
 20
3.9235705668886354
 10
4.809233969801433
 20
3.931944448018423
 10
4.809233969801433
 20
3.9772005745419565
 10
4.789809103826385
 20
3.9688266934121685
 97
0
 75
0
 76
1
 98
0
  0
LWPOLYLINE
  5
334
330
17
100
AcDbEntity
  8
A-MASS
100
AcDbPolyline
 90
4
 70
1
 10
4.789809103826385
 20
3.9235705668886354
 10
4.809233969801433
 20
3.931944448018423
 10
4.809233969801433
 20
3.9772005745419565
 10
4.789809103826385
 20
3.9688266934121685
  0
HATCH
  5
335
330
17
100
AcDbEntity
  8
A-MASS
 62
7
420
9671571
100
AcDbHatch
 10
0.0
 20
0.0
 30
0.0
210
0.0
220
0.0
230
1.0
  2
SOLID
 70
1
 71
0
 91
1
 92
3
 72
0
 73
1
 93
4
 10
4.593200323543275
 20
4.096439959355566
 10
4.789809103826385
 20
3.9235705668886354
 10
4.789809103826385
 20
3.9688266934121685
 10
4.593200323543275
 20
4.141696085879098
 97
0
 75
0
 76
1
 98
0
  0
LWPOLYLINE
  5
336
330
17
100
AcDbEntity
  8
A-MASS
100
AcDbPolyline
 90
4
 70
1
 10
4.593200323543275
 20
4.096439959355566
 10
4.789809103826385
 20
3.9235705668886354
 10
4.789809103826385
 20
3.9688266934121685
 10
4.593200323543275
 20
4.141696085879098
  0
HATCH
  5
337
330
17
100
AcDbEntity
  8
A-MASS
 62
7
420
12105912
100
AcDbHatch
 10
0.0
 20
0.0
 30
0.0
210
0.0
220
0.0
230
1.0
  2
SOLID
 70
1
 71
0
 91
1
 92
3
 72
0
 73
1
 93
4
 10
4.770384237851337
 20
3.951401586977675
 10
4.789809103826385
 20
3.959775468107462
 10
4.593200323543275
 20
4.132644860574391
 10
4.573775457568228
 20
4.124270979444605
 97
0
 75
0
 76
1
 98
0
  0
LWPOLYLINE
  5
338
330
17
100
AcDbEntity
  8
A-MASS
100
AcDbPolyline
 90
4
 70
1
 10
4.770384237851337
 20
3.951401586977675
 10
4.789809103826385
 20
3.959775468107462
 10
4.593200323543275
 20
4.132644860574391
 10
4.573775457568228
 20
4.124270979444605
  0
HATCH
  5
339
330
17
100
AcDbEntity
  8
A-MASS
 62
7
420
10921638
100
AcDbHatch
 10
0.0
 20
0.0
 30
0.0
210
0.0
220
0.0
230
1.0
  2
SOLID
 70
1
 71
0
 91
1
 92
3
 72
0
 73
1
 93
4
 10
4.770384237851337
 20
3.9151966857588487
 10
4.789809103826385
 20
3.9235705668886354
 10
4.789809103826385
 20
3.959775468107462
 10
4.770384237851337
 20
3.951401586977675
 97
0
 75
0
 76
1
 98
0
  0
LWPOLYLINE
  5
33A
330
17
100
AcDbEntity
  8
A-MASS
100
AcDbPolyline
 90
4
 70
1
 10
4.770384237851337
 20
3.9151966857588487
 10
4.789809103826385
 20
3.9235705668886354
 10
4.789809103826385
 20
3.959775468107462
 10
4.770384237851337
 20
3.951401586977675
  0
HATCH
  5
33B
330
17
100
AcDbEntity
  8
A-MASS
 62
7
420
9671571
100
AcDbHatch
 10
0.0
 20
0.0
 30
0.0
210
0.0
220
0.0
230
1.0
  2
SOLID
 70
1
 71
0
 91
1
 92
3
 72
0
 73
1
 93
4
 10
4.573775457568228
 20
4.088066078225777
 10
4.770384237851337
 20
3.9151966857588487
 10
4.770384237851337
 20
3.951401586977675
 10
4.573775457568228
 20
4.124270979444605
 97
0
 75
0
 76
1
 98
0
  0
LWPOLYLINE
  5
33C
330
17
100
AcDbEntity
  8
A-MASS
100
AcDbPolyline
 90
4
 70
1
 10
4.573775457568228
 20
4.088066078225777
 10
4.770384237851337
 20
3.9151966857588487
 10
4.770384237851337
 20
3.951401586977675
 10
4.573775457568228
 20
4.124270979444605
  0
HATCH
  5
33D
330
17
100
AcDbEntity
  8
A-MASS
 62
7
420
12105912
100
AcDbHatch
 10
0.0
 20
0.0
 30
0.0
210
0.0
220
0.0
230
1.0
  2
SOLID
 70
1
 71
0
 91
1
 92
3
 72
0
 73
1
 93
4
 10
4.750959371876288
 20
3.9339764805431807
 10
4.770384237851337
 20
3.9423503616729683
 10
4.573775457568228
 20
4.115219754139898
 10
4.554350591593179
 20
4.10684587301011
 97
0
 75
0
 76
1
 98
0
  0
LWPOLYLINE
  5
33E
330
17
100
AcDbEntity
  8
A-MASS
100
AcDbPolyline
 90
4
 70
1
 10
4.750959371876288
 20
3.9339764805431807
 10
4.770384237851337
 20
3.9423503616729683
 10
4.573775457568228
 20
4.115219754139898
 10
4.554350591593179
 20
4.10684587301011
  0
HATCH
  5
33F
330
17
100
AcDbEntity
  8
A-MASS
 62
7
420
10921638
100
AcDbHatch
 10
0.0
 20
0.0
 30
0.0
210
0.0
220
0.0
230
1.0
  2
SOLID
 70
1
 71
0
 91
1
 92
3
 72
0
 73
1
 93
4
 10
4.750959371876288
 20
3.906822804629061
 10
4.770384237851337
 20
3.9151966857588487
 10
4.770384237851337
 20
3.9423503616729683
 10
4.750959371876288
 20
3.9339764805431807
 97
0
 75
0
 76
1
 98
0
  0
LWPOLYLINE
  5
340
330
17
100
AcDbEntity
  8
A-MASS
100
AcDbPolyline
 90
4
 70
1
 10
4.750959371876288
 20
3.906822804629061
 10
4.770384237851337
 20
3.9151966857588487
 10
4.770384237851337
 20
3.9423503616729683
 10
4.750959371876288
 20
3.9339764805431807
  0
HATCH
  5
341
330
17
100
AcDbEntity
  8
A-MASS
 62
7
420
9671571
100
AcDbHatch
 10
0.0
 20
0.0
 30
0.0
210
0.0
220
0.0
230
1.0
  2
SOLID
 70
1
 71
0
 91
1
 92
3
 72
0
 73
1
 93
4
 10
4.554350591593179
 20
4.079692197095991
 10
4.750959371876288
 20
3.906822804629061
 10
4.750959371876288
 20
3.9339764805431807
 10
4.554350591593179
 20
4.10684587301011
 97
0
 75
0
 76
1
 98
0
  0
LWPOLYLINE
  5
342
330
17
100
AcDbEntity
  8
A-MASS
100
AcDbPolyline
 90
4
 70
1
 10
4.554350591593179
 20
4.079692197095991
 10
4.750959371876288
 20
3.906822804629061
 10
4.750959371876288
 20
3.9339764805431807
 10
4.554350591593179
 20
4.10684587301011
  0
HATCH
  5
343
330
17
100
AcDbEntity
  8
A-MASS
 62
7
420
12105912
100
AcDbHatch
 10
0.0
 20
0.0
 30
0.0
210
0.0
220
0.0
230
1.0
  2
SOLID
 70
1
 71
0
 91
1
 92
3
 72
0
 73
1
 93
4
 10
4.731534505901241
 20
3.9165513741086864
 10
4.750959371876288
 20
3.924925255238474
 10
4.554350591593179
 20
4.0977946477054035
 10
4.534925725618131
 20
4.089420766575616
 97
0
 75
0
 76
1
 98
0
  0
LWPOLYLINE
  5
344
330
17
100
AcDbEntity
  8
A-MASS
100
AcDbPolyline
 90
4
 70
1
 10
4.731534505901241
 20
3.9165513741086864
 10
4.750959371876288
 20
3.924925255238474
 10
4.554350591593179
 20
4.0977946477054035
 10
4.534925725618131
 20
4.089420766575616
  0
HATCH
  5
345
330
17
100
AcDbEntity
  8
A-MASS
 62
7
420
10921638
100
AcDbHatch
 10
0.0
 20
0.0
 30
0.0
210
0.0
220
0.0
230
1.0
  2
SOLID
 70
1
 71
0
 91
1
 92
3
 72
0
 73
1
 93
4
 10
4.731534505901241
 20
3.8984489234992736
 10
4.750959371876288
 20
3.906822804629061
 10
4.750959371876288
 20
3.924925255238474
 10
4.731534505901241
 20
3.9165513741086864
 97
0
 75
0
 76
1
 98
0
  0
LWPOLYLINE
  5
346
330
17
100
AcDbEntity
  8
A-MASS
100
AcDbPolyline
 90
4
 70
1
 10
4.731534505901241
 20
3.8984489234992736
 10
4.750959371876288
 20
3.906822804629061
 10
4.750959371876288
 20
3.924925255238474
 10
4.731534505901241
 20
3.9165513741086864
  0
HATCH
  5
347
330
17
100
AcDbEntity
  8
A-MASS
 62
7
420
9671571
100
AcDbHatch
 10
0.0
 20
0.0
 30
0.0
210
0.0
220
0.0
230
1.0
  2
SOLID
 70
1
 71
0
 91
1
 92
3
 72
0
 73
1
 93
4
 10
4.534925725618131
 20
4.071318315966203
 10
4.731534505901241
 20
3.8984489234992736
 10
4.731534505901241
 20
3.9165513741086864
 10
4.534925725618131
 20
4.089420766575616
 97
0
 75
0
 76
1
 98
0
  0
LWPOLYLINE
  5
348
330
17
100
AcDbEntity
  8
A-MASS
100
AcDbPolyline
 90
4
 70
1
 10
4.534925725618131
 20
4.071318315966203
 10
4.731534505901241
 20
3.8984489234992736
 10
4.731534505901241
 20
3.9165513741086864
 10
4.534925725618131
 20
4.089420766575616
  0
HATCH
  5
349
330
17
100
AcDbEntity
  8
A-MASS
 62
7
420
12105912
100
AcDbHatch
 10
0.0
 20
0.0
 30
0.0
210
0.0
220
0.0
230
1.0
  2
SOLID
 70
1
 71
0
 91
1
 92
3
 72
0
 73
1
 93
4
 10
4.712109639926192
 20
3.899126267674193
 10
4.731534505901241
 20
3.9075001488039804
 10
4.534925725618131
 20
4.08036954127091
 10
4.515500859643083
 20
4.0719956601411225
 97
0
 75
0
 76
1
 98
0
  0
LWPOLYLINE
  5
34A
330
17
100
AcDbEntity
  8
A-MASS
100
AcDbPolyline
 90
4
 70
1
 10
4.712109639926192
 20
3.899126267674193
 10
4.731534505901241
 20
3.9075001488039804
 10
4.534925725618131
 20
4.08036954127091
 10
4.515500859643083
 20
4.0719956601411225
  0
HATCH
  5
34B
330
17
100
AcDbEntity
  8
A-MASS
 62
7
420
10921638
100
AcDbHatch
 10
0.0
 20
0.0
 30
0.0
210
0.0
220
0.0
230
1.0
  2
SOLID
 70
1
 71
0
 91
1
 92
3
 72
0
 73
1
 93
4
 10
4.712109639926192
 20
3.890075042369486
 10
4.731534505901241
 20
3.8984489234992736
 10
4.731534505901241
 20
3.9075001488039804
 10
4.712109639926192
 20
3.899126267674193
 97
0
 75
0
 76
1
 98
0
  0
LWPOLYLINE
  5
34C
330
17
100
AcDbEntity
  8
A-MASS
100
AcDbPolyline
 90
4
 70
1
 10
4.712109639926192
 20
3.890075042369486
 10
4.731534505901241
 20
3.8984489234992736
 10
4.731534505901241
 20
3.9075001488039804
 10
4.712109639926192
 20
3.899126267674193
  0
HATCH
  5
34D
330
17
100
AcDbEntity
  8
A-MASS
 62
7
420
9671571
100
AcDbHatch
 10
0.0
 20
0.0
 30
0.0
210
0.0
220
0.0
230
1.0
  2
SOLID
 70
1
 71
0
 91
1
 92
3
 72
0
 73
1
 93
4
 10
4.515500859643083
 20
4.062944434836416
 10
4.712109639926192
 20
3.890075042369486
 10
4.712109639926192
 20
3.899126267674193
 10
4.515500859643083
 20
4.0719956601411225
 97
0
 75
0
 76
1
 98
0
  0
LWPOLYLINE
  5
34E
330
17
100
AcDbEntity
  8
A-MASS
100
AcDbPolyline
 90
4
 70
1
 10
4.515500859643083
 20
4.062944434836416
 10
4.712109639926192
 20
3.890075042369486
 10
4.712109639926192
 20
3.899126267674193
 10
4.515500859643083
 20
4.0719956601411225
  0
HATCH
  5
34F
330
17
100
AcDbEntity
  8
A-MASS
 62
7
420
12105912
100
AcDbHatch
 10
0.0
 20
0.0
 30
0.0
210
0.0
220
0.0
230
1.0
  2
SOLID
 70
1
 71
0
 91
1
 92
3
 72
0
 73
1
 93
4
 10
3.26257684724294
 20
3.6571895206639233
 10
3.9215654254464463
 20
3.941273437991961
 10
3.9079639878620043
 20
3.953232579636163
 10
3.248975409658498
 20
3.6691486623081246
 97
0
 75
0
 76
1
 98
0
  0
LWPOLYLINE
  5
350
330
17
100
AcDbEntity
  8
A-MASS
100
AcDbPolyline
 90
4
 70
1
 10
3.26257684724294
 20
3.6571895206639233
 10
3.9215654254464463
 20
3.941273437991961
 10
3.9079639878620043
 20
3.953232579636163
 10
3.248975409658498
 20
3.6691486623081246
  0
HATCH
  5
351
330
17
100
AcDbEntity
  8
A-MASS
 62
7
420
10921638
100
AcDbHatch
 10
0.0
 20
0.0
 30
0.0
210
0.0
220
0.0
230
1.0
  2
SOLID
 70
1
 71
0
 91
1
 92
3
 72
0
 73
1
 93
4
 10
3.26257684724294
 20
3.61193339414039
 10
3.9215654254464463
 20
3.896017311468428
 10
3.9215654254464463
 20
3.941273437991961
 10
3.26257684724294
 20
3.6571895206639233
 97
0
 75
0
 76
1
 98
0
  0
LWPOLYLINE
  5
352
330
17
100
AcDbEntity
  8
A-MASS
100
AcDbPolyline
 90
4
 70
1
 10
3.26257684724294
 20
3.61193339414039
 10
3.9215654254464463
 20
3.896017311468428
 10
3.9215654254464463
 20
3.941273437991961
 10
3.26257684724294
 20
3.6571895206639233
  0
HATCH
  5
353
330
17
100
AcDbEntity
  8
A-MASS
 62
7
420
9671571
100
AcDbHatch
 10
0.0
 20
0.0
 30
0.0
210
0.0
220
0.0
230
1.0
  2
SOLID
 70
1
 71
0
 91
1
 92
3
 72
0
 73
1
 93
4
 10
3.248975409658498
 20
3.6238925357845915
 10
3.26257684724294
 20
3.61193339414039
 10
3.26257684724294
 20
3.6571895206639233
 10
3.248975409658498
 20
3.6691486623081246
 97
0
 75
0
 76
1
 98
0
  0
LWPOLYLINE
  5
354
330
17
100
AcDbEntity
  8
A-MASS
100
AcDbPolyline
 90
4
 70
1
 10
3.248975409658498
 20
3.6238925357845915
 10
3.26257684724294
 20
3.61193339414039
 10
3.26257684724294
 20
3.6571895206639233
 10
3.248975409658498
 20
3.6691486623081246
  0
HATCH
  5
355
330
17
100
AcDbEntity
  8
A-MASS
 62
7
420
12105912
100
AcDbHatch
 10
0.0
 20
0.0
 30
0.0
210
0.0
220
0.0
230
1.0
  2
SOLID
 70
1
 71
0
 91
1
 92
3
 72
0
 73
1
 93
4
 10
3.276178284827382
 20
3.6361791537150157
 10
3.9351668630308883
 20
3.9202630710430535
 10
3.9215654254464463
 20
3.932222212687255
 10
3.26257684724294
 20
3.6481382953592165
 97
0
 75
0
 76
1
 98
0
  0
LWPOLYLINE
  5
356
330
17
100
AcDbEntity
  8
A-MASS
100
AcDbPolyline
 90
4
 70
1
 10
3.276178284827382
 20
3.6361791537150157
 10
3.9351668630308883
 20
3.9202630710430535
 10
3.9215654254464463
 20
3.932222212687255
 10
3.26257684724294
 20
3.6481382953592165
  0
HATCH
  5
357
330
17
100
AcDbEntity
  8
A-MASS
 62
7
420
10921638
100
AcDbHatch
 10
0.0
 20
0.0
 30
0.0
210
0.0
220
0.0
230
1.0
  2
SOLID
 70
1
 71
0
 91
1
 92
3
 72
0
 73
1
 93
4
 10
3.276178284827382
 20
3.599974252496189
 10
3.9351668630308883
 20
3.884058169824227
 10
3.9351668630308883
 20
3.9202630710430535
 10
3.276178284827382
 20
3.6361791537150157
 97
0
 75
0
 76
1
 98
0
  0
LWPOLYLINE
  5
358
330
17
100
AcDbEntity
  8
A-MASS
100
AcDbPolyline
 90
4
 70
1
 10
3.276178284827382
 20
3.599974252496189
 10
3.9351668630308883
 20
3.884058169824227
 10
3.9351668630308883
 20
3.9202630710430535
 10
3.276178284827382
 20
3.6361791537150157
  0
HATCH
  5
359
330
17
100
AcDbEntity
  8
A-MASS
 62
7
420
9671571
100
AcDbHatch
 10
0.0
 20
0.0
 30
0.0
210
0.0
220
0.0
230
1.0
  2
SOLID
 70
1
 71
0
 91
1
 92
3
 72
0
 73
1
 93
4
 10
3.26257684724294
 20
3.61193339414039
 10
3.276178284827382
 20
3.599974252496189
 10
3.276178284827382
 20
3.6361791537150157
 10
3.26257684724294
 20
3.6481382953592165
 97
0
 75
0
 76
1
 98
0
  0
LWPOLYLINE
  5
35A
330
17
100
AcDbEntity
  8
A-MASS
100
AcDbPolyline
 90
4
 70
1
 10
3.26257684724294
 20
3.61193339414039
 10
3.276178284827382
 20
3.599974252496189
 10
3.276178284827382
 20
3.6361791537150157
 10
3.26257684724294
 20
3.6481382953592165
  0
HATCH
  5
35B
330
17
100
AcDbEntity
  8
A-MASS
 62
7
420
12105912
100
AcDbHatch
 10
0.0
 20
0.0
 30
0.0
210
0.0
220
0.0
230
1.0
  2
SOLID
 70
1
 71
0
 91
1
 92
3
 72
0
 73
1
 93
4
 10
3.289779722411824
 20
3.6151687867661075
 10
3.9487683006153302
 20
3.8992527040941454
 10
3.9351668630308883
 20
3.9112118457383467
 10
3.276178284827382
 20
3.627127928410309
 97
0
 75
0
 76
1
 98
0
  0
LWPOLYLINE
  5
35C
330
17
100
AcDbEntity
  8
A-MASS
100
AcDbPolyline
 90
4
 70
1
 10
3.289779722411824
 20
3.6151687867661075
 10
3.9487683006153302
 20
3.8992527040941454
 10
3.9351668630308883
 20
3.9112118457383467
 10
3.276178284827382
 20
3.627127928410309
  0
HATCH
  5
35D
330
17
100
AcDbEntity
  8
A-MASS
 62
7
420
10921638
100
AcDbHatch
 10
0.0
 20
0.0
 30
0.0
210
0.0
220
0.0
230
1.0
  2
SOLID
 70
1
 71
0
 91
1
 92
3
 72
0
 73
1
 93
4
 10
3.289779722411824
 20
3.5880151108519875
 10
3.9487683006153302
 20
3.872099028180026
 10
3.9487683006153302
 20
3.8992527040941454
 10
3.289779722411824
 20
3.6151687867661075
 97
0
 75
0
 76
1
 98
0
  0
LWPOLYLINE
  5
35E
330
17
100
AcDbEntity
  8
A-MASS
100
AcDbPolyline
 90
4
 70
1
 10
3.289779722411824
 20
3.5880151108519875
 10
3.9487683006153302
 20
3.872099028180026
 10
3.9487683006153302
 20
3.8992527040941454
 10
3.289779722411824
 20
3.6151687867661075
  0
HATCH
  5
35F
330
17
100
AcDbEntity
  8
A-MASS
 62
7
420
9671571
100
AcDbHatch
 10
0.0
 20
0.0
 30
0.0
210
0.0
220
0.0
230
1.0
  2
SOLID
 70
1
 71
0
 91
1
 92
3
 72
0
 73
1
 93
4
 10
3.276178284827382
 20
3.599974252496189
 10
3.289779722411824
 20
3.5880151108519875
 10
3.289779722411824
 20
3.6151687867661075
 10
3.276178284827382
 20
3.627127928410309
 97
0
 75
0
 76
1
 98
0
  0
LWPOLYLINE
  5
360
330
17
100
AcDbEntity
  8
A-MASS
100
AcDbPolyline
 90
4
 70
1
 10
3.276178284827382
 20
3.599974252496189
 10
3.289779722411824
 20
3.5880151108519875
 10
3.289779722411824
 20
3.6151687867661075
 10
3.276178284827382
 20
3.627127928410309
  0
HATCH
  5
361
330
17
100
AcDbEntity
  8
A-MASS
 62
7
420
12105912
100
AcDbHatch
 10
0.0
 20
0.0
 30
0.0
210
0.0
220
0.0
230
1.0
  2
SOLID
 70
1
 71
0
 91
1
 92
3
 72
0
 73
1
 93
4
 10
3.303381159996266
 20
3.5941584198171994
 10
3.9623697381997722
 20
3.8782423371452373
 10
3.9487683006153302
 20
3.8902014787894386
 10
3.289779722411824
 20
3.6061175614614007
 97
0
 75
0
 76
1
 98
0
  0
LWPOLYLINE
  5
362
330
17
100
AcDbEntity
  8
A-MASS
100
AcDbPolyline
 90
4
 70
1
 10
3.303381159996266
 20
3.5941584198171994
 10
3.9623697381997722
 20
3.8782423371452373
 10
3.9487683006153302
 20
3.8902014787894386
 10
3.289779722411824
 20
3.6061175614614007
  0
HATCH
  5
363
330
17
100
AcDbEntity
  8
A-MASS
 62
7
420
10921638
100
AcDbHatch
 10
0.0
 20
0.0
 30
0.0
210
0.0
220
0.0
230
1.0
  2
SOLID
 70
1
 71
0
 91
1
 92
3
 72
0
 73
1
 93
4
 10
3.303381159996266
 20
3.5760559692077862
 10
3.9623697381997722
 20
3.860139886535824
 10
3.9623697381997722
 20
3.8782423371452373
 10
3.303381159996266
 20
3.5941584198171994
 97
0
 75
0
 76
1
 98
0
  0
LWPOLYLINE
  5
364
330
17
100
AcDbEntity
  8
A-MASS
100
AcDbPolyline
 90
4
 70
1
 10
3.303381159996266
 20
3.5760559692077862
 10
3.9623697381997722
 20
3.860139886535824
 10
3.9623697381997722
 20
3.8782423371452373
 10
3.303381159996266
 20
3.5941584198171994
  0
HATCH
  5
365
330
17
100
AcDbEntity
  8
A-MASS
 62
7
420
9671571
100
AcDbHatch
 10
0.0
 20
0.0
 30
0.0
210
0.0
220
0.0
230
1.0
  2
SOLID
 70
1
 71
0
 91
1
 92
3
 72
0
 73
1
 93
4
 10
3.289779722411824
 20
3.5880151108519875
 10
3.303381159996266
 20
3.5760559692077862
 10
3.303381159996266
 20
3.5941584198171994
 10
3.289779722411824
 20
3.6061175614614007
 97
0
 75
0
 76
1
 98
0
  0
LWPOLYLINE
  5
366
330
17
100
AcDbEntity
  8
A-MASS
100
AcDbPolyline
 90
4
 70
1
 10
3.289779722411824
 20
3.5880151108519875
 10
3.303381159996266
 20
3.5760559692077862
 10
3.303381159996266
 20
3.5941584198171994
 10
3.289779722411824
 20
3.6061175614614007
  0
HATCH
  5
367
330
17
100
AcDbEntity
  8
A-MASS
 62
7
420
12105912
100
AcDbHatch
 10
0.0
 20
0.0
 30
0.0
210
0.0
220
0.0
230
1.0
  2
SOLID
 70
1
 71
0
 91
1
 92
3
 72
0
 73
1
 93
4
 10
3.316982597580708
 20
3.5731480528682917
 10
3.975971175784214
 20
3.857231970196329
 10
3.9623697381997722
 20
3.869191111840531
 10
3.303381159996266
 20
3.585107194512493
 97
0
 75
0
 76
1
 98
0
  0
LWPOLYLINE
  5
368
330
17
100
AcDbEntity
  8
A-MASS
100
AcDbPolyline
 90
4
 70
1
 10
3.316982597580708
 20
3.5731480528682917
 10
3.975971175784214
 20
3.857231970196329
 10
3.9623697381997722
 20
3.869191111840531
 10
3.303381159996266
 20
3.585107194512493
  0
HATCH
  5
369
330
17
100
AcDbEntity
  8
A-MASS
 62
7
420
10921638
100
AcDbHatch
 10
0.0
 20
0.0
 30
0.0
210
0.0
220
0.0
230
1.0
  2
SOLID
 70
1
 71
0
 91
1
 92
3
 72
0
 73
1
 93
4
 10
3.316982597580708
 20
3.564096827563585
 10
3.975971175784214
 20
3.8481807448916228
 10
3.975971175784214
 20
3.857231970196329
 10
3.316982597580708
 20
3.5731480528682917
 97
0
 75
0
 76
1
 98
0
  0
LWPOLYLINE
  5
36A
330
17
100
AcDbEntity
  8
A-MASS
100
AcDbPolyline
 90
4
 70
1
 10
3.316982597580708
 20
3.564096827563585
 10
3.975971175784214
 20
3.8481807448916228
 10
3.975971175784214
 20
3.857231970196329
 10
3.316982597580708
 20
3.5731480528682917
  0
HATCH
  5
36B
330
17
100
AcDbEntity
  8
A-MASS
 62
7
420
9671571
100
AcDbHatch
 10
0.0
 20
0.0
 30
0.0
210
0.0
220
0.0
230
1.0
  2
SOLID
 70
1
 71
0
 91
1
 92
3
 72
0
 73
1
 93
4
 10
3.303381159996266
 20
3.5760559692077862
 10
3.316982597580708
 20
3.564096827563585
 10
3.316982597580708
 20
3.5731480528682917
 10
3.303381159996266
 20
3.585107194512493
 97
0
 75
0
 76
1
 98
0
  0
LWPOLYLINE
  5
36C
330
17
100
AcDbEntity
  8
A-MASS
100
AcDbPolyline
 90
4
 70
1
 10
3.303381159996266
 20
3.5760559692077862
 10
3.316982597580708
 20
3.564096827563585
 10
3.316982597580708
 20
3.5731480528682917
 10
3.303381159996266
 20
3.585107194512493
  0
HATCH
  5
36D
330
17
100
AcDbEntity
  8
A-MASS
 62
7
420
12105912
100
AcDbHatch
 10
0.0
 20
0.0
 30
0.0
210
0.0
220
0.0
230
1.0
  2
SOLID
 70
1
 71
0
 91
1
 92
3
 72
0
 73
1
 93
4
 10
5.572503829623098
 20
3.2806378874966056
 10
5.591928695598146
 20
3.289011768626393
 10
4.863639720139201
 20
3.9293640079651517
 10
4.844214854164153
 20
3.920990126835364
 97
0
 75
0
 76
1
 98
0
  0
LWPOLYLINE
  5
36E
330
17
100
AcDbEntity
  8
A-MASS
100
AcDbPolyline
 90
4
 70
1
 10
5.572503829623098
 20
3.2806378874966056
 10
5.591928695598146
 20
3.289011768626393
 10
4.863639720139201
 20
3.9293640079651517
 10
4.844214854164153
 20
3.920990126835364
  0
HATCH
  5
36F
330
17
100
AcDbEntity
  8
A-MASS
 62
7
420
10921638
100
AcDbHatch
 10
0.0
 20
0.0
 30
0.0
210
0.0
220
0.0
230
1.0
  2
SOLID
 70
1
 71
0
 91
1
 92
3
 72
0
 73
1
 93
4
 10
5.572503829623098
 20
3.2353817609730724
 10
5.591928695598146
 20
3.24375564210286
 10
5.591928695598146
 20
3.289011768626393
 10
5.572503829623098
 20
3.2806378874966056
 97
0
 75
0
 76
1
 98
0
  0
LWPOLYLINE
  5
370
330
17
100
AcDbEntity
  8
A-MASS
100
AcDbPolyline
 90
4
 70
1
 10
5.572503829623098
 20
3.2353817609730724
 10
5.591928695598146
 20
3.24375564210286
 10
5.591928695598146
 20
3.289011768626393
 10
5.572503829623098
 20
3.2806378874966056
  0
HATCH
  5
371
330
17
100
AcDbEntity
  8
A-MASS
 62
7
420
9671571
100
AcDbHatch
 10
0.0
 20
0.0
 30
0.0
210
0.0
220
0.0
230
1.0
  2
SOLID
 70
1
 71
0
 91
1
 92
3
 72
0
 73
1
 93
4
 10
4.844214854164153
 20
3.8757340003118306
 10
5.572503829623098
 20
3.2353817609730724
 10
5.572503829623098
 20
3.2806378874966056
 10
4.844214854164153
 20
3.920990126835364
 97
0
 75
0
 76
1
 98
0
  0
LWPOLYLINE
  5
372
330
17
100
AcDbEntity
  8
A-MASS
100
AcDbPolyline
 90
4
 70
1
 10
4.844214854164153
 20
3.8757340003118306
 10
5.572503829623098
 20
3.2353817609730724
 10
5.572503829623098
 20
3.2806378874966056
 10
4.844214854164153
 20
3.920990126835364
  0
HATCH
  5
373
330
17
100
AcDbEntity
  8
A-MASS
 62
7
420
12105912
100
AcDbHatch
 10
0.0
 20
0.0
 30
0.0
210
0.0
220
0.0
230
1.0
  2
SOLID
 70
1
 71
0
 91
1
 92
3
 72
0
 73
1
 93
4
 10
5.55307896364805
 20
3.263212781062112
 10
5.572503829623098
 20
3.271586662191899
 10
4.844214854164153
 20
3.9119389015306574
 10
4.824789988189105
 20
3.90356502040087
 97
0
 75
0
 76
1
 98
0
  0
LWPOLYLINE
  5
374
330
17
100
AcDbEntity
  8
A-MASS
100
AcDbPolyline
 90
4
 70
1
 10
5.55307896364805
 20
3.263212781062112
 10
5.572503829623098
 20
3.271586662191899
 10
4.844214854164153
 20
3.9119389015306574
 10
4.824789988189105
 20
3.90356502040087
  0
HATCH
  5
375
330
17
100
AcDbEntity
  8
A-MASS
 62
7
420
10921638
100
AcDbHatch
 10
0.0
 20
0.0
 30
0.0
210
0.0
220
0.0
230
1.0
  2
SOLID
 70
1
 71
0
 91
1
 92
3
 72
0
 73
1
 93
4
 10
5.55307896364805
 20
3.2270078798432853
 10
5.572503829623098
 20
3.2353817609730724
 10
5.572503829623098
 20
3.271586662191899
 10
5.55307896364805
 20
3.263212781062112
 97
0
 75
0
 76
1
 98
0
  0
LWPOLYLINE
  5
376
330
17
100
AcDbEntity
  8
A-MASS
100
AcDbPolyline
 90
4
 70
1
 10
5.55307896364805
 20
3.2270078798432853
 10
5.572503829623098
 20
3.2353817609730724
 10
5.572503829623098
 20
3.271586662191899
 10
5.55307896364805
 20
3.263212781062112
  0
HATCH
  5
377
330
17
100
AcDbEntity
  8
A-MASS
 62
7
420
9671571
100
AcDbHatch
 10
0.0
 20
0.0
 30
0.0
210
0.0
220
0.0
230
1.0
  2
SOLID
 70
1
 71
0
 91
1
 92
3
 72
0
 73
1
 93
4
 10
4.824789988189105
 20
3.8673601191820435
 10
5.55307896364805
 20
3.2270078798432853
 10
5.55307896364805
 20
3.263212781062112
 10
4.824789988189105
 20
3.90356502040087
 97
0
 75
0
 76
1
 98
0
  0
LWPOLYLINE
  5
378
330
17
100
AcDbEntity
  8
A-MASS
100
AcDbPolyline
 90
4
 70
1
 10
4.824789988189105
 20
3.8673601191820435
 10
5.55307896364805
 20
3.2270078798432853
 10
5.55307896364805
 20
3.263212781062112
 10
4.824789988189105
 20
3.90356502040087
  0
HATCH
  5
379
330
17
100
AcDbEntity
  8
A-MASS
 62
7
420
12105912
100
AcDbHatch
 10
0.0
 20
0.0
 30
0.0
210
0.0
220
0.0
230
1.0
  2
SOLID
 70
1
 71
0
 91
1
 92
3
 72
0
 73
1
 93
4
 10
5.533654097673002
 20
3.2457876746276177
 10
5.55307896364805
 20
3.2541615557574053
 10
4.824789988189105
 20
3.894513795096163
 10
4.805365122214057
 20
3.886139913966376
 97
0
 75
0
 76
1
 98
0
  0
LWPOLYLINE
  5
37A
330
17
100
AcDbEntity
  8
A-MASS
100
AcDbPolyline
 90
4
 70
1
 10
5.533654097673002
 20
3.2457876746276177
 10
5.55307896364805
 20
3.2541615557574053
 10
4.824789988189105
 20
3.894513795096163
 10
4.805365122214057
 20
3.886139913966376
  0
HATCH
  5
37B
330
17
100
AcDbEntity
  8
A-MASS
 62
7
420
10921638
100
AcDbHatch
 10
0.0
 20
0.0
 30
0.0
210
0.0
220
0.0
230
1.0
  2
SOLID
 70
1
 71
0
 91
1
 92
3
 72
0
 73
1
 93
4
 10
5.533654097673002
 20
3.2186339987134978
 10
5.55307896364805
 20
3.2270078798432853
 10
5.55307896364805
 20
3.2541615557574053
 10
5.533654097673002
 20
3.2457876746276177
 97
0
 75
0
 76
1
 98
0
  0
LWPOLYLINE
  5
37C
330
17
100
AcDbEntity
  8
A-MASS
100
AcDbPolyline
 90
4
 70
1
 10
5.533654097673002
 20
3.2186339987134978
 10
5.55307896364805
 20
3.2270078798432853
 10
5.55307896364805
 20
3.2541615557574053
 10
5.533654097673002
 20
3.2457876746276177
  0
HATCH
  5
37D
330
17
100
AcDbEntity
  8
A-MASS
 62
7
420
9671571
100
AcDbHatch
 10
0.0
 20
0.0
 30
0.0
210
0.0
220
0.0
230
1.0
  2
SOLID
 70
1
 71
0
 91
1
 92
3
 72
0
 73
1
 93
4
 10
4.805365122214057
 20
3.858986238052256
 10
5.533654097673002
 20
3.2186339987134978
 10
5.533654097673002
 20
3.2457876746276177
 10
4.805365122214057
 20
3.886139913966376
 97
0
 75
0
 76
1
 98
0
  0
LWPOLYLINE
  5
37E
330
17
100
AcDbEntity
  8
A-MASS
100
AcDbPolyline
 90
4
 70
1
 10
4.805365122214057
 20
3.858986238052256
 10
5.533654097673002
 20
3.2186339987134978
 10
5.533654097673002
 20
3.2457876746276177
 10
4.805365122214057
 20
3.886139913966376
  0
HATCH
  5
37F
330
17
100
AcDbEntity
  8
A-MASS
 62
7
420
12105912
100
AcDbHatch
 10
0.0
 20
0.0
 30
0.0
210
0.0
220
0.0
230
1.0
  2
SOLID
 70
1
 71
0
 91
1
 92
3
 72
0
 73
1
 93
4
 10
5.514229231697954
 20
3.228362568193124
 10
5.533654097673002
 20
3.236736449322911
 10
4.805365122214057
 20
3.877088688661669
 10
4.785940256239009
 20
3.868714807531881
 97
0
 75
0
 76
1
 98
0
  0
LWPOLYLINE
  5
380
330
17
100
AcDbEntity
  8
A-MASS
100
AcDbPolyline
 90
4
 70
1
 10
5.514229231697954
 20
3.228362568193124
 10
5.533654097673002
 20
3.236736449322911
 10
4.805365122214057
 20
3.877088688661669
 10
4.785940256239009
 20
3.868714807531881
  0
HATCH
  5
381
330
17
100
AcDbEntity
  8
A-MASS
 62
7
420
10921638
100
AcDbHatch
 10
0.0
 20
0.0
 30
0.0
210
0.0
220
0.0
230
1.0
  2
SOLID
 70
1
 71
0
 91
1
 92
3
 72
0
 73
1
 93
4
 10
5.514229231697954
 20
3.2102601175837107
 10
5.533654097673002
 20
3.2186339987134978
 10
5.533654097673002
 20
3.236736449322911
 10
5.514229231697954
 20
3.228362568193124
 97
0
 75
0
 76
1
 98
0
  0
LWPOLYLINE
  5
382
330
17
100
AcDbEntity
  8
A-MASS
100
AcDbPolyline
 90
4
 70
1
 10
5.514229231697954
 20
3.2102601175837107
 10
5.533654097673002
 20
3.2186339987134978
 10
5.533654097673002
 20
3.236736449322911
 10
5.514229231697954
 20
3.228362568193124
  0
HATCH
  5
383
330
17
100
AcDbEntity
  8
A-MASS
 62
7
420
9671571
100
AcDbHatch
 10
0.0
 20
0.0
 30
0.0
210
0.0
220
0.0
230
1.0
  2
SOLID
 70
1
 71
0
 91
1
 92
3
 72
0
 73
1
 93
4
 10
4.785940256239009
 20
3.8506123569224684
 10
5.514229231697954
 20
3.2102601175837107
 10
5.514229231697954
 20
3.228362568193124
 10
4.785940256239009
 20
3.868714807531881
 97
0
 75
0
 76
1
 98
0
  0
LWPOLYLINE
  5
384
330
17
100
AcDbEntity
  8
A-MASS
100
AcDbPolyline
 90
4
 70
1
 10
4.785940256239009
 20
3.8506123569224684
 10
5.514229231697954
 20
3.2102601175837107
 10
5.514229231697954
 20
3.228362568193124
 10
4.785940256239009
 20
3.868714807531881
  0
HATCH
  5
385
330
17
100
AcDbEntity
  8
A-MASS
 62
7
420
12105912
100
AcDbHatch
 10
0.0
 20
0.0
 30
0.0
210
0.0
220
0.0
230
1.0
  2
SOLID
 70
1
 71
0
 91
1
 92
3
 72
0
 73
1
 93
4
 10
5.494804365722906
 20
3.2109374617586295
 10
5.514229231697954
 20
3.219311342888417
 10
4.785940256239009
 20
3.859663582227175
 10
4.76651539026396
 20
3.8512897010973877
 97
0
 75
0
 76
1
 98
0
  0
LWPOLYLINE
  5
386
330
17
100
AcDbEntity
  8
A-MASS
100
AcDbPolyline
 90
4
 70
1
 10
5.494804365722906
 20
3.2109374617586295
 10
5.514229231697954
 20
3.219311342888417
 10
4.785940256239009
 20
3.859663582227175
 10
4.76651539026396
 20
3.8512897010973877
  0
HATCH
  5
387
330
17
100
AcDbEntity
  8
A-MASS
 62
7
420
10921638
100
AcDbHatch
 10
0.0
 20
0.0
 30
0.0
210
0.0
220
0.0
230
1.0
  2
SOLID
 70
1
 71
0
 91
1
 92
3
 72
0
 73
1
 93
4
 10
5.494804365722906
 20
3.201886236453923
 10
5.514229231697954
 20
3.2102601175837107
 10
5.514229231697954
 20
3.219311342888417
 10
5.494804365722906
 20
3.2109374617586295
 97
0
 75
0
 76
1
 98
0
  0
LWPOLYLINE
  5
388
330
17
100
AcDbEntity
  8
A-MASS
100
AcDbPolyline
 90
4
 70
1
 10
5.494804365722906
 20
3.201886236453923
 10
5.514229231697954
 20
3.2102601175837107
 10
5.514229231697954
 20
3.219311342888417
 10
5.494804365722906
 20
3.2109374617586295
  0
HATCH
  5
389
330
17
100
AcDbEntity
  8
A-MASS
 62
7
420
9671571
100
AcDbHatch
 10
0.0
 20
0.0
 30
0.0
210
0.0
220
0.0
230
1.0
  2
SOLID
 70
1
 71
0
 91
1
 92
3
 72
0
 73
1
 93
4
 10
4.76651539026396
 20
3.842238475792681
 10
5.494804365722906
 20
3.201886236453923
 10
5.494804365722906
 20
3.2109374617586295
 10
4.76651539026396
 20
3.8512897010973877
 97
0
 75
0
 76
1
 98
0
  0
LWPOLYLINE
  5
38A
330
17
100
AcDbEntity
  8
A-MASS
100
AcDbPolyline
 90
4
 70
1
 10
4.76651539026396
 20
3.842238475792681
 10
5.494804365722906
 20
3.201886236453923
 10
5.494804365722906
 20
3.2109374617586295
 10
4.76651539026396
 20
3.8512897010973877
  0
HATCH
  5
38B
330
17
100
AcDbEntity
  8
A-MASS
 62
7
420
12105912
100
AcDbHatch
 10
0.0
 20
0.0
 30
0.0
210
0.0
220
0.0
230
1.0
  2
SOLID
 70
1
 71
0
 91
1
 92
3
 72
0
 73
1
 93
4
 10
4.948973694627871
 20
2.9399896851414984
 10
5.61913157076703
 20
3.228888584119164
 10
5.605530133182588
 20
3.2408477257633654
 10
4.935372257043429
 20
2.9519488267856997
 97
0
 75
0
 76
1
 98
0
  0
LWPOLYLINE
  5
38C
330
17
100
AcDbEntity
  8
A-MASS
100
AcDbPolyline
 90
4
 70
1
 10
4.948973694627871
 20
2.9399896851414984
 10
5.61913157076703
 20
3.228888584119164
 10
5.605530133182588
 20
3.2408477257633654
 10
4.935372257043429
 20
2.9519488267856997
  0
HATCH
  5
38D
330
17
100
AcDbEntity
  8
A-MASS
 62
7
420
10921638
100
AcDbHatch
 10
0.0
 20
0.0
 30
0.0
210
0.0
220
0.0
230
1.0
  2
SOLID
 70
1
 71
0
 91
1
 92
3
 72
0
 73
1
 93
4
 10
4.948973694627871
 20
2.930938459836792
 10
5.61913157076703
 20
3.2198373588144573
 10
5.61913157076703
 20
3.228888584119164
 10
4.948973694627871
 20
2.9399896851414984
 97
0
 75
0
 76
1
 98
0
  0
LWPOLYLINE
  5
38E
330
17
100
AcDbEntity
  8
A-MASS
100
AcDbPolyline
 90
4
 70
1
 10
4.948973694627871
 20
2.930938459836792
 10
5.61913157076703
 20
3.2198373588144573
 10
5.61913157076703
 20
3.228888584119164
 10
4.948973694627871
 20
2.9399896851414984
  0
HATCH
  5
38F
330
17
100
AcDbEntity
  8
A-MASS
 62
7
420
9671571
100
AcDbHatch
 10
0.0
 20
0.0
 30
0.0
210
0.0
220
0.0
230
1.0
  2
SOLID
 70
1
 71
0
 91
1
 92
3
 72
0
 73
1
 93
4
 10
4.935372257043429
 20
2.9428976014809933
 10
4.948973694627871
 20
2.930938459836792
 10
4.948973694627871
 20
2.9399896851414984
 10
4.935372257043429
 20
2.9519488267856997
 97
0
 75
0
 76
1
 98
0
  0
LWPOLYLINE
  5
390
330
17
100
AcDbEntity
  8
A-MASS
100
AcDbPolyline
 90
4
 70
1
 10
4.935372257043429
 20
2.9428976014809933
 10
4.948973694627871
 20
2.930938459836792
 10
4.948973694627871
 20
2.9399896851414984
 10
4.935372257043429
 20
2.9519488267856997
  0
HATCH
  5
391
330
17
100
AcDbEntity
  8
A-MASS
 62
7
420
12105912
100
AcDbHatch
 10
0.0
 20
0.0
 30
0.0
210
0.0
220
0.0
230
1.0
  2
SOLID
 70
1
 71
0
 91
1
 92
3
 72
0
 73
1
 93
4
 10
4.962575132212313
 20
2.937081768802004
 10
5.632733008351472
 20
3.2259806677796696
 10
5.61913157076703
 20
3.237939809423871
 10
4.948973694627871
 20
2.949040910446205
 97
0
 75
0
 76
1
 98
0
  0
LWPOLYLINE
  5
392
330
17
100
AcDbEntity
  8
A-MASS
100
AcDbPolyline
 90
4
 70
1
 10
4.962575132212313
 20
2.937081768802004
 10
5.632733008351472
 20
3.2259806677796696
 10
5.61913157076703
 20
3.237939809423871
 10
4.948973694627871
 20
2.949040910446205
  0
HATCH
  5
393
330
17
100
AcDbEntity
  8
A-MASS
 62
7
420
10921638
100
AcDbHatch
 10
0.0
 20
0.0
 30
0.0
210
0.0
220
0.0
230
1.0
  2
SOLID
 70
1
 71
0
 91
1
 92
3
 72
0
 73
1
 93
4
 10
4.962575132212313
 20
2.9189793181925907
 10
5.632733008351472
 20
3.207878217170256
 10
5.632733008351472
 20
3.2259806677796696
 10
4.962575132212313
 20
2.937081768802004
 97
0
 75
0
 76
1
 98
0
  0
LWPOLYLINE
  5
394
330
17
100
AcDbEntity
  8
A-MASS
100
AcDbPolyline
 90
4
 70
1
 10
4.962575132212313
 20
2.9189793181925907
 10
5.632733008351472
 20
3.207878217170256
 10
5.632733008351472
 20
3.2259806677796696
 10
4.962575132212313
 20
2.937081768802004
  0
HATCH
  5
395
330
17
100
AcDbEntity
  8
A-MASS
 62
7
420
9671571
100
AcDbHatch
 10
0.0
 20
0.0
 30
0.0
210
0.0
220
0.0
230
1.0
  2
SOLID
 70
1
 71
0
 91
1
 92
3
 72
0
 73
1
 93
4
 10
4.948973694627871
 20
2.930938459836792
 10
4.962575132212313
 20
2.9189793181925907
 10
4.962575132212313
 20
2.937081768802004
 10
4.948973694627871
 20
2.949040910446205
 97
0
 75
0
 76
1
 98
0
  0
LWPOLYLINE
  5
396
330
17
100
AcDbEntity
  8
A-MASS
100
AcDbPolyline
 90
4
 70
1
 10
4.948973694627871
 20
2.930938459836792
 10
4.962575132212313
 20
2.9189793181925907
 10
4.962575132212313
 20
2.937081768802004
 10
4.948973694627871
 20
2.949040910446205
  0
HATCH
  5
397
330
17
100
AcDbEntity
  8
A-MASS
 62
7
420
12105912
100
AcDbHatch
 10
0.0
 20
0.0
 30
0.0
210
0.0
220
0.0
230
1.0
  2
SOLID
 70
1
 71
0
 91
1
 92
3
 72
0
 73
1
 93
4
 10
4.976176569796756
 20
2.934173852462509
 10
5.646334445935915
 20
3.223072751440175
 10
5.632733008351472
 20
3.2350318930843764
 10
4.962575132212313
 20
2.9461329941067107
 97
0
 75
0
 76
1
 98
0
  0
LWPOLYLINE
  5
398
330
17
100
AcDbEntity
  8
A-MASS
100
AcDbPolyline
 90
4
 70
1
 10
4.976176569796756
 20
2.934173852462509
 10
5.646334445935915
 20
3.223072751440175
 10
5.632733008351472
 20
3.2350318930843764
 10
4.962575132212313
 20
2.9461329941067107
  0
HATCH
  5
399
330
17
100
AcDbEntity
  8
A-MASS
 62
7
420
10921638
100
AcDbHatch
 10
0.0
 20
0.0
 30
0.0
210
0.0
220
0.0
230
1.0
  2
SOLID
 70
1
 71
0
 91
1
 92
3
 72
0
 73
1
 93
4
 10
4.976176569796756
 20
2.9070201765483894
 10
5.646334445935915
 20
3.195919075526055
 10
5.646334445935915
 20
3.223072751440175
 10
4.976176569796756
 20
2.934173852462509
 97
0
 75
0
 76
1
 98
0
  0
LWPOLYLINE
  5
39A
330
17
100
AcDbEntity
  8
A-MASS
100
AcDbPolyline
 90
4
 70
1
 10
4.976176569796756
 20
2.9070201765483894
 10
5.646334445935915
 20
3.195919075526055
 10
5.646334445935915
 20
3.223072751440175
 10
4.976176569796756
 20
2.934173852462509
  0
HATCH
  5
39B
330
17
100
AcDbEntity
  8
A-MASS
 62
7
420
9671571
100
AcDbHatch
 10
0.0
 20
0.0
 30
0.0
210
0.0
220
0.0
230
1.0
  2
SOLID
 70
1
 71
0
 91
1
 92
3
 72
0
 73
1
 93
4
 10
4.962575132212313
 20
2.9189793181925907
 10
4.976176569796756
 20
2.9070201765483894
 10
4.976176569796756
 20
2.934173852462509
 10
4.962575132212313
 20
2.9461329941067107
 97
0
 75
0
 76
1
 98
0
  0
LWPOLYLINE
  5
39C
330
17
100
AcDbEntity
  8
A-MASS
100
AcDbPolyline
 90
4
 70
1
 10
4.962575132212313
 20
2.9189793181925907
 10
4.976176569796756
 20
2.9070201765483894
 10
4.976176569796756
 20
2.934173852462509
 10
4.962575132212313
 20
2.9461329941067107
  0
HATCH
  5
39D
330
17
100
AcDbEntity
  8
A-MASS
 62
7
420
12105912
100
AcDbHatch
 10
0.0
 20
0.0
 30
0.0
210
0.0
220
0.0
230
1.0
  2
SOLID
 70
1
 71
0
 91
1
 92
3
 72
0
 73
1
 93
4
 10
4.989778007381197
 20
2.9312659361230144
 10
5.659935883520356
 20
3.22016483510068
 10
5.646334445935915
 20
3.232123976744882
 10
4.976176569796756
 20
2.9432250777672158
 97
0
 75
0
 76
1
 98
0
  0
LWPOLYLINE
  5
39E
330
17
100
AcDbEntity
  8
A-MASS
100
AcDbPolyline
 90
4
 70
1
 10
4.989778007381197
 20
2.9312659361230144
 10
5.659935883520356
 20
3.22016483510068
 10
5.646334445935915
 20
3.232123976744882
 10
4.976176569796756
 20
2.9432250777672158
  0
HATCH
  5
39F
330
17
100
AcDbEntity
  8
A-MASS
 62
7
420
10921638
100
AcDbHatch
 10
0.0
 20
0.0
 30
0.0
210
0.0
220
0.0
230
1.0
  2
SOLID
 70
1
 71
0
 91
1
 92
3
 72
0
 73
1
 93
4
 10
4.989778007381197
 20
2.895061034904188
 10
5.659935883520356
 20
3.1839599338818534
 10
5.659935883520356
 20
3.22016483510068
 10
4.989778007381197
 20
2.9312659361230144
 97
0
 75
0
 76
1
 98
0
  0
LWPOLYLINE
  5
3A0
330
17
100
AcDbEntity
  8
A-MASS
100
AcDbPolyline
 90
4
 70
1
 10
4.989778007381197
 20
2.895061034904188
 10
5.659935883520356
 20
3.1839599338818534
 10
5.659935883520356
 20
3.22016483510068
 10
4.989778007381197
 20
2.9312659361230144
  0
HATCH
  5
3A1
330
17
100
AcDbEntity
  8
A-MASS
 62
7
420
9671571
100
AcDbHatch
 10
0.0
 20
0.0
 30
0.0
210
0.0
220
0.0
230
1.0
  2
SOLID
 70
1
 71
0
 91
1
 92
3
 72
0
 73
1
 93
4
 10
4.976176569796756
 20
2.9070201765483894
 10
4.989778007381197
 20
2.895061034904188
 10
4.989778007381197
 20
2.9312659361230144
 10
4.976176569796756
 20
2.9432250777672158
 97
0
 75
0
 76
1
 98
0
  0
LWPOLYLINE
  5
3A2
330
17
100
AcDbEntity
  8
A-MASS
100
AcDbPolyline
 90
4
 70
1
 10
4.976176569796756
 20
2.9070201765483894
 10
4.989778007381197
 20
2.895061034904188
 10
4.989778007381197
 20
2.9312659361230144
 10
4.976176569796756
 20
2.9432250777672158
  0
HATCH
  5
3A3
330
17
100
AcDbEntity
  8
A-MASS
 62
7
420
12105912
100
AcDbHatch
 10
0.0
 20
0.0
 30
0.0
210
0.0
220
0.0
230
1.0
  2
SOLID
 70
1
 71
0
 91
1
 92
3
 72
0
 73
1
 93
4
 10
5.003379444965639
 20
2.92835801978352
 10
5.673537321104799
 20
3.2172569187611857
 10
5.659935883520356
 20
3.2292160604053866
 10
4.989778007381197
 20
2.9403171614277213
 97
0
 75
0
 76
1
 98
0
  0
LWPOLYLINE
  5
3A4
330
17
100
AcDbEntity
  8
A-MASS
100
AcDbPolyline
 90
4
 70
1
 10
5.003379444965639
 20
2.92835801978352
 10
5.673537321104799
 20
3.2172569187611857
 10
5.659935883520356
 20
3.2292160604053866
 10
4.989778007381197
 20
2.9403171614277213
  0
HATCH
  5
3A5
330
17
100
AcDbEntity
  8
A-MASS
 62
7
420
10921638
100
AcDbHatch
 10
0.0
 20
0.0
 30
0.0
210
0.0
220
0.0
230
1.0
  2
SOLID
 70
1
 71
0
 91
1
 92
3
 72
0
 73
1
 93
4
 10
5.003379444965639
 20
2.883101893259987
 10
5.673537321104799
 20
3.1720007922376525
 10
5.673537321104799
 20
3.2172569187611857
 10
5.003379444965639
 20
2.92835801978352
 97
0
 75
0
 76
1
 98
0
  0
LWPOLYLINE
  5
3A6
330
17
100
AcDbEntity
  8
A-MASS
100
AcDbPolyline
 90
4
 70
1
 10
5.003379444965639
 20
2.883101893259987
 10
5.673537321104799
 20
3.1720007922376525
 10
5.673537321104799
 20
3.2172569187611857
 10
5.003379444965639
 20
2.92835801978352
  0
HATCH
  5
3A7
330
17
100
AcDbEntity
  8
A-MASS
 62
7
420
9671571
100
AcDbHatch
 10
0.0
 20
0.0
 30
0.0
210
0.0
220
0.0
230
1.0
  2
SOLID
 70
1
 71
0
 91
1
 92
3
 72
0
 73
1
 93
4
 10
4.989778007381197
 20
2.895061034904188
 10
5.003379444965639
 20
2.883101893259987
 10
5.003379444965639
 20
2.92835801978352
 10
4.989778007381197
 20
2.9403171614277213
 97
0
 75
0
 76
1
 98
0
  0
LWPOLYLINE
  5
3A8
330
17
100
AcDbEntity
  8
A-MASS
100
AcDbPolyline
 90
4
 70
1
 10
4.989778007381197
 20
2.895061034904188
 10
5.003379444965639
 20
2.883101893259987
 10
5.003379444965639
 20
2.92835801978352
 10
4.989778007381197
 20
2.9403171614277213
  0
HATCH
  5
3A9
330
17
100
AcDbEntity
  8
A-MASS
 62
7
420
12105912
100
AcDbHatch
 10
0.0
 20
0.0
 30
0.0
210
0.0
220
0.0
230
1.0
  2
SOLID
 70
1
 71
0
 91
1
 92
3
 72
0
 73
1
 93
4
 10
4.337090416413857
 20
2.6762124295531953
 10
4.832424498777583
 20
2.889746398362774
 10
4.818823061193141
 20
2.9017055400069753
 10
4.323488978829415
 20
2.6881715711973966
 97
0
 75
0
 76
1
 98
0
  0
LWPOLYLINE
  5
3AA
330
17
100
AcDbEntity
  8
A-MASS
100
AcDbPolyline
 90
4
 70
1
 10
4.337090416413857
 20
2.6762124295531953
 10
4.832424498777583
 20
2.889746398362774
 10
4.818823061193141
 20
2.9017055400069753
 10
4.323488978829415
 20
2.6881715711973966
  0
HATCH
  5
3AB
330
17
100
AcDbEntity
  8
A-MASS
 62
7
420
10921638
100
AcDbHatch
 10
0.0
 20
0.0
 30
0.0
210
0.0
220
0.0
230
1.0
  2
SOLID
 70
1
 71
0
 91
1
 92
3
 72
0
 73
1
 93
4
 10
4.337090416413857
 20
2.6671612042484885
 10
4.832424498777583
 20
2.8806951730580677
 10
4.832424498777583
 20
2.889746398362774
 10
4.337090416413857
 20
2.6762124295531953
 97
0
 75
0
 76
1
 98
0
  0
LWPOLYLINE
  5
3AC
330
17
100
AcDbEntity
  8
A-MASS
100
AcDbPolyline
 90
4
 70
1
 10
4.337090416413857
 20
2.6671612042484885
 10
4.832424498777583
 20
2.8806951730580677
 10
4.832424498777583
 20
2.889746398362774
 10
4.337090416413857
 20
2.6762124295531953
  0
HATCH
  5
3AD
330
17
100
AcDbEntity
  8
A-MASS
 62
7
420
9671571
100
AcDbHatch
 10
0.0
 20
0.0
 30
0.0
210
0.0
220
0.0
230
1.0
  2
SOLID
 70
1
 71
0
 91
1
 92
3
 72
0
 73
1
 93
4
 10
4.323488978829415
 20
2.6791203458926898
 10
4.337090416413857
 20
2.6671612042484885
 10
4.337090416413857
 20
2.6762124295531953
 10
4.323488978829415
 20
2.6881715711973966
 97
0
 75
0
 76
1
 98
0
  0
LWPOLYLINE
  5
3AE
330
17
100
AcDbEntity
  8
A-MASS
100
AcDbPolyline
 90
4
 70
1
 10
4.323488978829415
 20
2.6791203458926898
 10
4.337090416413857
 20
2.6671612042484885
 10
4.337090416413857
 20
2.6762124295531953
 10
4.323488978829415
 20
2.6881715711973966
  0
HATCH
  5
3AF
330
17
100
AcDbEntity
  8
A-MASS
 62
7
420
12105912
100
AcDbHatch
 10
0.0
 20
0.0
 30
0.0
210
0.0
220
0.0
230
1.0
  2
SOLID
 70
1
 71
0
 91
1
 92
3
 72
0
 73
1
 93
4
 10
4.350691853998299
 20
2.6733045132137008
 10
4.846025936362025
 20
2.8868384820232795
 10
4.832424498777583
 20
2.898797623667481
 10
4.337090416413857
 20
2.685263654857902
 97
0
 75
0
 76
1
 98
0
  0
LWPOLYLINE
  5
3B0
330
17
100
AcDbEntity
  8
A-MASS
100
AcDbPolyline
 90
4
 70
1
 10
4.350691853998299
 20
2.6733045132137008
 10
4.846025936362025
 20
2.8868384820232795
 10
4.832424498777583
 20
2.898797623667481
 10
4.337090416413857
 20
2.685263654857902
  0
HATCH
  5
3B1
330
17
100
AcDbEntity
  8
A-MASS
 62
7
420
10921638
100
AcDbHatch
 10
0.0
 20
0.0
 30
0.0
210
0.0
220
0.0
230
1.0
  2
SOLID
 70
1
 71
0
 91
1
 92
3
 72
0
 73
1
 93
4
 10
4.350691853998299
 20
2.655202062604287
 10
4.846025936362025
 20
2.8687360314138663
 10
4.846025936362025
 20
2.8868384820232795
 10
4.350691853998299
 20
2.6733045132137008
 97
0
 75
0
 76
1
 98
0
  0
LWPOLYLINE
  5
3B2
330
17
100
AcDbEntity
  8
A-MASS
100
AcDbPolyline
 90
4
 70
1
 10
4.350691853998299
 20
2.655202062604287
 10
4.846025936362025
 20
2.8687360314138663
 10
4.846025936362025
 20
2.8868384820232795
 10
4.350691853998299
 20
2.6733045132137008
  0
HATCH
  5
3B3
330
17
100
AcDbEntity
  8
A-MASS
 62
7
420
9671571
100
AcDbHatch
 10
0.0
 20
0.0
 30
0.0
210
0.0
220
0.0
230
1.0
  2
SOLID
 70
1
 71
0
 91
1
 92
3
 72
0
 73
1
 93
4
 10
4.337090416413857
 20
2.6671612042484885
 10
4.350691853998299
 20
2.655202062604287
 10
4.350691853998299
 20
2.6733045132137008
 10
4.337090416413857
 20
2.685263654857902
 97
0
 75
0
 76
1
 98
0
  0
LWPOLYLINE
  5
3B4
330
17
100
AcDbEntity
  8
A-MASS
100
AcDbPolyline
 90
4
 70
1
 10
4.337090416413857
 20
2.6671612042484885
 10
4.350691853998299
 20
2.655202062604287
 10
4.350691853998299
 20
2.6733045132137008
 10
4.337090416413857
 20
2.685263654857902
  0
HATCH
  5
3B5
330
17
100
AcDbEntity
  8
A-MASS
 62
7
420
12105912
100
AcDbHatch
 10
0.0
 20
0.0
 30
0.0
210
0.0
220
0.0
230
1.0
  2
SOLID
 70
1
 71
0
 91
1
 92
3
 72
0
 73
1
 93
4
 10
4.364293291582741
 20
2.670396596874206
 10
4.859627373946467
 20
2.8839305656837846
 10
4.846025936362025
 20
2.895889707327986
 10
4.350691853998299
 20
2.682355738518407
 97
0
 75
0
 76
1
 98
0
  0
LWPOLYLINE
  5
3B6
330
17
100
AcDbEntity
  8
A-MASS
100
AcDbPolyline
 90
4
 70
1
 10
4.364293291582741
 20
2.670396596874206
 10
4.859627373946467
 20
2.8839305656837846
 10
4.846025936362025
 20
2.895889707327986
 10
4.350691853998299
 20
2.682355738518407
  0
HATCH
  5
3B7
330
17
100
AcDbEntity
  8
A-MASS
 62
7
420
10921638
100
AcDbHatch
 10
0.0
 20
0.0
 30
0.0
210
0.0
220
0.0
230
1.0
  2
SOLID
 70
1
 71
0
 91
1
 92
3
 72
0
 73
1
 93
4
 10
4.364293291582741
 20
2.643242920960086
 10
4.859627373946467
 20
2.856776889769665
 10
4.859627373946467
 20
2.8839305656837846
 10
4.364293291582741
 20
2.670396596874206
 97
0
 75
0
 76
1
 98
0
  0
LWPOLYLINE
  5
3B8
330
17
100
AcDbEntity
  8
A-MASS
100
AcDbPolyline
 90
4
 70
1
 10
4.364293291582741
 20
2.643242920960086
 10
4.859627373946467
 20
2.856776889769665
 10
4.859627373946467
 20
2.8839305656837846
 10
4.364293291582741
 20
2.670396596874206
  0
HATCH
  5
3B9
330
17
100
AcDbEntity
  8
A-MASS
 62
7
420
9671571
100
AcDbHatch
 10
0.0
 20
0.0
 30
0.0
210
0.0
220
0.0
230
1.0
  2
SOLID
 70
1
 71
0
 91
1
 92
3
 72
0
 73
1
 93
4
 10
4.350691853998299
 20
2.655202062604287
 10
4.364293291582741
 20
2.643242920960086
 10
4.364293291582741
 20
2.670396596874206
 10
4.350691853998299
 20
2.682355738518407
 97
0
 75
0
 76
1
 98
0
  0
LWPOLYLINE
  5
3BA
330
17
100
AcDbEntity
  8
A-MASS
100
AcDbPolyline
 90
4
 70
1
 10
4.350691853998299
 20
2.655202062604287
 10
4.364293291582741
 20
2.643242920960086
 10
4.364293291582741
 20
2.670396596874206
 10
4.350691853998299
 20
2.682355738518407
  0
HATCH
  5
3BB
330
17
100
AcDbEntity
  8
A-MASS
 62
7
420
12105912
100
AcDbHatch
 10
0.0
 20
0.0
 30
0.0
210
0.0
220
0.0
230
1.0
  2
SOLID
 70
1
 71
0
 91
1
 92
3
 72
0
 73
1
 93
4
 10
4.377894729167183
 20
2.667488680534711
 10
4.873228811530909
 20
2.88102264934429
 10
4.859627373946467
 20
2.8929817909884914
 10
4.364293291582741
 20
2.679447822178912
 97
0
 75
0
 76
1
 98
0
  0
LWPOLYLINE
  5
3BC
330
17
100
AcDbEntity
  8
A-MASS
100
AcDbPolyline
 90
4
 70
1
 10
4.377894729167183
 20
2.667488680534711
 10
4.873228811530909
 20
2.88102264934429
 10
4.859627373946467
 20
2.8929817909884914
 10
4.364293291582741
 20
2.679447822178912
  0
HATCH
  5
3BD
330
17
100
AcDbEntity
  8
A-MASS
 62
7
420
10921638
100
AcDbHatch
 10
0.0
 20
0.0
 30
0.0
210
0.0
220
0.0
230
1.0
  2
SOLID
 70
1
 71
0
 91
1
 92
3
 72
0
 73
1
 93
4
 10
4.377894729167183
 20
2.6312837793158845
 10
4.873228811530909
 20
2.8448177481254637
 10
4.873228811530909
 20
2.88102264934429
 10
4.377894729167183
 20
2.667488680534711
 97
0
 75
0
 76
1
 98
0
  0
LWPOLYLINE
  5
3BE
330
17
100
AcDbEntity
  8
A-MASS
100
AcDbPolyline
 90
4
 70
1
 10
4.377894729167183
 20
2.6312837793158845
 10
4.873228811530909
 20
2.8448177481254637
 10
4.873228811530909
 20
2.88102264934429
 10
4.377894729167183
 20
2.667488680534711
  0
HATCH
  5
3BF
330
17
100
AcDbEntity
  8
A-MASS
 62
7
420
9671571
100
AcDbHatch
 10
0.0
 20
0.0
 30
0.0
210
0.0
220
0.0
230
1.0
  2
SOLID
 70
1
 71
0
 91
1
 92
3
 72
0
 73
1
 93
4
 10
4.364293291582741
 20
2.643242920960086
 10
4.377894729167183
 20
2.6312837793158845
 10
4.377894729167183
 20
2.667488680534711
 10
4.364293291582741
 20
2.679447822178912
 97
0
 75
0
 76
1
 98
0
  0
LWPOLYLINE
  5
3C0
330
17
100
AcDbEntity
  8
A-MASS
100
AcDbPolyline
 90
4
 70
1
 10
4.364293291582741
 20
2.643242920960086
 10
4.377894729167183
 20
2.6312837793158845
 10
4.377894729167183
 20
2.667488680534711
 10
4.364293291582741
 20
2.679447822178912
  0
HATCH
  5
3C1
330
17
100
AcDbEntity
  8
A-MASS
 62
7
420
12105912
100
AcDbHatch
 10
0.0
 20
0.0
 30
0.0
210
0.0
220
0.0
230
1.0
  2
SOLID
 70
1
 71
0
 91
1
 92
3
 72
0
 73
1
 93
4
 10
4.391496166751625
 20
2.6645807641952164
 10
4.886830249115351
 20
2.8781147330047956
 10
4.873228811530909
 20
2.890073874648997
 10
4.377894729167183
 20
2.6765399058394177
 97
0
 75
0
 76
1
 98
0
  0
LWPOLYLINE
  5
3C2
330
17
100
AcDbEntity
  8
A-MASS
100
AcDbPolyline
 90
4
 70
1
 10
4.391496166751625
 20
2.6645807641952164
 10
4.886830249115351
 20
2.8781147330047956
 10
4.873228811530909
 20
2.890073874648997
 10
4.377894729167183
 20
2.6765399058394177
  0
HATCH
  5
3C3
330
17
100
AcDbEntity
  8
A-MASS
 62
7
420
10921638
100
AcDbHatch
 10
0.0
 20
0.0
 30
0.0
210
0.0
220
0.0
230
1.0
  2
SOLID
 70
1
 71
0
 91
1
 92
3
 72
0
 73
1
 93
4
 10
4.391496166751625
 20
2.619324637671683
 10
4.886830249115351
 20
2.8328586064812624
 10
4.886830249115351
 20
2.8781147330047956
 10
4.391496166751625
 20
2.6645807641952164
 97
0
 75
0
 76
1
 98
0
  0
LWPOLYLINE
  5
3C4
330
17
100
AcDbEntity
  8
A-MASS
100
AcDbPolyline
 90
4
 70
1
 10
4.391496166751625
 20
2.619324637671683
 10
4.886830249115351
 20
2.8328586064812624
 10
4.886830249115351
 20
2.8781147330047956
 10
4.391496166751625
 20
2.6645807641952164
  0
HATCH
  5
3C5
330
17
100
AcDbEntity
  8
A-MASS
 62
7
420
9671571
100
AcDbHatch
 10
0.0
 20
0.0
 30
0.0
210
0.0
220
0.0
230
1.0
  2
SOLID
 70
1
 71
0
 91
1
 92
3
 72
0
 73
1
 93
4
 10
4.377894729167183
 20
2.6312837793158845
 10
4.391496166751625
 20
2.619324637671683
 10
4.391496166751625
 20
2.6645807641952164
 10
4.377894729167183
 20
2.6765399058394177
 97
0
 75
0
 76
1
 98
0
  0
LWPOLYLINE
  5
3C6
330
17
100
AcDbEntity
  8
A-MASS
100
AcDbPolyline
 90
4
 70
1
 10
4.377894729167183
 20
2.6312837793158845
 10
4.391496166751625
 20
2.619324637671683
 10
4.391496166751625
 20
2.6645807641952164
 10
4.377894729167183
 20
2.6765399058394177
  0
HATCH
  5
3C7
330
17
100
AcDbEntity
  8
A-MASS
 62
7
420
10263708
100
AcDbHatch
 10
0.0
 20
0.0
 30
0.0
210
0.0
220
0.0
230
1.0
  2
SOLID
 70
1
 71
0
 91
1
 92
3
 72
0
 73
1
 93
4
 10
4.411898323128288
 20
2.6854747280362044
 10
5.693939477481462
 20
3.2381508826021737
 10
5.673537321104799
 20
3.2560895950684756
 10
4.391496166751625
 20
2.7034134405025063
 97
0
 75
0
 76
1
 98
0
  0
LWPOLYLINE
  5
3C8
330
17
100
AcDbEntity
  8
A-MASS
100
AcDbPolyline
 90
4
 70
1
 10
4.411898323128288
 20
2.6854747280362044
 10
5.693939477481462
 20
3.2381508826021737
 10
5.673537321104799
 20
3.2560895950684756
 10
4.391496166751625
 20
2.7034134405025063
  0
HATCH
  5
3C9
330
17
100
AcDbEntity
  8
A-MASS
 62
7
420
9211020
100
AcDbHatch
 10
0.0
 20
0.0
 30
0.0
210
0.0
220
0.0
230
1.0
  2
SOLID
 70
1
 71
0
 91
1
 92
3
 72
0
 73
1
 93
4
 10
4.411898323128288
 20
2.6013859252053813
 10
5.693939477481462
 20
3.1540620797713506
 10
5.693939477481462
 20
3.2381508826021737
 10
4.411898323128288
 20
2.6854747280362044
 97
0
 75
0
 76
1
 98
0
  0
LWPOLYLINE
  5
3CA
330
17
100
AcDbEntity
  8
A-MASS
100
AcDbPolyline
 90
4
 70
1
 10
4.411898323128288
 20
2.6013859252053813
 10
5.693939477481462
 20
3.1540620797713506
 10
5.693939477481462
 20
3.2381508826021737
 10
4.411898323128288
 20
2.6854747280362044
  0
HATCH
  5
3CB
330
17
100
AcDbEntity
  8
A-MASS
 62
7
420
8224125
100
AcDbHatch
 10
0.0
 20
0.0
 30
0.0
210
0.0
220
0.0
230
1.0
  2
SOLID
 70
1
 71
0
 91
1
 92
3
 72
0
 73
1
 93
4
 10
4.391496166751625
 20
2.619324637671683
 10
4.411898323128288
 20
2.6013859252053813
 10
4.411898323128288
 20
2.6854747280362044
 10
4.391496166751625
 20
2.7034134405025063
 97
0
 75
0
 76
1
 98
0
  0
LWPOLYLINE
  5
3CC
330
17
100
AcDbEntity
  8
A-MASS
100
AcDbPolyline
 90
4
 70
1
 10
4.391496166751625
 20
2.619324637671683
 10
4.411898323128288
 20
2.6013859252053813
 10
4.411898323128288
 20
2.6854747280362044
 10
4.391496166751625
 20
2.7034134405025063
  0
HATCH
  5
3CD
330
17
100
AcDbEntity
  8
A-MASS
 62
7
420
10263708
100
AcDbHatch
 10
0.0
 20
0.0
 30
0.0
210
0.0
220
0.0
230
1.0
  2
SOLID
 70
1
 71
0
 91
1
 92
3
 72
0
 73
1
 93
4
 10
4.432300479504951
 20
2.68388661612034
 10
5.714341633858124
 20
3.236562770686309
 10
5.693939477481462
 20
3.254501483152611
 10
4.411898323128288
 20
2.701825328586642
 97
0
 75
0
 76
1
 98
0
  0
LWPOLYLINE
  5
3CE
330
17
100
AcDbEntity
  8
A-MASS
100
AcDbPolyline
 90
4
 70
1
 10
4.432300479504951
 20
2.68388661612034
 10
5.714341633858124
 20
3.236562770686309
 10
5.693939477481462
 20
3.254501483152611
 10
4.411898323128288
 20
2.701825328586642
  0
HATCH
  5
3CF
330
17
100
AcDbEntity
  8
A-MASS
 62
7
420
9211020
100
AcDbHatch
 10
0.0
 20
0.0
 30
0.0
210
0.0
220
0.0
230
1.0
  2
SOLID
 70
1
 71
0
 91
1
 92
3
 72
0
 73
1
 93
4
 10
4.432300479504951
 20
2.5834472127390793
 10
5.714341633858124
 20
3.1361233673050486
 10
5.714341633858124
 20
3.236562770686309
 10
4.432300479504951
 20
2.68388661612034
 97
0
 75
0
 76
1
 98
0
  0
LWPOLYLINE
  5
3D0
330
17
100
AcDbEntity
  8
A-MASS
100
AcDbPolyline
 90
4
 70
1
 10
4.432300479504951
 20
2.5834472127390793
 10
5.714341633858124
 20
3.1361233673050486
 10
5.714341633858124
 20
3.236562770686309
 10
4.432300479504951
 20
2.68388661612034
  0
HATCH
  5
3D1
330
17
100
AcDbEntity
  8
A-MASS
 62
7
420
8224125
100
AcDbHatch
 10
0.0
 20
0.0
 30
0.0
210
0.0
220
0.0
230
1.0
  2
SOLID
 70
1
 71
0
 91
1
 92
3
 72
0
 73
1
 93
4
 10
4.411898323128288
 20
2.6013859252053813
 10
4.432300479504951
 20
2.5834472127390793
 10
4.432300479504951
 20
2.68388661612034
 10
4.411898323128288
 20
2.701825328586642
 97
0
 75
0
 76
1
 98
0
  0
LWPOLYLINE
  5
3D2
330
17
100
AcDbEntity
  8
A-MASS
100
AcDbPolyline
 90
4
 70
1
 10
4.411898323128288
 20
2.6013859252053813
 10
4.432300479504951
 20
2.5834472127390793
 10
4.432300479504951
 20
2.68388661612034
 10
4.411898323128288
 20
2.701825328586642
  0
HATCH
  5
3D3
330
17
100
AcDbEntity
  8
A-MASS
 62
7
420
10263708
100
AcDbHatch
 10
0.0
 20
0.0
 30
0.0
210
0.0
220
0.0
230
1.0
  2
SOLID
 70
1
 71
0
 91
1
 92
3
 72
0
 73
1
 93
4
 10
4.4527026358816135
 20
2.682298504204476
 10
5.734743790234788
 20
3.234974658770445
 10
5.714341633858124
 20
3.2529133712367466
 10
4.432300479504951
 20
2.7002372166707778
 97
0
 75
0
 76
1
 98
0
  0
LWPOLYLINE
  5
3D4
330
17
100
AcDbEntity
  8
A-MASS
100
AcDbPolyline
 90
4
 70
1
 10
4.4527026358816135
 20
2.682298504204476
 10
5.734743790234788
 20
3.234974658770445
 10
5.714341633858124
 20
3.2529133712367466
 10
4.432300479504951
 20
2.7002372166707778
  0
HATCH
  5
3D5
330
17
100
AcDbEntity
  8
A-MASS
 62
7
420
9211020
100
AcDbHatch
 10
0.0
 20
0.0
 30
0.0
210
0.0
220
0.0
230
1.0
  2
SOLID
 70
1
 71
0
 91
1
 92
3
 72
0
 73
1
 93
4
 10
4.4527026358816135
 20
2.5655085002727773
 10
5.734743790234788
 20
3.1181846548387466
 10
5.734743790234788
 20
3.234974658770445
 10
4.4527026358816135
 20
2.682298504204476
 97
0
 75
0
 76
1
 98
0
  0
LWPOLYLINE
  5
3D6
330
17
100
AcDbEntity
  8
A-MASS
100
AcDbPolyline
 90
4
 70
1
 10
4.4527026358816135
 20
2.5655085002727773
 10
5.734743790234788
 20
3.1181846548387466
 10
5.734743790234788
 20
3.234974658770445
 10
4.4527026358816135
 20
2.682298504204476
  0
HATCH
  5
3D7
330
17
100
AcDbEntity
  8
A-MASS
 62
7
420
8224125
100
AcDbHatch
 10
0.0
 20
0.0
 30
0.0
210
0.0
220
0.0
230
1.0
  2
SOLID
 70
1
 71
0
 91
1
 92
3
 72
0
 73
1
 93
4
 10
4.432300479504951
 20
2.5834472127390793
 10
4.4527026358816135
 20
2.5655085002727773
 10
4.4527026358816135
 20
2.682298504204476
 10
4.432300479504951
 20
2.7002372166707778
 97
0
 75
0
 76
1
 98
0
  0
LWPOLYLINE
  5
3D8
330
17
100
AcDbEntity
  8
A-MASS
100
AcDbPolyline
 90
4
 70
1
 10
4.432300479504951
 20
2.5834472127390793
 10
4.4527026358816135
 20
2.5655085002727773
 10
4.4527026358816135
 20
2.682298504204476
 10
4.432300479504951
 20
2.7002372166707778
  0
HATCH
  5
3D9
330
17
100
AcDbEntity
  8
A-MASS
 62
7
420
10263708
100
AcDbHatch
 10
0.0
 20
0.0
 30
0.0
210
0.0
220
0.0
230
1.0
  2
SOLID
 70
1
 71
0
 91
1
 92
3
 72
0
 73
1
 93
4
 10
4.473104792258277
 20
2.6807103922886117
 10
5.755145946611451
 20
3.233386546854581
 10
5.734743790234788
 20
3.2513252593208826
 10
4.4527026358816135
 20
2.6986491047549137
 97
0
 75
0
 76
1
 98
0
  0
LWPOLYLINE
  5
3DA
330
17
100
AcDbEntity
  8
A-MASS
100
AcDbPolyline
 90
4
 70
1
 10
4.473104792258277
 20
2.6807103922886117
 10
5.755145946611451
 20
3.233386546854581
 10
5.734743790234788
 20
3.2513252593208826
 10
4.4527026358816135
 20
2.6986491047549137
  0
HATCH
  5
3DB
330
17
100
AcDbEntity
  8
A-MASS
 62
7
420
9211020
100
AcDbHatch
 10
0.0
 20
0.0
 30
0.0
210
0.0
220
0.0
230
1.0
  2
SOLID
 70
1
 71
0
 91
1
 92
3
 72
0
 73
1
 93
4
 10
4.473104792258277
 20
2.5475697878064754
 10
5.755145946611451
 20
3.100245942372445
 10
5.755145946611451
 20
3.233386546854581
 10
4.473104792258277
 20
2.6807103922886117
 97
0
 75
0
 76
1
 98
0
  0
LWPOLYLINE
  5
3DC
330
17
100
AcDbEntity
  8
A-MASS
100
AcDbPolyline
 90
4
 70
1
 10
4.473104792258277
 20
2.5475697878064754
 10
5.755145946611451
 20
3.100245942372445
 10
5.755145946611451
 20
3.233386546854581
 10
4.473104792258277
 20
2.6807103922886117
  0
HATCH
  5
3DD
330
17
100
AcDbEntity
  8
A-MASS
 62
7
420
8224125
100
AcDbHatch
 10
0.0
 20
0.0
 30
0.0
210
0.0
220
0.0
230
1.0
  2
SOLID
 70
1
 71
0
 91
1
 92
3
 72
0
 73
1
 93
4
 10
4.4527026358816135
 20
2.5655085002727773
 10
4.473104792258277
 20
2.5475697878064754
 10
4.473104792258277
 20
2.6807103922886117
 10
4.4527026358816135
 20
2.6986491047549137
 97
0
 75
0
 76
1
 98
0
  0
LWPOLYLINE
  5
3DE
330
17
100
AcDbEntity
  8
A-MASS
100
AcDbPolyline
 90
4
 70
1
 10
4.4527026358816135
 20
2.5655085002727773
 10
4.473104792258277
 20
2.5475697878064754
 10
4.473104792258277
 20
2.6807103922886117
 10
4.4527026358816135
 20
2.6986491047549137
  0
HATCH
  5
3DF
330
17
100
AcDbEntity
  8
A-MASS
 62
7
420
10263708
100
AcDbHatch
 10
0.0
 20
0.0
 30
0.0
210
0.0
220
0.0
230
1.0
  2
SOLID
 70
1
 71
0
 91
1
 92
3
 72
0
 73
1
 93
4
 10
4.4935069486349395
 20
2.6791222803727477
 10
5.775548102988114
 20
3.2317984349387165
 10
5.755145946611451
 20
3.2497371474050185
 10
4.473104792258277
 20
2.6970609928390497
 97
0
 75
0
 76
1
 98
0
  0
LWPOLYLINE
  5
3E0
330
17
100
AcDbEntity
  8
A-MASS
100
AcDbPolyline
 90
4
 70
1
 10
4.4935069486349395
 20
2.6791222803727477
 10
5.775548102988114
 20
3.2317984349387165
 10
5.755145946611451
 20
3.2497371474050185
 10
4.473104792258277
 20
2.6970609928390497
  0
HATCH
  5
3E1
330
17
100
AcDbEntity
  8
A-MASS
 62
7
420
9211020
100
AcDbHatch
 10
0.0
 20
0.0
 30
0.0
210
0.0
220
0.0
230
1.0
  2
SOLID
 70
1
 71
0
 91
1
 92
3
 72
0
 73
1
 93
4
 10
4.4935069486349395
 20
2.529631075340174
 10
5.775548102988114
 20
3.082307229906143
 10
5.775548102988114
 20
3.2317984349387165
 10
4.4935069486349395
 20
2.6791222803727477
 97
0
 75
0
 76
1
 98
0
  0
LWPOLYLINE
  5
3E2
330
17
100
AcDbEntity
  8
A-MASS
100
AcDbPolyline
 90
4
 70
1
 10
4.4935069486349395
 20
2.529631075340174
 10
5.775548102988114
 20
3.082307229906143
 10
5.775548102988114
 20
3.2317984349387165
 10
4.4935069486349395
 20
2.6791222803727477
  0
HATCH
  5
3E3
330
17
100
AcDbEntity
  8
A-MASS
 62
7
420
8224125
100
AcDbHatch
 10
0.0
 20
0.0
 30
0.0
210
0.0
220
0.0
230
1.0
  2
SOLID
 70
1
 71
0
 91
1
 92
3
 72
0
 73
1
 93
4
 10
4.473104792258277
 20
2.5475697878064754
 10
4.4935069486349395
 20
2.529631075340174
 10
4.4935069486349395
 20
2.6791222803727477
 10
4.473104792258277
 20
2.6970609928390497
 97
0
 75
0
 76
1
 98
0
  0
LWPOLYLINE
  5
3E4
330
17
100
AcDbEntity
  8
A-MASS
100
AcDbPolyline
 90
4
 70
1
 10
4.473104792258277
 20
2.5475697878064754
 10
4.4935069486349395
 20
2.529631075340174
 10
4.4935069486349395
 20
2.6791222803727477
 10
4.473104792258277
 20
2.6970609928390497
  0
HATCH
  5
3E5
330
17
100
AcDbEntity
  8
A-MASS
 62
7
420
12698049
100
AcDbHatch
 10
0.0
 20
0.0
 30
0.0
210
0.0
220
0.0
230
1.0
  2
SOLID
 70
1
 71
0
 91
1
 92
3
 72
0
 73
1
 93
4
 10
6.163946614696332
 20
2.9212088324965713
 10
6.167353932912368
 20
2.9287095079332883
 10
6.167353932912368
 20
3.0945513135163
 10
6.163946614696332
 20
3.087050638079583
 97
0
 75
0
 76
1
 98
0
  0
LWPOLYLINE
  5
3E6
330
17
100
AcDbEntity
  8
A-MASS
100
AcDbPolyline
 90
4
 70
1
 10
6.163946614696332
 20
2.9212088324965713
 10
6.167353932912368
 20
2.9287095079332883
 10
6.167353932912368
 20
3.0945513135163
 10
6.163946614696332
 20
3.087050638079583
  0
HATCH
  5
3E7
330
17
100
AcDbEntity
  8
A-MASS
 62
7
420
12698049
100
AcDbHatch
 10
0.0
 20
0.0
 30
0.0
210
0.0
220
0.0
230
1.0
  2
SOLID
 70
1
 71
0
 91
1
 92
3
 72
0
 73
1
 93
4
 10
6.1587986571120545
 20
2.912196286013608
 10
6.163946614696332
 20
2.9212088324965713
 10
6.163946614696332
 20
3.087050638079583
 10
6.1587986571120545
 20
3.0780380915966203
 97
0
 75
0
 76
1
 98
0
  0
LWPOLYLINE
  5
3E8
330
17
100
AcDbEntity
  8
A-MASS
100
AcDbPolyline
 90
4
 70
1
 10
6.1587986571120545
 20
2.912196286013608
 10
6.163946614696332
 20
2.9212088324965713
 10
6.163946614696332
 20
3.087050638079583
 10
6.1587986571120545
 20
3.0780380915966203
  0
HATCH
  5
3E9
330
17
100
AcDbEntity
  8
A-MASS
 62
7
420
12698049
100
AcDbHatch
 10
0.0
 20
0.0
 30
0.0
210
0.0
220
0.0
230
1.0
  2
SOLID
 70
1
 71
0
 91
1
 92
3
 72
0
 73
1
 93
4
 10
6.152704298236195
 20
2.903410324707407
 10
6.1587986571120545
 20
2.912196286013608
 10
6.1587986571120545
 20
3.0780380915966203
 10
6.152704298236195
 20
3.069252130290418
 97
0
 75
0
 76
1
 98
0
  0
LWPOLYLINE
  5
3EA
330
17
100
AcDbEntity
  8
A-MASS
100
AcDbPolyline
 90
4
 70
1
 10
6.152704298236195
 20
2.903410324707407
 10
6.1587986571120545
 20
2.912196286013608
 10
6.1587986571120545
 20
3.0780380915966203
 10
6.152704298236195
 20
3.069252130290418
  0
HATCH
  5
3EB
330
17
100
AcDbEntity
  8
A-MASS
 62
7
420
12698049
100
AcDbHatch
 10
0.0
 20
0.0
 30
0.0
210
0.0
220
0.0
230
1.0
  2
SOLID
 70
1
 71
0
 91
1
 92
3
 72
0
 73
1
 93
4
 10
6.145689635049081
 20
2.894888571413124
 10
6.152704298236195
 20
2.903410324707407
 10
6.152704298236195
 20
3.069252130290418
 10
6.145689635049081
 20
3.060730376996136
 97
0
 75
0
 76
1
 98
0
  0
LWPOLYLINE
  5
3EC
330
17
100
AcDbEntity
  8
A-MASS
100
AcDbPolyline
 90
4
 70
1
 10
6.145689635049081
 20
2.894888571413124
 10
6.152704298236195
 20
2.903410324707407
 10
6.152704298236195
 20
3.069252130290418
 10
6.145689635049081
 20
3.060730376996136
  0
HATCH
  5
3ED
330
17
100
AcDbEntity
  8
A-MASS
 62
7
420
12698049
100
AcDbHatch
 10
0.0
 20
0.0
 30
0.0
210
0.0
220
0.0
230
1.0
  2
SOLID
 70
1
 71
0
 91
1
 92
3
 72
0
 73
1
 93
4
 10
6.137784705415392
 20
2.88666751758665
 10
6.145689635049081
 20
2.894888571413124
 10
6.145689635049081
 20
3.060730376996136
 10
6.137784705415392
 20
3.0525093231696623
 97
0
 75
0
 76
1
 98
0
  0
LWPOLYLINE
  5
3EE
330
17
100
AcDbEntity
  8
A-MASS
100
AcDbPolyline
 90
4
 70
1
 10
6.137784705415392
 20
2.88666751758665
 10
6.145689635049081
 20
2.894888571413124
 10
6.145689635049081
 20
3.060730376996136
 10
6.137784705415392
 20
3.0525093231696623
  0
HATCH
  5
3EF
330
17
100
AcDbEntity
  8
A-MASS
 62
7
420
12698049
100
AcDbHatch
 10
0.0
 20
0.0
 30
0.0
210
0.0
220
0.0
230
1.0
  2
SOLID
 70
1
 71
0
 91
1
 92
3
 72
0
 73
1
 93
4
 10
6.129023359457405
 20
2.8787823670425894
 10
6.137784705415392
 20
2.88666751758665
 10
6.137784705415392
 20
3.0525093231696623
 10
6.129023359457405
 20
3.044624172625601
 97
0
 75
0
 76
1
 98
0
  0
LWPOLYLINE
  5
3F0
330
17
100
AcDbEntity
  8
A-MASS
100
AcDbPolyline
 90
4
 70
1
 10
6.129023359457405
 20
2.8787823670425894
 10
6.137784705415392
 20
2.88666751758665
 10
6.137784705415392
 20
3.0525093231696623
 10
6.129023359457405
 20
3.044624172625601
  0
HATCH
  5
3F1
330
17
100
AcDbEntity
  8
A-MASS
 62
7
420
12698049
100
AcDbHatch
 10
0.0
 20
0.0
 30
0.0
210
0.0
220
0.0
230
1.0
  2
SOLID
 70
1
 71
0
 91
1
 92
3
 72
0
 73
1
 93
4
 10
6.1194431146035795
 20
2.871266885206121
 10
6.129023359457405
 20
2.8787823670425894
 10
6.129023359457405
 20
3.044624172625601
 10
6.1194431146035795
 20
3.0371086907891334
 97
0
 75
0
 76
1
 98
0
  0
LWPOLYLINE
  5
3F2
330
17
100
AcDbEntity
  8
A-MASS
100
AcDbPolyline
 90
4
 70
1
 10
6.1194431146035795
 20
2.871266885206121
 10
6.129023359457405
 20
2.8787823670425894
 10
6.129023359457405
 20
3.044624172625601
 10
6.1194431146035795
 20
3.0371086907891334
  0
HATCH
  5
3F3
330
17
100
AcDbEntity
  8
A-MASS
 62
7
420
12698049
100
AcDbHatch
 10
0.0
 20
0.0
 30
0.0
210
0.0
220
0.0
230
1.0
  2
SOLID
 70
1
 71
0
 91
1
 92
3
 72
0
 73
1
 93
4
 10
6.1090849949331645
 20
2.8641532545242674
 10
6.1194431146035795
 20
2.871266885206121
 10
6.1194431146035795
 20
3.0371086907891334
 10
6.1090849949331645
 20
3.0299950601072796
 97
0
 75
0
 76
1
 98
0
  0
LWPOLYLINE
  5
3F4
330
17
100
AcDbEntity
  8
A-MASS
100
AcDbPolyline
 90
4
 70
1
 10
6.1090849949331645
 20
2.8641532545242674
 10
6.1194431146035795
 20
2.871266885206121
 10
6.1194431146035795
 20
3.0371086907891334
 10
6.1090849949331645
 20
3.0299950601072796
  0
HATCH
  5
3F5
330
17
100
AcDbEntity
  8
A-MASS
 62
7
420
12698049
100
AcDbHatch
 10
0.0
 20
0.0
 30
0.0
210
0.0
220
0.0
230
1.0
  2
SOLID
 70
1
 71
0
 91
1
 92
3
 72
0
 73
1
 93
4
 10
6.097993355504798
 20
2.8574719366557124
 10
6.1090849949331645
 20
2.8641532545242674
 10
6.1090849949331645
 20
3.0299950601072796
 10
6.097993355504798
 20
3.0233137422387246
 97
0
 75
0
 76
1
 98
0
  0
LWPOLYLINE
  5
3F6
330
17
100
AcDbEntity
  8
A-MASS
100
AcDbPolyline
 90
4
 70
1
 10
6.097993355504798
 20
2.8574719366557124
 10
6.1090849949331645
 20
2.8641532545242674
 10
6.1090849949331645
 20
3.0299950601072796
 10
6.097993355504798
 20
3.0233137422387246
  0
HATCH
  5
3F7
330
17
100
AcDbEntity
  8
A-MASS
 62
7
420
12698049
100
AcDbHatch
 10
0.0
 20
0.0
 30
0.0
210
0.0
220
0.0
230
1.0
  2
SOLID
 70
1
 71
0
 91
1
 92
3
 72
0
 73
1
 93
4
 10
6.086215692421328
 20
2.8512515420293036
 10
6.097993355504798
 20
2.8574719366557124
 10
6.097993355504798
 20
3.0233137422387246
 10
6.086215692421328
 20
3.0170933476123154
 97
0
 75
0
 76
1
 98
0
  0
LWPOLYLINE
  5
3F8
330
17
100
AcDbEntity
  8
A-MASS
100
AcDbPolyline
 90
4
 70
1
 10
6.086215692421328
 20
2.8512515420293036
 10
6.097993355504798
 20
2.8574719366557124
 10
6.097993355504798
 20
3.0233137422387246
 10
6.086215692421328
 20
3.0170933476123154
  0
HATCH
  5
3F9
330
17
100
AcDbEntity
  8
A-MASS
 62
7
420
12698049
100
AcDbHatch
 10
0.0
 20
0.0
 30
0.0
210
0.0
220
0.0
230
1.0
  2
SOLID
 70
1
 71
0
 91
1
 92
3
 72
0
 73
1
 93
4
 10
6.073802439444222
 20
2.845518707329804
 10
6.086215692421328
 20
2.8512515420293036
 10
6.086215692421328
 20
3.0170933476123154
 10
6.073802439444222
 20
3.0113605129128156
 97
0
 75
0
 76
1
 98
0
  0
LWPOLYLINE
  5
3FA
330
17
100
AcDbEntity
  8
A-MASS
100
AcDbPolyline
 90
4
 70
1
 10
6.073802439444222
 20
2.845518707329804
 10
6.086215692421328
 20
2.8512515420293036
 10
6.086215692421328
 20
3.0170933476123154
 10
6.073802439444222
 20
3.0113605129128156
  0
HATCH
  5
3FB
330
17
100
AcDbEntity
  8
A-MASS
 62
7
420
11250603
100
AcDbHatch
 10
0.0
 20
0.0
 30
0.0
210
0.0
220
0.0
230
1.0
  2
SOLID
 70
1
 71
0
 91
1
 92
3
 72
0
 73
1
 93
4
 10
5.328776185562008
 20
2.8897079639210324
 10
5.607605656043068
 20
2.644545560214906
 10
5.607605656043068
 20
2.8103873657979177
 10
5.328776185562008
 20
3.055549769504044
 97
0
 75
0
 76
1
 98
0
  0
LWPOLYLINE
  5
3FC
330
17
100
AcDbEntity
  8
A-MASS
100
AcDbPolyline
 90
4
 70
1
 10
5.328776185562008
 20
2.8897079639210324
 10
5.607605656043068
 20
2.644545560214906
 10
5.607605656043068
 20
2.8103873657979177
 10
5.328776185562008
 20
3.055549769504044
  0
HATCH
  5
3FD
330
17
100
AcDbEntity
  8
A-MASS
 62
7
420
12698049
100
AcDbHatch
 10
0.0
 20
0.0
 30
0.0
210
0.0
220
0.0
230
1.0
  2
SOLID
 70
1
 71
0
 91
1
 92
3
 72
0
 73
1
 93
4
 10
5.607605656043068
 20
2.644545560214906
 10
6.073802439444222
 20
2.845518707329804
 10
6.073802439444222
 20
3.0113605129128156
 10
5.607605656043068
 20
2.8103873657979177
 97
0
 75
0
 76
1
 98
0
  0
LWPOLYLINE
  5
3FE
330
17
100
AcDbEntity
  8
A-MASS
100
AcDbPolyline
 90
4
 70
1
 10
5.607605656043068
 20
2.644545560214906
 10
6.073802439444222
 20
2.845518707329804
 10
6.073802439444222
 20
3.0113605129128156
 10
5.607605656043068
 20
2.8103873657979177
  0
HATCH
  5
3FF
330
17
100
AcDbEntity
  8
A-MASS
 62
7
420
14079702
100
AcDbHatch
 10
0.0
 20
0.0
 30
0.0
210
0.0
220
0.0
230
1.0
  2
SOLID
 70
1
 71
0
 91
1
 92
3
 72
0
 73
1
 93
15
 10
5.328776185562008
 20
3.055549769504044
 10
5.607605656043068
 20
2.8103873657979177
 10
6.073802439444222
 20
3.0113605129128156
 10
6.086215692421328
 20
3.0170933476123154
 10
6.097993355504798
 20
3.0233137422387246
 10
6.1090849949331645
 20
3.0299950601072796
 10
6.1194431146035795
 20
3.0371086907891334
 10
6.129023359457405
 20
3.044624172625601
 10
6.137784705415392
 20
3.0525093231696623
 10
6.145689635049081
 20
3.060730376996136
 10
6.152704298236195
 20
3.069252130290418
 10
6.1587986571120545
 20
3.0780380915966203
 10
6.163946614696332
 20
3.087050638079583
 10
6.167353932912368
 20
3.0945513135163
 10
5.921234597800974
 20
3.31095314396256
 97
0
 75
0
 76
1
 98
0
  0
LWPOLYLINE
  5
400
330
17
100
AcDbEntity
  8
A-MASS
100
AcDbPolyline
 90
15
 70
1
 10
5.328776185562008
 20
3.055549769504044
 10
5.607605656043068
 20
2.8103873657979177
 10
6.073802439444222
 20
3.0113605129128156
 10
6.086215692421328
 20
3.0170933476123154
 10
6.097993355504798
 20
3.0233137422387246
 10
6.1090849949331645
 20
3.0299950601072796
 10
6.1194431146035795
 20
3.0371086907891334
 10
6.129023359457405
 20
3.044624172625601
 10
6.137784705415392
 20
3.0525093231696623
 10
6.145689635049081
 20
3.060730376996136
 10
6.152704298236195
 20
3.069252130290418
 10
6.1587986571120545
 20
3.0780380915966203
 10
6.163946614696332
 20
3.087050638079583
 10
6.167353932912368
 20
3.0945513135163
 10
5.921234597800974
 20
3.31095314396256
  0
HATCH
  5
401
330
17
100
AcDbEntity
  8
A-MASS
 62
7
420
12698049
100
AcDbHatch
 10
0.0
 20
0.0
 30
0.0
210
0.0
220
0.0
230
1.0
  2
SOLID
 70
1
 71
0
 91
1
 92
3
 72
0
 73
1
 93
4
 10
4.81306010383116
 20
2.605008415402493
 10
5.3763812171075545
 20
2.8478509681663278
 10
5.3763812171075545
 20
3.0136927737493395
 10
4.81306010383116
 20
2.770850220985505
 97
0
 75
0
 76
1
 98
0
  0
LWPOLYLINE
  5
402
330
17
100
AcDbEntity
  8
A-MASS
100
AcDbPolyline
 90
4
 70
1
 10
4.81306010383116
 20
2.605008415402493
 10
5.3763812171075545
 20
2.8478509681663278
 10
5.3763812171075545
 20
3.0136927737493395
 10
4.81306010383116
 20
2.770850220985505
  0
HATCH
  5
403
330
17
100
AcDbEntity
  8
A-MASS
 62
7
420
11250603
100
AcDbHatch
 10
0.0
 20
0.0
 30
0.0
210
0.0
220
0.0
230
1.0
  2
SOLID
 70
1
 71
0
 91
1
 92
3
 72
0
 73
1
 93
4
 10
4.765455072285613
 20
2.646865411157197
 10
4.81306010383116
 20
2.605008415402493
 10
4.81306010383116
 20
2.770850220985505
 10
4.765455072285613
 20
2.8127072167402094
 97
0
 75
0
 76
1
 98
0
  0
LWPOLYLINE
  5
404
330
17
100
AcDbEntity
  8
A-MASS
100
AcDbPolyline
 90
4
 70
1
 10
4.765455072285613
 20
2.646865411157197
 10
4.81306010383116
 20
2.605008415402493
 10
4.81306010383116
 20
2.770850220985505
 10
4.765455072285613
 20
2.8127072167402094
  0
HATCH
  5
405
330
17
100
AcDbEntity
  8
A-MASS
 62
7
420
14079702
100
AcDbHatch
 10
0.0
 20
0.0
 30
0.0
210
0.0
220
0.0
230
1.0
  2
SOLID
 70
1
 71
0
 91
1
 92
3
 72
0
 73
1
 93
4
 10
4.81306010383116
 20
2.770850220985505
 10
5.3763812171075545
 20
3.0136927737493395
 10
5.328776185562008
 20
3.055549769504044
 10
4.765455072285613
 20
2.8127072167402094
 97
0
 75
0
 76
1
 98
0
  0
LWPOLYLINE
  5
406
330
17
100
AcDbEntity
  8
A-MASS
100
AcDbPolyline
 90
4
 70
1
 10
4.81306010383116
 20
2.770850220985505
 10
5.3763812171075545
 20
3.0136927737493395
 10
5.328776185562008
 20
3.055549769504044
 10
4.765455072285613
 20
2.8127072167402094
  0
HATCH
  5
407
330
17
100
AcDbEntity
  8
A-MASS
 62
7
420
11250603
100
AcDbHatch
 10
0.0
 20
0.0
 30
0.0
210
0.0
220
0.0
230
1.0
  2
SOLID
 70
1
 71
0
 91
1
 92
3
 72
0
 73
1
 93
4
 10
4.4935069486349395
 20
2.529631075340174
 10
4.772336419116001
 20
2.2844686716340474
 10
4.772336419116001
 20
2.450310477217059
 10
4.4935069486349395
 20
2.6954728809231856
 97
0
 75
0
 76
1
 98
0
  0
LWPOLYLINE
  5
408
330
17
100
AcDbEntity
  8
A-MASS
100
AcDbPolyline
 90
4
 70
1
 10
4.4935069486349395
 20
2.529631075340174
 10
4.772336419116001
 20
2.2844686716340474
 10
4.772336419116001
 20
2.450310477217059
 10
4.4935069486349395
 20
2.6954728809231856
  0
HATCH
  5
409
330
17
100
AcDbEntity
  8
A-MASS
 62
7
420
12698049
100
AcDbHatch
 10
0.0
 20
0.0
 30
0.0
210
0.0
220
0.0
230
1.0
  2
SOLID
 70
1
 71
0
 91
1
 92
3
 72
0
 73
1
 93
4
 10
4.772336419116001
 20
2.2844686716340474
 10
5.044284542766674
 20
2.4017030074510712
 10
5.044284542766674
 20
2.5675448130340826
 10
4.772336419116001
 20
2.450310477217059
 97
0
 75
0
 76
1
 98
0
  0
LWPOLYLINE
  5
40A
330
17
100
AcDbEntity
  8
A-MASS
100
AcDbPolyline
 90
4
 70
1
 10
4.772336419116001
 20
2.2844686716340474
 10
5.044284542766674
 20
2.4017030074510712
 10
5.044284542766674
 20
2.5675448130340826
 10
4.772336419116001
 20
2.450310477217059
  0
HATCH
  5
40B
330
17
100
AcDbEntity
  8
A-MASS
 62
7
420
14079702
100
AcDbHatch
 10
0.0
 20
0.0
 30
0.0
210
0.0
220
0.0
230
1.0
  2
SOLID
 70
1
 71
0
 91
1
 92
3
 72
0
 73
1
 93
4
 10
4.4935069486349395
 20
2.6954728809231856
 10
4.772336419116001
 20
2.450310477217059
 10
5.044284542766674
 20
2.5675448130340826
 10
4.765455072285613
 20
2.8127072167402094
 97
0
 75
0
 76
1
 98
0
  0
LWPOLYLINE
  5
40C
330
17
100
AcDbEntity
  8
A-MASS
100
AcDbPolyline
 90
4
 70
1
 10
4.4935069486349395
 20
2.6954728809231856
 10
4.772336419116001
 20
2.450310477217059
 10
5.044284542766674
 20
2.5675448130340826
 10
4.765455072285613
 20
2.8127072167402094
  0
HATCH
  5
40D
330
17
100
AcDbEntity
  8
A-MASS
 62
7
420
11250603
100
AcDbHatch
 10
0.0
 20
0.0
 30
0.0
210
0.0
220
0.0
230
1.0
  2
SOLID
 70
1
 71
0
 91
1
 92
3
 72
0
 73
1
 93
4
 10
2.607844675474943
 20
3.5178143961605377
 10
2.6086906098526588
 20
3.5082750123795594
 10
2.6086906098526588
 20
3.674116817962571
 10
2.607844675474943
 20
3.683656201743549
 97
0
 75
0
 76
1
 98
0
  0
LWPOLYLINE
  5
40E
330
17
100
AcDbEntity
  8
A-MASS
100
AcDbPolyline
 90
4
 70
1
 10
2.607844675474943
 20
3.5178143961605377
 10
2.6086906098526588
 20
3.5082750123795594
 10
2.6086906098526588
 20
3.674116817962571
 10
2.607844675474943
 20
3.683656201743549
  0
HATCH
  5
40F
330
17
100
AcDbEntity
  8
A-MASS
 62
7
420
11250603
100
AcDbHatch
 10
0.0
 20
0.0
 30
0.0
210
0.0
220
0.0
230
1.0
  2
SOLID
 70
1
 71
0
 91
1
 92
3
 72
0
 73
1
 93
4
 10
2.6086906098526588
 20
3.5082750123795594
 10
2.6105481236172174
 20
3.4987901157033834
 10
2.6105481236172174
 20
3.664631921286395
 10
2.6086906098526588
 20
3.674116817962571
 97
0
 75
0
 76
1
 98
0
  0
LWPOLYLINE
  5
410
330
17
100
AcDbEntity
  8
A-MASS
100
AcDbPolyline
 90
4
 70
1
 10
2.6086906098526588
 20
3.5082750123795594
 10
2.6105481236172174
 20
3.4987901157033834
 10
2.6105481236172174
 20
3.664631921286395
 10
2.6086906098526588
 20
3.674116817962571
  0
HATCH
  5
411
330
17
100
AcDbEntity
  8
A-MASS
 62
7
420
11250603
100
AcDbHatch
 10
0.0
 20
0.0
 30
0.0
210
0.0
220
0.0
230
1.0
  2
SOLID
 70
1
 71
0
 91
1
 92
3
 72
0
 73
1
 93
4
 10
2.6105481236172174
 20
3.4987901157033834
 10
2.6134092626095082
 20
3.489400321915725
 10
2.6134092626095082
 20
3.6552421274987363
 10
2.6105481236172174
 20
3.664631921286395
 97
0
 75
0
 76
1
 98
0
  0
LWPOLYLINE
  5
412
330
17
100
AcDbEntity
  8
A-MASS
100
AcDbPolyline
 90
4
 70
1
 10
2.6105481236172174
 20
3.4987901157033834
 10
2.6134092626095082
 20
3.489400321915725
 10
2.6134092626095082
 20
3.6552421274987363
 10
2.6105481236172174
 20
3.664631921286395
  0
HATCH
  5
413
330
17
100
AcDbEntity
  8
A-MASS
 62
7
420
11250603
100
AcDbHatch
 10
0.0
 20
0.0
 30
0.0
210
0.0
220
0.0
230
1.0
  2
SOLID
 70
1
 71
0
 91
1
 92
3
 72
0
 73
1
 93
4
 10
2.6134092626095082
 20
3.489400321915725
 10
2.6172617749931177
 20
3.4801458395551297
 10
2.6172617749931177
 20
3.645987645138141
 10
2.6134092626095082
 20
3.6552421274987363
 97
0
 75
0
 76
1
 98
0
  0
LWPOLYLINE
  5
414
330
17
100
AcDbEntity
  8
A-MASS
100
AcDbPolyline
 90
4
 70
1
 10
2.6134092626095082
 20
3.489400321915725
 10
2.6172617749931177
 20
3.4801458395551297
 10
2.6172617749931177
 20
3.645987645138141
 10
2.6134092626095082
 20
3.6552421274987363
  0
HATCH
  5
415
330
17
100
AcDbEntity
  8
A-MASS
 62
7
420
11250603
100
AcDbHatch
 10
0.0
 20
0.0
 30
0.0
210
0.0
220
0.0
230
1.0
  2
SOLID
 70
1
 71
0
 91
1
 92
3
 72
0
 73
1
 93
4
 10
2.6172617749931177
 20
3.4801458395551297
 10
2.622089163718569
 20
3.4710662977358395
 10
2.622089163718569
 20
3.6369081033188513
 10
2.6172617749931177
 20
3.645987645138141
 97
0
 75
0
 76
1
 98
0
  0
LWPOLYLINE
  5
416
330
17
100
AcDbEntity
  8
A-MASS
100
AcDbPolyline
 90
4
 70
1
 10
2.6172617749931177
 20
3.4801458395551297
 10
2.622089163718569
 20
3.4710662977358395
 10
2.622089163718569
 20
3.6369081033188513
 10
2.6172617749931177
 20
3.645987645138141
  0
HATCH
  5
417
330
17
100
AcDbEntity
  8
A-MASS
 62
7
420
11250603
100
AcDbHatch
 10
0.0
 20
0.0
 30
0.0
210
0.0
220
0.0
230
1.0
  2
SOLID
 70
1
 71
0
 91
1
 92
3
 72
0
 73
1
 93
4
 10
2.622089163718569
 20
3.4710662977358395
 10
2.627870757166227
 20
3.462200576449842
 10
2.627870757166227
 20
3.6280423820328536
 10
2.622089163718569
 20
3.6369081033188513
 97
0
 75
0
 76
1
 98
0
  0
LWPOLYLINE
  5
418
330
17
100
AcDbEntity
  8
A-MASS
100
AcDbPolyline
 90
4
 70
1
 10
2.622089163718569
 20
3.4710662977358395
 10
2.627870757166227
 20
3.462200576449842
 10
2.627870757166227
 20
3.6280423820328536
 10
2.622089163718569
 20
3.6369081033188513
  0
HATCH
  5
419
330
17
100
AcDbEntity
  8
A-MASS
 62
7
420
11250603
100
AcDbHatch
 10
0.0
 20
0.0
 30
0.0
210
0.0
220
0.0
230
1.0
  2
SOLID
 70
1
 71
0
 91
1
 92
3
 72
0
 73
1
 93
4
 10
2.627870757166227
 20
3.462200576449842
 10
2.6345817976653416
 20
3.4535866400767734
 10
2.6345817976653416
 20
3.6194284456597847
 10
2.627870757166227
 20
3.6280423820328536
 97
0
 75
0
 76
1
 98
0
  0
LWPOLYLINE
  5
41A
330
17
100
AcDbEntity
  8
A-MASS
100
AcDbPolyline
 90
4
 70
1
 10
2.627870757166227
 20
3.462200576449842
 10
2.6345817976653416
 20
3.4535866400767734
 10
2.6345817976653416
 20
3.6194284456597847
 10
2.627870757166227
 20
3.6280423820328536
  0
HATCH
  5
41B
330
17
100
AcDbEntity
  8
A-MASS
 62
7
420
11250603
100
AcDbHatch
 10
0.0
 20
0.0
 30
0.0
210
0.0
220
0.0
230
1.0
  2
SOLID
 70
1
 71
0
 91
1
 92
3
 72
0
 73
1
 93
4
 10
2.6345817976653416
 20
3.4535866400767734
 10
2.6421935475101983
 20
3.445261374814619
 10
2.6421935475101983
 20
3.61110318039763
 10
2.6345817976653416
 20
3.6194284456597847
 97
0
 75
0
 76
1
 98
0
  0
LWPOLYLINE
  5
41C
330
17
100
AcDbEntity
  8
A-MASS
100
AcDbPolyline
 90
4
 70
1
 10
2.6345817976653416
 20
3.4535866400767734
 10
2.6421935475101983
 20
3.445261374814619
 10
2.6421935475101983
 20
3.61110318039763
 10
2.6345817976653416
 20
3.6194284456597847
  0
HATCH
  5
41D
330
17
100
AcDbEntity
  8
A-MASS
 62
7
420
11250603
100
AcDbHatch
 10
0.0
 20
0.0
 30
0.0
210
0.0
220
0.0
230
1.0
  2
SOLID
 70
1
 71
0
 91
1
 92
3
 72
0
 73
1
 93
4
 10
2.6421935475101983
 20
3.445261374814619
 10
2.6506734120193842
 20
3.437260430727349
 10
2.6506734120193842
 20
3.603102236310361
 10
2.6421935475101983
 20
3.61110318039763
 97
0
 75
0
 76
1
 98
0
  0
LWPOLYLINE
  5
41E
330
17
100
AcDbEntity
  8
A-MASS
100
AcDbPolyline
 90
4
 70
1
 10
2.6421935475101983
 20
3.445261374814619
 10
2.6506734120193842
 20
3.437260430727349
 10
2.6506734120193842
 20
3.603102236310361
 10
2.6421935475101983
 20
3.61110318039763
  0
HATCH
  5
41F
330
17
100
AcDbEntity
  8
A-MASS
 62
7
420
11250603
100
AcDbHatch
 10
0.0
 20
0.0
 30
0.0
210
0.0
220
0.0
230
1.0
  2
SOLID
 70
1
 71
0
 91
1
 92
3
 72
0
 73
1
 93
4
 10
2.6506734120193842
 20
3.437260430727349
 10
4.092425795970234
 20
2.169591416442013
 10
4.092425795970234
 20
2.3354332220250242
 10
2.6506734120193842
 20
3.603102236310361
 97
0
 75
0
 76
1
 98
0
  0
LWPOLYLINE
  5
420
330
17
100
AcDbEntity
  8
A-MASS
100
AcDbPolyline
 90
4
 70
1
 10
2.6506734120193842
 20
3.437260430727349
 10
4.092425795970234
 20
2.169591416442013
 10
4.092425795970234
 20
2.3354332220250242
 10
2.6506734120193842
 20
3.603102236310361
  0
HATCH
  5
421
330
17
100
AcDbEntity
  8
A-MASS
 62
7
420
12698049
100
AcDbHatch
 10
0.0
 20
0.0
 30
0.0
210
0.0
220
0.0
230
1.0
  2
SOLID
 70
1
 71
0
 91
1
 92
3
 72
0
 73
1
 93
4
 10
4.422688831565135
 20
2.133738811297874
 10
4.772336419116001
 20
2.2844686716340474
 10
4.772336419116001
 20
2.450310477217059
 10
4.422688831565135
 20
2.2995806168808857
 97
0
 75
0
 76
1
 98
0
  0
LWPOLYLINE
  5
422
330
17
100
AcDbEntity
  8
A-MASS
100
AcDbPolyline
 90
4
 70
1
 10
4.422688831565135
 20
2.133738811297874
 10
4.772336419116001
 20
2.2844686716340474
 10
4.772336419116001
 20
2.450310477217059
 10
4.422688831565135
 20
2.2995806168808857
  0
HATCH
  5
423
330
17
100
AcDbEntity
  8
A-MASS
 62
7
420
11250603
100
AcDbHatch
 10
0.0
 20
0.0
 30
0.0
210
0.0
220
0.0
230
1.0
  2
SOLID
 70
1
 71
0
 91
1
 92
3
 72
0
 73
1
 93
4
 10
4.092425795970234
 20
2.169591416442013
 10
4.101737463062068
 20
2.161949054800537
 10
4.101737463062068
 20
2.3277908603835487
 10
4.092425795970234
 20
2.3354332220250242
 97
0
 75
0
 76
1
 98
0
  0
LWPOLYLINE
  5
424
330
17
100
AcDbEntity
  8
A-MASS
100
AcDbPolyline
 90
4
 70
1
 10
4.092425795970234
 20
2.169591416442013
 10
4.101737463062068
 20
2.161949054800537
 10
4.101737463062068
 20
2.3277908603835487
 10
4.092425795970234
 20
2.3354332220250242
  0
HATCH
  5
425
330
17
100
AcDbEntity
  8
A-MASS
 62
7
420
11250603
100
AcDbHatch
 10
0.0
 20
0.0
 30
0.0
210
0.0
220
0.0
230
1.0
  2
SOLID
 70
1
 71
0
 91
1
 92
3
 72
0
 73
1
 93
4
 10
4.101737463062068
 20
2.161949054800537
 10
4.11184105874851
 20
2.15469800137068
 10
4.11184105874851
 20
2.3205398069536916
 10
4.101737463062068
 20
2.3277908603835487
 97
0
 75
0
 76
1
 98
0
  0
LWPOLYLINE
  5
426
330
17
100
AcDbEntity
  8
A-MASS
100
AcDbPolyline
 90
4
 70
1
 10
4.101737463062068
 20
2.161949054800537
 10
4.11184105874851
 20
2.15469800137068
 10
4.11184105874851
 20
2.3205398069536916
 10
4.101737463062068
 20
2.3277908603835487
  0
HATCH
  5
427
330
17
100
AcDbEntity
  8
A-MASS
 62
7
420
11250603
100
AcDbHatch
 10
0.0
 20
0.0
 30
0.0
210
0.0
220
0.0
230
1.0
  2
SOLID
 70
1
 71
0
 91
1
 92
3
 72
0
 73
1
 93
4
 10
4.11184105874851
 20
2.15469800137068
 10
4.122693317881699
 20
2.147869306276431
 10
4.122693317881699
 20
2.3137111118594427
 10
4.11184105874851
 20
2.3205398069536916
 97
0
 75
0
 76
1
 98
0
  0
LWPOLYLINE
  5
428
330
17
100
AcDbEntity
  8
A-MASS
100
AcDbPolyline
 90
4
 70
1
 10
4.11184105874851
 20
2.15469800137068
 10
4.122693317881699
 20
2.147869306276431
 10
4.122693317881699
 20
2.3137111118594427
 10
4.11184105874851
 20
2.3205398069536916
  0
HATCH
  5
429
330
17
100
AcDbEntity
  8
A-MASS
 62
7
420
11250603
100
AcDbHatch
 10
0.0
 20
0.0
 30
0.0
210
0.0
220
0.0
230
1.0
  2
SOLID
 70
1
 71
0
 91
1
 92
3
 72
0
 73
1
 93
4
 10
4.122693317881699
 20
2.147869306276431
 10
4.134247769421956
 20
2.141492211038544
 10
4.134247769421956
 20
2.3073340166215552
 10
4.122693317881699
 20
2.3137111118594427
 97
0
 75
0
 76
1
 98
0
  0
LWPOLYLINE
  5
42A
330
17
100
AcDbEntity
  8
A-MASS
100
AcDbPolyline
 90
4
 70
1
 10
4.122693317881699
 20
2.147869306276431
 10
4.134247769421956
 20
2.141492211038544
 10
4.134247769421956
 20
2.3073340166215552
 10
4.122693317881699
 20
2.3137111118594427
  0
HATCH
  5
42B
330
17
100
AcDbEntity
  8
A-MASS
 62
7
420
11250603
100
AcDbHatch
 10
0.0
 20
0.0
 30
0.0
210
0.0
220
0.0
230
1.0
  2
SOLID
 70
1
 71
0
 91
1
 92
3
 72
0
 73
1
 93
4
 10
4.134247769421956
 20
2.141492211038544
 10
4.146454935433915
 20
2.1355940233578563
 10
4.146454935433915
 20
2.301435828940868
 10
4.134247769421956
 20
2.3073340166215552
 97
0
 75
0
 76
1
 98
0
  0
LWPOLYLINE
  5
42C
330
17
100
AcDbEntity
  8
A-MASS
100
AcDbPolyline
 90
4
 70
1
 10
4.134247769421956
 20
2.141492211038544
 10
4.146454935433915
 20
2.1355940233578563
 10
4.146454935433915
 20
2.301435828940868
 10
4.134247769421956
 20
2.3073340166215552
  0
HATCH
  5
42D
330
17
100
AcDbEntity
  8
A-MASS
 62
7
420
11250603
100
AcDbHatch
 10
0.0
 20
0.0
 30
0.0
210
0.0
220
0.0
230
1.0
  2
SOLID
 70
1
 71
0
 91
1
 92
3
 72
0
 73
1
 93
4
 10
4.146454935433915
 20
2.1355940233578563
 10
4.1592625429586345
 20
2.130200000179524
 10
4.1592625429586345
 20
2.2960418057625356
 10
4.146454935433915
 20
2.301435828940868
 97
0
 75
0
 76
1
 98
0
  0
LWPOLYLINE
  5
42E
330
17
100
AcDbEntity
  8
A-MASS
100
AcDbPolyline
 90
4
 70
1
 10
4.146454935433915
 20
2.1355940233578563
 10
4.1592625429586345
 20
2.130200000179524
 10
4.1592625429586345
 20
2.2960418057625356
 10
4.146454935433915
 20
2.301435828940868
  0
HATCH
  5
42F
330
17
100
AcDbEntity
  8
A-MASS
 62
7
420
12698049
100
AcDbHatch
 10
0.0
 20
0.0
 30
0.0
210
0.0
220
0.0
230
1.0
  2
SOLID
 70
1
 71
0
 91
1
 92
3
 72
0
 73
1
 93
4
 10
4.409693144149355
 20
2.128518085403587
 10
4.422688831565135
 20
2.133738811297874
 10
4.422688831565135
 20
2.2995806168808857
 10
4.409693144149355
 20
2.2943598909865988
 97
0
 75
0
 76
1
 98
0
  0
LWPOLYLINE
  5
430
330
17
100
AcDbEntity
  8
A-MASS
100
AcDbPolyline
 90
4
 70
1
 10
4.409693144149355
 20
2.128518085403587
 10
4.422688831565135
 20
2.133738811297874
 10
4.422688831565135
 20
2.2995806168808857
 10
4.409693144149355
 20
2.2943598909865988
  0
HATCH
  5
431
330
17
100
AcDbEntity
  8
A-MASS
 62
7
420
11250603
100
AcDbHatch
 10
0.0
 20
0.0
 30
0.0
210
0.0
220
0.0
230
1.0
  2
SOLID
 70
1
 71
0
 91
1
 92
3
 72
0
 73
1
 93
4
 10
4.1592625429586345
 20
2.130200000179524
 10
4.172615747854434
 20
2.125333239538901
 10
4.172615747854434
 20
2.291175045121913
 10
4.1592625429586345
 20
2.2960418057625356
 97
0
 75
0
 76
1
 98
0
  0
LWPOLYLINE
  5
432
330
17
100
AcDbEntity
  8
A-MASS
100
AcDbPolyline
 90
4
 70
1
 10
4.1592625429586345
 20
2.130200000179524
 10
4.172615747854434
 20
2.125333239538901
 10
4.172615747854434
 20
2.291175045121913
 10
4.1592625429586345
 20
2.2960418057625356
  0
HATCH
  5
433
330
17
100
AcDbEntity
  8
A-MASS
 62
7
420
12698049
100
AcDbHatch
 10
0.0
 20
0.0
 30
0.0
210
0.0
220
0.0
230
1.0
  2
SOLID
 70
1
 71
0
 91
1
 92
3
 72
0
 73
1
 93
4
 10
4.396170671823553
 20
2.123831824264293
 10
4.409693144149355
 20
2.128518085403587
 10
4.409693144149355
 20
2.2943598909865988
 10
4.396170671823553
 20
2.2896736298473046
 97
0
 75
0
 76
1
 98
0
  0
LWPOLYLINE
  5
434
330
17
100
AcDbEntity
  8
A-MASS
100
AcDbPolyline
 90
4
 70
1
 10
4.396170671823553
 20
2.123831824264293
 10
4.409693144149355
 20
2.128518085403587
 10
4.409693144149355
 20
2.2943598909865988
 10
4.396170671823553
 20
2.2896736298473046
  0
HATCH
  5
435
330
17
100
AcDbEntity
  8
A-MASS
 62
7
420
11250603
100
AcDbHatch
 10
0.0
 20
0.0
 30
0.0
210
0.0
220
0.0
230
1.0
  2
SOLID
 70
1
 71
0
 91
1
 92
3
 72
0
 73
1
 93
4
 10
4.172615747854434
 20
2.125333239538901
 10
4.186457369647929
 20
2.12101458165221
 10
4.186457369647929
 20
2.286856387235222
 10
4.172615747854434
 20
2.291175045121913
 97
0
 75
0
 76
1
 98
0
  0
LWPOLYLINE
  5
436
330
17
100
AcDbEntity
  8
A-MASS
100
AcDbPolyline
 90
4
 70
1
 10
4.172615747854434
 20
2.125333239538901
 10
4.186457369647929
 20
2.12101458165221
 10
4.186457369647929
 20
2.286856387235222
 10
4.172615747854434
 20
2.291175045121913
  0
HATCH
  5
437
330
17
100
AcDbEntity
  8
A-MASS
 62
7
420
12698049
100
AcDbHatch
 10
0.0
 20
0.0
 30
0.0
210
0.0
220
0.0
230
1.0
  2
SOLID
 70
1
 71
0
 91
1
 92
3
 72
0
 73
1
 93
4
 10
4.382179319890232
 20
2.1197000951696374
 10
4.396170671823553
 20
2.123831824264293
 10
4.396170671823553
 20
2.2896736298473046
 10
4.382179319890232
 20
2.285541900752649
 97
0
 75
0
 76
1
 98
0
  0
LWPOLYLINE
  5
438
330
17
100
AcDbEntity
  8
A-MASS
100
AcDbPolyline
 90
4
 70
1
 10
4.382179319890232
 20
2.1197000951696374
 10
4.396170671823553
 20
2.123831824264293
 10
4.396170671823553
 20
2.2896736298473046
 10
4.382179319890232
 20
2.285541900752649
  0
HATCH
  5
439
330
17
100
AcDbEntity
  8
A-MASS
 62
7
420
11250603
100
AcDbHatch
 10
0.0
 20
0.0
 30
0.0
210
0.0
220
0.0
230
1.0
  2
SOLID
 70
1
 71
0
 91
1
 92
3
 72
0
 73
1
 93
4
 10
4.186457369647929
 20
2.12101458165221
 10
4.200728136389594
 20
2.117262519675534
 10
4.200728136389594
 20
2.2831043252585457
 10
4.186457369647929
 20
2.286856387235222
 97
0
 75
0
 76
1
 98
0
  0
LWPOLYLINE
  5
43A
330
17
100
AcDbEntity
  8
A-MASS
100
AcDbPolyline
 90
4
 70
1
 10
4.186457369647929
 20
2.12101458165221
 10
4.200728136389594
 20
2.117262519675534
 10
4.200728136389594
 20
2.2831043252585457
 10
4.186457369647929
 20
2.286856387235222
  0
HATCH
  5
43B
330
17
100
AcDbEntity
  8
A-MASS
 62
7
420
12698049
100
AcDbHatch
 10
0.0
 20
0.0
 30
0.0
210
0.0
220
0.0
230
1.0
  2
SOLID
 70
1
 71
0
 91
1
 92
3
 72
0
 73
1
 93
4
 10
4.367779001466364
 20
2.1161405908179196
 10
4.382179319890232
 20
2.1197000951696374
 10
4.382179319890232
 20
2.285541900752649
 10
4.367779001466364
 20
2.2819823964009314
 97
0
 75
0
 76
1
 98
0
  0
LWPOLYLINE
  5
43C
330
17
100
AcDbEntity
  8
A-MASS
100
AcDbPolyline
 90
4
 70
1
 10
4.367779001466364
 20
2.1161405908179196
 10
4.382179319890232
 20
2.1197000951696374
 10
4.382179319890232
 20
2.285541900752649
 10
4.367779001466364
 20
2.2819823964009314
  0
HATCH
  5
43D
330
17
100
AcDbEntity
  8
A-MASS
 62
7
420
11250603
100
AcDbHatch
 10
0.0
 20
0.0
 30
0.0
210
0.0
220
0.0
230
1.0
  2
SOLID
 70
1
 71
0
 91
1
 92
3
 72
0
 73
1
 93
4
 10
4.200728136389594
 20
2.117262519675534
 10
4.215366938465354
 20
2.1140931205142843
 10
4.215366938465354
 20
2.279934926097296
 10
4.200728136389594
 20
2.2831043252585457
 97
0
 75
0
 76
1
 98
0
  0
LWPOLYLINE
  5
43E
330
17
100
AcDbEntity
  8
A-MASS
100
AcDbPolyline
 90
4
 70
1
 10
4.200728136389594
 20
2.117262519675534
 10
4.215366938465354
 20
2.1140931205142843
 10
4.215366938465354
 20
2.279934926097296
 10
4.200728136389594
 20
2.2831043252585457
  0
HATCH
  5
43F
330
17
100
AcDbEntity
  8
A-MASS
 62
7
420
12698049
100
AcDbHatch
 10
0.0
 20
0.0
 30
0.0
210
0.0
220
0.0
230
1.0
  2
SOLID
 70
1
 71
0
 91
1
 92
3
 72
0
 73
1
 93
4
 10
4.353031380926217
 20
2.1131685535532374
 10
4.367779001466364
 20
2.1161405908179196
 10
4.367779001466364
 20
2.2819823964009314
 10
4.353031380926217
 20
2.279010359136249
 97
0
 75
0
 76
1
 98
0
  0
LWPOLYLINE
  5
440
330
17
100
AcDbEntity
  8
A-MASS
100
AcDbPolyline
 90
4
 70
1
 10
4.353031380926217
 20
2.1131685535532374
 10
4.367779001466364
 20
2.1161405908179196
 10
4.367779001466364
 20
2.2819823964009314
 10
4.353031380926217
 20
2.279010359136249
  0
HATCH
  5
441
330
17
100
AcDbEntity
  8
A-MASS
 62
7
420
11250603
100
AcDbHatch
 10
0.0
 20
0.0
 30
0.0
210
0.0
220
0.0
230
1.0
  2
SOLID
 70
1
 71
0
 91
1
 92
3
 72
0
 73
1
 93
4
 10
4.215366938465354
 20
2.1140931205142843
 10
4.23031109027733
 20
2.111519956022244
 10
4.23031109027733
 20
2.2773617616052557
 10
4.215366938465354
 20
2.279934926097296
 97
0
 75
0
 76
1
 98
0
  0
LWPOLYLINE
  5
442
330
17
100
AcDbEntity
  8
A-MASS
100
AcDbPolyline
 90
4
 70
1
 10
4.215366938465354
 20
2.1140931205142843
 10
4.23031109027733
 20
2.111519956022244
 10
4.23031109027733
 20
2.2773617616052557
 10
4.215366938465354
 20
2.279934926097296
  0
HATCH
  5
443
330
17
100
AcDbEntity
  8
A-MASS
 62
7
420
12698049
100
AcDbHatch
 10
0.0
 20
0.0
 30
0.0
210
0.0
220
0.0
230
1.0
  2
SOLID
 70
1
 71
0
 91
1
 92
3
 72
0
 73
1
 93
4
 10
4.337999609845039
 20
2.110796710095434
 10
4.353031380926217
 20
2.1131685535532374
 10
4.353031380926217
 20
2.279010359136249
 10
4.337999609845039
 20
2.276638515678446
 97
0
 75
0
 76
1
 98
0
  0
LWPOLYLINE
  5
444
330
17
100
AcDbEntity
  8
A-MASS
100
AcDbPolyline
 90
4
 70
1
 10
4.337999609845039
 20
2.110796710095434
 10
4.353031380926217
 20
2.1131685535532374
 10
4.353031380926217
 20
2.279010359136249
 10
4.337999609845039
 20
2.276638515678446
  0
HATCH
  5
445
330
17
100
AcDbEntity
  8
A-MASS
 62
7
420
11250603
100
AcDbHatch
 10
0.0
 20
0.0
 30
0.0
210
0.0
220
0.0
230
1.0
  2
SOLID
 70
1
 71
0
 91
1
 92
3
 72
0
 73
1
 93
4
 10
4.23031109027733
 20
2.111519956022244
 10
4.2454965986731965
 20
2.1095540448848076
 10
4.2454965986731965
 20
2.2753958504678193
 10
4.23031109027733
 20
2.2773617616052557
 97
0
 75
0
 76
1
 98
0
  0
LWPOLYLINE
  5
446
330
17
100
AcDbEntity
  8
A-MASS
100
AcDbPolyline
 90
4
 70
1
 10
4.23031109027733
 20
2.111519956022244
 10
4.2454965986731965
 20
2.1095540448848076
 10
4.2454965986731965
 20
2.2753958504678193
 10
4.23031109027733
 20
2.2773617616052557
  0
HATCH
  5
447
330
17
100
AcDbEntity
  8
A-MASS
 62
7
420
12698049
100
AcDbHatch
 10
0.0
 20
0.0
 30
0.0
210
0.0
220
0.0
230
1.0
  2
SOLID
 70
1
 71
0
 91
1
 92
3
 72
0
 73
1
 93
4
 10
4.322748056574321
 20
2.1090352170423285
 10
4.337999609845039
 20
2.110796710095434
 10
4.337999609845039
 20
2.276638515678446
 10
4.322748056574321
 20
2.2748770226253403
 97
0
 75
0
 76
1
 98
0
  0
LWPOLYLINE
  5
448
330
17
100
AcDbEntity
  8
A-MASS
100
AcDbPolyline
 90
4
 70
1
 10
4.322748056574321
 20
2.1090352170423285
 10
4.337999609845039
 20
2.110796710095434
 10
4.337999609845039
 20
2.276638515678446
 10
4.322748056574321
 20
2.2748770226253403
  0
HATCH
  5
449
330
17
100
AcDbEntity
  8
A-MASS
 62
7
420
12698049
100
AcDbHatch
 10
0.0
 20
0.0
 30
0.0
210
0.0
220
0.0
230
1.0
  2
SOLID
 70
1
 71
0
 91
1
 92
3
 72
0
 73
1
 93
4
 10
4.2454965986731965
 20
2.1095540448848076
 10
4.26085843697468
 20
2.108203805435278
 10
4.26085843697468
 20
2.27404561101829
 10
4.2454965986731965
 20
2.2753958504678193
 97
0
 75
0
 76
1
 98
0
  0
LWPOLYLINE
  5
44A
330
17
100
AcDbEntity
  8
A-MASS
100
AcDbPolyline
 90
4
 70
1
 10
4.2454965986731965
 20
2.1095540448848076
 10
4.26085843697468
 20
2.108203805435278
 10
4.26085843697468
 20
2.27404561101829
 10
4.2454965986731965
 20
2.2753958504678193
  0
HATCH
  5
44B
330
17
100
AcDbEntity
  8
A-MASS
 62
7
420
12698049
100
AcDbHatch
 10
0.0
 20
0.0
 30
0.0
210
0.0
220
0.0
230
1.0
  2
SOLID
 70
1
 71
0
 91
1
 92
3
 72
0
 73
1
 93
4
 10
4.307342030606627
 20
2.1078916173776028
 10
4.322748056574321
 20
2.1090352170423285
 10
4.322748056574321
 20
2.2748770226253403
 10
4.307342030606627
 20
2.2737334229606145
 97
0
 75
0
 76
1
 98
0
  0
LWPOLYLINE
  5
44C
330
17
100
AcDbEntity
  8
A-MASS
100
AcDbPolyline
 90
4
 70
1
 10
4.307342030606627
 20
2.1078916173776028
 10
4.322748056574321
 20
2.1090352170423285
 10
4.322748056574321
 20
2.2748770226253403
 10
4.307342030606627
 20
2.2737334229606145
  0
HATCH
  5
44D
330
17
100
AcDbEntity
  8
A-MASS
 62
7
420
12698049
100
AcDbHatch
 10
0.0
 20
0.0
 30
0.0
210
0.0
220
0.0
230
1.0
  2
SOLID
 70
1
 71
0
 91
1
 92
3
 72
0
 73
1
 93
4
 10
4.26085843697468
 20
2.108203805435278
 10
4.276330823431781
 20
2.1074750196062704
 10
4.276330823431781
 20
2.273316825189282
 10
4.26085843697468
 20
2.27404561101829
 97
0
 75
0
 76
1
 98
0
  0
LWPOLYLINE
  5
44E
330
17
100
AcDbEntity
  8
A-MASS
100
AcDbPolyline
 90
4
 70
1
 10
4.26085843697468
 20
2.108203805435278
 10
4.276330823431781
 20
2.1074750196062704
 10
4.276330823431781
 20
2.273316825189282
 10
4.26085843697468
 20
2.27404561101829
  0
HATCH
  5
44F
330
17
100
AcDbEntity
  8
A-MASS
 62
7
420
12698049
100
AcDbHatch
 10
0.0
 20
0.0
 30
0.0
210
0.0
220
0.0
230
1.0
  2
SOLID
 70
1
 71
0
 91
1
 92
3
 72
0
 73
1
 93
4
 10
4.291847502910327
 20
2.1073708081705895
 10
4.307342030606627
 20
2.1078916173776028
 10
4.307342030606627
 20
2.2737334229606145
 10
4.291847502910327
 20
2.2732126137536013
 97
0
 75
0
 76
1
 98
0
  0
LWPOLYLINE
  5
450
330
17
100
AcDbEntity
  8
A-MASS
100
AcDbPolyline
 90
4
 70
1
 10
4.291847502910327
 20
2.1073708081705895
 10
4.307342030606627
 20
2.1078916173776028
 10
4.307342030606627
 20
2.2737334229606145
 10
4.291847502910327
 20
2.2732126137536013
  0
HATCH
  5
451
330
17
100
AcDbEntity
  8
A-MASS
 62
7
420
12698049
100
AcDbHatch
 10
0.0
 20
0.0
 30
0.0
210
0.0
220
0.0
230
1.0
  2
SOLID
 70
1
 71
0
 91
1
 92
3
 72
0
 73
1
 93
4
 10
4.276330823431781
 20
2.1074750196062704
 10
4.291847502910327
 20
2.1073708081705895
 10
4.291847502910327
 20
2.2732126137536013
 10
4.276330823431781
 20
2.273316825189282
 97
0
 75
0
 76
1
 98
0
  0
LWPOLYLINE
  5
452
330
17
100
AcDbEntity
  8
A-MASS
100
AcDbPolyline
 90
4
 70
1
 10
4.276330823431781
 20
2.1074750196062704
 10
4.291847502910327
 20
2.1073708081705895
 10
4.291847502910327
 20
2.2732126137536013
 10
4.276330823431781
 20
2.273316825189282
  0
HATCH
  5
453
330
17
100
AcDbEntity
  8
A-MASS
 62
7
420
14079702
100
AcDbHatch
 10
0.0
 20
0.0
 30
0.0
210
0.0
220
0.0
230
1.0
  2
SOLID
 70
1
 71
0
 91
1
 92
3
 72
0
 73
1
 93
52
 10
4.772336419116001
 20
2.450310477217059
 10
3.05855528347631
 20
3.957162324386421
 10
2.708907695925445
 20
3.806432464050248
 10
2.696494442948338
 20
3.8006996293507482
 10
2.68471677986487
 20
3.7944792347243395
 10
2.673625140436502
 20
3.7877979168557845
 10
2.663267020766088
 20
3.7806842861739307
 10
2.653686775912262
 20
3.7731688043374625
 10
2.6449254299542746
 20
3.765283653793402
 10
2.637020500320586
 20
3.7570625999669276
 10
2.6300058371334725
 20
3.748540846672645
 10
2.6239114782576123
 20
3.7397548853664433
 10
2.6187635206733355
 20
3.7307423388834806
 10
2.6145840087253465
 20
3.721541800331428
 10
2.6113908397254564
 20
3.7121926678288593
 10
2.6091976873135474
 20
3.7027349757964534
 10
2.6080139429049467
 20
3.693209223523466
 10
2.607844675474943
 20
3.683656201743549
 10
2.6086906098526588
 20
3.674116817962571
 10
2.6105481236172174
 20
3.664631921286395
 10
2.6134092626095082
 20
3.6552421274987363
 10
2.6172617749931177
 20
3.645987645138141
 10
2.622089163718569
 20
3.6369081033188513
 10
2.627870757166227
 20
3.6280423820328536
 10
2.6345817976653416
 20
3.6194284456597847
 10
2.6421935475101983
 20
3.61110318039763
 10
2.6506734120193842
 20
3.603102236310361
 10
4.092425795970234
 20
2.3354332220250242
 10
4.101737463062068
 20
2.3277908603835487
 10
4.11184105874851
 20
2.3205398069536916
 10
4.122693317881699
 20
2.3137111118594427
 10
4.134247769421956
 20
2.3073340166215552
 10
4.146454935433915
 20
2.301435828940868
 10
4.1592625429586345
 20
2.2960418057625356
 10
4.172615747854434
 20
2.291175045121913
 10
4.186457369647929
 20
2.286856387235222
 10
4.200728136389594
 20
2.2831043252585457
 10
4.215366938465354
 20
2.279934926097296
 10
4.23031109027733
 20
2.2773617616052557
 10
4.2454965986731965
 20
2.2753958504678193
 10
4.26085843697468
 20
2.27404561101829
 10
4.276330823431781
 20
2.273316825189282
 10
4.291847502910327
 20
2.2732126137536013
 10
4.307342030606627
 20
2.2737334229606145
 10
4.322748056574321
 20
2.2748770226253403
 10
4.337999609845039
 20
2.276638515678446
 10
4.353031380926217
 20
2.279010359136249
 10
4.367779001466364
 20
2.2819823964009314
 10
4.382179319890232
 20
2.285541900752649
 10
4.396170671823553
 20
2.2896736298473046
 10
4.409693144149355
 20
2.2943598909865988
 10
4.422688831565135
 20
2.2995806168808857
 97
0
 75
0
 76
1
 98
0
  0
LWPOLYLINE
  5
454
330
17
100
AcDbEntity
  8
A-MASS
100
AcDbPolyline
 90
52
 70
1
 10
4.772336419116001
 20
2.450310477217059
 10
3.05855528347631
 20
3.957162324386421
 10
2.708907695925445
 20
3.806432464050248
 10
2.696494442948338
 20
3.8006996293507482
 10
2.68471677986487
 20
3.7944792347243395
 10
2.673625140436502
 20
3.7877979168557845
 10
2.663267020766088
 20
3.7806842861739307
 10
2.653686775912262
 20
3.7731688043374625
 10
2.6449254299542746
 20
3.765283653793402
 10
2.637020500320586
 20
3.7570625999669276
 10
2.6300058371334725
 20
3.748540846672645
 10
2.6239114782576123
 20
3.7397548853664433
 10
2.6187635206733355
 20
3.7307423388834806
 10
2.6145840087253465
 20
3.721541800331428
 10
2.6113908397254564
 20
3.7121926678288593
 10
2.6091976873135474
 20
3.7027349757964534
 10
2.6080139429049467
 20
3.693209223523466
 10
2.607844675474943
 20
3.683656201743549
 10
2.6086906098526588
 20
3.674116817962571
 10
2.6105481236172174
 20
3.664631921286395
 10
2.6134092626095082
 20
3.6552421274987363
 10
2.6172617749931177
 20
3.645987645138141
 10
2.622089163718569
 20
3.6369081033188513
 10
2.627870757166227
 20
3.6280423820328536
 10
2.6345817976653416
 20
3.6194284456597847
 10
2.6421935475101983
 20
3.61110318039763
 10
2.6506734120193842
 20
3.603102236310361
 10
4.092425795970234
 20
2.3354332220250242
 10
4.101737463062068
 20
2.3277908603835487
 10
4.11184105874851
 20
2.3205398069536916
 10
4.122693317881699
 20
2.3137111118594427
 10
4.134247769421956
 20
2.3073340166215552
 10
4.146454935433915
 20
2.301435828940868
 10
4.1592625429586345
 20
2.2960418057625356
 10
4.172615747854434
 20
2.291175045121913
 10
4.186457369647929
 20
2.286856387235222
 10
4.200728136389594
 20
2.2831043252585457
 10
4.215366938465354
 20
2.279934926097296
 10
4.23031109027733
 20
2.2773617616052557
 10
4.2454965986731965
 20
2.2753958504678193
 10
4.26085843697468
 20
2.27404561101829
 10
4.276330823431781
 20
2.273316825189282
 10
4.291847502910327
 20
2.2732126137536013
 10
4.307342030606627
 20
2.2737334229606145
 10
4.322748056574321
 20
2.2748770226253403
 10
4.337999609845039
 20
2.276638515678446
 10
4.353031380926217
 20
2.279010359136249
 10
4.367779001466364
 20
2.2819823964009314
 10
4.382179319890232
 20
2.285541900752649
 10
4.396170671823553
 20
2.2896736298473046
 10
4.409693144149355
 20
2.2943598909865988
 10
4.422688831565135
 20
2.2995806168808857
  0
HATCH
  5
455
330
17
100
AcDbEntity
  8
A-MASS
 62
7
420
14208176
100
AcDbHatch
 10
0.0
 20
0.0
 30
0.0
210
0.0
220
0.0
230
1.0
  2
SOLID
 70
1
 71
0
 91
1
 92
3
 72
0
 73
1
 93
4
 10
5.706745037750164
 20
2.8336369178726706
 10
5.784444501650356
 20
2.8671324423918203
 10
5.74364018889703
 20
2.9030098673244242
 10
5.665940724996837
 20
2.8695143428052745
 97
0
 75
0
 76
1
 98
0
  0
LWPOLYLINE
  5
456
330
17
100
AcDbEntity
  8
A-MASS
100
AcDbPolyline
 90
4
 70
1
 10
5.706745037750164
 20
2.8336369178726706
 10
5.784444501650356
 20
2.8671324423918203
 10
5.74364018889703
 20
2.9030098673244242
 10
5.665940724996837
 20
2.8695143428052745
  0
HATCH
  5
457
330
17
100
AcDbEntity
  8
A-MASS
 62
7
420
12761246
100
AcDbHatch
 10
0.0
 20
0.0
 30
0.0
210
0.0
220
0.0
230
1.0
  2
SOLID
 70
1
 71
0
 91
1
 92
3
 72
0
 73
1
 93
4
 10
5.706745037750164
 20
2.366476902145877
 10
5.784444501650356
 20
2.399972426665027
 10
5.784444501650356
 20
2.8671324423918203
 10
5.706745037750164
 20
2.8336369178726706
 97
0
 75
0
 76
1
 98
0
  0
LWPOLYLINE
  5
458
330
17
100
AcDbEntity
  8
A-MASS
100
AcDbPolyline
 90
4
 70
1
 10
5.706745037750164
 20
2.366476902145877
 10
5.784444501650356
 20
2.399972426665027
 10
5.784444501650356
 20
2.8671324423918203
 10
5.706745037750164
 20
2.8336369178726706
  0
HATCH
  5
459
330
17
100
AcDbEntity
  8
A-MASS
 62
7
420
11379597
100
AcDbHatch
 10
0.0
 20
0.0
 30
0.0
210
0.0
220
0.0
230
1.0
  2
SOLID
 70
1
 71
0
 91
1
 92
3
 72
0
 73
1
 93
4
 10
5.665940724996837
 20
2.402354327078481
 10
5.706745037750164
 20
2.366476902145877
 10
5.706745037750164
 20
2.8336369178726706
 10
5.665940724996837
 20
2.8695143428052745
 97
0
 75
0
 76
1
 98
0
  0
LWPOLYLINE
  5
45A
330
17
100
AcDbEntity
  8
A-MASS
100
AcDbPolyline
 90
4
 70
1
 10
5.665940724996837
 20
2.402354327078481
 10
5.706745037750164
 20
2.366476902145877
 10
5.706745037750164
 20
2.8336369178726706
 10
5.665940724996837
 20
2.8695143428052745
  0
HATCH
  5
45B
330
17
100
AcDbEntity
  8
A-MASS
 62
7
420
14208176
100
AcDbHatch
 10
0.0
 20
0.0
 30
0.0
210
0.0
220
0.0
230
1.0
  2
SOLID
 70
1
 71
0
 91
1
 92
3
 72
0
 73
1
 93
4
 10
5.43479691409949
 20
2.7164025820556468
 10
5.706745037750164
 20
2.8336369178726706
 10
5.665940724996837
 20
2.8695143428052745
 10
5.393992601346164
 20
2.7522800069882507
 97
0
 75
0
 76
1
 98
0
  0
LWPOLYLINE
  5
45C
330
17
100
AcDbEntity
  8
A-MASS
100
AcDbPolyline
 90
4
 70
1
 10
5.43479691409949
 20
2.7164025820556468
 10
5.706745037750164
 20
2.8336369178726706
 10
5.665940724996837
 20
2.8695143428052745
 10
5.393992601346164
 20
2.7522800069882507
  0
HATCH
  5
45D
330
17
100
AcDbEntity
  8
A-MASS
 62
7
420
12761246
100
AcDbHatch
 10
0.0
 20
0.0
 30
0.0
210
0.0
220
0.0
230
1.0
  2
SOLID
 70
1
 71
0
 91
1
 92
3
 72
0
 73
1
 93
59
 10
5.43479691409949
 20
2.455727293280096
 10
5.4396531305932525
 20
2.4872694504783923
 10
5.444509347087014
 20
2.5011806228526674
 10
5.449365563580776
 20
2.5120783452457185
 10
5.454221780074538
 20
2.521369733688567
 10
5.4590779965683005
 20
2.5296041960337017
 10
5.463934213062062
 20
2.5370654299875732
 10
5.468790429555824
 20
2.5439229440903484
 10
5.473646646049586
 20
2.550287704879433
 10
5.4785028625433485
 20
2.5562370624511086
 10
5.48335907903711
 20
2.561827457957163
 10
5.488215295530872
 20
2.5671015271345596
 10
5.493071512024635
 20
2.572092355863667
 10
5.4979277285183965
 20
2.5768261711632334
 10
5.502783945012158
 20
2.5813241182522666
 10
5.50764016150592
 20
2.5856034764733793
 10
5.512496377999682
 20
2.5896785161383047
 10
5.5173525944934445
 20
2.5935611174053133
 10
5.522208810987206
 20
2.597261226613954
 10
5.527065027480969
 20
2.6007871986109907
 10
5.531921243974731
 20
2.604146057185601
 10
5.5367774604684925
 20
2.60734369538645
 10
5.541633676962254
 20
2.610385030785756
 10
5.546489893456017
 20
2.6132741262929797
 10
5.551346109949779
 20
2.616014284079294
 10
5.5562023264435405
 20
2.6186081180516347
 10
5.561058542937302
 20
2.6210576087975315
 10
5.565914759431065
 20
2.6233641438069952
 10
5.570770975924827
 20
2.625528544931585
 10
5.5756271924185885
 20
2.6275510843718886
 10
5.58048340891235
 20
2.6294314899273186
 10
5.585339625406113
 20
2.631168939746316
 10
5.590195841899875
 20
2.6327620463388692
 10
5.5950520583936365
 20
2.634208829117448
 10
5.599908274887399
 20
2.6355066741751183
 10
5.604764491381161
 20
2.6366522793407063
 10
5.609620707874923
 20
2.637641581704751
 10
5.6144769243686845
 20
2.6384696636950338
 10
5.619333140862447
 20
2.6391306322628907
 10
5.624189357356209
 20
2.639617463619144
 10
5.629045573849971
 20
2.639921802917029
 10
5.633901790343733
 20
2.6400337038169974
 10
5.638758006837495
 20
2.6399412861607785
 10
5.643614223331257
 20
2.639630279636639
 10
5.648470439825019
 20
2.6390834049019665
 10
5.6533266563187805
 20
2.638279516737753
 10
5.658182872812543
 20
2.63719238812525
 10
5.663039089306305
 20
2.635788933184089
 10
5.667895305800067
 20
2.6340265161773075
 10
5.672751522293829
 20
2.631848695953116
 10
5.677607738787591
 20
2.629178122415235
 10
5.682463955281353
 20
2.6259038290262566
 10
5.687320171775115
 20
2.6218563072460164
 10
5.692176388268877
 20
2.616751859368061
 10
5.697032604762639
 20
2.610041077539904
 10
5.701888821256402
 20
2.6003168457305224
 10
5.706745037750164
 20
2.57296162909712
 10
5.706745037750164
 20
2.8336369178726706
 10
5.43479691409949
 20
2.7164025820556468
 97
0
 75
0
 76
1
 98
0
  0
LWPOLYLINE
  5
45E
330
17
100
AcDbEntity
  8
A-MASS
100
AcDbPolyline
 90
59
 70
1
 10
5.43479691409949
 20
2.455727293280096
 10
5.4396531305932525
 20
2.4872694504783923
 10
5.444509347087014
 20
2.5011806228526674
 10
5.449365563580776
 20
2.5120783452457185
 10
5.454221780074538
 20
2.521369733688567
 10
5.4590779965683005
 20
2.5296041960337017
 10
5.463934213062062
 20
2.5370654299875732
 10
5.468790429555824
 20
2.5439229440903484
 10
5.473646646049586
 20
2.550287704879433
 10
5.4785028625433485
 20
2.5562370624511086
 10
5.48335907903711
 20
2.561827457957163
 10
5.488215295530872
 20
2.5671015271345596
 10
5.493071512024635
 20
2.572092355863667
 10
5.4979277285183965
 20
2.5768261711632334
 10
5.502783945012158
 20
2.5813241182522666
 10
5.50764016150592
 20
2.5856034764733793
 10
5.512496377999682
 20
2.5896785161383047
 10
5.5173525944934445
 20
2.5935611174053133
 10
5.522208810987206
 20
2.597261226613954
 10
5.527065027480969
 20
2.6007871986109907
 10
5.531921243974731
 20
2.604146057185601
 10
5.5367774604684925
 20
2.60734369538645
 10
5.541633676962254
 20
2.610385030785756
 10
5.546489893456017
 20
2.6132741262929797
 10
5.551346109949779
 20
2.616014284079294
 10
5.5562023264435405
 20
2.6186081180516347
 10
5.561058542937302
 20
2.6210576087975315
 10
5.565914759431065
 20
2.6233641438069952
 10
5.570770975924827
 20
2.625528544931585
 10
5.5756271924185885
 20
2.6275510843718886
 10
5.58048340891235
 20
2.6294314899273186
 10
5.585339625406113
 20
2.631168939746316
 10
5.590195841899875
 20
2.6327620463388692
 10
5.5950520583936365
 20
2.634208829117448
 10
5.599908274887399
 20
2.6355066741751183
 10
5.604764491381161
 20
2.6366522793407063
 10
5.609620707874923
 20
2.637641581704751
 10
5.6144769243686845
 20
2.6384696636950338
 10
5.619333140862447
 20
2.6391306322628907
 10
5.624189357356209
 20
2.639617463619144
 10
5.629045573849971
 20
2.639921802917029
 10
5.633901790343733
 20
2.6400337038169974
 10
5.638758006837495
 20
2.6399412861607785
 10
5.643614223331257
 20
2.639630279636639
 10
5.648470439825019
 20
2.6390834049019665
 10
5.6533266563187805
 20
2.638279516737753
 10
5.658182872812543
 20
2.63719238812525
 10
5.663039089306305
 20
2.635788933184089
 10
5.667895305800067
 20
2.6340265161773075
 10
5.672751522293829
 20
2.631848695953116
 10
5.677607738787591
 20
2.629178122415235
 10
5.682463955281353
 20
2.6259038290262566
 10
5.687320171775115
 20
2.6218563072460164
 10
5.692176388268877
 20
2.616751859368061
 10
5.697032604762639
 20
2.610041077539904
 10
5.701888821256402
 20
2.6003168457305224
 10
5.706745037750164
 20
2.57296162909712
 10
5.706745037750164
 20
2.8336369178726706
 10
5.43479691409949
 20
2.7164025820556468
  0
LWPOLYLINE
  5
45F
330
17
100
AcDbEntity
  8
A-MASS
100
AcDbPolyline
 90
4
 70
1
 10
5.43479691409949
 20
2.455727293280096
 10
5.4396531305932525
 20
2.4872694504783923
 10
5.4396531305932525
 20
2.4872694504783923
 10
5.43479691409949
 20
2.455727293280096
  0
LWPOLYLINE
  5
460
330
17
100
AcDbEntity
  8
A-MASS
100
AcDbPolyline
 90
4
 70
1
 10
5.4396531305932525
 20
2.4872694504783923
 10
5.444509347087014
 20
2.5011806228526674
 10
5.444509347087014
 20
2.5011806228526674
 10
5.4396531305932525
 20
2.4872694504783923
  0
LWPOLYLINE
  5
461
330
17
100
AcDbEntity
  8
A-MASS
100
AcDbPolyline
 90
4
 70
1
 10
5.444509347087014
 20
2.5011806228526674
 10
5.449365563580776
 20
2.5120783452457185
 10
5.449365563580776
 20
2.5120783452457185
 10
5.444509347087014
 20
2.5011806228526674
  0
LWPOLYLINE
  5
462
330
17
100
AcDbEntity
  8
A-MASS
100
AcDbPolyline
 90
4
 70
1
 10
5.449365563580776
 20
2.5120783452457185
 10
5.454221780074538
 20
2.521369733688567
 10
5.454221780074538
 20
2.521369733688567
 10
5.449365563580776
 20
2.5120783452457185
  0
LWPOLYLINE
  5
463
330
17
100
AcDbEntity
  8
A-MASS
100
AcDbPolyline
 90
4
 70
1
 10
5.454221780074538
 20
2.521369733688567
 10
5.4590779965683005
 20
2.5296041960337017
 10
5.4590779965683005
 20
2.5296041960337017
 10
5.454221780074538
 20
2.521369733688567
  0
LWPOLYLINE
  5
464
330
17
100
AcDbEntity
  8
A-MASS
100
AcDbPolyline
 90
4
 70
1
 10
5.4590779965683005
 20
2.5296041960337017
 10
5.463934213062062
 20
2.5370654299875732
 10
5.463934213062062
 20
2.5370654299875732
 10
5.4590779965683005
 20
2.5296041960337017
  0
LWPOLYLINE
  5
465
330
17
100
AcDbEntity
  8
A-MASS
100
AcDbPolyline
 90
4
 70
1
 10
5.463934213062062
 20
2.5370654299875732
 10
5.468790429555824
 20
2.5439229440903484
 10
5.468790429555824
 20
2.5439229440903484
 10
5.463934213062062
 20
2.5370654299875732
  0
LWPOLYLINE
  5
466
330
17
100
AcDbEntity
  8
A-MASS
100
AcDbPolyline
 90
4
 70
1
 10
5.468790429555824
 20
2.5439229440903484
 10
5.473646646049586
 20
2.550287704879433
 10
5.473646646049586
 20
2.550287704879433
 10
5.468790429555824
 20
2.5439229440903484
  0
LWPOLYLINE
  5
467
330
17
100
AcDbEntity
  8
A-MASS
100
AcDbPolyline
 90
4
 70
1
 10
5.473646646049586
 20
2.550287704879433
 10
5.4785028625433485
 20
2.5562370624511086
 10
5.4785028625433485
 20
2.5562370624511086
 10
5.473646646049586
 20
2.550287704879433
  0
LWPOLYLINE
  5
468
330
17
100
AcDbEntity
  8
A-MASS
100
AcDbPolyline
 90
4
 70
1
 10
5.4785028625433485
 20
2.5562370624511086
 10
5.48335907903711
 20
2.561827457957163
 10
5.48335907903711
 20
2.561827457957163
 10
5.4785028625433485
 20
2.5562370624511086
  0
LWPOLYLINE
  5
469
330
17
100
AcDbEntity
  8
A-MASS
100
AcDbPolyline
 90
4
 70
1
 10
5.48335907903711
 20
2.561827457957163
 10
5.488215295530872
 20
2.5671015271345596
 10
5.488215295530872
 20
2.5671015271345596
 10
5.48335907903711
 20
2.561827457957163
  0
LWPOLYLINE
  5
46A
330
17
100
AcDbEntity
  8
A-MASS
100
AcDbPolyline
 90
4
 70
1
 10
5.488215295530872
 20
2.5671015271345596
 10
5.493071512024635
 20
2.572092355863667
 10
5.493071512024635
 20
2.572092355863667
 10
5.488215295530872
 20
2.5671015271345596
  0
LWPOLYLINE
  5
46B
330
17
100
AcDbEntity
  8
A-MASS
100
AcDbPolyline
 90
4
 70
1
 10
5.493071512024635
 20
2.572092355863667
 10
5.4979277285183965
 20
2.5768261711632334
 10
5.4979277285183965
 20
2.5768261711632334
 10
5.493071512024635
 20
2.572092355863667
  0
LWPOLYLINE
  5
46C
330
17
100
AcDbEntity
  8
A-MASS
100
AcDbPolyline
 90
4
 70
1
 10
5.4979277285183965
 20
2.5768261711632334
 10
5.502783945012158
 20
2.5813241182522666
 10
5.502783945012158
 20
2.5813241182522666
 10
5.4979277285183965
 20
2.5768261711632334
  0
LWPOLYLINE
  5
46D
330
17
100
AcDbEntity
  8
A-MASS
100
AcDbPolyline
 90
4
 70
1
 10
5.502783945012158
 20
2.5813241182522666
 10
5.50764016150592
 20
2.5856034764733793
 10
5.50764016150592
 20
2.5856034764733793
 10
5.502783945012158
 20
2.5813241182522666
  0
LWPOLYLINE
  5
46E
330
17
100
AcDbEntity
  8
A-MASS
100
AcDbPolyline
 90
4
 70
1
 10
5.50764016150592
 20
2.5856034764733793
 10
5.512496377999682
 20
2.5896785161383047
 10
5.512496377999682
 20
2.5896785161383047
 10
5.50764016150592
 20
2.5856034764733793
  0
LWPOLYLINE
  5
46F
330
17
100
AcDbEntity
  8
A-MASS
100
AcDbPolyline
 90
4
 70
1
 10
5.512496377999682
 20
2.5896785161383047
 10
5.5173525944934445
 20
2.5935611174053133
 10
5.5173525944934445
 20
2.5935611174053133
 10
5.512496377999682
 20
2.5896785161383047
  0
LWPOLYLINE
  5
470
330
17
100
AcDbEntity
  8
A-MASS
100
AcDbPolyline
 90
4
 70
1
 10
5.5173525944934445
 20
2.5935611174053133
 10
5.522208810987206
 20
2.597261226613954
 10
5.522208810987206
 20
2.597261226613954
 10
5.5173525944934445
 20
2.5935611174053133
  0
LWPOLYLINE
  5
471
330
17
100
AcDbEntity
  8
A-MASS
100
AcDbPolyline
 90
4
 70
1
 10
5.522208810987206
 20
2.597261226613954
 10
5.527065027480969
 20
2.6007871986109907
 10
5.527065027480969
 20
2.6007871986109907
 10
5.522208810987206
 20
2.597261226613954
  0
LWPOLYLINE
  5
472
330
17
100
AcDbEntity
  8
A-MASS
100
AcDbPolyline
 90
4
 70
1
 10
5.527065027480969
 20
2.6007871986109907
 10
5.531921243974731
 20
2.604146057185601
 10
5.531921243974731
 20
2.604146057185601
 10
5.527065027480969
 20
2.6007871986109907
  0
LWPOLYLINE
  5
473
330
17
100
AcDbEntity
  8
A-MASS
100
AcDbPolyline
 90
4
 70
1
 10
5.531921243974731
 20
2.604146057185601
 10
5.5367774604684925
 20
2.60734369538645
 10
5.5367774604684925
 20
2.60734369538645
 10
5.531921243974731
 20
2.604146057185601
  0
LWPOLYLINE
  5
474
330
17
100
AcDbEntity
  8
A-MASS
100
AcDbPolyline
 90
4
 70
1
 10
5.5367774604684925
 20
2.60734369538645
 10
5.541633676962254
 20
2.610385030785756
 10
5.541633676962254
 20
2.610385030785756
 10
5.5367774604684925
 20
2.60734369538645
  0
LWPOLYLINE
  5
475
330
17
100
AcDbEntity
  8
A-MASS
100
AcDbPolyline
 90
4
 70
1
 10
5.541633676962254
 20
2.610385030785756
 10
5.546489893456017
 20
2.6132741262929797
 10
5.546489893456017
 20
2.6132741262929797
 10
5.541633676962254
 20
2.610385030785756
  0
LWPOLYLINE
  5
476
330
17
100
AcDbEntity
  8
A-MASS
100
AcDbPolyline
 90
4
 70
1
 10
5.546489893456017
 20
2.6132741262929797
 10
5.551346109949779
 20
2.616014284079294
 10
5.551346109949779
 20
2.616014284079294
 10
5.546489893456017
 20
2.6132741262929797
  0
LWPOLYLINE
  5
477
330
17
100
AcDbEntity
  8
A-MASS
100
AcDbPolyline
 90
4
 70
1
 10
5.551346109949779
 20
2.616014284079294
 10
5.5562023264435405
 20
2.6186081180516347
 10
5.5562023264435405
 20
2.6186081180516347
 10
5.551346109949779
 20
2.616014284079294
  0
LWPOLYLINE
  5
478
330
17
100
AcDbEntity
  8
A-MASS
100
AcDbPolyline
 90
4
 70
1
 10
5.5562023264435405
 20
2.6186081180516347
 10
5.561058542937302
 20
2.6210576087975315
 10
5.561058542937302
 20
2.6210576087975315
 10
5.5562023264435405
 20
2.6186081180516347
  0
LWPOLYLINE
  5
479
330
17
100
AcDbEntity
  8
A-MASS
100
AcDbPolyline
 90
4
 70
1
 10
5.561058542937302
 20
2.6210576087975315
 10
5.565914759431065
 20
2.6233641438069952
 10
5.565914759431065
 20
2.6233641438069952
 10
5.561058542937302
 20
2.6210576087975315
  0
LWPOLYLINE
  5
47A
330
17
100
AcDbEntity
  8
A-MASS
100
AcDbPolyline
 90
4
 70
1
 10
5.565914759431065
 20
2.6233641438069952
 10
5.570770975924827
 20
2.625528544931585
 10
5.570770975924827
 20
2.625528544931585
 10
5.565914759431065
 20
2.6233641438069952
  0
LWPOLYLINE
  5
47B
330
17
100
AcDbEntity
  8
A-MASS
100
AcDbPolyline
 90
4
 70
1
 10
5.570770975924827
 20
2.625528544931585
 10
5.5756271924185885
 20
2.6275510843718886
 10
5.5756271924185885
 20
2.6275510843718886
 10
5.570770975924827
 20
2.625528544931585
  0
LWPOLYLINE
  5
47C
330
17
100
AcDbEntity
  8
A-MASS
100
AcDbPolyline
 90
4
 70
1
 10
5.5756271924185885
 20
2.6275510843718886
 10
5.58048340891235
 20
2.6294314899273186
 10
5.58048340891235
 20
2.6294314899273186
 10
5.5756271924185885
 20
2.6275510843718886
  0
LWPOLYLINE
  5
47D
330
17
100
AcDbEntity
  8
A-MASS
100
AcDbPolyline
 90
4
 70
1
 10
5.58048340891235
 20
2.6294314899273186
 10
5.585339625406113
 20
2.631168939746316
 10
5.585339625406113
 20
2.631168939746316
 10
5.58048340891235
 20
2.6294314899273186
  0
LWPOLYLINE
  5
47E
330
17
100
AcDbEntity
  8
A-MASS
100
AcDbPolyline
 90
4
 70
1
 10
5.585339625406113
 20
2.631168939746316
 10
5.590195841899875
 20
2.6327620463388692
 10
5.590195841899875
 20
2.6327620463388692
 10
5.585339625406113
 20
2.631168939746316
  0
LWPOLYLINE
  5
47F
330
17
100
AcDbEntity
  8
A-MASS
100
AcDbPolyline
 90
4
 70
1
 10
5.590195841899875
 20
2.6327620463388692
 10
5.5950520583936365
 20
2.634208829117448
 10
5.5950520583936365
 20
2.634208829117448
 10
5.590195841899875
 20
2.6327620463388692
  0
LWPOLYLINE
  5
480
330
17
100
AcDbEntity
  8
A-MASS
100
AcDbPolyline
 90
4
 70
1
 10
5.5950520583936365
 20
2.634208829117448
 10
5.599908274887399
 20
2.6355066741751183
 10
5.599908274887399
 20
2.6355066741751183
 10
5.5950520583936365
 20
2.634208829117448
  0
LWPOLYLINE
  5
481
330
17
100
AcDbEntity
  8
A-MASS
100
AcDbPolyline
 90
4
 70
1
 10
5.599908274887399
 20
2.6355066741751183
 10
5.604764491381161
 20
2.6366522793407063
 10
5.604764491381161
 20
2.6366522793407063
 10
5.599908274887399
 20
2.6355066741751183
  0
LWPOLYLINE
  5
482
330
17
100
AcDbEntity
  8
A-MASS
100
AcDbPolyline
 90
4
 70
1
 10
5.604764491381161
 20
2.6366522793407063
 10
5.609620707874923
 20
2.637641581704751
 10
5.609620707874923
 20
2.637641581704751
 10
5.604764491381161
 20
2.6366522793407063
  0
LWPOLYLINE
  5
483
330
17
100
AcDbEntity
  8
A-MASS
100
AcDbPolyline
 90
4
 70
1
 10
5.609620707874923
 20
2.637641581704751
 10
5.6144769243686845
 20
2.6384696636950338
 10
5.6144769243686845
 20
2.6384696636950338
 10
5.609620707874923
 20
2.637641581704751
  0
LWPOLYLINE
  5
484
330
17
100
AcDbEntity
  8
A-MASS
100
AcDbPolyline
 90
4
 70
1
 10
5.6144769243686845
 20
2.6384696636950338
 10
5.619333140862447
 20
2.6391306322628907
 10
5.619333140862447
 20
2.6391306322628907
 10
5.6144769243686845
 20
2.6384696636950338
  0
LWPOLYLINE
  5
485
330
17
100
AcDbEntity
  8
A-MASS
100
AcDbPolyline
 90
4
 70
1
 10
5.619333140862447
 20
2.6391306322628907
 10
5.624189357356209
 20
2.639617463619144
 10
5.624189357356209
 20
2.639617463619144
 10
5.619333140862447
 20
2.6391306322628907
  0
LWPOLYLINE
  5
486
330
17
100
AcDbEntity
  8
A-MASS
100
AcDbPolyline
 90
4
 70
1
 10
5.624189357356209
 20
2.639617463619144
 10
5.629045573849971
 20
2.639921802917029
 10
5.629045573849971
 20
2.639921802917029
 10
5.624189357356209
 20
2.639617463619144
  0
LWPOLYLINE
  5
487
330
17
100
AcDbEntity
  8
A-MASS
100
AcDbPolyline
 90
4
 70
1
 10
5.629045573849971
 20
2.639921802917029
 10
5.633901790343733
 20
2.6400337038169974
 10
5.633901790343733
 20
2.6400337038169974
 10
5.629045573849971
 20
2.639921802917029
  0
LWPOLYLINE
  5
488
330
17
100
AcDbEntity
  8
A-MASS
100
AcDbPolyline
 90
4
 70
1
 10
5.633901790343733
 20
2.6400337038169974
 10
5.638758006837495
 20
2.6399412861607785
 10
5.638758006837495
 20
2.6399412861607785
 10
5.633901790343733
 20
2.6400337038169974
  0
LWPOLYLINE
  5
489
330
17
100
AcDbEntity
  8
A-MASS
100
AcDbPolyline
 90
4
 70
1
 10
5.638758006837495
 20
2.6399412861607785
 10
5.643614223331257
 20
2.639630279636639
 10
5.643614223331257
 20
2.639630279636639
 10
5.638758006837495
 20
2.6399412861607785
  0
LWPOLYLINE
  5
48A
330
17
100
AcDbEntity
  8
A-MASS
100
AcDbPolyline
 90
4
 70
1
 10
5.643614223331257
 20
2.639630279636639
 10
5.648470439825019
 20
2.6390834049019665
 10
5.648470439825019
 20
2.6390834049019665
 10
5.643614223331257
 20
2.639630279636639
  0
LWPOLYLINE
  5
48B
330
17
100
AcDbEntity
  8
A-MASS
100
AcDbPolyline
 90
4
 70
1
 10
5.648470439825019
 20
2.6390834049019665
 10
5.6533266563187805
 20
2.638279516737753
 10
5.6533266563187805
 20
2.638279516737753
 10
5.648470439825019
 20
2.6390834049019665
  0
LWPOLYLINE
  5
48C
330
17
100
AcDbEntity
  8
A-MASS
100
AcDbPolyline
 90
4
 70
1
 10
5.6533266563187805
 20
2.638279516737753
 10
5.658182872812543
 20
2.63719238812525
 10
5.658182872812543
 20
2.63719238812525
 10
5.6533266563187805
 20
2.638279516737753
  0
LWPOLYLINE
  5
48D
330
17
100
AcDbEntity
  8
A-MASS
100
AcDbPolyline
 90
4
 70
1
 10
5.658182872812543
 20
2.63719238812525
 10
5.663039089306305
 20
2.635788933184089
 10
5.663039089306305
 20
2.635788933184089
 10
5.658182872812543
 20
2.63719238812525
  0
LWPOLYLINE
  5
48E
330
17
100
AcDbEntity
  8
A-MASS
100
AcDbPolyline
 90
4
 70
1
 10
5.663039089306305
 20
2.635788933184089
 10
5.667895305800067
 20
2.6340265161773075
 10
5.667895305800067
 20
2.6340265161773075
 10
5.663039089306305
 20
2.635788933184089
  0
LWPOLYLINE
  5
48F
330
17
100
AcDbEntity
  8
A-MASS
100
AcDbPolyline
 90
4
 70
1
 10
5.667895305800067
 20
2.6340265161773075
 10
5.672751522293829
 20
2.631848695953116
 10
5.672751522293829
 20
2.631848695953116
 10
5.667895305800067
 20
2.6340265161773075
  0
LWPOLYLINE
  5
490
330
17
100
AcDbEntity
  8
A-MASS
100
AcDbPolyline
 90
4
 70
1
 10
5.672751522293829
 20
2.631848695953116
 10
5.677607738787591
 20
2.629178122415235
 10
5.677607738787591
 20
2.629178122415235
 10
5.672751522293829
 20
2.631848695953116
  0
LWPOLYLINE
  5
491
330
17
100
AcDbEntity
  8
A-MASS
100
AcDbPolyline
 90
4
 70
1
 10
5.677607738787591
 20
2.629178122415235
 10
5.682463955281353
 20
2.6259038290262566
 10
5.682463955281353
 20
2.6259038290262566
 10
5.677607738787591
 20
2.629178122415235
  0
LWPOLYLINE
  5
492
330
17
100
AcDbEntity
  8
A-MASS
100
AcDbPolyline
 90
4
 70
1
 10
5.682463955281353
 20
2.6259038290262566
 10
5.687320171775115
 20
2.6218563072460164
 10
5.687320171775115
 20
2.6218563072460164
 10
5.682463955281353
 20
2.6259038290262566
  0
LWPOLYLINE
  5
493
330
17
100
AcDbEntity
  8
A-MASS
100
AcDbPolyline
 90
4
 70
1
 10
5.687320171775115
 20
2.6218563072460164
 10
5.692176388268877
 20
2.616751859368061
 10
5.692176388268877
 20
2.616751859368061
 10
5.687320171775115
 20
2.6218563072460164
  0
LWPOLYLINE
  5
494
330
17
100
AcDbEntity
  8
A-MASS
100
AcDbPolyline
 90
4
 70
1
 10
5.692176388268877
 20
2.616751859368061
 10
5.697032604762639
 20
2.610041077539904
 10
5.697032604762639
 20
2.610041077539904
 10
5.692176388268877
 20
2.616751859368061
  0
LWPOLYLINE
  5
495
330
17
100
AcDbEntity
  8
A-MASS
100
AcDbPolyline
 90
4
 70
1
 10
5.697032604762639
 20
2.610041077539904
 10
5.701888821256402
 20
2.6003168457305224
 10
5.701888821256402
 20
2.6003168457305224
 10
5.697032604762639
 20
2.610041077539904
  0
LWPOLYLINE
  5
496
330
17
100
AcDbEntity
  8
A-MASS
100
AcDbPolyline
 90
4
 70
1
 10
5.701888821256402
 20
2.6003168457305224
 10
5.706745037750164
 20
2.57296162909712
 10
5.706745037750164
 20
2.57296162909712
 10
5.701888821256402
 20
2.6003168457305224
  0
HATCH
  5
497
330
17
100
AcDbEntity
  8
A-MASS
 62
7
420
1513239
100
AcDbHatch
 10
0.0
 20
0.0
 30
0.0
210
0.0
220
0.0
230
1.0
  2
SOLID
 70
1
 71
0
 91
1
 92
3
 72
0
 73
1
 93
48
 10
5.624189357356209
 20
2.703681599894262
 10
5.623732355697877
 20
2.710192018662155
 10
5.62236917014796
 20
2.716197023933425
 10
5.620123125189162
 20
2.7215938684029792
 10
5.61703265127345
 20
2.7262902105656543
 10
5.613150627266365
 20
2.7302056947049764
 10
5.608543475674967
 20
2.7332733258017434
 10
5.6032900261403285
 20
2.735440615837382
 10
5.597480166640517
 20
2.736670481878496
 10
5.591213305482375
 20
2.736941880576138
 10
5.584596670397819
 20
2.736250168223347
 10
5.577743473847623
 20
2.7346071802102565
 10
5.570770975924827
 20
2.732041028517294
 10
5.56379847800203
 20
2.728595620711397
 10
5.556945281451834
 20
2.7243299086753723
 10
5.550328646367277
 20
2.7193168799248344
 10
5.544061785209136
 20
2.7136423087715804
 10
5.538251925709326
 20
2.7074032887013297
 10
5.532998476174686
 20
2.7007065710772684
 10
5.528391324583288
 20
2.693666738594624
 10
5.524509300576202
 20
2.686404244738986
 10
5.521418826660492
 20
2.679043352793767
 10
5.519172781701695
 20
2.671710009660975
 10
5.517809596151777
 20
2.664529690874799
 10
5.5173525944934445
 20
2.6576252536804312
 10
5.517809596151777
 20
2.651114834912538
 10
5.519172781701695
 20
2.6451098296412683
 10
5.521418826660492
 20
2.6397129851717143
 10
5.524509300576202
 20
2.6350166430090387
 10
5.528391324583288
 20
2.6311011588697166
 10
5.532998476174686
 20
2.62803352777295
 10
5.538251925709326
 20
2.6258662377373114
 10
5.544061785209136
 20
2.624636371696197
 10
5.550328646367277
 20
2.6243649729985545
 10
5.556945281451834
 20
2.625056685351346
 10
5.56379847800203
 20
2.6266996733644365
 10
5.570770975924827
 20
2.6292658250573995
 10
5.577743473847623
 20
2.6327112328632962
 10
5.584596670397819
 20
2.636976944899321
 10
5.591213305482375
 20
2.641989973649858
 10
5.597480166640517
 20
2.6476645448031126
 10
5.6032900261403285
 20
2.6539035648733633
 10
5.608543475674967
 20
2.660600282497425
 10
5.613150627266365
 20
2.667640114980069
 10
5.61703265127345
 20
2.6749026088357075
 10
5.620123125189162
 20
2.682263500780926
 10
5.62236917014796
 20
2.689596843913718
 10
5.623732355697877
 20
2.6967771626998935
 97
0
 75
0
 76
1
 98
0
  0
LWPOLYLINE
  5
498
330
17
100
AcDbEntity
  8
A-MASS
100
AcDbPolyline
 90
48
 70
1
 10
5.624189357356209
 20
2.703681599894262
 10
5.623732355697877
 20
2.710192018662155
 10
5.62236917014796
 20
2.716197023933425
 10
5.620123125189162
 20
2.7215938684029792
 10
5.61703265127345
 20
2.7262902105656543
 10
5.613150627266365
 20
2.7302056947049764
 10
5.608543475674967
 20
2.7332733258017434
 10
5.6032900261403285
 20
2.735440615837382
 10
5.597480166640517
 20
2.736670481878496
 10
5.591213305482375
 20
2.736941880576138
 10
5.584596670397819
 20
2.736250168223347
 10
5.577743473847623
 20
2.7346071802102565
 10
5.570770975924827
 20
2.732041028517294
 10
5.56379847800203
 20
2.728595620711397
 10
5.556945281451834
 20
2.7243299086753723
 10
5.550328646367277
 20
2.7193168799248344
 10
5.544061785209136
 20
2.7136423087715804
 10
5.538251925709326
 20
2.7074032887013297
 10
5.532998476174686
 20
2.7007065710772684
 10
5.528391324583288
 20
2.693666738594624
 10
5.524509300576202
 20
2.686404244738986
 10
5.521418826660492
 20
2.679043352793767
 10
5.519172781701695
 20
2.671710009660975
 10
5.517809596151777
 20
2.664529690874799
 10
5.5173525944934445
 20
2.6576252536804312
 10
5.517809596151777
 20
2.651114834912538
 10
5.519172781701695
 20
2.6451098296412683
 10
5.521418826660492
 20
2.6397129851717143
 10
5.524509300576202
 20
2.6350166430090387
 10
5.528391324583288
 20
2.6311011588697166
 10
5.532998476174686
 20
2.62803352777295
 10
5.538251925709326
 20
2.6258662377373114
 10
5.544061785209136
 20
2.624636371696197
 10
5.550328646367277
 20
2.6243649729985545
 10
5.556945281451834
 20
2.625056685351346
 10
5.56379847800203
 20
2.6266996733644365
 10
5.570770975924827
 20
2.6292658250573995
 10
5.577743473847623
 20
2.6327112328632962
 10
5.584596670397819
 20
2.636976944899321
 10
5.591213305482375
 20
2.641989973649858
 10
5.597480166640517
 20
2.6476645448031126
 10
5.6032900261403285
 20
2.6539035648733633
 10
5.608543475674967
 20
2.660600282497425
 10
5.613150627266365
 20
2.667640114980069
 10
5.61703265127345
 20
2.6749026088357075
 10
5.620123125189162
 20
2.682263500780926
 10
5.62236917014796
 20
2.689596843913718
 10
5.623732355697877
 20
2.6967771626998935
  0
HATCH
  5
499
330
17
100
AcDbEntity
  8
A-MASS
 62
7
420
14208176
100
AcDbHatch
 10
0.0
 20
0.0
 30
0.0
210
0.0
220
0.0
230
1.0
  2
SOLID
 70
1
 71
0
 91
1
 92
3
 72
0
 73
1
 93
4
 10
5.357097450199298
 20
2.6829070575364975
 10
5.43479691409949
 20
2.7164025820556468
 10
5.393992601346164
 20
2.7522800069882507
 10
5.316293137445972
 20
2.7187844824691014
 97
0
 75
0
 76
1
 98
0
  0
LWPOLYLINE
  5
49A
330
17
100
AcDbEntity
  8
A-MASS
100
AcDbPolyline
 90
4
 70
1
 10
5.357097450199298
 20
2.6829070575364975
 10
5.43479691409949
 20
2.7164025820556468
 10
5.393992601346164
 20
2.7522800069882507
 10
5.316293137445972
 20
2.7187844824691014
  0
HATCH
  5
49B
330
17
100
AcDbEntity
  8
A-MASS
 62
7
420
12761246
100
AcDbHatch
 10
0.0
 20
0.0
 30
0.0
210
0.0
220
0.0
230
1.0
  2
SOLID
 70
1
 71
0
 91
1
 92
3
 72
0
 73
1
 93
4
 10
5.357097450199298
 20
2.2157470418097036
 10
5.43479691409949
 20
2.2492425663288533
 10
5.43479691409949
 20
2.7164025820556468
 10
5.357097450199298
 20
2.6829070575364975
 97
0
 75
0
 76
1
 98
0
  0
LWPOLYLINE
  5
49C
330
17
100
AcDbEntity
  8
A-MASS
100
AcDbPolyline
 90
4
 70
1
 10
5.357097450199298
 20
2.2157470418097036
 10
5.43479691409949
 20
2.2492425663288533
 10
5.43479691409949
 20
2.7164025820556468
 10
5.357097450199298
 20
2.6829070575364975
  0
HATCH
  5
49D
330
17
100
AcDbEntity
  8
A-MASS
 62
7
420
11379597
100
AcDbHatch
 10
0.0
 20
0.0
 30
0.0
210
0.0
220
0.0
230
1.0
  2
SOLID
 70
1
 71
0
 91
1
 92
3
 72
0
 73
1
 93
4
 10
5.316293137445972
 20
2.2516244667423075
 10
5.357097450199298
 20
2.2157470418097036
 10
5.357097450199298
 20
2.6829070575364975
 10
5.316293137445972
 20
2.7187844824691014
 97
0
 75
0
 76
1
 98
0
  0
LWPOLYLINE
  5
49E
330
17
100
AcDbEntity
  8
A-MASS
100
AcDbPolyline
 90
4
 70
1
 10
5.316293137445972
 20
2.2516244667423075
 10
5.357097450199298
 20
2.2157470418097036
 10
5.357097450199298
 20
2.6829070575364975
 10
5.316293137445972
 20
2.7187844824691014
  0
LINE
  5
49F
330
17
100
AcDbEntity
  8
A-ANNO-TEXT
100
AcDbLine
 10
8.035178318910798
 20
2.231143691389768
 30
0.0
 11
7.764821681089202
 21
2.4688563086102313
 31
0.0
  0
HATCH
  5
4A0
330
17
100
AcDbEntity
  8
A-ANNO-TEXT
 62
7
420
0
100
AcDbHatch
 10
0.0
 20
0.0
 30
0.0
210
0.0
220
0.0
230
1.0
  2
SOLID
 70
1
 71
0
 91
1
 92
3
 72
0
 73
1
 93
3
 10
7.764821681089202
 20
2.4688563086102313
 10
7.789995032015993
 20
2.3748174740623877
 10
7.861308817182131
 20
2.4559244654088666
 97
0
 75
0
 76
1
 98
0
  0
LWPOLYLINE
  5
4A1
330
17
100
AcDbEntity
  8
A-ANNO-TEXT
100
AcDbPolyline
 90
3
 70
1
 10
7.764821681089202
 20
2.4688563086102313
 10
7.789995032015993
 20
2.3748174740623877
 10
7.861308817182131
 20
2.4559244654088666
  0
TEXT
  5
4A2
330
17
100
AcDbEntity
  8
A-ANNO-TEXT
100
AcDbText
 10
7.683714689742724
 20
2.5101700937763707
 30
0.0
 40
0.055
  1
N
  7
KS-BOLD
 72
1
 11
7.683714689742724
 21
2.5101700937763707
 31
0.0
100
AcDbText
  0
TEXT
  5
4A3
330
17
100
AcDbEntity
  8
A-ANNO-VIEW
100
AcDbText
 10
0.6
 20
5.02
 30
0.0
 40
0.06799999999999999
  1
V2  CUTAWAY AT L2 FF 17'-9" FROM SOUTHWEST — ROOFS REMOVED
  7
KS-BOLD
 11
0.6
 21
5.02
 31
0.0
100
AcDbText
  0
TEXT
  5
4A4
330
17
100
AcDbEntity
  8
A-ANNO-VIEW
100
AcDbText
 10
0.6
 20
4.9
 30
0.0
 40
0.04599999999999999
  1
axonometric · not to scale · roofs removed, L1 ring cut solid at L2 FF
  7
KS-REG
 11
0.6
 21
4.9
 31
0.0
100
AcDbText
  0
LINE
  5
4A5
330
17
100
AcDbEntity
  8
A-ANNO-TEXT
100
AcDbLine
 10
4.402981767456504
 20
3.3728250206217596
 30
0.0
 11
5.3029817674565045
 21
3.92282502062176
 31
0.0
  0
TEXT
  5
4A6
330
17
100
AcDbEntity
  8
A-ANNO-TEXT
100
AcDbText
 10
5.332981767456505
 20
3.89282502062176
 30
0.0
 40
0.044000000000000004
  1
EVENT FLOOR 120' x 144' + 4 x 42' mats (A-103 Rev A)
  7
KS-REG
 11
5.332981767456505
 21
3.89282502062176
 31
0.0
100
AcDbText
  0
LINE
  5
4A7
330
17
100
AcDbEntity
  8
A-ANNO-TEXT
100
AcDbLine
 10
3.78798520495177
 20
4.155765980982098
 30
0.0
 11
4.33798520495177
 21
4.455765980982098
 31
0.0
  0
TEXT
  5
4A8
330
17
100
AcDbEntity
  8
A-ANNO-TEXT
100
AcDbText
 10
4.36798520495177
 20
4.4257659809820975
 30
0.0
 40
0.044000000000000004
  1
FIXED UPPER TIER — 5 rows, 21" risers, front row 9.0' (D-061)
  7
KS-REG
 11
4.36798520495177
 21
4.4257659809820975
 31
0.0
100
AcDbText
  0
LINE
  5
4A9
330
17
100
AcDbEntity
  8
A-ANNO-TEXT
100
AcDbLine
 10
5.166536224950319
 20
3.0069050700553586
 30
0.0
 11
5.716536224950318
 21
2.6569050700553585
 31
0.0
  0
TEXT
  5
4AA
330
17
100
AcDbEntity
  8
A-ANNO-TEXT
100
AcDbText
 10
5.746536224950319
 20
2.6269050700553587
 30
0.0
 40
0.044000000000000004
  1
TELESCOPIC LOWER TIER — extended, 6 rows (D-009)
  7
KS-REG
 11
5.746536224950319
 21
2.6269050700553587
 31
0.0
100
AcDbText
  0
LINE
  5
4AB
330
17
100
AcDbEntity
  8
A-ANNO-TEXT
100
AcDbLine
 10
3.7862422727487273
 20
3.272796100334021
 30
0.0
 11
3.586242272748727
 21
4.022796100334022
 31
0.0
  0
TEXT
  5
4AC
330
17
100
AcDbEntity
  8
A-ANNO-TEXT
100
AcDbText
 10
3.5562422727487273
 20
3.9927961003340218
 30
0.0
 40
0.044000000000000004
  1
L1 RING (rooms not modelled) CUT AT L2 FF 17.75'
  7
KS-REG
 72
2
 11
3.5562422727487273
 21
3.9927961003340218
 31
0.0
100
AcDbText
  0
LINE
  5
4AD
330
17
100
AcDbEntity
  8
A-ANNO-TEXT
100
AcDbLine
 10
5.298742224235987
 20
2.547042567121391
 30
0.0
 11
4.848742224235987
 21
2.247042567121391
 31
0.0
  0
TEXT
  5
4AE
330
17
100
AcDbEntity
  8
A-ANNO-TEXT
100
AcDbText
 10
4.8187422242359865
 20
2.2170425671213914
 30
0.0
 40
0.044000000000000004
  1
LOBBY — open to below
  7
KS-REG
 72
2
 11
4.8187422242359865
 21
2.2170425671213914
 31
0.0
100
AcDbText
  0
LINE
  5
4AF
330
17
100
AcDbEntity
  8
A-ANNO-TEXT
100
AcDbLine
 10
5.318116697687181
 20
2.7781771786893343
 30
0.0
 11
5.66811669768718
 21
2.4281771786893342
 31
0.0
  0
TEXT
  5
4B0
330
17
100
AcDbEntity
  8
A-ANNO-TEXT
100
AcDbText
 10
5.698116697687181
 20
2.3981771786893344
 30
0.0
 40
0.044000000000000004
  1
SCREENING BAY floor zone (D-065)
  7
KS-REG
 11
5.698116697687181
 21
2.3981771786893344
 31
0.0
100
AcDbText
  0
LINE
  5
4B1
330
17
100
AcDbEntity
  8
A-ANNO-TEXT
100
AcDbLine
 10
3.155619142322926
 20
4.2499940060107075
 30
0.0
 11
2.8556191423229262
 21
4.549994006010707
 31
0.0
  0
TEXT
  5
4B2
330
17
100
AcDbEntity
  8
A-ANNO-TEXT
100
AcDbText
 10
2.8256191423229264
 20
4.519994006010707
 30
0.0
 40
0.041999999999999996
  1
storage annex, cut
  7
KS-REG
 72
2
 11
2.8256191423229264
 21
4.519994006010707
 31
0.0
100
AcDbText
  0
LINE
  5
4B3
330
17
100
AcDbEntity
  8
A-ANNO-TEXT
100
AcDbLine
 10
5.559106361672638
 20
4.083892012829846
 30
0.0
 11
5.809106361672638
 21
4.433892012829846
 31
0.0
  0
TEXT
  5
4B4
330
17
100
AcDbEntity
  8
A-ANNO-TEXT
100
AcDbText
 10
5.839106361672639
 20
4.4038920128298455
 30
0.0
 40
0.041999999999999996
  1
restroom bump-out, cut (D-072)
  7
KS-REG
 11
5.839106361672639
 21
4.4038920128298455
 31
0.0
100
AcDbText
  0
HATCH
  5
4B5
330
17
100
AcDbEntity
  8
C-SITE-DIAG
 62
7
420
14268314
100
AcDbHatch
 10
0.0
 20
0.0
 30
0.0
210
0.0
220
0.0
230
1.0
  2
SOLID
 70
1
 71
0
 91
1
 92
3
 72
0
 73
1
 93
10
 10
9.214383561643835
 20
7.41705340930421
 10
9.263698630136986
 20
7.393901387029838
 10
9.017123287671232
 20
7.278141275657974
 10
8.951369863013698
 20
7.309010638690471
 10
8.902054794520547
 20
7.285858616416098
 10
8.967808219178082
 20
7.254989253383601
 10
8.918493150684931
 20
7.231837231109228
 10
8.803424657534245
 20
7.285858616416099
 10
8.951369863013698
 20
7.355314683239216
 10
9.017123287671232
 20
7.32444532020672
 97
0
 75
0
 76
1
 98
0
  0
LWPOLYLINE
  5
4B6
330
17
100
AcDbEntity
  8
C-SITE-DIAG
100
AcDbPolyline
 90
10
 70
1
 10
9.214383561643835
 20
7.41705340930421
 10
9.263698630136986
 20
7.393901387029838
 10
9.017123287671232
 20
7.278141275657974
 10
8.951369863013698
 20
7.309010638690471
 10
8.902054794520547
 20
7.285858616416098
 10
8.967808219178082
 20
7.254989253383601
 10
8.918493150684931
 20
7.231837231109228
 10
8.803424657534245
 20
7.285858616416099
 10
8.951369863013698
 20
7.355314683239216
 10
9.017123287671232
 20
7.32444532020672
  0
HATCH
  5
4B7
330
17
100
AcDbEntity
  8
C-SITE-DIAG
 62
7
420
14268314
100
AcDbHatch
 10
0.0
 20
0.0
 30
0.0
210
0.0
220
0.0
230
1.0
  2
SOLID
 70
1
 71
0
 91
1
 92
3
 72
0
 73
1
 93
10
 10
9.345890410958903
 20
7.170098505044235
 10
9.411643835616438
 20
7.139229142011738
 10
9.263698630136986
 20
7.069773075188619
 10
9.1486301369863
 20
7.123794460495489
 10
9.197945205479451
 20
7.146946482769862
 10
9.263698630136986
 20
7.116077119737366
 10
9.313013698630137
 20
7.139229142011738
 10
9.247260273972602
 20
7.170098505044235
 10
9.493835616438355
 20
7.285858616416099
 10
9.543150684931506
 20
7.262706594141726
 97
0
 75
0
 76
1
 98
0
  0
LWPOLYLINE
  5
4B8
330
17
100
AcDbEntity
  8
C-SITE-DIAG
100
AcDbPolyline
 90
10
 70
1
 10
9.345890410958903
 20
7.170098505044235
 10
9.411643835616438
 20
7.139229142011738
 10
9.263698630136986
 20
7.069773075188619
 10
9.1486301369863
 20
7.123794460495489
 10
9.197945205479451
 20
7.146946482769862
 10
9.263698630136986
 20
7.116077119737366
 10
9.313013698630137
 20
7.139229142011738
 10
9.247260273972602
 20
7.170098505044235
 10
9.493835616438355
 20
7.285858616416099
 10
9.543150684931506
 20
7.262706594141726
  0
HATCH
  5
4B9
330
17
100
AcDbEntity
  8
C-SITE-DIAG
 62
7
420
11887946
100
AcDbHatch
 10
0.0
 20
0.0
 30
0.0
210
0.0
220
0.0
230
1.0
  2
SOLID
 70
1
 71
0
 91
1
 92
3
 72
0
 73
1
 93
4
 10
9.017123287671232
 20
7.278141275657974
 10
9.247260273972602
 20
7.170098505044235
 10
9.493835616438355
 20
7.285858616416099
 10
9.263698630136986
 20
7.393901387029838
 97
0
 75
0
 76
1
 98
0
  0
LWPOLYLINE
  5
4BA
330
17
100
AcDbEntity
  8
C-SITE-DIAG
100
AcDbPolyline
 90
4
 70
1
 10
9.017123287671232
 20
7.278141275657974
 10
9.247260273972602
 20
7.170098505044235
 10
9.493835616438355
 20
7.285858616416099
 10
9.263698630136986
 20
7.393901387029838
  0
HATCH
  5
4BB
330
17
100
AcDbEntity
  8
A-MASS
 62
7
420
15000804
100
AcDbHatch
 10
0.0
 20
0.0
 30
0.0
210
0.0
220
0.0
230
1.0
  2
SOLID
 70
1
 71
0
 91
1
 92
3
 72
0
 73
1
 93
4
 10
10.948630136986301
 20
8.711853337528087
 10
11.523972602739725
 20
8.441746410993739
 10
11.770547945205479
 20
8.557506522365603
 10
11.195205479452053
 20
8.827613448899951
 97
0
 75
0
 76
1
 98
0
  0
LWPOLYLINE
  5
4BC
330
17
100
AcDbEntity
  8
A-MASS
100
AcDbPolyline
 90
4
 70
1
 10
10.948630136986301
 20
8.711853337528087
 10
11.523972602739725
 20
8.441746410993739
 10
11.770547945205479
 20
8.557506522365603
 10
11.195205479452053
 20
8.827613448899951
  0
HATCH
  5
4BD
330
17
100
AcDbEntity
  8
A-MASS
 62
7
420
13487565
100
AcDbHatch
 10
0.0
 20
0.0
 30
0.0
210
0.0
220
0.0
230
1.0
  2
SOLID
 70
1
 71
0
 91
1
 92
3
 72
0
 73
1
 93
4
 10
10.948630136986301
 20
8.547643830369411
 10
11.523972602739725
 20
8.277536903835063
 10
11.523972602739725
 20
8.441746410993739
 10
10.948630136986301
 20
8.711853337528087
 97
0
 75
0
 76
1
 98
0
  0
LWPOLYLINE
  5
4BE
330
17
100
AcDbEntity
  8
A-MASS
100
AcDbPolyline
 90
4
 70
1
 10
10.948630136986301
 20
8.547643830369411
 10
11.523972602739725
 20
8.277536903835063
 10
11.523972602739725
 20
8.441746410993739
 10
10.948630136986301
 20
8.711853337528087
  0
HATCH
  5
4BF
330
17
100
AcDbEntity
  8
A-MASS
 62
7
420
10790052
100
AcDbHatch
 10
0.0
 20
0.0
 30
0.0
210
0.0
220
0.0
230
1.0
  2
SOLID
 70
1
 71
0
 91
1
 92
3
 72
0
 73
1
 93
4
 10
11.523972602739725
 20
8.277536903835063
 10
11.770547945205479
 20
8.393297015206926
 10
11.770547945205479
 20
8.557506522365603
 10
11.523972602739725
 20
8.441746410993739
 97
0
 75
0
 76
1
 98
0
  0
LWPOLYLINE
  5
4C0
330
17
100
AcDbEntity
  8
A-MASS
100
AcDbPolyline
 90
4
 70
1
 10
11.523972602739725
 20
8.277536903835063
 10
11.770547945205479
 20
8.393297015206926
 10
11.770547945205479
 20
8.557506522365603
 10
11.523972602739725
 20
8.441746410993739
  0
HATCH
  5
4C1
330
17
100
AcDbEntity
  8
A-MASS
 62
7
420
15000804
100
AcDbHatch
 10
0.0
 20
0.0
 30
0.0
210
0.0
220
0.0
230
1.0
  2
SOLID
 70
1
 71
0
 91
1
 92
3
 72
0
 73
1
 93
4
 10
11.622602739726027
 20
8.395442366444994
 10
11.86917808219178
 20
8.27968225507313
 10
12.115753424657534
 20
8.395442366444994
 10
11.86917808219178
 20
8.511202477816857
 97
0
 75
0
 76
1
 98
0
  0
LWPOLYLINE
  5
4C2
330
17
100
AcDbEntity
  8
A-MASS
100
AcDbPolyline
 90
4
 70
1
 10
11.622602739726027
 20
8.395442366444994
 10
11.86917808219178
 20
8.27968225507313
 10
12.115753424657534
 20
8.395442366444994
 10
11.86917808219178
 20
8.511202477816857
  0
HATCH
  5
4C3
330
17
100
AcDbEntity
  8
A-MASS
 62
7
420
13487565
100
AcDbHatch
 10
0.0
 20
0.0
 30
0.0
210
0.0
220
0.0
230
1.0
  2
SOLID
 70
1
 71
0
 91
1
 92
3
 72
0
 73
1
 93
4
 10
11.622602739726027
 20
8.231232859286317
 10
11.86917808219178
 20
8.115472747914454
 10
11.86917808219178
 20
8.27968225507313
 10
11.622602739726027
 20
8.395442366444994
 97
0
 75
0
 76
1
 98
0
  0
LWPOLYLINE
  5
4C4
330
17
100
AcDbEntity
  8
A-MASS
100
AcDbPolyline
 90
4
 70
1
 10
11.622602739726027
 20
8.231232859286317
 10
11.86917808219178
 20
8.115472747914454
 10
11.86917808219178
 20
8.27968225507313
 10
11.622602739726027
 20
8.395442366444994
  0
HATCH
  5
4C5
330
17
100
AcDbEntity
  8
A-MASS
 62
7
420
10790052
100
AcDbHatch
 10
0.0
 20
0.0
 30
0.0
210
0.0
220
0.0
230
1.0
  2
SOLID
 70
1
 71
0
 91
1
 92
3
 72
0
 73
1
 93
4
 10
11.86917808219178
 20
8.115472747914454
 10
12.115753424657534
 20
8.231232859286317
 10
12.115753424657534
 20
8.395442366444994
 10
11.86917808219178
 20
8.27968225507313
 97
0
 75
0
 76
1
 98
0
  0
LWPOLYLINE
  5
4C6
330
17
100
AcDbEntity
  8
A-MASS
100
AcDbPolyline
 90
4
 70
1
 10
11.86917808219178
 20
8.115472747914454
 10
12.115753424657534
 20
8.231232859286317
 10
12.115753424657534
 20
8.395442366444994
 10
11.86917808219178
 20
8.27968225507313
  0
HATCH
  5
4C7
330
17
100
AcDbEntity
  8
A-MASS
 62
7
420
10790052
100
AcDbHatch
 10
0.0
 20
0.0
 30
0.0
210
0.0
220
0.0
230
1.0
  2
SOLID
 70
1
 71
0
 91
1
 92
3
 72
0
 73
1
 93
4
 10
12.277727241769819
 20
8.084523903706973
 10
12.277779754265175
 20
8.086532720071489
 10
12.277779754265175
 20
8.422649055036905
 10
12.277727241769819
 20
8.420640238672389
 97
0
 75
0
 76
1
 98
0
  0
LWPOLYLINE
  5
4C8
330
17
100
AcDbEntity
  8
A-MASS
100
AcDbPolyline
 90
4
 70
1
 10
12.277727241769819
 20
8.084523903706973
 10
12.277779754265175
 20
8.086532720071489
 10
12.277779754265175
 20
8.422649055036905
 10
12.277727241769819
 20
8.420640238672389
  0
HATCH
  5
4C9
330
17
100
AcDbEntity
  8
A-MASS
 62
7
420
10790052
100
AcDbHatch
 10
0.0
 20
0.0
 30
0.0
210
0.0
220
0.0
230
1.0
  2
SOLID
 70
1
 71
0
 91
1
 92
3
 72
0
 73
1
 93
4
 10
12.277569735915312
 20
8.082516297378321
 10
12.277727241769819
 20
8.084523903706973
 10
12.277727241769819
 20
8.420640238672389
 10
12.277569735915312
 20
8.418632632343737
 97
0
 75
0
 76
1
 98
0
  0
LWPOLYLINE
  5
4CA
330
17
100
AcDbEntity
  8
A-MASS
100
AcDbPolyline
 90
4
 70
1
 10
12.277569735915312
 20
8.082516297378321
 10
12.277727241769819
 20
8.084523903706973
 10
12.277727241769819
 20
8.420640238672389
 10
12.277569735915312
 20
8.418632632343737
  0
HATCH
  5
4CB
330
17
100
AcDbEntity
  8
A-MASS
 62
7
420
10790052
100
AcDbHatch
 10
0.0
 20
0.0
 30
0.0
210
0.0
220
0.0
230
1.0
  2
SOLID
 70
1
 71
0
 91
1
 92
3
 72
0
 73
1
 93
4
 10
12.27730733157729
 20
8.080511110392516
 10
12.277569735915312
 20
8.082516297378321
 10
12.277569735915312
 20
8.418632632343737
 10
12.27730733157729
 20
8.416627445357932
 97
0
 75
0
 76
1
 98
0
  0
LWPOLYLINE
  5
4CC
330
17
100
AcDbEntity
  8
A-MASS
100
AcDbPolyline
 90
4
 70
1
 10
12.27730733157729
 20
8.080511110392516
 10
12.277569735915312
 20
8.082516297378321
 10
12.277569735915312
 20
8.418632632343737
 10
12.27730733157729
 20
8.416627445357932
  0
HATCH
  5
4CD
330
17
100
AcDbEntity
  8
A-MASS
 62
7
420
10790052
100
AcDbHatch
 10
0.0
 20
0.0
 30
0.0
210
0.0
220
0.0
230
1.0
  2
SOLID
 70
1
 71
0
 91
1
 92
3
 72
0
 73
1
 93
4
 10
12.27694018681832
 20
8.078509550599218
 10
12.27730733157729
 20
8.080511110392516
 10
12.27730733157729
 20
8.416627445357932
 10
12.27694018681832
 20
8.414625885564636
 97
0
 75
0
 76
1
 98
0
  0
LWPOLYLINE
  5
4CE
330
17
100
AcDbEntity
  8
A-MASS
100
AcDbPolyline
 90
4
 70
1
 10
12.27694018681832
 20
8.078509550599218
 10
12.27730733157729
 20
8.080511110392516
 10
12.27730733157729
 20
8.416627445357932
 10
12.27694018681832
 20
8.414625885564636
  0
HATCH
  5
4CF
330
17
100
AcDbEntity
  8
A-MASS
 62
7
420
10790052
100
AcDbHatch
 10
0.0
 20
0.0
 30
0.0
210
0.0
220
0.0
230
1.0
  2
SOLID
 70
1
 71
0
 91
1
 92
3
 72
0
 73
1
 93
4
 10
12.276468522792673
 20
8.076512823663206
 10
12.27694018681832
 20
8.078509550599218
 10
12.27694018681832
 20
8.414625885564636
 10
12.276468522792673
 20
8.412629158628622
 97
0
 75
0
 76
1
 98
0
  0
LWPOLYLINE
  5
4D0
330
17
100
AcDbEntity
  8
A-MASS
100
AcDbPolyline
 90
4
 70
1
 10
12.276468522792673
 20
8.076512823663206
 10
12.27694018681832
 20
8.078509550599218
 10
12.27694018681832
 20
8.414625885564636
 10
12.276468522792673
 20
8.412629158628622
  0
HATCH
  5
4D1
330
17
100
AcDbEntity
  8
A-MASS
 62
7
420
10790052
100
AcDbHatch
 10
0.0
 20
0.0
 30
0.0
210
0.0
220
0.0
230
1.0
  2
SOLID
 70
1
 71
0
 91
1
 92
3
 72
0
 73
1
 93
4
 10
12.275892623613117
 20
8.07452213233812
 10
12.276468522792673
 20
8.076512823663206
 10
12.276468522792673
 20
8.412629158628622
 10
12.275892623613117
 20
8.410638467303539
 97
0
 75
0
 76
1
 98
0
  0
LWPOLYLINE
  5
4D2
330
17
100
AcDbEntity
  8
A-MASS
100
AcDbPolyline
 90
4
 70
1
 10
12.275892623613117
 20
8.07452213233812
 10
12.276468522792673
 20
8.076512823663206
 10
12.276468522792673
 20
8.412629158628622
 10
12.275892623613117
 20
8.410638467303539
  0
HATCH
  5
4D3
330
17
100
AcDbEntity
  8
A-MASS
 62
7
420
10790052
100
AcDbHatch
 10
0.0
 20
0.0
 30
0.0
210
0.0
220
0.0
230
1.0
  2
SOLID
 70
1
 71
0
 91
1
 92
3
 72
0
 73
1
 93
4
 10
12.275212836179792
 20
8.072538675741983
 10
12.275892623613117
 20
8.07452213233812
 10
12.275892623613117
 20
8.410638467303539
 10
12.275212836179792
 20
8.408655010707399
 97
0
 75
0
 76
1
 98
0
  0
LWPOLYLINE
  5
4D4
330
17
100
AcDbEntity
  8
A-MASS
100
AcDbPolyline
 90
4
 70
1
 10
12.275212836179792
 20
8.072538675741983
 10
12.275892623613117
 20
8.07452213233812
 10
12.275892623613117
 20
8.410638467303539
 10
12.275212836179792
 20
8.408655010707399
  0
HATCH
  5
4D5
330
17
100
AcDbEntity
  8
A-MASS
 62
7
420
10790052
100
AcDbHatch
 10
0.0
 20
0.0
 30
0.0
210
0.0
220
0.0
230
1.0
  2
SOLID
 70
1
 71
0
 91
1
 92
3
 72
0
 73
1
 93
4
 10
12.274429569971224
 20
8.070563648634877
 10
12.275212836179792
 20
8.072538675741983
 10
12.275212836179792
 20
8.408655010707399
 10
12.274429569971224
 20
8.406679983600293
 97
0
 75
0
 76
1
 98
0
  0
LWPOLYLINE
  5
4D6
330
17
100
AcDbEntity
  8
A-MASS
100
AcDbPolyline
 90
4
 70
1
 10
12.274429569971224
 20
8.070563648634877
 10
12.275212836179792
 20
8.072538675741983
 10
12.275212836179792
 20
8.408655010707399
 10
12.274429569971224
 20
8.406679983600293
  0
HATCH
  5
4D7
330
17
100
AcDbEntity
  8
A-MASS
 62
7
420
10790052
100
AcDbHatch
 10
0.0
 20
0.0
 30
0.0
210
0.0
220
0.0
230
1.0
  2
SOLID
 70
1
 71
0
 91
1
 92
3
 72
0
 73
1
 93
4
 10
12.273543296797687
 20
8.068598240699282
 10
12.274429569971224
 20
8.070563648634877
 10
12.274429569971224
 20
8.406679983600293
 10
12.273543296797687
 20
8.4047145756647
 97
0
 75
0
 76
1
 98
0
  0
LWPOLYLINE
  5
4D8
330
17
100
AcDbEntity
  8
A-MASS
100
AcDbPolyline
 90
4
 70
1
 10
12.273543296797687
 20
8.068598240699282
 10
12.274429569971224
 20
8.070563648634877
 10
12.274429569971224
 20
8.406679983600293
 10
12.273543296797687
 20
8.4047145756647
  0
HATCH
  5
4D9
330
17
100
AcDbEntity
  8
A-MASS
 62
7
420
10790052
100
AcDbHatch
 10
0.0
 20
0.0
 30
0.0
210
0.0
220
0.0
230
1.0
  2
SOLID
 70
1
 71
0
 91
1
 92
3
 72
0
 73
1
 93
4
 10
12.272554550517004
 20
8.06664363582345
 10
12.273543296797687
 20
8.068598240699282
 10
12.273543296797687
 20
8.4047145756647
 10
12.272554550517004
 20
8.402759970788866
 97
0
 75
0
 76
1
 98
0
  0
LWPOLYLINE
  5
4DA
330
17
100
AcDbEntity
  8
A-MASS
100
AcDbPolyline
 90
4
 70
1
 10
12.272554550517004
 20
8.06664363582345
 10
12.273543296797687
 20
8.068598240699282
 10
12.273543296797687
 20
8.4047145756647
 10
12.272554550517004
 20
8.402759970788866
  0
HATCH
  5
4DB
330
17
100
AcDbEntity
  8
A-MASS
 62
7
420
10790052
100
AcDbHatch
 10
0.0
 20
0.0
 30
0.0
210
0.0
220
0.0
230
1.0
  2
SOLID
 70
1
 71
0
 91
1
 92
3
 72
0
 73
1
 93
4
 10
12.271463926712965
 20
8.064701011388266
 10
12.272554550517004
 20
8.06664363582345
 10
12.272554550517004
 20
8.402759970788866
 10
12.271463926712965
 20
8.400817346353683
 97
0
 75
0
 76
1
 98
0
  0
LWPOLYLINE
  5
4DC
330
17
100
AcDbEntity
  8
A-MASS
100
AcDbPolyline
 90
4
 70
1
 10
12.271463926712965
 20
8.064701011388266
 10
12.272554550517004
 20
8.06664363582345
 10
12.272554550517004
 20
8.402759970788866
 10
12.271463926712965
 20
8.400817346353683
  0
HATCH
  5
4DD
330
17
100
AcDbEntity
  8
A-MASS
 62
7
420
10790052
100
AcDbHatch
 10
0.0
 20
0.0
 30
0.0
210
0.0
220
0.0
230
1.0
  2
SOLID
 70
1
 71
0
 91
1
 92
3
 72
0
 73
1
 93
4
 10
12.270272082336563
 20
8.062771537558053
 10
12.271463926712965
 20
8.064701011388266
 10
12.271463926712965
 20
8.400817346353683
 10
12.270272082336563
 20
8.39888787252347
 97
0
 75
0
 76
1
 98
0
  0
LWPOLYLINE
  5
4DE
330
17
100
AcDbEntity
  8
A-MASS
100
AcDbPolyline
 90
4
 70
1
 10
12.270272082336563
 20
8.062771537558053
 10
12.271463926712965
 20
8.064701011388266
 10
12.271463926712965
 20
8.400817346353683
 10
12.270272082336563
 20
8.39888787252347
  0
HATCH
  5
4DF
330
17
100
AcDbEntity
  8
A-MASS
 62
7
420
10790052
100
AcDbHatch
 10
0.0
 20
0.0
 30
0.0
210
0.0
220
0.0
230
1.0
  2
SOLID
 70
1
 71
0
 91
1
 92
3
 72
0
 73
1
 93
4
 10
12.268979735310289
 20
8.060856376575698
 10
12.270272082336563
 20
8.062771537558053
 10
12.270272082336563
 20
8.39888787252347
 10
12.268979735310289
 20
8.396972711541116
 97
0
 75
0
 76
1
 98
0
  0
LWPOLYLINE
  5
4E0
330
17
100
AcDbEntity
  8
A-MASS
100
AcDbPolyline
 90
4
 70
1
 10
12.268979735310289
 20
8.060856376575698
 10
12.270272082336563
 20
8.062771537558053
 10
12.270272082336563
 20
8.39888787252347
 10
12.268979735310289
 20
8.396972711541116
  0
HATCH
  5
4E1
330
17
100
AcDbEntity
  8
A-MASS
 62
7
420
10790052
100
AcDbHatch
 10
0.0
 20
0.0
 30
0.0
210
0.0
220
0.0
230
1.0
  2
SOLID
 70
1
 71
0
 91
1
 92
3
 72
0
 73
1
 93
4
 10
12.267587664095664
 20
8.058956682062565
 10
12.268979735310289
 20
8.060856376575698
 10
12.268979735310289
 20
8.396972711541116
 10
12.267587664095664
 20
8.395073017027983
 97
0
 75
0
 76
1
 98
0
  0
LWPOLYLINE
  5
4E2
330
17
100
AcDbEntity
  8
A-MASS
100
AcDbPolyline
 90
4
 70
1
 10
12.267587664095664
 20
8.058956682062565
 10
12.268979735310289
 20
8.060856376575698
 10
12.268979735310289
 20
8.396972711541116
 10
12.267587664095664
 20
8.395073017027983
  0
HATCH
  5
4E3
330
17
100
AcDbEntity
  8
A-MASS
 62
7
420
10790052
100
AcDbHatch
 10
0.0
 20
0.0
 30
0.0
210
0.0
220
0.0
230
1.0
  2
SOLID
 70
1
 71
0
 91
1
 92
3
 72
0
 73
1
 93
4
 10
12.266096707224337
 20
8.057073598323594
 10
12.267587664095664
 20
8.058956682062565
 10
12.267587664095664
 20
8.395073017027983
 10
12.266096707224337
 20
8.393189933289012
 97
0
 75
0
 76
1
 98
0
  0
LWPOLYLINE
  5
4E4
330
17
100
AcDbEntity
  8
A-MASS
100
AcDbPolyline
 90
4
 70
1
 10
12.266096707224337
 20
8.057073598323594
 10
12.267587664095664
 20
8.058956682062565
 10
12.267587664095664
 20
8.395073017027983
 10
12.266096707224337
 20
8.393189933289012
  0
HATCH
  5
4E5
330
17
100
AcDbEntity
  8
A-MASS
 62
7
420
10790052
100
AcDbHatch
 10
0.0
 20
0.0
 30
0.0
210
0.0
220
0.0
230
1.0
  2
SOLID
 70
1
 71
0
 91
1
 92
3
 72
0
 73
1
 93
4
 10
12.264507762792977
 20
8.055208259658016
 10
12.266096707224337
 20
8.057073598323594
 10
12.266096707224337
 20
8.393189933289012
 10
12.264507762792977
 20
8.391324594623434
 97
0
 75
0
 76
1
 98
0
  0
LWPOLYLINE
  5
4E6
330
17
100
AcDbEntity
  8
A-MASS
100
AcDbPolyline
 90
4
 70
1
 10
12.264507762792977
 20
8.055208259658016
 10
12.266096707224337
 20
8.057073598323594
 10
12.266096707224337
 20
8.393189933289012
 10
12.264507762792977
 20
8.391324594623434
  0
HATCH
  5
4E7
330
17
100
AcDbEntity
  8
A-MASS
 62
7
420
10790052
100
AcDbHatch
 10
0.0
 20
0.0
 30
0.0
210
0.0
220
0.0
230
1.0
  2
SOLID
 70
1
 71
0
 91
1
 92
3
 72
0
 73
1
 93
4
 10
12.262821787922295
 20
8.053361789676096
 10
12.264507762792977
 20
8.055208259658016
 10
12.264507762792977
 20
8.391324594623434
 10
12.262821787922295
 20
8.389478124641512
 97
0
 75
0
 76
1
 98
0
  0
LWPOLYLINE
  5
4E8
330
17
100
AcDbEntity
  8
A-MASS
100
AcDbPolyline
 90
4
 70
1
 10
12.262821787922295
 20
8.053361789676096
 10
12.264507762792977
 20
8.055208259658016
 10
12.264507762792977
 20
8.391324594623434
 10
12.262821787922295
 20
8.389478124641512
  0
HATCH
  5
4E9
330
17
100
AcDbEntity
  8
A-MASS
 62
7
420
10790052
100
AcDbHatch
 10
0.0
 20
0.0
 30
0.0
210
0.0
220
0.0
230
1.0
  2
SOLID
 70
1
 71
0
 91
1
 92
3
 72
0
 73
1
 93
4
 10
12.261039798180509
 20
8.051535300622303
 10
12.262821787922295
 20
8.053361789676096
 10
12.262821787922295
 20
8.389478124641512
 10
12.261039798180509
 20
8.38765163558772
 97
0
 75
0
 76
1
 98
0
  0
LWPOLYLINE
  5
4EA
330
17
100
AcDbEntity
  8
A-MASS
100
AcDbPolyline
 90
4
 70
1
 10
12.261039798180509
 20
8.051535300622303
 10
12.262821787922295
 20
8.053361789676096
 10
12.262821787922295
 20
8.389478124641512
 10
12.261039798180509
 20
8.38765163558772
  0
HATCH
  5
4EB
330
17
100
AcDbEntity
  8
A-MASS
 62
7
420
13487565
100
AcDbHatch
 10
0.0
 20
0.0
 30
0.0
210
0.0
220
0.0
230
1.0
  2
SOLID
 70
1
 71
0
 91
1
 92
3
 72
0
 73
1
 93
4
 10
11.929090805810187
 20
8.08734542792656
 10
12.082876712328767
 20
8.015147318058839
 10
12.082876712328767
 20
8.351263653024255
 10
11.929090805810187
 20
8.423461762891979
 97
0
 75
0
 76
1
 98
0
  0
LWPOLYLINE
  5
4EC
330
17
100
AcDbEntity
  8
A-MASS
100
AcDbPolyline
 90
4
 70
1
 10
11.929090805810187
 20
8.08734542792656
 10
12.082876712328767
 20
8.015147318058839
 10
12.082876712328767
 20
8.351263653024255
 10
11.929090805810187
 20
8.423461762891979
  0
HATCH
  5
4ED
330
17
100
AcDbEntity
  8
A-MASS
 62
7
420
10790052
100
AcDbHatch
 10
0.0
 20
0.0
 30
0.0
210
0.0
220
0.0
230
1.0
  2
SOLID
 70
1
 71
0
 91
1
 92
3
 72
0
 73
1
 93
4
 10
12.259162866971607
 20
8.049729892705349
 10
12.261039798180509
 20
8.051535300622303
 10
12.261039798180509
 20
8.38765163558772
 10
12.259162866971607
 20
8.385846227670767
 97
0
 75
0
 76
1
 98
0
  0
LWPOLYLINE
  5
4EE
330
17
100
AcDbEntity
  8
A-MASS
100
AcDbPolyline
 90
4
 70
1
 10
12.259162866971607
 20
8.049729892705349
 10
12.261039798180509
 20
8.051535300622303
 10
12.261039798180509
 20
8.38765163558772
 10
12.259162866971607
 20
8.385846227670767
  0
HATCH
  5
4EF
330
17
100
AcDbEntity
  8
A-MASS
 62
7
420
10790052
100
AcDbHatch
 10
0.0
 20
0.0
 30
0.0
210
0.0
220
0.0
230
1.0
  2
SOLID
 70
1
 71
0
 91
1
 92
3
 72
0
 73
1
 93
4
 10
12.257192124888766
 20
8.047946653435455
 10
12.259162866971607
 20
8.049729892705349
 10
12.259162866971607
 20
8.385846227670767
 10
12.257192124888766
 20
8.38406298840087
 97
0
 75
0
 76
1
 98
0
  0
LWPOLYLINE
  5
4F0
330
17
100
AcDbEntity
  8
A-MASS
100
AcDbPolyline
 90
4
 70
1
 10
12.257192124888766
 20
8.047946653435455
 10
12.259162866971607
 20
8.049729892705349
 10
12.259162866971607
 20
8.385846227670767
 10
12.257192124888766
 20
8.38406298840087
  0
HATCH
  5
4F1
330
17
100
AcDbEntity
  8
A-MASS
 62
7
420
10790052
100
AcDbHatch
 10
0.0
 20
0.0
 30
0.0
210
0.0
220
0.0
230
1.0
  2
SOLID
 70
1
 71
0
 91
1
 92
3
 72
0
 73
1
 93
4
 10
12.25512875903333
 20
8.046186656969274
 10
12.257192124888766
 20
8.047946653435455
 10
12.257192124888766
 20
8.38406298840087
 10
12.25512875903333
 20
8.382302991934692
 97
0
 75
0
 76
1
 98
0
  0
LWPOLYLINE
  5
4F2
330
17
100
AcDbEntity
  8
A-MASS
100
AcDbPolyline
 90
4
 70
1
 10
12.25512875903333
 20
8.046186656969274
 10
12.257192124888766
 20
8.047946653435455
 10
12.257192124888766
 20
8.38406298840087
 10
12.25512875903333
 20
8.382302991934692
  0
HATCH
  5
4F3
330
17
100
AcDbEntity
  8
A-MASS
 62
7
420
10790052
100
AcDbHatch
 10
0.0
 20
0.0
 30
0.0
210
0.0
220
0.0
230
1.0
  2
SOLID
 70
1
 71
0
 91
1
 92
3
 72
0
 73
1
 93
4
 10
12.25297401229973
 20
8.044450963462872
 10
12.25512875903333
 20
8.046186656969274
 10
12.25512875903333
 20
8.382302991934692
 10
12.25297401229973
 20
8.38056729842829
 97
0
 75
0
 76
1
 98
0
  0
LWPOLYLINE
  5
4F4
330
17
100
AcDbEntity
  8
A-MASS
100
AcDbPolyline
 90
4
 70
1
 10
12.25297401229973
 20
8.044450963462872
 10
12.25512875903333
 20
8.046186656969274
 10
12.25512875903333
 20
8.382302991934692
 10
12.25297401229973
 20
8.38056729842829
  0
HATCH
  5
4F5
330
17
100
AcDbEntity
  8
A-MASS
 62
7
420
10790052
100
AcDbHatch
 10
0.0
 20
0.0
 30
0.0
210
0.0
220
0.0
230
1.0
  2
SOLID
 70
1
 71
0
 91
1
 92
3
 72
0
 73
1
 93
4
 10
12.250729182626829
 20
8.042740618433113
 10
12.25297401229973
 20
8.044450963462872
 10
12.25297401229973
 20
8.38056729842829
 10
12.250729182626829
 20
8.378856953398529
 97
0
 75
0
 76
1
 98
0
  0
LWPOLYLINE
  5
4F6
330
17
100
AcDbEntity
  8
A-MASS
100
AcDbPolyline
 90
4
 70
1
 10
12.250729182626829
 20
8.042740618433113
 10
12.25297401229973
 20
8.044450963462872
 10
12.25297401229973
 20
8.38056729842829
 10
12.250729182626829
 20
8.378856953398529
  0
HATCH
  5
4F7
330
17
100
AcDbEntity
  8
A-MASS
 62
7
420
10790052
100
AcDbHatch
 10
0.0
 20
0.0
 30
0.0
210
0.0
220
0.0
230
1.0
  2
SOLID
 70
1
 71
0
 91
1
 92
3
 72
0
 73
1
 93
4
 10
12.248395622216083
 20
8.041056652127887
 10
12.250729182626829
 20
8.042740618433113
 10
12.250729182626829
 20
8.378856953398529
 10
12.248395622216083
 20
8.377172987093303
 97
0
 75
0
 76
1
 98
0
  0
LWPOLYLINE
  5
4F8
330
17
100
AcDbEntity
  8
A-MASS
100
AcDbPolyline
 90
4
 70
1
 10
12.248395622216083
 20
8.041056652127887
 10
12.250729182626829
 20
8.042740618433113
 10
12.250729182626829
 20
8.378856953398529
 10
12.248395622216083
 20
8.377172987093303
  0
HATCH
  5
4F9
330
17
100
AcDbEntity
  8
A-MASS
 62
7
420
10790052
100
AcDbHatch
 10
0.0
 20
0.0
 30
0.0
210
0.0
220
0.0
230
1.0
  2
SOLID
 70
1
 71
0
 91
1
 92
3
 72
0
 73
1
 93
4
 10
12.245974736717029
 20
8.039400078905532
 10
12.248395622216083
 20
8.041056652127887
 10
12.248395622216083
 20
8.377172987093303
 10
12.245974736717029
 20
8.375516413870947
 97
0
 75
0
 76
1
 98
0
  0
LWPOLYLINE
  5
4FA
330
17
100
AcDbEntity
  8
A-MASS
100
AcDbPolyline
 90
4
 70
1
 10
12.245974736717029
 20
8.039400078905532
 10
12.248395622216083
 20
8.041056652127887
 10
12.248395622216083
 20
8.377172987093303
 10
12.245974736717029
 20
8.375516413870947
  0
HATCH
  5
4FB
330
17
100
AcDbEntity
  8
A-MASS
 62
7
420
10790052
100
AcDbHatch
 10
0.0
 20
0.0
 30
0.0
210
0.0
220
0.0
230
1.0
  2
SOLID
 70
1
 71
0
 91
1
 92
3
 72
0
 73
1
 93
4
 10
12.243467984380565
 20
8.037771896623811
 10
12.245974736717029
 20
8.039400078905532
 10
12.245974736717029
 20
8.375516413870947
 10
12.243467984380565
 20
8.373888231589227
 97
0
 75
0
 76
1
 98
0
  0
LWPOLYLINE
  5
4FC
330
17
100
AcDbEntity
  8
A-MASS
100
AcDbPolyline
 90
4
 70
1
 10
12.243467984380565
 20
8.037771896623811
 10
12.245974736717029
 20
8.039400078905532
 10
12.245974736717029
 20
8.375516413870947
 10
12.243467984380565
 20
8.373888231589227
  0
HATCH
  5
4FD
330
17
100
AcDbEntity
  8
A-MASS
 62
7
420
10790052
100
AcDbHatch
 10
0.0
 20
0.0
 30
0.0
210
0.0
220
0.0
230
1.0
  2
SOLID
 70
1
 71
0
 91
1
 92
3
 72
0
 73
1
 93
4
 10
12.240876875180565
 20
8.03617308603885
 10
12.243467984380565
 20
8.037771896623811
 10
12.243467984380565
 20
8.373888231589227
 10
12.240876875180565
 20
8.372289421004266
 97
0
 75
0
 76
1
 98
0
  0
LWPOLYLINE
  5
4FE
330
17
100
AcDbEntity
  8
A-MASS
100
AcDbPolyline
 90
4
 70
1
 10
12.240876875180565
 20
8.03617308603885
 10
12.243467984380565
 20
8.037771896623811
 10
12.243467984380565
 20
8.373888231589227
 10
12.240876875180565
 20
8.372289421004266
  0
HATCH
  5
4FF
330
17
100
AcDbEntity
  8
A-MASS
 62
7
420
10790052
100
AcDbHatch
 10
0.0
 20
0.0
 30
0.0
210
0.0
220
0.0
230
1.0
  2
SOLID
 70
1
 71
0
 91
1
 92
3
 72
0
 73
1
 93
4
 10
12.238202969904325
 20
8.034604610214362
 10
12.240876875180565
 20
8.03617308603885
 10
12.240876875180565
 20
8.372289421004266
 10
12.238202969904325
 20
8.37072094517978
 97
0
 75
0
 76
1
 98
0
  0
LWPOLYLINE
  5
500
330
17
100
AcDbEntity
  8
A-MASS
100
AcDbPolyline
 90
4
 70
1
 10
12.238202969904325
 20
8.034604610214362
 10
12.240876875180565
 20
8.03617308603885
 10
12.240876875180565
 20
8.372289421004266
 10
12.238202969904325
 20
8.37072094517978
  0
HATCH
  5
501
330
17
100
AcDbEntity
  8
A-MASS
 62
7
420
10790052
100
AcDbHatch
 10
0.0
 20
0.0
 30
0.0
210
0.0
220
0.0
230
1.0
  2
SOLID
 70
1
 71
0
 91
1
 92
3
 72
0
 73
1
 93
4
 10
12.2354478792124
 20
8.033067413941536
 10
12.238202969904325
 20
8.034604610214362
 10
12.238202969904325
 20
8.37072094517978
 10
12.2354478792124
 20
8.369183748906954
 97
0
 75
0
 76
1
 98
0
  0
LWPOLYLINE
  5
502
330
17
100
AcDbEntity
  8
A-MASS
100
AcDbPolyline
 90
4
 70
1
 10
12.2354478792124
 20
8.033067413941536
 10
12.238202969904325
 20
8.034604610214362
 10
12.238202969904325
 20
8.37072094517978
 10
12.2354478792124
 20
8.369183748906954
  0
HATCH
  5
503
330
17
100
AcDbEntity
  8
A-MASS
 62
7
420
10790052
100
AcDbHatch
 10
0.0
 20
0.0
 30
0.0
210
0.0
220
0.0
230
1.0
  2
SOLID
 70
1
 71
0
 91
1
 92
3
 72
0
 73
1
 93
4
 10
12.232613262668401
 20
8.031562423169927
 10
12.2354478792124
 20
8.033067413941536
 10
12.2354478792124
 20
8.369183748906954
 10
12.232613262668401
 20
8.367678758135344
 97
0
 75
0
 76
1
 98
0
  0
LWPOLYLINE
  5
504
330
17
100
AcDbEntity
  8
A-MASS
100
AcDbPolyline
 90
4
 70
1
 10
12.232613262668401
 20
8.031562423169927
 10
12.2354478792124
 20
8.033067413941536
 10
12.2354478792124
 20
8.369183748906954
 10
12.232613262668401
 20
8.367678758135344
  0
HATCH
  5
505
330
17
100
AcDbEntity
  8
A-MASS
 62
7
420
10790052
100
AcDbHatch
 10
0.0
 20
0.0
 30
0.0
210
0.0
220
0.0
230
1.0
  2
SOLID
 70
1
 71
0
 91
1
 92
3
 72
0
 73
1
 93
4
 10
12.229700827739343
 20
8.030090544449699
 10
12.232613262668401
 20
8.031562423169927
 10
12.232613262668401
 20
8.367678758135344
 10
12.229700827739343
 20
8.366206879415115
 97
0
 75
0
 76
1
 98
0
  0
LWPOLYLINE
  5
506
330
17
100
AcDbEntity
  8
A-MASS
100
AcDbPolyline
 90
4
 70
1
 10
12.229700827739343
 20
8.030090544449699
 10
12.232613262668401
 20
8.031562423169927
 10
12.232613262668401
 20
8.367678758135344
 10
12.229700827739343
 20
8.366206879415115
  0
HATCH
  5
507
330
17
100
AcDbEntity
  8
A-MASS
 62
7
420
10790052
100
AcDbHatch
 10
0.0
 20
0.0
 30
0.0
210
0.0
220
0.0
230
1.0
  2
SOLID
 70
1
 71
0
 91
1
 92
3
 72
0
 73
1
 93
4
 10
12.226712328767123
 20
8.028652664385556
 10
12.229700827739343
 20
8.030090544449699
 10
12.229700827739343
 20
8.366206879415115
 10
12.226712328767123
 20
8.364768999350973
 97
0
 75
0
 76
1
 98
0
  0
LWPOLYLINE
  5
508
330
17
100
AcDbEntity
  8
A-MASS
100
AcDbPolyline
 90
4
 70
1
 10
12.226712328767123
 20
8.028652664385556
 10
12.229700827739343
 20
8.030090544449699
 10
12.229700827739343
 20
8.366206879415115
 10
12.226712328767123
 20
8.364768999350973
  0
HATCH
  5
509
330
17
100
AcDbEntity
  8
A-MASS
 62
7
420
10790052
100
AcDbHatch
 10
0.0
 20
0.0
 30
0.0
210
0.0
220
0.0
230
1.0
  2
SOLID
 70
1
 71
0
 91
1
 92
3
 72
0
 73
1
 93
4
 10
12.223649565911774
 20
8.027249649102684
 10
12.226712328767123
 20
8.028652664385556
 10
12.226712328767123
 20
8.364768999350973
 10
12.223649565911774
 20
8.363365984068102
 97
0
 75
0
 76
1
 98
0
  0
LWPOLYLINE
  5
50A
330
17
100
AcDbEntity
  8
A-MASS
100
AcDbPolyline
 90
4
 70
1
 10
12.223649565911774
 20
8.027249649102684
 10
12.226712328767123
 20
8.028652664385556
 10
12.226712328767123
 20
8.364768999350973
 10
12.223649565911774
 20
8.363365984068102
  0
HATCH
  5
50B
330
17
100
AcDbEntity
  8
A-MASS
 62
7
420
10790052
100
AcDbHatch
 10
0.0
 20
0.0
 30
0.0
210
0.0
220
0.0
230
1.0
  2
SOLID
 70
1
 71
0
 91
1
 92
3
 72
0
 73
1
 93
4
 10
12.220514384067119
 20
8.025882343725026
 10
12.223649565911774
 20
8.027249649102684
 10
12.223649565911774
 20
8.363365984068102
 10
12.220514384067119
 20
8.361998678690444
 97
0
 75
0
 76
1
 98
0
  0
LWPOLYLINE
  5
50C
330
17
100
AcDbEntity
  8
A-MASS
100
AcDbPolyline
 90
4
 70
1
 10
12.220514384067119
 20
8.025882343725026
 10
12.223649565911774
 20
8.027249649102684
 10
12.223649565911774
 20
8.363365984068102
 10
12.220514384067119
 20
8.361998678690444
  0
HATCH
  5
50D
330
17
100
AcDbEntity
  8
A-MASS
 62
7
420
10790052
100
AcDbHatch
 10
0.0
 20
0.0
 30
0.0
210
0.0
220
0.0
230
1.0
  2
SOLID
 70
1
 71
0
 91
1
 92
3
 72
0
 73
1
 93
4
 10
12.217308671749468
 20
8.024551571866217
 10
12.220514384067119
 20
8.025882343725026
 10
12.220514384067119
 20
8.361998678690444
 10
12.217308671749468
 20
8.360667906831633
 97
0
 75
0
 76
1
 98
0
  0
LWPOLYLINE
  5
50E
330
17
100
AcDbEntity
  8
A-MASS
100
AcDbPolyline
 90
4
 70
1
 10
12.217308671749468
 20
8.024551571866217
 10
12.220514384067119
 20
8.025882343725026
 10
12.220514384067119
 20
8.361998678690444
 10
12.217308671749468
 20
8.360667906831633
  0
HATCH
  5
50F
330
17
100
AcDbEntity
  8
A-MASS
 62
7
420
10790052
100
AcDbHatch
 10
0.0
 20
0.0
 30
0.0
210
0.0
220
0.0
230
1.0
  2
SOLID
 70
1
 71
0
 91
1
 92
3
 72
0
 73
1
 93
4
 10
12.214034359960051
 20
8.023258135133462
 10
12.217308671749468
 20
8.024551571866217
 10
12.217308671749468
 20
8.360667906831633
 10
12.214034359960051
 20
8.359374470098878
 97
0
 75
0
 76
1
 98
0
  0
LWPOLYLINE
  5
510
330
17
100
AcDbEntity
  8
A-MASS
100
AcDbPolyline
 90
4
 70
1
 10
12.214034359960051
 20
8.023258135133462
 10
12.217308671749468
 20
8.024551571866217
 10
12.217308671749468
 20
8.360667906831633
 10
12.214034359960051
 20
8.359374470098878
  0
HATCH
  5
511
330
17
100
AcDbEntity
  8
A-MASS
 62
7
420
10790052
100
AcDbHatch
 10
0.0
 20
0.0
 30
0.0
210
0.0
220
0.0
230
1.0
  2
SOLID
 70
1
 71
0
 91
1
 92
3
 72
0
 73
1
 93
4
 10
12.210693421021855
 20
8.022002812644685
 10
12.214034359960051
 20
8.023258135133462
 10
12.214034359960051
 20
8.359374470098878
 10
12.210693421021855
 20
8.3581191476101
 97
0
 75
0
 76
1
 98
0
  0
LWPOLYLINE
  5
512
330
17
100
AcDbEntity
  8
A-MASS
100
AcDbPolyline
 90
4
 70
1
 10
12.210693421021855
 20
8.022002812644685
 10
12.214034359960051
 20
8.023258135133462
 10
12.214034359960051
 20
8.359374470098878
 10
12.210693421021855
 20
8.3581191476101
  0
HATCH
  5
513
330
17
100
AcDbEntity
  8
A-MASS
 62
7
420
10790052
100
AcDbHatch
 10
0.0
 20
0.0
 30
0.0
210
0.0
220
0.0
230
1.0
  2
SOLID
 70
1
 71
0
 91
1
 92
3
 72
0
 73
1
 93
4
 10
12.207287867391571
 20
8.020786360559212
 10
12.210693421021855
 20
8.022002812644685
 10
12.210693421021855
 20
8.3581191476101
 10
12.207287867391571
 20
8.356902695524628
 97
0
 75
0
 76
1
 98
0
  0
LWPOLYLINE
  5
514
330
17
100
AcDbEntity
  8
A-MASS
100
AcDbPolyline
 90
4
 70
1
 10
12.207287867391571
 20
8.020786360559212
 10
12.210693421021855
 20
8.022002812644685
 10
12.210693421021855
 20
8.3581191476101
 10
12.207287867391571
 20
8.356902695524628
  0
HATCH
  5
515
330
17
100
AcDbEntity
  8
A-MASS
 62
7
420
10790052
100
AcDbHatch
 10
0.0
 20
0.0
 30
0.0
210
0.0
220
0.0
230
1.0
  2
SOLID
 70
1
 71
0
 91
1
 92
3
 72
0
 73
1
 93
4
 10
12.203819750447366
 20
8.019609511622294
 10
12.207287867391571
 20
8.020786360559212
 10
12.207287867391571
 20
8.356902695524628
 10
12.203819750447366
 20
8.35572584658771
 97
0
 75
0
 76
1
 98
0
  0
LWPOLYLINE
  5
516
330
17
100
AcDbEntity
  8
A-MASS
100
AcDbPolyline
 90
4
 70
1
 10
12.203819750447366
 20
8.019609511622294
 10
12.207287867391571
 20
8.020786360559212
 10
12.207287867391571
 20
8.356902695524628
 10
12.203819750447366
 20
8.35572584658771
  0
HATCH
  5
517
330
17
100
AcDbEntity
  8
A-MASS
 62
7
420
10790052
100
AcDbHatch
 10
0.0
 20
0.0
 30
0.0
210
0.0
220
0.0
230
1.0
  2
SOLID
 70
1
 71
0
 91
1
 92
3
 72
0
 73
1
 93
4
 10
12.200291159253204
 20
8.018472974723727
 10
12.203819750447366
 20
8.019609511622294
 10
12.203819750447366
 20
8.35572584658771
 10
12.200291159253204
 20
8.354589309689144
 97
0
 75
0
 76
1
 98
0
  0
LWPOLYLINE
  5
518
330
17
100
AcDbEntity
  8
A-MASS
100
AcDbPolyline
 90
4
 70
1
 10
12.200291159253204
 20
8.018472974723727
 10
12.203819750447366
 20
8.019609511622294
 10
12.203819750447366
 20
8.35572584658771
 10
12.200291159253204
 20
8.354589309689144
  0
HATCH
  5
519
330
17
100
AcDbEntity
  8
A-MASS
 62
7
420
10790052
100
AcDbHatch
 10
0.0
 20
0.0
 30
0.0
210
0.0
220
0.0
230
1.0
  2
SOLID
 70
1
 71
0
 91
1
 92
3
 72
0
 73
1
 93
4
 10
12.196704219300479
 20
8.01737743447084
 10
12.200291159253204
 20
8.018472974723727
 10
12.200291159253204
 20
8.354589309689144
 10
12.196704219300479
 20
8.353493769436255
 97
0
 75
0
 76
1
 98
0
  0
LWPOLYLINE
  5
51A
330
17
100
AcDbEntity
  8
A-MASS
100
AcDbPolyline
 90
4
 70
1
 10
12.196704219300479
 20
8.01737743447084
 10
12.200291159253204
 20
8.018472974723727
 10
12.200291159253204
 20
8.354589309689144
 10
12.196704219300479
 20
8.353493769436255
  0
HATCH
  5
51B
330
17
100
AcDbEntity
  8
A-MASS
 62
7
420
10790052
100
AcDbHatch
 10
0.0
 20
0.0
 30
0.0
210
0.0
220
0.0
230
1.0
  2
SOLID
 70
1
 71
0
 91
1
 92
3
 72
0
 73
1
 93
4
 10
12.193061091227692
 20
8.016323550776114
 10
12.196704219300479
 20
8.01737743447084
 10
12.196704219300479
 20
8.353493769436255
 10
12.193061091227692
 20
8.352439885741532
 97
0
 75
0
 76
1
 98
0
  0
LWPOLYLINE
  5
51C
330
17
100
AcDbEntity
  8
A-MASS
100
AcDbPolyline
 90
4
 70
1
 10
12.193061091227692
 20
8.016323550776114
 10
12.196704219300479
 20
8.01737743447084
 10
12.196704219300479
 20
8.353493769436255
 10
12.193061091227692
 20
8.352439885741532
  0
HATCH
  5
51D
330
17
100
AcDbEntity
  8
A-MASS
 62
7
420
10790052
100
AcDbHatch
 10
0.0
 20
0.0
 30
0.0
210
0.0
220
0.0
230
1.0
  2
SOLID
 70
1
 71
0
 91
1
 92
3
 72
0
 73
1
 93
4
 10
12.18936396951897
 20
8.015311958459684
 10
12.193061091227692
 20
8.016323550776114
 10
12.193061091227692
 20
8.352439885741532
 10
12.18936396951897
 20
8.351428293425101
 97
0
 75
0
 76
1
 98
0
  0
LWPOLYLINE
  5
51E
330
17
100
AcDbEntity
  8
A-MASS
100
AcDbPolyline
 90
4
 70
1
 10
12.18936396951897
 20
8.015311958459684
 10
12.193061091227692
 20
8.016323550776114
 10
12.193061091227692
 20
8.352439885741532
 10
12.18936396951897
 20
8.351428293425101
  0
HATCH
  5
51F
330
17
100
AcDbEntity
  8
A-MASS
 62
7
420
10790052
100
AcDbHatch
 10
0.0
 20
0.0
 30
0.0
210
0.0
220
0.0
230
1.0
  2
SOLID
 70
1
 71
0
 91
1
 92
3
 72
0
 73
1
 93
4
 10
12.185615081182188
 20
8.014343266866932
 10
12.18936396951897
 20
8.015311958459684
 10
12.18936396951897
 20
8.351428293425101
 10
12.185615081182188
 20
8.350459601832348
 97
0
 75
0
 76
1
 98
0
  0
LWPOLYLINE
  5
520
330
17
100
AcDbEntity
  8
A-MASS
100
AcDbPolyline
 90
4
 70
1
 10
12.185615081182188
 20
8.014343266866932
 10
12.18936396951897
 20
8.015311958459684
 10
12.18936396951897
 20
8.351428293425101
 10
12.185615081182188
 20
8.350459601832348
  0
HATCH
  5
521
330
17
100
AcDbEntity
  8
A-MASS
 62
7
420
10790052
100
AcDbHatch
 10
0.0
 20
0.0
 30
0.0
210
0.0
220
0.0
230
1.0
  2
SOLID
 70
1
 71
0
 91
1
 92
3
 72
0
 73
1
 93
4
 10
12.181816684407497
 20
8.013418059501454
 10
12.185615081182188
 20
8.014343266866932
 10
12.185615081182188
 20
8.350459601832348
 10
12.181816684407497
 20
8.34953439446687
 97
0
 75
0
 76
1
 98
0
  0
LWPOLYLINE
  5
522
330
17
100
AcDbEntity
  8
A-MASS
100
AcDbPolyline
 90
4
 70
1
 10
12.181816684407497
 20
8.013418059501454
 10
12.185615081182188
 20
8.014343266866932
 10
12.185615081182188
 20
8.350459601832348
 10
12.181816684407497
 20
8.34953439446687
  0
HATCH
  5
523
330
17
100
AcDbEntity
  8
A-MASS
 62
7
420
10790052
100
AcDbHatch
 10
0.0
 20
0.0
 30
0.0
210
0.0
220
0.0
230
1.0
  2
SOLID
 70
1
 71
0
 91
1
 92
3
 72
0
 73
1
 93
4
 10
12.177971067207084
 20
8.01253689367357
 10
12.181816684407497
 20
8.013418059501454
 10
12.181816684407497
 20
8.34953439446687
 10
12.177971067207084
 20
8.348653228638986
 97
0
 75
0
 76
1
 98
0
  0
LWPOLYLINE
  5
524
330
17
100
AcDbEntity
  8
A-MASS
100
AcDbPolyline
 90
4
 70
1
 10
12.177971067207084
 20
8.01253689367357
 10
12.181816684407497
 20
8.013418059501454
 10
12.181816684407497
 20
8.34953439446687
 10
12.177971067207084
 20
8.348653228638986
  0
HATCH
  5
525
330
17
100
AcDbEntity
  8
A-MASS
 62
7
420
13487565
100
AcDbHatch
 10
0.0
 20
0.0
 30
0.0
210
0.0
220
0.0
230
1.0
  2
SOLID
 70
1
 71
0
 91
1
 92
3
 72
0
 73
1
 93
4
 10
12.082876712328767
 20
8.015147318058839
 10
12.093275953830478
 20
8.009934701520102
 10
12.093275953830478
 20
8.34605103648552
 10
12.082876712328767
 20
8.351263653024255
 97
0
 75
0
 76
1
 98
0
  0
LWPOLYLINE
  5
526
330
17
100
AcDbEntity
  8
A-MASS
100
AcDbPolyline
 90
4
 70
1
 10
12.082876712328767
 20
8.015147318058839
 10
12.093275953830478
 20
8.009934701520102
 10
12.093275953830478
 20
8.34605103648552
 10
12.082876712328767
 20
8.351263653024255
  0
HATCH
  5
527
330
17
100
AcDbEntity
  8
A-MASS
 62
7
420
10790052
100
AcDbHatch
 10
0.0
 20
0.0
 30
0.0
210
0.0
220
0.0
230
1.0
  2
SOLID
 70
1
 71
0
 91
1
 92
3
 72
0
 73
1
 93
4
 10
12.174080546036954
 20
8.011700300164625
 10
12.177971067207084
 20
8.01253689367357
 10
12.177971067207084
 20
8.348653228638986
 10
12.174080546036954
 20
8.347816635130041
 97
0
 75
0
 76
1
 98
0
  0
LWPOLYLINE
  5
528
330
17
100
AcDbEntity
  8
A-MASS
100
AcDbPolyline
 90
4
 70
1
 10
12.174080546036954
 20
8.011700300164625
 10
12.177971067207084
 20
8.01253689367357
 10
12.177971067207084
 20
8.348653228638986
 10
12.174080546036954
 20
8.347816635130041
  0
HATCH
  5
529
330
17
100
AcDbEntity
  8
A-MASS
 62
7
420
10790052
100
AcDbHatch
 10
0.0
 20
0.0
 30
0.0
210
0.0
220
0.0
230
1.0
  2
SOLID
 70
1
 71
0
 91
1
 92
3
 72
0
 73
1
 93
4
 10
12.170147464401586
 20
8.010908782907267
 10
12.174080546036954
 20
8.011700300164625
 10
12.174080546036954
 20
8.347816635130041
 10
12.170147464401586
 20
8.347025117872684
 97
0
 75
0
 76
1
 98
0
  0
LWPOLYLINE
  5
52A
330
17
100
AcDbEntity
  8
A-MASS
100
AcDbPolyline
 90
4
 70
1
 10
12.170147464401586
 20
8.010908782907267
 10
12.174080546036954
 20
8.011700300164625
 10
12.174080546036954
 20
8.347816635130041
 10
12.170147464401586
 20
8.347025117872684
  0
HATCH
  5
52B
330
17
100
AcDbEntity
  8
A-MASS
 62
7
420
10790052
100
AcDbHatch
 10
0.0
 20
0.0
 30
0.0
210
0.0
220
0.0
230
1.0
  2
SOLID
 70
1
 71
0
 91
1
 92
3
 72
0
 73
1
 93
4
 10
12.166174191442284
 20
8.010162818681897
 10
12.170147464401586
 20
8.010908782907267
 10
12.170147464401586
 20
8.347025117872684
 10
12.166174191442284
 20
8.346279153647313
 97
0
 75
0
 76
1
 98
0
  0
LWPOLYLINE
  5
52C
330
17
100
AcDbEntity
  8
A-MASS
100
AcDbPolyline
 90
4
 70
1
 10
12.166174191442284
 20
8.010162818681897
 10
12.170147464401586
 20
8.010908782907267
 10
12.170147464401586
 20
8.347025117872684
 10
12.166174191442284
 20
8.346279153647313
  0
HATCH
  5
52D
330
17
100
AcDbEntity
  8
A-MASS
 62
7
420
10790052
100
AcDbHatch
 10
0.0
 20
0.0
 30
0.0
210
0.0
220
0.0
230
1.0
  2
SOLID
 70
1
 71
0
 91
1
 92
3
 72
0
 73
1
 93
4
 10
12.162163120510115
 20
8.009462856829469
 10
12.166174191442284
 20
8.010162818681897
 10
12.166174191442284
 20
8.346279153647313
 10
12.162163120510115
 20
8.345579191794885
 97
0
 75
0
 76
1
 98
0
  0
LWPOLYLINE
  5
52E
330
17
100
AcDbEntity
  8
A-MASS
100
AcDbPolyline
 90
4
 70
1
 10
12.162163120510115
 20
8.009462856829469
 10
12.166174191442284
 20
8.010162818681897
 10
12.166174191442284
 20
8.346279153647313
 10
12.162163120510115
 20
8.345579191794885
  0
HATCH
  5
52F
330
17
100
AcDbEntity
  8
A-MASS
 62
7
420
10790052
100
AcDbHatch
 10
0.0
 20
0.0
 30
0.0
210
0.0
220
0.0
230
1.0
  2
SOLID
 70
1
 71
0
 91
1
 92
3
 72
0
 73
1
 93
4
 10
12.15811666772422
 20
8.00880931898083
 10
12.162163120510115
 20
8.009462856829469
 10
12.162163120510115
 20
8.345579191794885
 10
12.15811666772422
 20
8.344925653946246
 97
0
 75
0
 76
1
 98
0
  0
LWPOLYLINE
  5
530
330
17
100
AcDbEntity
  8
A-MASS
100
AcDbPolyline
 90
4
 70
1
 10
12.15811666772422
 20
8.00880931898083
 10
12.162163120510115
 20
8.009462856829469
 10
12.162163120510115
 20
8.345579191794885
 10
12.15811666772422
 20
8.344925653946246
  0
HATCH
  5
531
330
17
100
AcDbEntity
  8
A-MASS
 62
7
420
10790052
100
AcDbHatch
 10
0.0
 20
0.0
 30
0.0
210
0.0
220
0.0
230
1.0
  2
SOLID
 70
1
 71
0
 91
1
 92
3
 72
0
 73
1
 93
4
 10
12.154037270516454
 20
8.008202598802743
 10
12.15811666772422
 20
8.00880931898083
 10
12.15811666772422
 20
8.344925653946246
 10
12.154037270516454
 20
8.34431893376816
 97
0
 75
0
 76
1
 98
0
  0
LWPOLYLINE
  5
532
330
17
100
AcDbEntity
  8
A-MASS
100
AcDbPolyline
 90
4
 70
1
 10
12.154037270516454
 20
8.008202598802743
 10
12.15811666772422
 20
8.00880931898083
 10
12.15811666772422
 20
8.344925653946246
 10
12.154037270516454
 20
8.34431893376816
  0
HATCH
  5
533
330
17
100
AcDbEntity
  8
A-MASS
 62
7
420
10790052
100
AcDbHatch
 10
0.0
 20
0.0
 30
0.0
210
0.0
220
0.0
230
1.0
  2
SOLID
 70
1
 71
0
 91
1
 92
3
 72
0
 73
1
 93
4
 10
12.149927386163155
 20
8.007643061760756
 10
12.154037270516454
 20
8.008202598802743
 10
12.154037270516454
 20
8.34431893376816
 10
12.149927386163155
 20
8.343759396726172
 97
0
 75
0
 76
1
 98
0
  0
LWPOLYLINE
  5
534
330
17
100
AcDbEntity
  8
A-MASS
100
AcDbPolyline
 90
4
 70
1
 10
12.149927386163155
 20
8.007643061760756
 10
12.154037270516454
 20
8.008202598802743
 10
12.154037270516454
 20
8.34431893376816
 10
12.149927386163155
 20
8.343759396726172
  0
HATCH
  5
535
330
17
100
AcDbEntity
  8
A-MASS
 62
7
420
10790052
100
AcDbHatch
 10
0.0
 20
0.0
 30
0.0
210
0.0
220
0.0
230
1.0
  2
SOLID
 70
1
 71
0
 91
1
 92
3
 72
0
 73
1
 93
4
 10
12.145789490304978
 20
8.007131044899062
 10
12.149927386163155
 20
8.007643061760756
 10
12.149927386163155
 20
8.343759396726172
 10
12.145789490304978
 20
8.343247379864478
 97
0
 75
0
 76
1
 98
0
  0
LWPOLYLINE
  5
536
330
17
100
AcDbEntity
  8
A-MASS
100
AcDbPolyline
 90
4
 70
1
 10
12.145789490304978
 20
8.007131044899062
 10
12.149927386163155
 20
8.007643061760756
 10
12.149927386163155
 20
8.343759396726172
 10
12.145789490304978
 20
8.343247379864478
  0
HATCH
  5
537
330
17
100
AcDbEntity
  8
A-MASS
 62
7
420
13487565
100
AcDbHatch
 10
0.0
 20
0.0
 30
0.0
210
0.0
220
0.0
230
1.0
  2
SOLID
 70
1
 71
0
 91
1
 92
3
 72
0
 73
1
 93
4
 10
12.093275953830478
 20
8.009934701520102
 10
12.102455451701498
 20
8.00468354447881
 10
12.102455451701498
 20
8.340799879444228
 10
12.093275953830478
 20
8.34605103648552
 97
0
 75
0
 76
1
 98
0
  0
LWPOLYLINE
  5
538
330
17
100
AcDbEntity
  8
A-MASS
100
AcDbPolyline
 90
4
 70
1
 10
12.093275953830478
 20
8.009934701520102
 10
12.102455451701498
 20
8.00468354447881
 10
12.102455451701498
 20
8.340799879444228
 10
12.093275953830478
 20
8.34605103648552
  0
HATCH
  5
539
330
17
100
AcDbEntity
  8
A-MASS
 62
7
420
10790052
100
AcDbHatch
 10
0.0
 20
0.0
 30
0.0
210
0.0
220
0.0
230
1.0
  2
SOLID
 70
1
 71
0
 91
1
 92
3
 72
0
 73
1
 93
4
 10
12.141626075455664
 20
8.006666856637471
 10
12.145789490304978
 20
8.007131044899062
 10
12.145789490304978
 20
8.343247379864478
 10
12.141626075455664
 20
8.342783191602887
 97
0
 75
0
 76
1
 98
0
  0
LWPOLYLINE
  5
53A
330
17
100
AcDbEntity
  8
A-MASS
100
AcDbPolyline
 90
4
 70
1
 10
12.141626075455664
 20
8.006666856637471
 10
12.145789490304978
 20
8.007131044899062
 10
12.145789490304978
 20
8.343247379864478
 10
12.141626075455664
 20
8.342783191602887
  0
HATCH
  5
53B
330
17
100
AcDbEntity
  8
A-MASS
 62
7
420
10790052
100
AcDbHatch
 10
0.0
 20
0.0
 30
0.0
210
0.0
220
0.0
230
1.0
  2
SOLID
 70
1
 71
0
 91
1
 92
3
 72
0
 73
1
 93
4
 10
12.137439649500637
 20
8.006250776585636
 10
12.141626075455664
 20
8.006666856637471
 10
12.141626075455664
 20
8.342783191602887
 10
12.137439649500637
 20
8.342367111551052
 97
0
 75
0
 76
1
 98
0
  0
LWPOLYLINE
  5
53C
330
17
100
AcDbEntity
  8
A-MASS
100
AcDbPolyline
 90
4
 70
1
 10
12.137439649500637
 20
8.006250776585636
 10
12.141626075455664
 20
8.006666856637471
 10
12.141626075455664
 20
8.342783191602887
 10
12.137439649500637
 20
8.342367111551052
  0
HATCH
  5
53D
330
17
100
AcDbEntity
  8
A-MASS
 62
7
420
10790052
100
AcDbHatch
 10
0.0
 20
0.0
 30
0.0
210
0.0
220
0.0
230
1.0
  2
SOLID
 70
1
 71
0
 91
1
 92
3
 72
0
 73
1
 93
4
 10
12.13323273418635
 20
8.005883055374621
 10
12.137439649500637
 20
8.006250776585636
 10
12.137439649500637
 20
8.342367111551052
 10
12.13323273418635
 20
8.341999390340039
 97
0
 75
0
 76
1
 98
0
  0
LWPOLYLINE
  5
53E
330
17
100
AcDbEntity
  8
A-MASS
100
AcDbPolyline
 90
4
 70
1
 10
12.13323273418635
 20
8.005883055374621
 10
12.137439649500637
 20
8.006250776585636
 10
12.137439649500637
 20
8.342367111551052
 10
12.13323273418635
 20
8.341999390340039
  0
HATCH
  5
53F
330
17
100
AcDbEntity
  8
A-MASS
 62
7
420
10790052
100
AcDbHatch
 10
0.0
 20
0.0
 30
0.0
210
0.0
220
0.0
230
1.0
  2
SOLID
 70
1
 71
0
 91
1
 92
3
 72
0
 73
1
 93
4
 10
12.129007863601284
 20
8.005563914505936
 10
12.13323273418635
 20
8.005883055374621
 10
12.13323273418635
 20
8.341999390340039
 10
12.129007863601284
 20
8.341680249471352
 97
0
 75
0
 76
1
 98
0
  0
LWPOLYLINE
  5
540
330
17
100
AcDbEntity
  8
A-MASS
100
AcDbPolyline
 90
4
 70
1
 10
12.129007863601284
 20
8.005563914505936
 10
12.13323273418635
 20
8.005883055374621
 10
12.13323273418635
 20
8.341999390340039
 10
12.129007863601284
 20
8.341680249471352
  0
HATCH
  5
541
330
17
100
AcDbEntity
  8
A-MASS
 62
7
420
10790052
100
AcDbHatch
 10
0.0
 20
0.0
 30
0.0
210
0.0
220
0.0
230
1.0
  2
SOLID
 70
1
 71
0
 91
1
 92
3
 72
0
 73
1
 93
4
 10
12.124767582649504
 20
8.005293546218104
 10
12.129007863601284
 20
8.005563914505936
 10
12.129007863601284
 20
8.341680249471352
 10
12.124767582649504
 20
8.34140988118352
 97
0
 75
0
 76
1
 98
0
  0
LWPOLYLINE
  5
542
330
17
100
AcDbEntity
  8
A-MASS
100
AcDbPolyline
 90
4
 70
1
 10
12.124767582649504
 20
8.005293546218104
 10
12.129007863601284
 20
8.005563914505936
 10
12.129007863601284
 20
8.341680249471352
 10
12.124767582649504
 20
8.34140988118352
  0
HATCH
  5
543
330
17
100
AcDbEntity
  8
A-MASS
 62
7
420
10790052
100
AcDbHatch
 10
0.0
 20
0.0
 30
0.0
210
0.0
220
0.0
230
1.0
  2
SOLID
 70
1
 71
0
 91
1
 92
3
 72
0
 73
1
 93
4
 10
12.120514445517696
 20
8.005072113370872
 10
12.124767582649504
 20
8.005293546218104
 10
12.124767582649504
 20
8.34140988118352
 10
12.120514445517696
 20
8.34118844833629
 97
0
 75
0
 76
1
 98
0
  0
LWPOLYLINE
  5
544
330
17
100
AcDbEntity
  8
A-MASS
100
AcDbPolyline
 90
4
 70
1
 10
12.120514445517696
 20
8.005072113370872
 10
12.124767582649504
 20
8.005293546218104
 10
12.124767582649504
 20
8.34140988118352
 10
12.120514445517696
 20
8.34118844833629
  0
HATCH
  5
545
330
17
100
AcDbEntity
  8
A-MASS
 62
7
420
10790052
100
AcDbHatch
 10
0.0
 20
0.0
 30
0.0
210
0.0
220
0.0
230
1.0
  2
SOLID
 70
1
 71
0
 91
1
 92
3
 72
0
 73
1
 93
4
 10
12.116251014136633
 20
8.004899749347109
 10
12.120514445517696
 20
8.005072113370872
 10
12.120514445517696
 20
8.34118844833629
 10
12.116251014136633
 20
8.341016084312527
 97
0
 75
0
 76
1
 98
0
  0
LWPOLYLINE
  5
546
330
17
100
AcDbEntity
  8
A-MASS
100
AcDbPolyline
 90
4
 70
1
 10
12.116251014136633
 20
8.004899749347109
 10
12.120514445517696
 20
8.005072113370872
 10
12.120514445517696
 20
8.34118844833629
 10
12.116251014136633
 20
8.341016084312527
  0
HATCH
  5
547
330
17
100
AcDbEntity
  8
A-MASS
 62
7
420
10790052
100
AcDbHatch
 10
0.0
 20
0.0
 30
0.0
210
0.0
220
0.0
230
1.0
  2
SOLID
 70
1
 71
0
 91
1
 92
3
 72
0
 73
1
 93
4
 10
12.111979856637966
 20
8.004776557972457
 10
12.116251014136633
 20
8.004899749347109
 10
12.116251014136633
 20
8.341016084312527
 10
12.111979856637966
 20
8.340892892937875
 97
0
 75
0
 76
1
 98
0
  0
LWPOLYLINE
  5
548
330
17
100
AcDbEntity
  8
A-MASS
100
AcDbPolyline
 90
4
 70
1
 10
12.111979856637966
 20
8.004776557972457
 10
12.116251014136633
 20
8.004899749347109
 10
12.116251014136633
 20
8.341016084312527
 10
12.111979856637966
 20
8.340892892937875
  0
HATCH
  5
549
330
17
100
AcDbEntity
  8
A-MASS
 62
7
420
10790052
100
AcDbHatch
 10
0.0
 20
0.0
 30
0.0
210
0.0
220
0.0
230
1.0
  2
SOLID
 70
1
 71
0
 91
1
 92
3
 72
0
 73
1
 93
4
 10
12.107703545807254
 20
8.004702613452794
 10
12.111979856637966
 20
8.004776557972457
 10
12.111979856637966
 20
8.340892892937875
 10
12.107703545807254
 20
8.34081894841821
 97
0
 75
0
 76
1
 98
0
  0
LWPOLYLINE
  5
54A
330
17
100
AcDbEntity
  8
A-MASS
100
AcDbPolyline
 90
4
 70
1
 10
12.107703545807254
 20
8.004702613452794
 10
12.111979856637966
 20
8.004776557972457
 10
12.111979856637966
 20
8.340892892937875
 10
12.107703545807254
 20
8.34081894841821
  0
HATCH
  5
54B
330
17
100
AcDbEntity
  8
A-MASS
 62
7
420
10790052
100
AcDbHatch
 10
0.0
 20
0.0
 30
0.0
210
0.0
220
0.0
230
1.0
  2
SOLID
 70
1
 71
0
 91
1
 92
3
 72
0
 73
1
 93
4
 10
12.103424657534246
 20
8.004677960329532
 10
12.107703545807254
 20
8.004702613452794
 10
12.107703545807254
 20
8.34081894841821
 10
12.103424657534246
 20
8.34079429529495
 97
0
 75
0
 76
1
 98
0
  0
LWPOLYLINE
  5
54C
330
17
100
AcDbEntity
  8
A-MASS
100
AcDbPolyline
 90
4
 70
1
 10
12.103424657534246
 20
8.004677960329532
 10
12.107703545807254
 20
8.004702613452794
 10
12.107703545807254
 20
8.34081894841821
 10
12.103424657534246
 20
8.34079429529495
  0
HATCH
  5
54D
330
17
100
AcDbEntity
  8
A-MASS
 62
7
420
13487565
100
AcDbHatch
 10
0.0
 20
0.0
 30
0.0
210
0.0
220
0.0
230
1.0
  2
SOLID
 70
1
 71
0
 91
1
 92
3
 72
0
 73
1
 93
4
 10
12.102455451701498
 20
8.00468354447881
 10
12.103424657534246
 20
8.004677960329532
 10
12.103424657534246
 20
8.34079429529495
 10
12.102455451701498
 20
8.340799879444228
 97
0
 75
0
 76
1
 98
0
  0
LWPOLYLINE
  5
54E
330
17
100
AcDbEntity
  8
A-MASS
100
AcDbPolyline
 90
4
 70
1
 10
12.102455451701498
 20
8.00468354447881
 10
12.103424657534246
 20
8.004677960329532
 10
12.103424657534246
 20
8.34079429529495
 10
12.102455451701498
 20
8.340799879444228
  0
HATCH
  5
54F
330
17
100
AcDbEntity
  8
A-MASS
 62
7
420
15000804
100
AcDbHatch
 10
0.0
 20
0.0
 30
0.0
210
0.0
220
0.0
230
1.0
  2
SOLID
 70
1
 71
0
 91
1
 92
3
 72
0
 73
1
 93
196
 10
12.223649565911774
 20
8.363365984068102
 10
12.226712328767123
 20
8.364768999350973
 10
12.229700827739343
 20
8.366206879415115
 10
12.232613262668401
 20
8.367678758135344
 10
12.2354478792124
 20
8.369183748906954
 10
12.238202969904325
 20
8.37072094517978
 10
12.240876875180565
 20
8.372289421004266
 10
12.243467984380565
 20
8.373888231589227
 10
12.245974736717029
 20
8.375516413870947
 10
12.248395622216083
 20
8.377172987093303
 10
12.250729182626829
 20
8.378856953398529
 10
12.25297401229973
 20
8.38056729842829
 10
12.25512875903333
 20
8.382302991934692
 10
12.257192124888766
 20
8.38406298840087
 10
12.259162866971607
 20
8.385846227670767
 10
12.261039798180509
 20
8.38765163558772
 10
12.262821787922295
 20
8.389478124641512
 10
12.264507762792977
 20
8.391324594623434
 10
12.266096707224337
 20
8.393189933289012
 10
12.267587664095664
 20
8.395073017027983
 10
12.268979735310289
 20
8.396972711541116
 10
12.270272082336563
 20
8.39888787252347
 10
12.271463926712965
 20
8.400817346353683
 10
12.272554550517004
 20
8.402759970788866
 10
12.273543296797687
 20
8.4047145756647
 10
12.274429569971224
 20
8.406679983600293
 10
12.275212836179792
 20
8.408655010707399
 10
12.275892623613117
 20
8.410638467303539
 10
12.276468522792673
 20
8.412629158628622
 10
12.27694018681832
 20
8.414625885564636
 10
12.27730733157729
 20
8.416627445357932
 10
12.277569735915312
 20
8.418632632343737
 10
12.277727241769819
 20
8.420640238672389
 10
12.277779754265175
 20
8.422649055036905
 10
12.277727241769819
 20
8.42465787140142
 10
12.277569735915312
 20
8.426665477730072
 10
12.277307331577292
 20
8.428670664715877
 10
12.27694018681832
 20
8.430672224509173
 10
12.27646852279267
 20
8.432668951445187
 10
12.275892623613117
 20
8.43465964277027
 10
12.275212836179792
 20
8.43664309936641
 10
12.274429569971224
 20
8.438618126473516
 10
12.273543296797687
 20
8.44058353440911
 10
12.272554550517004
 20
8.442538139284943
 10
12.271463926712965
 20
8.444480763720128
 10
12.270272082336563
 20
8.446410237550339
 10
12.268979735310289
 20
8.448325398532694
 10
12.267587664095664
 20
8.450225093045827
 10
12.266096707224337
 20
8.452108176784797
 10
12.264507762792977
 20
8.453973515450375
 10
12.262821787922295
 20
8.455819985432298
 10
12.261039798180509
 20
8.45764647448609
 10
12.259162866971607
 20
8.459451882403043
 10
12.257192124888766
 20
8.461235121672939
 10
12.255128759033328
 20
8.462995118139117
 10
12.252974012299727
 20
8.46473081164552
 10
12.25072918262683
 20
8.46644115667528
 10
12.248395622216083
 20
8.468125122980506
 10
12.245974736717029
 20
8.469781696202862
 10
12.243467984380565
 20
8.471409878484582
 10
12.240876875180565
 20
8.473008689069543
 10
12.238202969904325
 20
8.47457716489403
 10
12.2354478792124
 20
8.476114361166855
 10
12.232613262668401
 20
8.477619351938465
 10
12.229700827739343
 20
8.479091230658694
 10
12.226712328767121
 20
8.480529110722836
 10
12.223649565911774
 20
8.481932126005708
 10
12.220514384067119
 20
8.483299431383365
 10
12.217308671749468
 20
8.484630203242176
 10
12.214034359960051
 20
8.485923639974931
 10
12.210693421021855
 20
8.487178962463709
 10
12.207287867391571
 20
8.488395414549181
 10
12.203819750447366
 20
8.489572263486098
 10
12.200291159253204
 20
8.490708800384665
 10
12.196704219300479
 20
8.491804340637554
 10
12.19306109122769
 20
8.492858224332277
 10
12.18936396951897
 20
8.493869816648708
 10
12.185615081182188
 20
8.494838508241461
 10
12.181816684407497
 20
8.49576371560694
 10
12.177971067207084
 20
8.496644881434824
 10
12.174080546036954
 20
8.497481474943768
 10
12.170147464401584
 20
8.498272992201125
 10
12.166174191442284
 20
8.499018956426497
 10
12.162163120510115
 20
8.499718918278925
 10
12.15811666772422
 20
8.500372456127563
 10
12.154037270516454
 20
8.50097917630565
 10
12.149927386163155
 20
8.501538713347637
 10
12.145789490304978
 20
8.502050730209332
 10
12.141626075455664
 20
8.502514918470922
 10
12.137439649500635
 20
8.502930998522757
 10
12.13323273418635
 20
8.50329871973377
 10
12.129007863601284
 20
8.503617860602457
 10
12.124767582649504
 20
8.50388822889029
 10
12.120514445517696
 20
8.50410966173752
 10
12.116251014136633
 20
8.504282025761283
 10
12.111979856637966
 20
8.504405217135934
 10
12.107703545807254
 20
8.504479161655599
 10
12.103424657534246
 20
8.50450381477886
 10
12.099145769261238
 20
8.504479161655599
 10
12.094869458430527
 20
8.504405217135934
 10
12.090598300931857
 20
8.504282025761283
 10
12.086334869550797
 20
8.50410966173752
 10
12.082081732418988
 20
8.50388822889029
 10
12.077841451467206
 20
8.503617860602457
 10
12.07361658088214
 20
8.50329871973377
 10
12.069409665567855
 20
8.502930998522757
 10
12.065223239612827
 20
8.502514918470922
 10
12.061059824763513
 20
8.502050730209332
 10
12.056921928905338
 20
8.501538713347637
 10
12.052812044552038
 20
8.50097917630565
 10
12.04873264734427
 20
8.500372456127563
 10
12.044686194558377
 20
8.499718918278925
 10
12.040675123626208
 20
8.499018956426497
 10
12.036701850666907
 20
8.498272992201125
 10
12.032768769031536
 20
8.497481474943768
 10
12.028878247861407
 20
8.496644881434824
 10
12.025032630660995
 20
8.49576371560694
 10
12.021234233886304
 20
8.49483850824146
 10
12.017485345549522
 20
8.493869816648708
 10
12.0137882238408
 20
8.492858224332277
 10
12.010145095768014
 20
8.491804340637554
 10
12.006558155815288
 20
8.490708800384665
 10
12.003029564621126
 20
8.489572263486098
 10
11.99956144767692
 20
8.488395414549181
 10
11.996155894046638
 20
8.487178962463709
 10
11.992814955108441
 20
8.485923639974931
 10
11.989540643319025
 20
8.484630203242176
 10
11.986334931001371
 20
8.483299431383365
 10
11.983199749156718
 20
8.481932126005708
 10
11.98013698630137
 20
8.480529110722836
 10
11.97714848732915
 20
8.479091230658694
 10
11.97423605240009
 20
8.477619351938465
 10
11.971401435856093
 20
8.476114361166855
 10
11.968646345164167
 20
8.47457716489403
 10
11.965972439887926
 20
8.473008689069543
 10
11.963381330687927
 20
8.471409878484582
 10
11.960874578351461
 20
8.469781696202862
 10
11.958453692852407
 20
8.468125122980506
 10
11.956120132441661
 20
8.46644115667528
 10
11.953875302768763
 20
8.46473081164552
 10
11.951720556035163
 20
8.462995118139117
 10
11.949657190179725
 20
8.461235121672939
 10
11.947686448096885
 20
8.459451882403043
 10
11.945809516887984
 20
8.45764647448609
 10
11.944027527146197
 20
8.455819985432298
 10
11.942341552275515
 20
8.453973515450375
 10
11.940752607844155
 20
8.452108176784797
 10
11.939261650972828
 20
8.450225093045827
 10
11.937869579758203
 20
8.448325398532694
 10
11.936577232731928
 20
8.446410237550339
 10
11.935385388355527
 20
8.444480763720126
 10
11.934294764551487
 20
8.442538139284943
 10
11.933306018270804
 20
8.44058353440911
 10
11.932419745097269
 20
8.438618126473516
 10
11.931636478888699
 20
8.43664309936641
 10
11.930956691455373
 20
8.43465964277027
 10
11.93038079227582
 20
8.432668951445187
 10
11.92990912825017
 20
8.430672224509173
 10
11.9295419834912
 20
8.428670664715877
 10
11.92927957915318
 20
8.426665477730072
 10
11.929122073298673
 20
8.42465787140142
 10
11.929090805810187
 20
8.423461762891979
 10
12.082876712328767
 20
8.351263653024255
 10
12.093275953830478
 20
8.34605103648552
 10
12.102455451701498
 20
8.340799879444228
 10
12.103424657534246
 20
8.34079429529495
 10
12.107703545807254
 20
8.34081894841821
 10
12.111979856637966
 20
8.340892892937875
 10
12.116251014136633
 20
8.341016084312527
 10
12.120514445517696
 20
8.34118844833629
 10
12.124767582649504
 20
8.34140988118352
 10
12.129007863601284
 20
8.341680249471352
 10
12.13323273418635
 20
8.341999390340039
 10
12.137439649500637
 20
8.342367111551052
 10
12.141626075455664
 20
8.342783191602887
 10
12.145789490304978
 20
8.343247379864478
 10
12.149927386163155
 20
8.343759396726172
 10
12.154037270516454
 20
8.34431893376816
 10
12.15811666772422
 20
8.344925653946246
 10
12.162163120510115
 20
8.345579191794885
 10
12.166174191442284
 20
8.346279153647313
 10
12.170147464401586
 20
8.347025117872684
 10
12.174080546036954
 20
8.347816635130041
 10
12.177971067207084
 20
8.348653228638986
 10
12.181816684407497
 20
8.34953439446687
 10
12.185615081182188
 20
8.350459601832348
 10
12.18936396951897
 20
8.351428293425101
 10
12.193061091227692
 20
8.352439885741532
 10
12.196704219300479
 20
8.353493769436255
 10
12.200291159253204
 20
8.354589309689144
 10
12.203819750447366
 20
8.35572584658771
 10
12.207287867391571
 20
8.356902695524628
 10
12.210693421021855
 20
8.3581191476101
 10
12.214034359960051
 20
8.359374470098878
 10
12.217308671749468
 20
8.360667906831633
 10
12.220514384067119
 20
8.361998678690444
 97
0
 75
0
 76
1
 98
0
  0
LWPOLYLINE
  5
550
330
17
100
AcDbEntity
  8
A-MASS
100
AcDbPolyline
 90
196
 70
1
 10
12.223649565911774
 20
8.363365984068102
 10
12.226712328767123
 20
8.364768999350973
 10
12.229700827739343
 20
8.366206879415115
 10
12.232613262668401
 20
8.367678758135344
 10
12.2354478792124
 20
8.369183748906954
 10
12.238202969904325
 20
8.37072094517978
 10
12.240876875180565
 20
8.372289421004266
 10
12.243467984380565
 20
8.373888231589227
 10
12.245974736717029
 20
8.375516413870947
 10
12.248395622216083
 20
8.377172987093303
 10
12.250729182626829
 20
8.378856953398529
 10
12.25297401229973
 20
8.38056729842829
 10
12.25512875903333
 20
8.382302991934692
 10
12.257192124888766
 20
8.38406298840087
 10
12.259162866971607
 20
8.385846227670767
 10
12.261039798180509
 20
8.38765163558772
 10
12.262821787922295
 20
8.389478124641512
 10
12.264507762792977
 20
8.391324594623434
 10
12.266096707224337
 20
8.393189933289012
 10
12.267587664095664
 20
8.395073017027983
 10
12.268979735310289
 20
8.396972711541116
 10
12.270272082336563
 20
8.39888787252347
 10
12.271463926712965
 20
8.400817346353683
 10
12.272554550517004
 20
8.402759970788866
 10
12.273543296797687
 20
8.4047145756647
 10
12.274429569971224
 20
8.406679983600293
 10
12.275212836179792
 20
8.408655010707399
 10
12.275892623613117
 20
8.410638467303539
 10
12.276468522792673
 20
8.412629158628622
 10
12.27694018681832
 20
8.414625885564636
 10
12.27730733157729
 20
8.416627445357932
 10
12.277569735915312
 20
8.418632632343737
 10
12.277727241769819
 20
8.420640238672389
 10
12.277779754265175
 20
8.422649055036905
 10
12.277727241769819
 20
8.42465787140142
 10
12.277569735915312
 20
8.426665477730072
 10
12.277307331577292
 20
8.428670664715877
 10
12.27694018681832
 20
8.430672224509173
 10
12.27646852279267
 20
8.432668951445187
 10
12.275892623613117
 20
8.43465964277027
 10
12.275212836179792
 20
8.43664309936641
 10
12.274429569971224
 20
8.438618126473516
 10
12.273543296797687
 20
8.44058353440911
 10
12.272554550517004
 20
8.442538139284943
 10
12.271463926712965
 20
8.444480763720128
 10
12.270272082336563
 20
8.446410237550339
 10
12.268979735310289
 20
8.448325398532694
 10
12.267587664095664
 20
8.450225093045827
 10
12.266096707224337
 20
8.452108176784797
 10
12.264507762792977
 20
8.453973515450375
 10
12.262821787922295
 20
8.455819985432298
 10
12.261039798180509
 20
8.45764647448609
 10
12.259162866971607
 20
8.459451882403043
 10
12.257192124888766
 20
8.461235121672939
 10
12.255128759033328
 20
8.462995118139117
 10
12.252974012299727
 20
8.46473081164552
 10
12.25072918262683
 20
8.46644115667528
 10
12.248395622216083
 20
8.468125122980506
 10
12.245974736717029
 20
8.469781696202862
 10
12.243467984380565
 20
8.471409878484582
 10
12.240876875180565
 20
8.473008689069543
 10
12.238202969904325
 20
8.47457716489403
 10
12.2354478792124
 20
8.476114361166855
 10
12.232613262668401
 20
8.477619351938465
 10
12.229700827739343
 20
8.479091230658694
 10
12.226712328767121
 20
8.480529110722836
 10
12.223649565911774
 20
8.481932126005708
 10
12.220514384067119
 20
8.483299431383365
 10
12.217308671749468
 20
8.484630203242176
 10
12.214034359960051
 20
8.485923639974931
 10
12.210693421021855
 20
8.487178962463709
 10
12.207287867391571
 20
8.488395414549181
 10
12.203819750447366
 20
8.489572263486098
 10
12.200291159253204
 20
8.490708800384665
 10
12.196704219300479
 20
8.491804340637554
 10
12.19306109122769
 20
8.492858224332277
 10
12.18936396951897
 20
8.493869816648708
 10
12.185615081182188
 20
8.494838508241461
 10
12.181816684407497
 20
8.49576371560694
 10
12.177971067207084
 20
8.496644881434824
 10
12.174080546036954
 20
8.497481474943768
 10
12.170147464401584
 20
8.498272992201125
 10
12.166174191442284
 20
8.499018956426497
 10
12.162163120510115
 20
8.499718918278925
 10
12.15811666772422
 20
8.500372456127563
 10
12.154037270516454
 20
8.50097917630565
 10
12.149927386163155
 20
8.501538713347637
 10
12.145789490304978
 20
8.502050730209332
 10
12.141626075455664
 20
8.502514918470922
 10
12.137439649500635
 20
8.502930998522757
 10
12.13323273418635
 20
8.50329871973377
 10
12.129007863601284
 20
8.503617860602457
 10
12.124767582649504
 20
8.50388822889029
 10
12.120514445517696
 20
8.50410966173752
 10
12.116251014136633
 20
8.504282025761283
 10
12.111979856637966
 20
8.504405217135934
 10
12.107703545807254
 20
8.504479161655599
 10
12.103424657534246
 20
8.50450381477886
 10
12.099145769261238
 20
8.504479161655599
 10
12.094869458430527
 20
8.504405217135934
 10
12.090598300931857
 20
8.504282025761283
 10
12.086334869550797
 20
8.50410966173752
 10
12.082081732418988
 20
8.50388822889029
 10
12.077841451467206
 20
8.503617860602457
 10
12.07361658088214
 20
8.50329871973377
 10
12.069409665567855
 20
8.502930998522757
 10
12.065223239612827
 20
8.502514918470922
 10
12.061059824763513
 20
8.502050730209332
 10
12.056921928905338
 20
8.501538713347637
 10
12.052812044552038
 20
8.50097917630565
 10
12.04873264734427
 20
8.500372456127563
 10
12.044686194558377
 20
8.499718918278925
 10
12.040675123626208
 20
8.499018956426497
 10
12.036701850666907
 20
8.498272992201125
 10
12.032768769031536
 20
8.497481474943768
 10
12.028878247861407
 20
8.496644881434824
 10
12.025032630660995
 20
8.49576371560694
 10
12.021234233886304
 20
8.49483850824146
 10
12.017485345549522
 20
8.493869816648708
 10
12.0137882238408
 20
8.492858224332277
 10
12.010145095768014
 20
8.491804340637554
 10
12.006558155815288
 20
8.490708800384665
 10
12.003029564621126
 20
8.489572263486098
 10
11.99956144767692
 20
8.488395414549181
 10
11.996155894046638
 20
8.487178962463709
 10
11.992814955108441
 20
8.485923639974931
 10
11.989540643319025
 20
8.484630203242176
 10
11.986334931001371
 20
8.483299431383365
 10
11.983199749156718
 20
8.481932126005708
 10
11.98013698630137
 20
8.480529110722836
 10
11.97714848732915
 20
8.479091230658694
 10
11.97423605240009
 20
8.477619351938465
 10
11.971401435856093
 20
8.476114361166855
 10
11.968646345164167
 20
8.47457716489403
 10
11.965972439887926
 20
8.473008689069543
 10
11.963381330687927
 20
8.471409878484582
 10
11.960874578351461
 20
8.469781696202862
 10
11.958453692852407
 20
8.468125122980506
 10
11.956120132441661
 20
8.46644115667528
 10
11.953875302768763
 20
8.46473081164552
 10
11.951720556035163
 20
8.462995118139117
 10
11.949657190179725
 20
8.461235121672939
 10
11.947686448096885
 20
8.459451882403043
 10
11.945809516887984
 20
8.45764647448609
 10
11.944027527146197
 20
8.455819985432298
 10
11.942341552275515
 20
8.453973515450375
 10
11.940752607844155
 20
8.452108176784797
 10
11.939261650972828
 20
8.450225093045827
 10
11.937869579758203
 20
8.448325398532694
 10
11.936577232731928
 20
8.446410237550339
 10
11.935385388355527
 20
8.444480763720126
 10
11.934294764551487
 20
8.442538139284943
 10
11.933306018270804
 20
8.44058353440911
 10
11.932419745097269
 20
8.438618126473516
 10
11.931636478888699
 20
8.43664309936641
 10
11.930956691455373
 20
8.43465964277027
 10
11.93038079227582
 20
8.432668951445187
 10
11.92990912825017
 20
8.430672224509173
 10
11.9295419834912
 20
8.428670664715877
 10
11.92927957915318
 20
8.426665477730072
 10
11.929122073298673
 20
8.42465787140142
 10
11.929090805810187
 20
8.423461762891979
 10
12.082876712328767
 20
8.351263653024255
 10
12.093275953830478
 20
8.34605103648552
 10
12.102455451701498
 20
8.340799879444228
 10
12.103424657534246
 20
8.34079429529495
 10
12.107703545807254
 20
8.34081894841821
 10
12.111979856637966
 20
8.340892892937875
 10
12.116251014136633
 20
8.341016084312527
 10
12.120514445517696
 20
8.34118844833629
 10
12.124767582649504
 20
8.34140988118352
 10
12.129007863601284
 20
8.341680249471352
 10
12.13323273418635
 20
8.341999390340039
 10
12.137439649500637
 20
8.342367111551052
 10
12.141626075455664
 20
8.342783191602887
 10
12.145789490304978
 20
8.343247379864478
 10
12.149927386163155
 20
8.343759396726172
 10
12.154037270516454
 20
8.34431893376816
 10
12.15811666772422
 20
8.344925653946246
 10
12.162163120510115
 20
8.345579191794885
 10
12.166174191442284
 20
8.346279153647313
 10
12.170147464401586
 20
8.347025117872684
 10
12.174080546036954
 20
8.347816635130041
 10
12.177971067207084
 20
8.348653228638986
 10
12.181816684407497
 20
8.34953439446687
 10
12.185615081182188
 20
8.350459601832348
 10
12.18936396951897
 20
8.351428293425101
 10
12.193061091227692
 20
8.352439885741532
 10
12.196704219300479
 20
8.353493769436255
 10
12.200291159253204
 20
8.354589309689144
 10
12.203819750447366
 20
8.35572584658771
 10
12.207287867391571
 20
8.356902695524628
 10
12.210693421021855
 20
8.3581191476101
 10
12.214034359960051
 20
8.359374470098878
 10
12.217308671749468
 20
8.360667906831633
 10
12.220514384067119
 20
8.361998678690444
  0
HATCH
  5
551
330
17
100
AcDbEntity
  8
A-MASS
 62
7
420
10790052
100
AcDbHatch
 10
0.0
 20
0.0
 30
0.0
210
0.0
220
0.0
230
1.0
  2
SOLID
 70
1
 71
0
 91
1
 92
3
 72
0
 73
1
 93
4
 10
12.150468869465048
 20
7.930835833904923
 10
12.150966612992837
 20
7.937973910477597
 10
12.150966612992837
 20
8.274090245443013
 10
12.150468869465048
 20
8.26695216887034
 97
0
 75
0
 76
1
 98
0
  0
LWPOLYLINE
  5
552
330
17
100
AcDbEntity
  8
A-MASS
100
AcDbPolyline
 90
4
 70
1
 10
12.150468869465048
 20
7.930835833904923
 10
12.150966612992837
 20
7.937973910477597
 10
12.150966612992837
 20
8.274090245443013
 10
12.150468869465048
 20
8.26695216887034
  0
HATCH
  5
553
330
17
100
AcDbEntity
  8
A-MASS
 62
7
420
10790052
100
AcDbHatch
 10
0.0
 20
0.0
 30
0.0
210
0.0
220
0.0
230
1.0
  2
SOLID
 70
1
 71
0
 91
1
 92
3
 72
0
 73
1
 93
4
 10
12.148977770295883
 20
7.92372832367199
 10
12.150468869465048
 20
7.930835833904923
 10
12.150468869465048
 20
8.26695216887034
 10
12.148977770295883
 20
8.259844658637407
 97
0
 75
0
 76
1
 98
0
  0
LWPOLYLINE
  5
554
330
17
100
AcDbEntity
  8
A-MASS
100
AcDbPolyline
 90
4
 70
1
 10
12.148977770295883
 20
7.92372832367199
 10
12.150468869465048
 20
7.930835833904923
 10
12.150468869465048
 20
8.26695216887034
 10
12.148977770295883
 20
8.259844658637407
  0
HATCH
  5
555
330
17
100
AcDbEntity
  8
A-MASS
 62
7
420
10790052
100
AcDbHatch
 10
0.0
 20
0.0
 30
0.0
210
0.0
220
0.0
230
1.0
  2
SOLID
 70
1
 71
0
 91
1
 92
3
 72
0
 73
1
 93
4
 10
12.1464997006009
 20
7.916681815228782
 10
12.148977770295883
 20
7.92372832367199
 10
12.148977770295883
 20
8.259844658637407
 10
12.1464997006009
 20
8.252798150194199
 97
0
 75
0
 76
1
 98
0
  0
LWPOLYLINE
  5
556
330
17
100
AcDbEntity
  8
A-MASS
100
AcDbPolyline
 90
4
 70
1
 10
12.1464997006009
 20
7.916681815228782
 10
12.148977770295883
 20
7.92372832367199
 10
12.148977770295883
 20
8.259844658637407
 10
12.1464997006009
 20
8.252798150194199
  0
HATCH
  5
557
330
17
100
AcDbEntity
  8
A-MASS
 62
7
420
10790052
100
AcDbHatch
 10
0.0
 20
0.0
 30
0.0
210
0.0
220
0.0
230
1.0
  2
SOLID
 70
1
 71
0
 91
1
 92
3
 72
0
 73
1
 93
4
 10
12.143045271854975
 20
7.909726482806251
 10
12.1464997006009
 20
7.916681815228782
 10
12.1464997006009
 20
8.252798150194199
 10
12.143045271854975
 20
8.245842817771669
 97
0
 75
0
 76
1
 98
0
  0
LWPOLYLINE
  5
558
330
17
100
AcDbEntity
  8
A-MASS
100
AcDbPolyline
 90
4
 70
1
 10
12.143045271854975
 20
7.909726482806251
 10
12.1464997006009
 20
7.916681815228782
 10
12.1464997006009
 20
8.252798150194199
 10
12.143045271854975
 20
8.245842817771669
  0
HATCH
  5
559
330
17
100
AcDbEntity
  8
A-MASS
 62
7
420
10790052
100
AcDbHatch
 10
0.0
 20
0.0
 30
0.0
210
0.0
220
0.0
230
1.0
  2
SOLID
 70
1
 71
0
 91
1
 92
3
 72
0
 73
1
 93
4
 10
12.138629276452331
 20
7.902892110205633
 10
12.143045271854975
 20
7.909726482806251
 10
12.143045271854975
 20
8.245842817771669
 10
12.138629276452331
 20
8.23900844517105
 97
0
 75
0
 76
1
 98
0
  0
LWPOLYLINE
  5
55A
330
17
100
AcDbEntity
  8
A-MASS
100
AcDbPolyline
 90
4
 70
1
 10
12.138629276452331
 20
7.902892110205633
 10
12.143045271854975
 20
7.909726482806251
 10
12.143045271854975
 20
8.245842817771669
 10
12.138629276452331
 20
8.23900844517105
  0
HATCH
  5
55B
330
17
100
AcDbEntity
  8
A-MASS
 62
7
420
10790052
100
AcDbHatch
 10
0.0
 20
0.0
 30
0.0
210
0.0
220
0.0
230
1.0
  2
SOLID
 70
1
 71
0
 91
1
 92
3
 72
0
 73
1
 93
4
 10
12.133270624363238
 20
7.896207963259635
 10
12.138629276452331
 20
7.902892110205633
 10
12.138629276452331
 20
8.23900844517105
 10
12.133270624363238
 20
8.232324298225052
 97
0
 75
0
 76
1
 98
0
  0
LWPOLYLINE
  5
55C
330
17
100
AcDbEntity
  8
A-MASS
100
AcDbPolyline
 90
4
 70
1
 10
12.133270624363238
 20
7.896207963259635
 10
12.138629276452331
 20
7.902892110205633
 10
12.138629276452331
 20
8.23900844517105
 10
12.133270624363238
 20
8.232324298225052
  0
HATCH
  5
55D
330
17
100
AcDbEntity
  8
A-MASS
 62
7
420
10790052
100
AcDbHatch
 10
0.0
 20
0.0
 30
0.0
210
0.0
220
0.0
230
1.0
  2
SOLID
 70
1
 71
0
 91
1
 92
3
 72
0
 73
1
 93
4
 10
12.126992262158618
 20
7.88970266451165
 10
12.133270624363238
 20
7.896207963259635
 10
12.133270624363238
 20
8.232324298225052
 10
12.126992262158618
 20
8.225818999477067
 97
0
 75
0
 76
1
 98
0
  0
LWPOLYLINE
  5
55E
330
17
100
AcDbEntity
  8
A-MASS
100
AcDbPolyline
 90
4
 70
1
 10
12.126992262158618
 20
7.88970266451165
 10
12.133270624363238
 20
7.896207963259635
 10
12.133270624363238
 20
8.232324298225052
 10
12.126992262158618
 20
8.225818999477067
  0
HATCH
  5
55F
330
17
100
AcDbEntity
  8
A-MASS
 62
7
420
10790052
100
AcDbHatch
 10
0.0
 20
0.0
 30
0.0
210
0.0
220
0.0
230
1.0
  2
SOLID
 70
1
 71
0
 91
1
 92
3
 72
0
 73
1
 93
4
 10
12.119821074749302
 20
7.883404070649627
 10
12.126992262158618
 20
7.88970266451165
 10
12.126992262158618
 20
8.225818999477067
 10
12.119821074749302
 20
8.219520405615043
 97
0
 75
0
 76
1
 98
0
  0
LWPOLYLINE
  5
560
330
17
100
AcDbEntity
  8
A-MASS
100
AcDbPolyline
 90
4
 70
1
 10
12.119821074749302
 20
7.883404070649627
 10
12.126992262158618
 20
7.88970266451165
 10
12.126992262158618
 20
8.225818999477067
 10
12.119821074749302
 20
8.219520405615043
  0
HATCH
  5
561
330
17
100
AcDbEntity
  8
A-MASS
 62
7
420
10790052
100
AcDbHatch
 10
0.0
 20
0.0
 30
0.0
210
0.0
220
0.0
230
1.0
  2
SOLID
 70
1
 71
0
 91
1
 92
3
 72
0
 73
1
 93
4
 10
12.111787770260715
 20
7.877339153219461
 10
12.119821074749302
 20
7.883404070649627
 10
12.119821074749302
 20
8.219520405615043
 10
12.111787770260715
 20
8.213455488184877
 97
0
 75
0
 76
1
 98
0
  0
LWPOLYLINE
  5
562
330
17
100
AcDbEntity
  8
A-MASS
100
AcDbPolyline
 90
4
 70
1
 10
12.111787770260715
 20
7.877339153219461
 10
12.119821074749302
 20
7.883404070649627
 10
12.119821074749302
 20
8.219520405615043
 10
12.111787770260715
 20
8.213455488184877
  0
HATCH
  5
563
330
17
100
AcDbEntity
  8
A-MASS
 62
7
420
10790052
100
AcDbHatch
 10
0.0
 20
0.0
 30
0.0
210
0.0
220
0.0
230
1.0
  2
SOLID
 70
1
 71
0
 91
1
 92
3
 72
0
 73
1
 93
4
 10
12.102926748535976
 20
7.871533883128692
 10
12.111787770260715
 20
7.877339153219461
 10
12.111787770260715
 20
8.213455488184877
 10
12.102926748535976
 20
8.207650218094109
 97
0
 75
0
 76
1
 98
0
  0
LWPOLYLINE
  5
564
330
17
100
AcDbEntity
  8
A-MASS
100
AcDbPolyline
 90
4
 70
1
 10
12.102926748535976
 20
7.871533883128692
 10
12.111787770260715
 20
7.877339153219461
 10
12.111787770260715
 20
8.213455488184877
 10
12.102926748535976
 20
8.207650218094109
  0
HATCH
  5
565
330
17
100
AcDbEntity
  8
A-MASS
 62
7
420
10790052
100
AcDbHatch
 10
0.0
 20
0.0
 30
0.0
210
0.0
220
0.0
230
1.0
  2
SOLID
 70
1
 71
0
 91
1
 92
3
 72
0
 73
1
 93
4
 10
12.093275953830478
 20
7.866013119435091
 10
12.102926748535976
 20
7.871533883128692
 10
12.102926748535976
 20
8.207650218094109
 10
12.093275953830478
 20
8.202129454400508
 97
0
 75
0
 76
1
 98
0
  0
LWPOLYLINE
  5
566
330
17
100
AcDbEntity
  8
A-MASS
100
AcDbPolyline
 90
4
 70
1
 10
12.093275953830478
 20
7.866013119435091
 10
12.102926748535976
 20
7.871533883128692
 10
12.102926748535976
 20
8.207650218094109
 10
12.093275953830478
 20
8.202129454400508
  0
HATCH
  5
567
330
17
100
AcDbEntity
  8
A-MASS
 62
7
420
10790052
100
AcDbHatch
 10
0.0
 20
0.0
 30
0.0
210
0.0
220
0.0
230
1.0
  2
SOLID
 70
1
 71
0
 91
1
 92
3
 72
0
 73
1
 93
4
 10
12.082876712328767
 20
7.860800502896354
 10
12.093275953830478
 20
7.866013119435091
 10
12.093275953830478
 20
8.202129454400508
 10
12.082876712328767
 20
8.196916837861771
 97
0
 75
0
 76
1
 98
0
  0
LWPOLYLINE
  5
568
330
17
100
AcDbEntity
  8
A-MASS
100
AcDbPolyline
 90
4
 70
1
 10
12.082876712328767
 20
7.860800502896354
 10
12.093275953830478
 20
7.866013119435091
 10
12.093275953830478
 20
8.202129454400508
 10
12.082876712328767
 20
8.196916837861771
  0
HATCH
  5
569
330
17
100
AcDbEntity
  8
A-MASS
 62
7
420
13487565
100
AcDbHatch
 10
0.0
 20
0.0
 30
0.0
210
0.0
220
0.0
230
1.0
  2
SOLID
 70
1
 71
0
 91
1
 92
3
 72
0
 73
1
 93
4
 10
8.546293660979764
 20
7.775909754556987
 10
8.546791404507553
 20
7.768771677984313
 10
8.546791404507553
 20
8.10488801294973
 10
8.546293660979764
 20
8.112026089522404
 97
0
 75
0
 76
1
 98
0
  0
LWPOLYLINE
  5
56A
330
17
100
AcDbEntity
  8
A-MASS
100
AcDbPolyline
 90
4
 70
1
 10
8.546293660979764
 20
7.775909754556987
 10
8.546791404507553
 20
7.768771677984313
 10
8.546791404507553
 20
8.10488801294973
 10
8.546293660979764
 20
8.112026089522404
  0
HATCH
  5
56B
330
17
100
AcDbEntity
  8
A-MASS
 62
7
420
13487565
100
AcDbHatch
 10
0.0
 20
0.0
 30
0.0
210
0.0
220
0.0
230
1.0
  2
SOLID
 70
1
 71
0
 91
1
 92
3
 72
0
 73
1
 93
4
 10
8.546791404507553
 20
7.768771677984313
 10
8.548282503676718
 20
7.761664167751381
 10
8.548282503676718
 20
8.097780502716798
 10
8.546791404507553
 20
8.10488801294973
 97
0
 75
0
 76
1
 98
0
  0
LWPOLYLINE
  5
56C
330
17
100
AcDbEntity
  8
A-MASS
100
AcDbPolyline
 90
4
 70
1
 10
8.546791404507553
 20
7.768771677984313
 10
8.548282503676718
 20
7.761664167751381
 10
8.548282503676718
 20
8.097780502716798
 10
8.546791404507553
 20
8.10488801294973
  0
HATCH
  5
56D
330
17
100
AcDbEntity
  8
A-MASS
 62
7
420
13487565
100
AcDbHatch
 10
0.0
 20
0.0
 30
0.0
210
0.0
220
0.0
230
1.0
  2
SOLID
 70
1
 71
0
 91
1
 92
3
 72
0
 73
1
 93
4
 10
8.548282503676718
 20
7.761664167751381
 10
8.5507605733717
 20
7.754617659308173
 10
8.5507605733717
 20
8.09073399427359
 10
8.548282503676718
 20
8.097780502716798
 97
0
 75
0
 76
1
 98
0
  0
LWPOLYLINE
  5
56E
330
17
100
AcDbEntity
  8
A-MASS
100
AcDbPolyline
 90
4
 70
1
 10
8.548282503676718
 20
7.761664167751381
 10
8.5507605733717
 20
7.754617659308173
 10
8.5507605733717
 20
8.09073399427359
 10
8.548282503676718
 20
8.097780502716798
  0
HATCH
  5
56F
330
17
100
AcDbEntity
  8
A-MASS
 62
7
420
13487565
100
AcDbHatch
 10
0.0
 20
0.0
 30
0.0
210
0.0
220
0.0
230
1.0
  2
SOLID
 70
1
 71
0
 91
1
 92
3
 72
0
 73
1
 93
4
 10
8.5507605733717
 20
7.754617659308173
 10
8.554215002117626
 20
7.747662326885642
 10
8.554215002117626
 20
8.083778661851058
 10
8.5507605733717
 20
8.09073399427359
 97
0
 75
0
 76
1
 98
0
  0
LWPOLYLINE
  5
570
330
17
100
AcDbEntity
  8
A-MASS
100
AcDbPolyline
 90
4
 70
1
 10
8.5507605733717
 20
7.754617659308173
 10
8.554215002117626
 20
7.747662326885642
 10
8.554215002117626
 20
8.083778661851058
 10
8.5507605733717
 20
8.09073399427359
  0
HATCH
  5
571
330
17
100
AcDbEntity
  8
A-MASS
 62
7
420
13487565
100
AcDbHatch
 10
0.0
 20
0.0
 30
0.0
210
0.0
220
0.0
230
1.0
  2
SOLID
 70
1
 71
0
 91
1
 92
3
 72
0
 73
1
 93
4
 10
8.554215002117626
 20
7.747662326885642
 10
8.55863099752027
 20
7.740827954285024
 10
8.55863099752027
 20
8.07694428925044
 10
8.554215002117626
 20
8.083778661851058
 97
0
 75
0
 76
1
 98
0
  0
LWPOLYLINE
  5
572
330
17
100
AcDbEntity
  8
A-MASS
100
AcDbPolyline
 90
4
 70
1
 10
8.554215002117626
 20
7.747662326885642
 10
8.55863099752027
 20
7.740827954285024
 10
8.55863099752027
 20
8.07694428925044
 10
8.554215002117626
 20
8.083778661851058
  0
HATCH
  5
573
330
17
100
AcDbEntity
  8
A-MASS
 62
7
420
13487565
100
AcDbHatch
 10
0.0
 20
0.0
 30
0.0
210
0.0
220
0.0
230
1.0
  2
SOLID
 70
1
 71
0
 91
1
 92
3
 72
0
 73
1
 93
4
 10
8.55863099752027
 20
7.740827954285024
 10
8.563989649609361
 20
7.734143807339025
 10
8.563989649609361
 20
8.070260142304443
 10
8.55863099752027
 20
8.07694428925044
 97
0
 75
0
 76
1
 98
0
  0
LWPOLYLINE
  5
574
330
17
100
AcDbEntity
  8
A-MASS
100
AcDbPolyline
 90
4
 70
1
 10
8.55863099752027
 20
7.740827954285024
 10
8.563989649609361
 20
7.734143807339025
 10
8.563989649609361
 20
8.070260142304443
 10
8.55863099752027
 20
8.07694428925044
  0
HATCH
  5
575
330
17
100
AcDbEntity
  8
A-MASS
 62
7
420
13487565
100
AcDbHatch
 10
0.0
 20
0.0
 30
0.0
210
0.0
220
0.0
230
1.0
  2
SOLID
 70
1
 71
0
 91
1
 92
3
 72
0
 73
1
 93
4
 10
8.563989649609361
 20
7.734143807339025
 10
8.570268011813983
 20
7.72763850859104
 10
8.570268011813983
 20
8.063754843556456
 10
8.563989649609361
 20
8.070260142304443
 97
0
 75
0
 76
1
 98
0
  0
LWPOLYLINE
  5
576
330
17
100
AcDbEntity
  8
A-MASS
100
AcDbPolyline
 90
4
 70
1
 10
8.563989649609361
 20
7.734143807339025
 10
8.570268011813983
 20
7.72763850859104
 10
8.570268011813983
 20
8.063754843556456
 10
8.563989649609361
 20
8.070260142304443
  0
HATCH
  5
577
330
17
100
AcDbEntity
  8
A-MASS
 62
7
420
13487565
100
AcDbHatch
 10
0.0
 20
0.0
 30
0.0
210
0.0
220
0.0
230
1.0
  2
SOLID
 70
1
 71
0
 91
1
 92
3
 72
0
 73
1
 93
4
 10
8.570268011813983
 20
7.72763850859104
 10
8.5774391992233
 20
7.721339914729017
 10
8.5774391992233
 20
8.057456249694434
 10
8.570268011813983
 20
8.063754843556456
 97
0
 75
0
 76
1
 98
0
  0
LWPOLYLINE
  5
578
330
17
100
AcDbEntity
  8
A-MASS
100
AcDbPolyline
 90
4
 70
1
 10
8.570268011813983
 20
7.72763850859104
 10
8.5774391992233
 20
7.721339914729017
 10
8.5774391992233
 20
8.057456249694434
 10
8.570268011813983
 20
8.063754843556456
  0
HATCH
  5
579
330
17
100
AcDbEntity
  8
A-MASS
 62
7
420
13487565
100
AcDbHatch
 10
0.0
 20
0.0
 30
0.0
210
0.0
220
0.0
230
1.0
  2
SOLID
 70
1
 71
0
 91
1
 92
3
 72
0
 73
1
 93
4
 10
8.5774391992233
 20
7.721339914729017
 10
8.585472503711886
 20
7.715274997298852
 10
8.585472503711886
 20
8.051391332264268
 10
8.5774391992233
 20
8.057456249694434
 97
0
 75
0
 76
1
 98
0
  0
LWPOLYLINE
  5
57A
330
17
100
AcDbEntity
  8
A-MASS
100
AcDbPolyline
 90
4
 70
1
 10
8.5774391992233
 20
7.721339914729017
 10
8.585472503711886
 20
7.715274997298852
 10
8.585472503711886
 20
8.051391332264268
 10
8.5774391992233
 20
8.057456249694434
  0
HATCH
  5
57B
330
17
100
AcDbEntity
  8
A-MASS
 62
7
420
13487565
100
AcDbHatch
 10
0.0
 20
0.0
 30
0.0
210
0.0
220
0.0
230
1.0
  2
SOLID
 70
1
 71
0
 91
1
 92
3
 72
0
 73
1
 93
4
 10
8.585472503711886
 20
7.715274997298852
 10
8.594333525436625
 20
7.709469727208083
 10
8.594333525436625
 20
8.0455860621735
 10
8.585472503711886
 20
8.051391332264268
 97
0
 75
0
 76
1
 98
0
  0
LWPOLYLINE
  5
57C
330
17
100
AcDbEntity
  8
A-MASS
100
AcDbPolyline
 90
4
 70
1
 10
8.585472503711886
 20
7.715274997298852
 10
8.594333525436625
 20
7.709469727208083
 10
8.594333525436625
 20
8.0455860621735
 10
8.585472503711886
 20
8.051391332264268
  0
HATCH
  5
57D
330
17
100
AcDbEntity
  8
A-MASS
 62
7
420
13487565
100
AcDbHatch
 10
0.0
 20
0.0
 30
0.0
210
0.0
220
0.0
230
1.0
  2
SOLID
 70
1
 71
0
 91
1
 92
3
 72
0
 73
1
 93
4
 10
8.594333525436625
 20
7.709469727208083
 10
8.603984320142123
 20
7.703948963514481
 10
8.603984320142123
 20
8.040065298479899
 10
8.594333525436625
 20
8.0455860621735
 97
0
 75
0
 76
1
 98
0
  0
LWPOLYLINE
  5
57E
330
17
100
AcDbEntity
  8
A-MASS
100
AcDbPolyline
 90
4
 70
1
 10
8.594333525436625
 20
7.709469727208083
 10
8.603984320142123
 20
7.703948963514481
 10
8.603984320142123
 20
8.040065298479899
 10
8.594333525436625
 20
8.0455860621735
  0
HATCH
  5
57F
330
17
100
AcDbEntity
  8
A-MASS
 62
7
420
13487565
100
AcDbHatch
 10
0.0
 20
0.0
 30
0.0
210
0.0
220
0.0
230
1.0
  2
SOLID
 70
1
 71
0
 91
1
 92
3
 72
0
 73
1
 93
4
 10
8.603984320142123
 20
7.703948963514481
 10
8.614383561643836
 20
7.698736346975744
 10
8.614383561643836
 20
8.034852681941162
 10
8.603984320142123
 20
8.040065298479899
 97
0
 75
0
 76
1
 98
0
  0
LWPOLYLINE
  5
580
330
17
100
AcDbEntity
  8
A-MASS
100
AcDbPolyline
 90
4
 70
1
 10
8.603984320142123
 20
7.703948963514481
 10
8.614383561643836
 20
7.698736346975744
 10
8.614383561643836
 20
8.034852681941162
 10
8.603984320142123
 20
8.040065298479899
  0
HATCH
  5
581
330
17
100
AcDbEntity
  8
A-MASS
 62
7
420
10790052
100
AcDbHatch
 10
0.0
 20
0.0
 30
0.0
210
0.0
220
0.0
230
1.0
  2
SOLID
 70
1
 71
0
 91
1
 92
3
 72
0
 73
1
 93
4
 10
10.340410958904108
 20
7.0427623825351855
 10
12.082876712328767
 20
7.860800502896354
 10
12.082876712328767
 20
8.196916837861771
 10
10.340410958904108
 20
7.378878717500602
 97
0
 75
0
 76
1
 98
0
  0
LWPOLYLINE
  5
582
330
17
100
AcDbEntity
  8
A-MASS
100
AcDbPolyline
 90
4
 70
1
 10
10.340410958904108
 20
7.0427623825351855
 10
12.082876712328767
 20
7.860800502896354
 10
12.082876712328767
 20
8.196916837861771
 10
10.340410958904108
 20
7.378878717500602
  0
HATCH
  5
583
330
17
100
AcDbEntity
  8
A-MASS
 62
7
420
13487565
100
AcDbHatch
 10
0.0
 20
0.0
 30
0.0
210
0.0
220
0.0
230
1.0
  2
SOLID
 70
1
 71
0
 91
1
 92
3
 72
0
 73
1
 93
4
 10
8.614383561643836
 20
7.698736346975744
 10
10.011643835616438
 20
7.0427623825351855
 10
10.011643835616438
 20
7.378878717500601
 10
8.614383561643836
 20
8.034852681941162
 97
0
 75
0
 76
1
 98
0
  0
LWPOLYLINE
  5
584
330
17
100
AcDbEntity
  8
A-MASS
100
AcDbPolyline
 90
4
 70
1
 10
8.614383561643836
 20
7.698736346975744
 10
10.011643835616438
 20
7.0427623825351855
 10
10.011643835616438
 20
7.378878717500601
 10
8.614383561643836
 20
8.034852681941162
  0
HATCH
  5
585
330
17
100
AcDbEntity
  8
A-MASS
 62
7
420
10790052
100
AcDbHatch
 10
0.0
 20
0.0
 30
0.0
210
0.0
220
0.0
230
1.0
  2
SOLID
 70
1
 71
0
 91
1
 92
3
 72
0
 73
1
 93
4
 10
10.329307801754815
 20
7.037880234375589
 10
10.340410958904108
 20
7.0427623825351855
 10
10.340410958904108
 20
7.378878717500602
 10
10.329307801754815
 20
7.3739965693410054
 97
0
 75
0
 76
1
 98
0
  0
LWPOLYLINE
  5
586
330
17
100
AcDbEntity
  8
A-MASS
100
AcDbPolyline
 90
4
 70
1
 10
10.329307801754815
 20
7.037880234375589
 10
10.340410958904108
 20
7.0427623825351855
 10
10.340410958904108
 20
7.378878717500602
 10
10.329307801754815
 20
7.3739965693410054
  0
HATCH
  5
587
330
17
100
AcDbEntity
  8
A-MASS
 62
7
420
13487565
100
AcDbHatch
 10
0.0
 20
0.0
 30
0.0
210
0.0
220
0.0
230
1.0
  2
SOLID
 70
1
 71
0
 91
1
 92
3
 72
0
 73
1
 93
4
 10
10.011643835616438
 20
7.0427623825351855
 10
10.022746992765732
 20
7.037880234375589
 10
10.022746992765732
 20
7.3739965693410054
 10
10.011643835616438
 20
7.378878717500601
 97
0
 75
0
 76
1
 98
0
  0
LWPOLYLINE
  5
588
330
17
100
AcDbEntity
  8
A-MASS
100
AcDbPolyline
 90
4
 70
1
 10
10.011643835616438
 20
7.0427623825351855
 10
10.022746992765732
 20
7.037880234375589
 10
10.022746992765732
 20
7.3739965693410054
 10
10.011643835616438
 20
7.378878717500601
  0
HATCH
  5
589
330
17
100
AcDbEntity
  8
A-MASS
 62
7
420
13487565
100
AcDbHatch
 10
0.0
 20
0.0
 30
0.0
210
0.0
220
0.0
230
1.0
  2
SOLID
 70
1
 71
0
 91
1
 92
3
 72
0
 73
1
 93
4
 10
10.022746992765732
 20
7.037880234375589
 10
10.034506520139107
 20
7.033349460703072
 10
10.034506520139107
 20
7.369465795668489
 10
10.022746992765732
 20
7.3739965693410054
 97
0
 75
0
 76
1
 98
0
  0
LWPOLYLINE
  5
58A
330
17
100
AcDbEntity
  8
A-MASS
100
AcDbPolyline
 90
4
 70
1
 10
10.022746992765732
 20
7.037880234375589
 10
10.034506520139107
 20
7.033349460703072
 10
10.034506520139107
 20
7.369465795668489
 10
10.022746992765732
 20
7.3739965693410054
  0
HATCH
  5
58B
330
17
100
AcDbEntity
  8
A-MASS
 62
7
420
10790052
100
AcDbHatch
 10
0.0
 20
0.0
 30
0.0
210
0.0
220
0.0
230
1.0
  2
SOLID
 70
1
 71
0
 91
1
 92
3
 72
0
 73
1
 93
4
 10
10.317548274381439
 20
7.033349460703072
 10
10.329307801754815
 20
7.037880234375589
 10
10.329307801754815
 20
7.3739965693410054
 10
10.317548274381439
 20
7.369465795668489
 97
0
 75
0
 76
1
 98
0
  0
LWPOLYLINE
  5
58C
330
17
100
AcDbEntity
  8
A-MASS
100
AcDbPolyline
 90
4
 70
1
 10
10.317548274381439
 20
7.033349460703072
 10
10.329307801754815
 20
7.037880234375589
 10
10.329307801754815
 20
7.3739965693410054
 10
10.317548274381439
 20
7.369465795668489
  0
HATCH
  5
58D
330
17
100
AcDbEntity
  8
A-MASS
 62
7
420
13487565
100
AcDbHatch
 10
0.0
 20
0.0
 30
0.0
210
0.0
220
0.0
230
1.0
  2
SOLID
 70
1
 71
0
 91
1
 92
3
 72
0
 73
1
 93
4
 10
10.034506520139107
 20
7.033349460703072
 10
10.046872061634996
 20
7.029189462986079
 10
10.046872061634996
 20
7.365305797951496
 10
10.034506520139107
 20
7.369465795668489
 97
0
 75
0
 76
1
 98
0
  0
LWPOLYLINE
  5
58E
330
17
100
AcDbEntity
  8
A-MASS
100
AcDbPolyline
 90
4
 70
1
 10
10.034506520139107
 20
7.033349460703072
 10
10.046872061634996
 20
7.029189462986079
 10
10.046872061634996
 20
7.365305797951496
 10
10.034506520139107
 20
7.369465795668489
  0
HATCH
  5
58F
330
17
100
AcDbEntity
  8
A-MASS
 62
7
420
10790052
100
AcDbHatch
 10
0.0
 20
0.0
 30
0.0
210
0.0
220
0.0
230
1.0
  2
SOLID
 70
1
 71
0
 91
1
 92
3
 72
0
 73
1
 93
4
 10
10.30518273288555
 20
7.029189462986079
 10
10.317548274381439
 20
7.033349460703072
 10
10.317548274381439
 20
7.369465795668489
 10
10.30518273288555
 20
7.365305797951496
 97
0
 75
0
 76
1
 98
0
  0
LWPOLYLINE
  5
590
330
17
100
AcDbEntity
  8
A-MASS
100
AcDbPolyline
 90
4
 70
1
 10
10.30518273288555
 20
7.029189462986079
 10
10.317548274381439
 20
7.033349460703072
 10
10.317548274381439
 20
7.369465795668489
 10
10.30518273288555
 20
7.365305797951496
  0
HATCH
  5
591
330
17
100
AcDbEntity
  8
A-MASS
 62
7
420
13487565
100
AcDbHatch
 10
0.0
 20
0.0
 30
0.0
210
0.0
220
0.0
230
1.0
  2
SOLID
 70
1
 71
0
 91
1
 92
3
 72
0
 73
1
 93
4
 10
10.046872061634996
 20
7.029189462986079
 10
10.05979066610632
 20
7.025418054973488
 10
10.05979066610632
 20
7.361534389938905
 10
10.046872061634996
 20
7.365305797951496
 97
0
 75
0
 76
1
 98
0
  0
LWPOLYLINE
  5
592
330
17
100
AcDbEntity
  8
A-MASS
100
AcDbPolyline
 90
4
 70
1
 10
10.046872061634996
 20
7.029189462986079
 10
10.05979066610632
 20
7.025418054973488
 10
10.05979066610632
 20
7.361534389938905
 10
10.046872061634996
 20
7.365305797951496
  0
HATCH
  5
593
330
17
100
AcDbEntity
  8
A-MASS
 62
7
420
10790052
100
AcDbHatch
 10
0.0
 20
0.0
 30
0.0
210
0.0
220
0.0
230
1.0
  2
SOLID
 70
1
 71
0
 91
1
 92
3
 72
0
 73
1
 93
4
 10
10.292264128414226
 20
7.025418054973488
 10
10.30518273288555
 20
7.029189462986079
 10
10.30518273288555
 20
7.365305797951496
 10
10.292264128414226
 20
7.361534389938905
 97
0
 75
0
 76
1
 98
0
  0
LWPOLYLINE
  5
594
330
17
100
AcDbEntity
  8
A-MASS
100
AcDbPolyline
 90
4
 70
1
 10
10.292264128414226
 20
7.025418054973488
 10
10.30518273288555
 20
7.029189462986079
 10
10.30518273288555
 20
7.365305797951496
 10
10.292264128414226
 20
7.361534389938905
  0
HATCH
  5
595
330
17
100
AcDbEntity
  8
A-MASS
 62
7
420
13487565
100
AcDbHatch
 10
0.0
 20
0.0
 30
0.0
210
0.0
220
0.0
230
1.0
  2
SOLID
 70
1
 71
0
 91
1
 92
3
 72
0
 73
1
 93
4
 10
10.05979066610632
 20
7.025418054973488
 10
10.073207014105433
 20
7.0220513864134055
 10
10.073207014105433
 20
7.358167721378822
 10
10.05979066610632
 20
7.361534389938905
 97
0
 75
0
 76
1
 98
0
  0
LWPOLYLINE
  5
596
330
17
100
AcDbEntity
  8
A-MASS
100
AcDbPolyline
 90
4
 70
1
 10
10.05979066610632
 20
7.025418054973488
 10
10.073207014105433
 20
7.0220513864134055
 10
10.073207014105433
 20
7.358167721378822
 10
10.05979066610632
 20
7.361534389938905
  0
HATCH
  5
597
330
17
100
AcDbEntity
  8
A-MASS
 62
7
420
10790052
100
AcDbHatch
 10
0.0
 20
0.0
 30
0.0
210
0.0
220
0.0
230
1.0
  2
SOLID
 70
1
 71
0
 91
1
 92
3
 72
0
 73
1
 93
4
 10
10.278847780415113
 20
7.0220513864134055
 10
10.292264128414226
 20
7.025418054973488
 10
10.292264128414226
 20
7.361534389938905
 10
10.278847780415113
 20
7.358167721378822
 97
0
 75
0
 76
1
 98
0
  0
LWPOLYLINE
  5
598
330
17
100
AcDbEntity
  8
A-MASS
100
AcDbPolyline
 90
4
 70
1
 10
10.278847780415113
 20
7.0220513864134055
 10
10.292264128414226
 20
7.025418054973488
 10
10.292264128414226
 20
7.361534389938905
 10
10.278847780415113
 20
7.358167721378822
  0
HATCH
  5
599
330
17
100
AcDbEntity
  8
A-MASS
 62
7
420
13487565
100
AcDbHatch
 10
0.0
 20
0.0
 30
0.0
210
0.0
220
0.0
230
1.0
  2
SOLID
 70
1
 71
0
 91
1
 92
3
 72
0
 73
1
 93
4
 10
10.073207014105433
 20
7.0220513864134055
 10
10.087063654770487
 20
7.019103873897467
 10
10.087063654770487
 20
7.3552202088628835
 10
10.073207014105433
 20
7.358167721378822
 97
0
 75
0
 76
1
 98
0
  0
LWPOLYLINE
  5
59A
330
17
100
AcDbEntity
  8
A-MASS
100
AcDbPolyline
 90
4
 70
1
 10
10.073207014105433
 20
7.0220513864134055
 10
10.087063654770487
 20
7.019103873897467
 10
10.087063654770487
 20
7.3552202088628835
 10
10.073207014105433
 20
7.358167721378822
  0
HATCH
  5
59B
330
17
100
AcDbEntity
  8
A-MASS
 62
7
420
10790052
100
AcDbHatch
 10
0.0
 20
0.0
 30
0.0
210
0.0
220
0.0
230
1.0
  2
SOLID
 70
1
 71
0
 91
1
 92
3
 72
0
 73
1
 93
4
 10
10.264991139750059
 20
7.019103873897467
 10
10.278847780415113
 20
7.0220513864134055
 10
10.278847780415113
 20
7.358167721378822
 10
10.264991139750059
 20
7.3552202088628835
 97
0
 75
0
 76
1
 98
0
  0
LWPOLYLINE
  5
59C
330
17
100
AcDbEntity
  8
A-MASS
100
AcDbPolyline
 90
4
 70
1
 10
10.264991139750059
 20
7.019103873897467
 10
10.278847780415113
 20
7.0220513864134055
 10
10.278847780415113
 20
7.358167721378822
 10
10.264991139750059
 20
7.3552202088628835
  0
HATCH
  5
59D
330
17
100
AcDbEntity
  8
A-MASS
 62
7
420
13487565
100
AcDbHatch
 10
0.0
 20
0.0
 30
0.0
210
0.0
220
0.0
230
1.0
  2
SOLID
 70
1
 71
0
 91
1
 92
3
 72
0
 73
1
 93
4
 10
10.087063654770487
 20
7.019103873897467
 10
10.101301251838846
 20
7.016588139126775
 10
10.101301251838846
 20
7.3527044740921905
 10
10.087063654770487
 20
7.3552202088628835
 97
0
 75
0
 76
1
 98
0
  0
LWPOLYLINE
  5
59E
330
17
100
AcDbEntity
  8
A-MASS
100
AcDbPolyline
 90
4
 70
1
 10
10.087063654770487
 20
7.019103873897467
 10
10.101301251838846
 20
7.016588139126775
 10
10.101301251838846
 20
7.3527044740921905
 10
10.087063654770487
 20
7.3552202088628835
  0
HATCH
  5
59F
330
17
100
AcDbEntity
  8
A-MASS
 62
7
420
10790052
100
AcDbHatch
 10
0.0
 20
0.0
 30
0.0
210
0.0
220
0.0
230
1.0
  2
SOLID
 70
1
 71
0
 91
1
 92
3
 72
0
 73
1
 93
4
 10
10.250753542681702
 20
7.016588139126775
 10
10.264991139750059
 20
7.019103873897467
 10
10.264991139750059
 20
7.3552202088628835
 10
10.250753542681702
 20
7.352704474092191
 97
0
 75
0
 76
1
 98
0
  0
LWPOLYLINE
  5
5A0
330
17
100
AcDbEntity
  8
A-MASS
100
AcDbPolyline
 90
4
 70
1
 10
10.250753542681702
 20
7.016588139126775
 10
10.264991139750059
 20
7.019103873897467
 10
10.264991139750059
 20
7.3552202088628835
 10
10.250753542681702
 20
7.352704474092191
  0
HATCH
  5
5A1
330
17
100
AcDbEntity
  8
A-MASS
 62
7
420
13487565
100
AcDbHatch
 10
0.0
 20
0.0
 30
0.0
210
0.0
220
0.0
230
1.0
  2
SOLID
 70
1
 71
0
 91
1
 92
3
 72
0
 73
1
 93
4
 10
10.101301251838846
 20
7.016588139126775
 10
10.115858837734065
 20
7.01451495486384
 10
10.115858837734065
 20
7.3506312898292565
 10
10.101301251838846
 20
7.3527044740921905
 97
0
 75
0
 76
1
 98
0
  0
LWPOLYLINE
  5
5A2
330
17
100
AcDbEntity
  8
A-MASS
100
AcDbPolyline
 90
4
 70
1
 10
10.101301251838846
 20
7.016588139126775
 10
10.115858837734065
 20
7.01451495486384
 10
10.115858837734065
 20
7.3506312898292565
 10
10.101301251838846
 20
7.3527044740921905
  0
HATCH
  5
5A3
330
17
100
AcDbEntity
  8
A-MASS
 62
7
420
10790052
100
AcDbHatch
 10
0.0
 20
0.0
 30
0.0
210
0.0
220
0.0
230
1.0
  2
SOLID
 70
1
 71
0
 91
1
 92
3
 72
0
 73
1
 93
4
 10
10.236195956786483
 20
7.01451495486384
 10
10.250753542681702
 20
7.016588139126775
 10
10.250753542681702
 20
7.352704474092191
 10
10.236195956786483
 20
7.3506312898292565
 97
0
 75
0
 76
1
 98
0
  0
LWPOLYLINE
  5
5A4
330
17
100
AcDbEntity
  8
A-MASS
100
AcDbPolyline
 90
4
 70
1
 10
10.236195956786483
 20
7.01451495486384
 10
10.250753542681702
 20
7.016588139126775
 10
10.250753542681702
 20
7.352704474092191
 10
10.236195956786483
 20
7.3506312898292565
  0
HATCH
  5
5A5
330
17
100
AcDbEntity
  8
A-MASS
 62
7
420
13487565
100
AcDbHatch
 10
0.0
 20
0.0
 30
0.0
210
0.0
220
0.0
230
1.0
  2
SOLID
 70
1
 71
0
 91
1
 92
3
 72
0
 73
1
 93
4
 10
10.115858837734065
 20
7.01451495486384
 10
10.13067407463842
 20
7.012893198801958
 10
10.13067407463842
 20
7.349009533767375
 10
10.115858837734065
 20
7.3506312898292565
 97
0
 75
0
 76
1
 98
0
  0
LWPOLYLINE
  5
5A6
330
17
100
AcDbEntity
  8
A-MASS
100
AcDbPolyline
 90
4
 70
1
 10
10.115858837734065
 20
7.01451495486384
 10
10.13067407463842
 20
7.012893198801958
 10
10.13067407463842
 20
7.349009533767375
 10
10.115858837734065
 20
7.3506312898292565
  0
HATCH
  5
5A7
330
17
100
AcDbEntity
  8
A-MASS
 62
7
420
10790052
100
AcDbHatch
 10
0.0
 20
0.0
 30
0.0
210
0.0
220
0.0
230
1.0
  2
SOLID
 70
1
 71
0
 91
1
 92
3
 72
0
 73
1
 93
4
 10
10.221380719882127
 20
7.012893198801958
 10
10.236195956786483
 20
7.01451495486384
 10
10.236195956786483
 20
7.3506312898292565
 10
10.221380719882127
 20
7.349009533767375
 97
0
 75
0
 76
1
 98
0
  0
LWPOLYLINE
  5
5A8
330
17
100
AcDbEntity
  8
A-MASS
100
AcDbPolyline
 90
4
 70
1
 10
10.221380719882127
 20
7.012893198801958
 10
10.236195956786483
 20
7.01451495486384
 10
10.236195956786483
 20
7.3506312898292565
 10
10.221380719882127
 20
7.349009533767375
  0
HATCH
  5
5A9
330
17
100
AcDbEntity
  8
A-MASS
 62
7
420
13487565
100
AcDbHatch
 10
0.0
 20
0.0
 30
0.0
210
0.0
220
0.0
230
1.0
  2
SOLID
 70
1
 71
0
 91
1
 92
3
 72
0
 73
1
 93
4
 10
10.13067407463842
 20
7.012893198801958
 10
10.14568352143301
 20
7.011729815549563
 10
10.14568352143301
 20
7.347846150514979
 10
10.13067407463842
 20
7.349009533767375
 97
0
 75
0
 76
1
 98
0
  0
LWPOLYLINE
  5
5AA
330
17
100
AcDbEntity
  8
A-MASS
100
AcDbPolyline
 90
4
 70
1
 10
10.13067407463842
 20
7.012893198801958
 10
10.14568352143301
 20
7.011729815549563
 10
10.14568352143301
 20
7.347846150514979
 10
10.13067407463842
 20
7.349009533767375
  0
HATCH
  5
5AB
330
17
100
AcDbEntity
  8
A-MASS
 62
7
420
10790052
100
AcDbHatch
 10
0.0
 20
0.0
 30
0.0
210
0.0
220
0.0
230
1.0
  2
SOLID
 70
1
 71
0
 91
1
 92
3
 72
0
 73
1
 93
4
 10
10.206371273087536
 20
7.011729815549563
 10
10.221380719882127
 20
7.012893198801958
 10
10.221380719882127
 20
7.349009533767375
 10
10.206371273087536
 20
7.347846150514979
 97
0
 75
0
 76
1
 98
0
  0
LWPOLYLINE
  5
5AC
330
17
100
AcDbEntity
  8
A-MASS
100
AcDbPolyline
 90
4
 70
1
 10
10.206371273087536
 20
7.011729815549563
 10
10.221380719882127
 20
7.012893198801958
 10
10.221380719882127
 20
7.349009533767375
 10
10.206371273087536
 20
7.347846150514979
  0
HATCH
  5
5AD
330
17
100
AcDbEntity
  8
A-MASS
 62
7
420
13487565
100
AcDbHatch
 10
0.0
 20
0.0
 30
0.0
210
0.0
220
0.0
230
1.0
  2
SOLID
 70
1
 71
0
 91
1
 92
3
 72
0
 73
1
 93
4
 10
10.14568352143301
 20
7.011729815549563
 10
10.160822905362371
 20
7.011029786892346
 10
10.160822905362371
 20
7.3471461218577625
 10
10.14568352143301
 20
7.347846150514979
 97
0
 75
0
 76
1
 98
0
  0
LWPOLYLINE
  5
5AE
330
17
100
AcDbEntity
  8
A-MASS
100
AcDbPolyline
 90
4
 70
1
 10
10.14568352143301
 20
7.011729815549563
 10
10.160822905362371
 20
7.011029786892346
 10
10.160822905362371
 20
7.3471461218577625
 10
10.14568352143301
 20
7.347846150514979
  0
HATCH
  5
5AF
330
17
100
AcDbEntity
  8
A-MASS
 62
7
420
10790052
100
AcDbHatch
 10
0.0
 20
0.0
 30
0.0
210
0.0
220
0.0
230
1.0
  2
SOLID
 70
1
 71
0
 91
1
 92
3
 72
0
 73
1
 93
4
 10
10.191231889158177
 20
7.011029786892346
 10
10.206371273087536
 20
7.011729815549563
 10
10.206371273087536
 20
7.347846150514979
 10
10.191231889158177
 20
7.3471461218577625
 97
0
 75
0
 76
1
 98
0
  0
LWPOLYLINE
  5
5B0
330
17
100
AcDbEntity
  8
A-MASS
100
AcDbPolyline
 90
4
 70
1
 10
10.191231889158177
 20
7.011029786892346
 10
10.206371273087536
 20
7.011729815549563
 10
10.206371273087536
 20
7.347846150514979
 10
10.191231889158177
 20
7.3471461218577625
  0
HATCH
  5
5B1
330
17
100
AcDbEntity
  8
A-MASS
 62
7
420
13487565
100
AcDbHatch
 10
0.0
 20
0.0
 30
0.0
210
0.0
220
0.0
230
1.0
  2
SOLID
 70
1
 71
0
 91
1
 92
3
 72
0
 73
1
 93
4
 10
10.160822905362371
 20
7.011029786892346
 10
10.176027397260274
 20
7.010796110460488
 10
10.176027397260274
 20
7.346912445425905
 10
10.160822905362371
 20
7.3471461218577625
 97
0
 75
0
 76
1
 98
0
  0
LWPOLYLINE
  5
5B2
330
17
100
AcDbEntity
  8
A-MASS
100
AcDbPolyline
 90
4
 70
1
 10
10.160822905362371
 20
7.011029786892346
 10
10.176027397260274
 20
7.010796110460488
 10
10.176027397260274
 20
7.346912445425905
 10
10.160822905362371
 20
7.3471461218577625
  0
HATCH
  5
5B3
330
17
100
AcDbEntity
  8
A-MASS
 62
7
420
10790052
100
AcDbHatch
 10
0.0
 20
0.0
 30
0.0
210
0.0
220
0.0
230
1.0
  2
SOLID
 70
1
 71
0
 91
1
 92
3
 72
0
 73
1
 93
4
 10
10.176027397260274
 20
7.010796110460488
 10
10.191231889158177
 20
7.011029786892346
 10
10.191231889158177
 20
7.3471461218577625
 10
10.176027397260274
 20
7.346912445425905
 97
0
 75
0
 76
1
 98
0
  0
LWPOLYLINE
  5
5B4
330
17
100
AcDbEntity
  8
A-MASS
100
AcDbPolyline
 90
4
 70
1
 10
10.176027397260274
 20
7.010796110460488
 10
10.191231889158177
 20
7.011029786892346
 10
10.191231889158177
 20
7.3471461218577625
 10
10.176027397260274
 20
7.346912445425905
  0
HATCH
  5
5B5
330
17
100
AcDbEntity
  8
A-MASS
 62
7
420
15000804
100
AcDbHatch
 10
0.0
 20
0.0
 30
0.0
210
0.0
220
0.0
230
1.0
  2
SOLID
 70
1
 71
0
 91
1
 92
3
 72
0
 73
1
 93
100
 10
12.082876712328767
 20
8.196916837861771
 10
12.093275953830478
 20
8.202129454400508
 10
12.102926748535976
 20
8.207650218094109
 10
12.111787770260715
 20
8.213455488184877
 10
12.119821074749302
 20
8.219520405615043
 10
12.126992262158618
 20
8.225818999477067
 10
12.133270624363238
 20
8.232324298225052
 10
12.138629276452331
 20
8.23900844517105
 10
12.143045271854975
 20
8.245842817771669
 10
12.1464997006009
 20
8.252798150194199
 10
12.148977770295883
 20
8.259844658637407
 10
12.150468869465048
 20
8.26695216887034
 10
12.150966612992837
 20
8.274090245443013
 10
12.150468869465048
 20
8.281228322015687
 10
12.148977770295883
 20
8.288335832248618
 10
12.1464997006009
 20
8.295382340691827
 10
12.143045271854975
 20
8.302337673114359
 10
12.138629276452331
 20
8.309172045714977
 10
12.133270624363238
 20
8.315856192660974
 10
12.126992262158618
 20
8.32236149140896
 10
12.119821074749302
 20
8.328660085270982
 10
12.111787770260715
 20
8.334725002701148
 10
12.102926748535976
 20
8.340530272791916
 10
12.093275953830478
 20
8.34605103648552
 10
12.082876712328767
 20
8.351263653024255
 10
10.685616438356163
 20
9.007237617464815
 10
10.674513281206869
 20
9.012119765624412
 10
10.662753753833494
 20
9.016650539296927
 10
10.650388212337605
 20
9.02081053701392
 10
10.637469607866281
 20
9.024581945026512
 10
10.624053259867168
 20
9.027948613586595
 10
10.610196619202114
 20
9.030896126102533
 10
10.595959022133755
 20
9.033411860873226
 10
10.581401436238536
 20
9.035485045136161
 10
10.566586199334182
 20
9.037106801198043
 10
10.55157675253959
 20
9.038270184450438
 10
10.53643736861023
 20
9.038970213107655
 10
10.521232876712327
 20
9.039203889539513
 10
10.506028384814424
 20
9.038970213107655
 10
10.490889000885065
 20
9.038270184450438
 10
10.475879554090474
 20
9.037106801198043
 10
10.461064317186118
 20
9.035485045136161
 10
10.4465067312909
 20
9.033411860873226
 10
10.432269134222542
 20
9.030896126102533
 10
10.418412493557488
 20
9.027948613586595
 10
10.404996145558375
 20
9.024581945026512
 10
10.392077541087051
 20
9.02081053701392
 10
10.379711999591162
 20
9.016650539296927
 10
10.367952472217786
 20
9.012119765624412
 10
10.356849315068493
 20
9.007237617464815
 10
8.614383561643836
 20
8.189199497103646
 10
8.603984320142123
 20
8.183986880564909
 10
8.594333525436625
 20
8.178466116871308
 10
8.585472503711886
 20
8.17266084678054
 10
8.5774391992233
 20
8.166595929350374
 10
8.570268011813983
 20
8.16029733548835
 10
8.563989649609361
 20
8.153792036740365
 10
8.55863099752027
 20
8.147107889794368
 10
8.554215002117626
 20
8.14027351719375
 10
8.5507605733717
 20
8.133318184771218
 10
8.548282503676718
 20
8.12627167632801
 10
8.546791404507553
 20
8.119164166095077
 10
8.546293660979764
 20
8.112026089522404
 10
8.546791404507553
 20
8.10488801294973
 10
8.548282503676718
 20
8.097780502716798
 10
8.5507605733717
 20
8.09073399427359
 10
8.554215002117626
 20
8.083778661851058
 10
8.55863099752027
 20
8.07694428925044
 10
8.563989649609361
 20
8.070260142304443
 10
8.570268011813983
 20
8.063754843556456
 10
8.5774391992233
 20
8.057456249694434
 10
8.585472503711886
 20
8.051391332264268
 10
8.594333525436625
 20
8.0455860621735
 10
8.603984320142123
 20
8.040065298479899
 10
8.614383561643836
 20
8.034852681941162
 10
10.011643835616438
 20
7.378878717500601
 10
10.022746992765732
 20
7.3739965693410054
 10
10.034506520139107
 20
7.369465795668489
 10
10.046872061634996
 20
7.365305797951496
 10
10.05979066610632
 20
7.361534389938905
 10
10.073207014105433
 20
7.358167721378822
 10
10.087063654770487
 20
7.3552202088628835
 10
10.101301251838846
 20
7.3527044740921905
 10
10.115858837734065
 20
7.3506312898292565
 10
10.13067407463842
 20
7.349009533767375
 10
10.14568352143301
 20
7.347846150514979
 10
10.160822905362371
 20
7.3471461218577625
 10
10.176027397260274
 20
7.346912445425905
 10
10.191231889158177
 20
7.3471461218577625
 10
10.206371273087536
 20
7.347846150514979
 10
10.221380719882127
 20
7.349009533767375
 10
10.236195956786483
 20
7.3506312898292565
 10
10.250753542681702
 20
7.352704474092191
 10
10.264991139750059
 20
7.3552202088628835
 10
10.278847780415113
 20
7.358167721378822
 10
10.292264128414226
 20
7.361534389938905
 10
10.30518273288555
 20
7.365305797951496
 10
10.317548274381439
 20
7.369465795668489
 10
10.329307801754815
 20
7.3739965693410054
 10
10.340410958904108
 20
7.378878717500602
 97
0
 75
0
 76
1
 98
0
  0
LWPOLYLINE
  5
5B6
330
17
100
AcDbEntity
  8
A-MASS
100
AcDbPolyline
 90
100
 70
1
 10
12.082876712328767
 20
8.196916837861771
 10
12.093275953830478
 20
8.202129454400508
 10
12.102926748535976
 20
8.207650218094109
 10
12.111787770260715
 20
8.213455488184877
 10
12.119821074749302
 20
8.219520405615043
 10
12.126992262158618
 20
8.225818999477067
 10
12.133270624363238
 20
8.232324298225052
 10
12.138629276452331
 20
8.23900844517105
 10
12.143045271854975
 20
8.245842817771669
 10
12.1464997006009
 20
8.252798150194199
 10
12.148977770295883
 20
8.259844658637407
 10
12.150468869465048
 20
8.26695216887034
 10
12.150966612992837
 20
8.274090245443013
 10
12.150468869465048
 20
8.281228322015687
 10
12.148977770295883
 20
8.288335832248618
 10
12.1464997006009
 20
8.295382340691827
 10
12.143045271854975
 20
8.302337673114359
 10
12.138629276452331
 20
8.309172045714977
 10
12.133270624363238
 20
8.315856192660974
 10
12.126992262158618
 20
8.32236149140896
 10
12.119821074749302
 20
8.328660085270982
 10
12.111787770260715
 20
8.334725002701148
 10
12.102926748535976
 20
8.340530272791916
 10
12.093275953830478
 20
8.34605103648552
 10
12.082876712328767
 20
8.351263653024255
 10
10.685616438356163
 20
9.007237617464815
 10
10.674513281206869
 20
9.012119765624412
 10
10.662753753833494
 20
9.016650539296927
 10
10.650388212337605
 20
9.02081053701392
 10
10.637469607866281
 20
9.024581945026512
 10
10.624053259867168
 20
9.027948613586595
 10
10.610196619202114
 20
9.030896126102533
 10
10.595959022133755
 20
9.033411860873226
 10
10.581401436238536
 20
9.035485045136161
 10
10.566586199334182
 20
9.037106801198043
 10
10.55157675253959
 20
9.038270184450438
 10
10.53643736861023
 20
9.038970213107655
 10
10.521232876712327
 20
9.039203889539513
 10
10.506028384814424
 20
9.038970213107655
 10
10.490889000885065
 20
9.038270184450438
 10
10.475879554090474
 20
9.037106801198043
 10
10.461064317186118
 20
9.035485045136161
 10
10.4465067312909
 20
9.033411860873226
 10
10.432269134222542
 20
9.030896126102533
 10
10.418412493557488
 20
9.027948613586595
 10
10.404996145558375
 20
9.024581945026512
 10
10.392077541087051
 20
9.02081053701392
 10
10.379711999591162
 20
9.016650539296927
 10
10.367952472217786
 20
9.012119765624412
 10
10.356849315068493
 20
9.007237617464815
 10
8.614383561643836
 20
8.189199497103646
 10
8.603984320142123
 20
8.183986880564909
 10
8.594333525436625
 20
8.178466116871308
 10
8.585472503711886
 20
8.17266084678054
 10
8.5774391992233
 20
8.166595929350374
 10
8.570268011813983
 20
8.16029733548835
 10
8.563989649609361
 20
8.153792036740365
 10
8.55863099752027
 20
8.147107889794368
 10
8.554215002117626
 20
8.14027351719375
 10
8.5507605733717
 20
8.133318184771218
 10
8.548282503676718
 20
8.12627167632801
 10
8.546791404507553
 20
8.119164166095077
 10
8.546293660979764
 20
8.112026089522404
 10
8.546791404507553
 20
8.10488801294973
 10
8.548282503676718
 20
8.097780502716798
 10
8.5507605733717
 20
8.09073399427359
 10
8.554215002117626
 20
8.083778661851058
 10
8.55863099752027
 20
8.07694428925044
 10
8.563989649609361
 20
8.070260142304443
 10
8.570268011813983
 20
8.063754843556456
 10
8.5774391992233
 20
8.057456249694434
 10
8.585472503711886
 20
8.051391332264268
 10
8.594333525436625
 20
8.0455860621735
 10
8.603984320142123
 20
8.040065298479899
 10
8.614383561643836
 20
8.034852681941162
 10
10.011643835616438
 20
7.378878717500601
 10
10.022746992765732
 20
7.3739965693410054
 10
10.034506520139107
 20
7.369465795668489
 10
10.046872061634996
 20
7.365305797951496
 10
10.05979066610632
 20
7.361534389938905
 10
10.073207014105433
 20
7.358167721378822
 10
10.087063654770487
 20
7.3552202088628835
 10
10.101301251838846
 20
7.3527044740921905
 10
10.115858837734065
 20
7.3506312898292565
 10
10.13067407463842
 20
7.349009533767375
 10
10.14568352143301
 20
7.347846150514979
 10
10.160822905362371
 20
7.3471461218577625
 10
10.176027397260274
 20
7.346912445425905
 10
10.191231889158177
 20
7.3471461218577625
 10
10.206371273087536
 20
7.347846150514979
 10
10.221380719882127
 20
7.349009533767375
 10
10.236195956786483
 20
7.3506312898292565
 10
10.250753542681702
 20
7.352704474092191
 10
10.264991139750059
 20
7.3552202088628835
 10
10.278847780415113
 20
7.358167721378822
 10
10.292264128414226
 20
7.361534389938905
 10
10.30518273288555
 20
7.365305797951496
 10
10.317548274381439
 20
7.369465795668489
 10
10.329307801754815
 20
7.3739965693410054
 10
10.340410958904108
 20
7.378878717500602
  0
HATCH
  5
5B7
330
17
100
AcDbEntity
  8
A-MASS
 62
7
420
10007239
100
AcDbHatch
 10
0.0
 20
0.0
 30
0.0
210
0.0
220
0.0
230
1.0
  2
SOLID
 70
1
 71
0
 91
1
 92
3
 72
0
 73
1
 93
4
 10
9.167123287671233
 20
7.439240763983817
 10
9.590410958904108
 20
7.2405192394621185
 10
9.590410958904108
 20
7.322623993041457
 10
9.167123287671233
 20
7.521345517563156
 97
0
 75
0
 76
1
 98
0
  0
LWPOLYLINE
  5
5B8
330
17
100
AcDbEntity
  8
A-MASS
100
AcDbPolyline
 90
4
 70
1
 10
9.167123287671233
 20
7.439240763983817
 10
9.590410958904108
 20
7.2405192394621185
 10
9.590410958904108
 20
7.322623993041457
 10
9.167123287671233
 20
7.521345517563156
  0
HATCH
  5
5B9
330
17
100
AcDbEntity
  8
A-MASS
 62
7
420
1250067
100
AcDbHatch
 10
0.0
 20
0.0
 30
0.0
210
0.0
220
0.0
230
1.0
  2
SOLID
 70
1
 71
0
 91
1
 92
3
 72
0
 73
1
 93
4
 10
11.623342465753424
 20
7.645062242002991
 10
11.672657534246575
 20
7.668214264277364
 10
11.672657534246575
 20
7.750319017856702
 10
11.623342465753424
 20
7.72716699558233
 97
0
 75
0
 76
1
 98
0
  0
LWPOLYLINE
  5
5BA
330
17
100
AcDbEntity
  8
A-MASS
100
AcDbPolyline
 90
4
 70
1
 10
11.623342465753424
 20
7.645062242002991
 10
11.672657534246575
 20
7.668214264277364
 10
11.672657534246575
 20
7.750319017856702
 10
11.623342465753424
 20
7.72716699558233
  0
HATCH
  5
5BB
330
17
100
AcDbEntity
  8
A-MASS
 62
7
420
1250067
100
AcDbHatch
 10
0.0
 20
0.0
 30
0.0
210
0.0
220
0.0
230
1.0
  2
SOLID
 70
1
 71
0
 91
1
 92
3
 72
0
 73
1
 93
4
 10
11.071917808219178
 20
7.386184046271714
 10
11.121232876712329
 20
7.409336068546087
 10
11.121232876712329
 20
7.4914408221254245
 10
11.071917808219178
 20
7.468288799851052
 97
0
 75
0
 76
1
 98
0
  0
LWPOLYLINE
  5
5BC
330
17
100
AcDbEntity
  8
A-MASS
100
AcDbPolyline
 90
4
 70
1
 10
11.071917808219178
 20
7.386184046271714
 10
11.121232876712329
 20
7.409336068546087
 10
11.121232876712329
 20
7.4914408221254245
 10
11.071917808219178
 20
7.468288799851052
  0
HATCH
  5
5BD
330
17
100
AcDbEntity
  8
A-MASS
 62
7
420
1250067
100
AcDbHatch
 10
0.0
 20
0.0
 30
0.0
210
0.0
220
0.0
230
1.0
  2
SOLID
 70
1
 71
0
 91
1
 92
3
 72
0
 73
1
 93
4
 10
10.430821917808219
 20
7.085207756704868
 10
10.48013698630137
 20
7.108359778979241
 10
10.48013698630137
 20
7.19046453255858
 10
10.430821917808219
 20
7.167312510284207
 97
0
 75
0
 76
1
 98
0
  0
LWPOLYLINE
  5
5BE
330
17
100
AcDbEntity
  8
A-MASS
100
AcDbPolyline
 90
4
 70
1
 10
10.430821917808219
 20
7.085207756704868
 10
10.48013698630137
 20
7.108359778979241
 10
10.48013698630137
 20
7.19046453255858
 10
10.430821917808219
 20
7.167312510284207
  0
HATCH
  5
5BF
330
17
100
AcDbEntity
  8
A-MASS
 62
7
420
1513239
100
AcDbHatch
 10
0.0
 20
0.0
 30
0.0
210
0.0
220
0.0
230
1.0
  2
SOLID
 70
1
 71
0
 91
1
 92
3
 72
0
 73
1
 93
4
 10
9.934934246575342
 20
7.078775353182972
 10
9.984249315068492
 20
7.055623330908599
 10
9.984249315068492
 20
7.137728084487938
 10
9.934934246575342
 20
7.16088010676231
 97
0
 75
0
 76
1
 98
0
  0
LWPOLYLINE
  5
5C0
330
17
100
AcDbEntity
  8
A-MASS
100
AcDbPolyline
 90
4
 70
1
 10
9.934934246575342
 20
7.078775353182972
 10
9.984249315068492
 20
7.055623330908599
 10
9.984249315068492
 20
7.137728084487938
 10
9.934934246575342
 20
7.16088010676231
  0
HATCH
  5
5C1
330
17
100
AcDbEntity
  8
A-MASS
 62
7
420
1513239
100
AcDbHatch
 10
0.0
 20
0.0
 30
0.0
210
0.0
220
0.0
230
1.0
  2
SOLID
 70
1
 71
0
 91
1
 92
3
 72
0
 73
1
 93
4
 10
8.77876712328767
 20
7.780640899454471
 10
9.156849315068493
 20
7.603142062017613
 10
9.156849315068493
 20
7.680115268498243
 10
8.77876712328767
 20
7.857614105935101
 97
0
 75
0
 76
1
 98
0
  0
LWPOLYLINE
  5
5C2
330
17
100
AcDbEntity
  8
A-MASS
100
AcDbPolyline
 90
4
 70
1
 10
8.77876712328767
 20
7.780640899454471
 10
9.156849315068493
 20
7.603142062017613
 10
9.156849315068493
 20
7.680115268498243
 10
8.77876712328767
 20
7.857614105935101
  0
HATCH
  5
5C3
330
17
100
AcDbEntity
  8
A-MASS
 62
7
420
12058624
100
AcDbHatch
 10
0.0
 20
0.0
 30
0.0
210
0.0
220
0.0
230
1.0
  2
SOLID
 70
1
 71
0
 91
1
 92
3
 72
0
 73
1
 93
4
 10
8.77876712328767
 20
7.780640899454471
 10
9.156849315068493
 20
7.603142062017613
 10
9.156849315068493
 20
7.611352537375547
 10
8.77876712328767
 20
7.788851374812404
 97
0
 75
0
 76
1
 98
0
  0
LWPOLYLINE
  5
5C4
330
17
100
AcDbEntity
  8
A-MASS
100
AcDbPolyline
 90
4
 70
1
 10
8.77876712328767
 20
7.780640899454471
 10
9.156849315068493
 20
7.603142062017613
 10
9.156849315068493
 20
7.611352537375547
 10
8.77876712328767
 20
7.788851374812404
  0
HATCH
  5
5C5
330
17
100
AcDbEntity
  8
A-MASS
 62
7
420
13487565
100
AcDbHatch
 10
0.0
 20
0.0
 30
0.0
210
0.0
220
0.0
230
1.0
  2
SOLID
 70
1
 71
0
 91
1
 92
3
 72
0
 73
1
 93
4
 10
9.132191780821918
 20
8.149079655162582
 10
10.455479452054794
 20
7.527833724133582
 10
12.197945205479451
 20
8.34587184449475
 10
10.874657534246575
 20
8.967117775523752
 97
0
 75
0
 76
1
 98
0
  0
LWPOLYLINE
  5
5C6
330
17
100
AcDbEntity
  8
A-MASS
100
AcDbPolyline
 90
4
 70
1
 10
9.132191780821918
 20
8.149079655162582
 10
10.455479452054794
 20
7.527833724133582
 10
12.197945205479451
 20
8.34587184449475
 10
10.874657534246575
 20
8.967117775523752
  0
HATCH
  5
5C7
330
17
100
AcDbEntity
  8
A-MASS
 62
7
420
12171705
100
AcDbHatch
 10
0.0
 20
0.0
 30
0.0
210
0.0
220
0.0
230
1.0
  2
SOLID
 70
1
 71
0
 91
1
 92
3
 72
0
 73
1
 93
4
 10
9.132191780821918
 20
8.054146033836473
 10
10.455479452054794
 20
7.432900102807472
 10
10.455479452054794
 20
7.527833724133582
 10
9.132191780821918
 20
8.149079655162582
 97
0
 75
0
 76
1
 98
0
  0
LWPOLYLINE
  5
5C8
330
17
100
AcDbEntity
  8
A-MASS
100
AcDbPolyline
 90
4
 70
1
 10
9.132191780821918
 20
8.054146033836473
 10
10.455479452054794
 20
7.432900102807472
 10
10.455479452054794
 20
7.527833724133582
 10
9.132191780821918
 20
8.149079655162582
  0
HATCH
  5
5C9
330
17
100
AcDbEntity
  8
A-MASS
 62
7
420
9737364
100
AcDbHatch
 10
0.0
 20
0.0
 30
0.0
210
0.0
220
0.0
230
1.0
  2
SOLID
 70
1
 71
0
 91
1
 92
3
 72
0
 73
1
 93
4
 10
10.455479452054794
 20
7.432900102807472
 10
12.197945205479451
 20
8.25093822316864
 10
12.197945205479451
 20
8.34587184449475
 10
10.455479452054794
 20
7.527833724133582
 97
0
 75
0
 76
1
 98
0
  0
LWPOLYLINE
  5
5CA
330
17
100
AcDbEntity
  8
A-MASS
100
AcDbPolyline
 90
4
 70
1
 10
10.455479452054794
 20
7.432900102807472
 10
12.197945205479451
 20
8.25093822316864
 10
12.197945205479451
 20
8.34587184449475
 10
10.455479452054794
 20
7.527833724133582
  0
HATCH
  5
5CB
330
17
100
AcDbEntity
  8
A-MASS
 62
7
420
15000804
100
AcDbHatch
 10
0.0
 20
0.0
 30
0.0
210
0.0
220
0.0
230
1.0
  2
SOLID
 70
1
 71
0
 91
1
 92
3
 72
0
 73
1
 93
4
 10
11.154849315068493
 20
7.5893275375551275
 10
11.401424657534246
 20
7.473567426183264
 10
11.861698630136985
 20
7.689652967410742
 10
11.615123287671231
 20
7.805413078782606
 97
0
 75
0
 76
1
 98
0
  0
LWPOLYLINE
  5
5CC
330
17
100
AcDbEntity
  8
A-MASS
100
AcDbPolyline
 90
4
 70
1
 10
11.154849315068493
 20
7.5893275375551275
 10
11.401424657534246
 20
7.473567426183264
 10
11.861698630136985
 20
7.689652967410742
 10
11.615123287671231
 20
7.805413078782606
  0
HATCH
  5
5CD
330
17
100
AcDbEntity
  8
A-MASS
 62
7
420
13487565
100
AcDbHatch
 10
0.0
 20
0.0
 30
0.0
210
0.0
220
0.0
230
1.0
  2
SOLID
 70
1
 71
0
 91
1
 92
3
 72
0
 73
1
 93
4
 10
11.154849315068493
 20
7.42511803039645
 10
11.401424657534246
 20
7.3093579190245865
 10
11.401424657534246
 20
7.473567426183264
 10
11.154849315068493
 20
7.5893275375551275
 97
0
 75
0
 76
1
 98
0
  0
LWPOLYLINE
  5
5CE
330
17
100
AcDbEntity
  8
A-MASS
100
AcDbPolyline
 90
4
 70
1
 10
11.154849315068493
 20
7.42511803039645
 10
11.401424657534246
 20
7.3093579190245865
 10
11.401424657534246
 20
7.473567426183264
 10
11.154849315068493
 20
7.5893275375551275
  0
HATCH
  5
5CF
330
17
100
AcDbEntity
  8
A-MASS
 62
7
420
10790052
100
AcDbHatch
 10
0.0
 20
0.0
 30
0.0
210
0.0
220
0.0
230
1.0
  2
SOLID
 70
1
 71
0
 91
1
 92
3
 72
0
 73
1
 93
4
 10
11.401424657534246
 20
7.3093579190245865
 10
11.861698630136985
 20
7.525443460252066
 10
11.861698630136985
 20
7.689652967410742
 10
11.401424657534246
 20
7.473567426183264
 97
0
 75
0
 76
1
 98
0
  0
LWPOLYLINE
  5
5D0
330
17
100
AcDbEntity
  8
A-MASS
100
AcDbPolyline
 90
4
 70
1
 10
11.401424657534246
 20
7.3093579190245865
 10
11.861698630136985
 20
7.525443460252066
 10
11.861698630136985
 20
7.689652967410742
 10
11.401424657534246
 20
7.473567426183264
  0
HATCH
  5
5D1
330
17
100
AcDbEntity
  8
A-MASS
 62
7
420
14208176
100
AcDbHatch
 10
0.0
 20
0.0
 30
0.0
210
0.0
220
0.0
230
1.0
  2
SOLID
 70
1
 71
0
 91
1
 92
3
 72
0
 73
1
 93
4
 10
8.902054794520547
 20
7.799013326286963
 10
8.967808219178082
 20
7.768143963254467
 10
9.017123287671232
 20
7.79129598552884
 10
8.951369863013698
 20
7.822165348561336
 97
0
 75
0
 76
1
 98
0
  0
LWPOLYLINE
  5
5D2
330
17
100
AcDbEntity
  8
A-MASS
100
AcDbPolyline
 90
4
 70
1
 10
8.902054794520547
 20
7.799013326286963
 10
8.967808219178082
 20
7.768143963254467
 10
9.017123287671232
 20
7.79129598552884
 10
8.951369863013698
 20
7.822165348561336
  0
HATCH
  5
5D3
330
17
100
AcDbEntity
  8
A-MASS
 62
7
420
12761246
100
AcDbHatch
 10
0.0
 20
0.0
 30
0.0
210
0.0
220
0.0
230
1.0
  2
SOLID
 70
1
 71
0
 91
1
 92
3
 72
0
 73
1
 93
4
 10
8.902054794520547
 20
7.285858616416098
 10
8.967808219178082
 20
7.254989253383601
 10
8.967808219178082
 20
7.768143963254467
 10
8.902054794520547
 20
7.799013326286963
 97
0
 75
0
 76
1
 98
0
  0
LWPOLYLINE
  5
5D4
330
17
100
AcDbEntity
  8
A-MASS
100
AcDbPolyline
 90
4
 70
1
 10
8.902054794520547
 20
7.285858616416098
 10
8.967808219178082
 20
7.254989253383601
 10
8.967808219178082
 20
7.768143963254467
 10
8.902054794520547
 20
7.799013326286963
  0
HATCH
  5
5D5
330
17
100
AcDbEntity
  8
A-MASS
 62
7
420
10261375
100
AcDbHatch
 10
0.0
 20
0.0
 30
0.0
210
0.0
220
0.0
230
1.0
  2
SOLID
 70
1
 71
0
 91
1
 92
3
 72
0
 73
1
 93
4
 10
8.967808219178082
 20
7.254989253383601
 10
9.017123287671232
 20
7.278141275657974
 10
9.017123287671232
 20
7.79129598552884
 10
8.967808219178082
 20
7.768143963254467
 97
0
 75
0
 76
1
 98
0
  0
LWPOLYLINE
  5
5D6
330
17
100
AcDbEntity
  8
A-MASS
100
AcDbPolyline
 90
4
 70
1
 10
8.967808219178082
 20
7.254989253383601
 10
9.017123287671232
 20
7.278141275657974
 10
9.017123287671232
 20
7.79129598552884
 10
8.967808219178082
 20
7.768143963254467
  0
HATCH
  5
5D7
330
17
100
AcDbEntity
  8
A-MASS
 62
7
420
14208176
100
AcDbHatch
 10
0.0
 20
0.0
 30
0.0
210
0.0
220
0.0
230
1.0
  2
SOLID
 70
1
 71
0
 91
1
 92
3
 72
0
 73
1
 93
4
 10
8.967808219178082
 20
7.768143963254467
 10
9.197945205479451
 20
7.660101192640727
 10
9.247260273972602
 20
7.6832532149151
 10
9.017123287671232
 20
7.79129598552884
 97
0
 75
0
 76
1
 98
0
  0
LWPOLYLINE
  5
5D8
330
17
100
AcDbEntity
  8
A-MASS
100
AcDbPolyline
 90
4
 70
1
 10
8.967808219178082
 20
7.768143963254467
 10
9.197945205479451
 20
7.660101192640727
 10
9.247260273972602
 20
7.6832532149151
 10
9.017123287671232
 20
7.79129598552884
  0
HATCH
  5
5D9
330
17
100
AcDbEntity
  8
A-MASS
 62
7
420
12761246
100
AcDbHatch
 10
0.0
 20
0.0
 30
0.0
210
0.0
220
0.0
230
1.0
  2
SOLID
 70
1
 71
0
 91
1
 92
3
 72
0
 73
1
 93
59
 10
8.967808219178082
 20
7.481803635146524
 10
8.971917808219178
 20
7.512222386012411
 10
8.976027397260273
 20
7.523274276279081
 10
8.98013698630137
 20
7.531016024412934
 10
8.984246575342466
 20
7.536993285423698
 10
8.98835616438356
 20
7.541809559648845
 10
8.992465753424657
 20
7.545776476528704
 10
8.996575342465754
 20
7.549080233731785
 10
9.000684931506848
 20
7.551842723113966
 10
9.004794520547945
 20
7.554148910350557
 10
9.008904109589041
 20
7.556060793561897
 10
9.013013698630136
 20
7.557625206227936
 10
9.017123287671232
 20
7.558878491731605
 10
9.021232876712329
 20
7.5598494592983165
 10
9.025342465753424
 20
7.560561336020202
 10
9.02945205479452
 20
7.561033102494372
 10
9.033561643835617
 20
7.561280434029995
 10
9.037671232876711
 20
7.561316380457889
 10
9.041780821917808
 20
7.561151867394146
 10
9.045890410958904
 20
7.560796072270102
 10
9.049999999999999
 20
7.560256710408938
 10
9.054109589041095
 20
7.5595402550651585
 10
9.058219178082192
 20
7.558652107975345
 10
9.062328767123287
 20
7.5575967320666635
 10
9.066438356164383
 20
7.556377754628765
 10
9.07054794520548
 20
7.554998046923337
 10
9.074657534246574
 20
7.553459784538582
 10
9.07876712328767
 20
7.551764491571191
 10
9.082876712328767
 20
7.54991307078892
 10
9.086986301369862
 20
7.5479058211921295
 10
9.091095890410958
 20
7.545742443780457
 10
9.095205479452055
 20
7.54342203578615
 10
9.09931506849315
 20
7.540943073112516
 10
9.103424657534246
 20
7.538303380171352
 10
9.107534246575343
 20
7.535500085700972
 10
9.111643835616437
 20
7.532529562411724
 10
9.115753424657534
 20
7.52938734737644
 10
9.11986301369863
 20
7.5260680388585435
 10
9.123972602739725
 20
7.522565163603525
 10
9.128082191780821
 20
7.518871006288205
 10
9.132191780821918
 20
7.51497638948125
 10
9.136301369863013
 20
7.510870387566565
 10
9.14041095890411
 20
7.506539950713332
 10
9.144520547945206
 20
7.501969403612385
 10
9.1486301369863
 20
7.497139765666611
 10
9.152739726027397
 20
7.492027809783879
 10
9.156849315068493
 20
7.486604726738778
 10
9.160958904109588
 20
7.480834173148377
 10
9.165068493150685
 20
7.474669315532723
 10
9.169178082191781
 20
7.468048155771481
 10
9.173287671232876
 20
7.4608857281893375
 10
9.177397260273972
 20
7.4530601409304165
 10
9.181506849315069
 20
7.444385196326207
 10
9.185616438356163
 20
7.434549264936381
 10
9.18972602739726
 20
7.422948846423466
 10
9.193835616438356
 20
7.408038285777733
 10
9.197945205479451
 20
7.373760864532785
 10
9.197945205479451
 20
7.660101192640727
 10
8.967808219178082
 20
7.768143963254467
 97
0
 75
0
 76
1
 98
0
  0
LWPOLYLINE
  5
5DA
330
17
100
AcDbEntity
  8
A-MASS
100
AcDbPolyline
 90
59
 70
1
 10
8.967808219178082
 20
7.481803635146524
 10
8.971917808219178
 20
7.512222386012411
 10
8.976027397260273
 20
7.523274276279081
 10
8.98013698630137
 20
7.531016024412934
 10
8.984246575342466
 20
7.536993285423698
 10
8.98835616438356
 20
7.541809559648845
 10
8.992465753424657
 20
7.545776476528704
 10
8.996575342465754
 20
7.549080233731785
 10
9.000684931506848
 20
7.551842723113966
 10
9.004794520547945
 20
7.554148910350557
 10
9.008904109589041
 20
7.556060793561897
 10
9.013013698630136
 20
7.557625206227936
 10
9.017123287671232
 20
7.558878491731605
 10
9.021232876712329
 20
7.5598494592983165
 10
9.025342465753424
 20
7.560561336020202
 10
9.02945205479452
 20
7.561033102494372
 10
9.033561643835617
 20
7.561280434029995
 10
9.037671232876711
 20
7.561316380457889
 10
9.041780821917808
 20
7.561151867394146
 10
9.045890410958904
 20
7.560796072270102
 10
9.049999999999999
 20
7.560256710408938
 10
9.054109589041095
 20
7.5595402550651585
 10
9.058219178082192
 20
7.558652107975345
 10
9.062328767123287
 20
7.5575967320666635
 10
9.066438356164383
 20
7.556377754628765
 10
9.07054794520548
 20
7.554998046923337
 10
9.074657534246574
 20
7.553459784538582
 10
9.07876712328767
 20
7.551764491571191
 10
9.082876712328767
 20
7.54991307078892
 10
9.086986301369862
 20
7.5479058211921295
 10
9.091095890410958
 20
7.545742443780457
 10
9.095205479452055
 20
7.54342203578615
 10
9.09931506849315
 20
7.540943073112516
 10
9.103424657534246
 20
7.538303380171352
 10
9.107534246575343
 20
7.535500085700972
 10
9.111643835616437
 20
7.532529562411724
 10
9.115753424657534
 20
7.52938734737644
 10
9.11986301369863
 20
7.5260680388585435
 10
9.123972602739725
 20
7.522565163603525
 10
9.128082191780821
 20
7.518871006288205
 10
9.132191780821918
 20
7.51497638948125
 10
9.136301369863013
 20
7.510870387566565
 10
9.14041095890411
 20
7.506539950713332
 10
9.144520547945206
 20
7.501969403612385
 10
9.1486301369863
 20
7.497139765666611
 10
9.152739726027397
 20
7.492027809783879
 10
9.156849315068493
 20
7.486604726738778
 10
9.160958904109588
 20
7.480834173148377
 10
9.165068493150685
 20
7.474669315532723
 10
9.169178082191781
 20
7.468048155771481
 10
9.173287671232876
 20
7.4608857281893375
 10
9.177397260273972
 20
7.4530601409304165
 10
9.181506849315069
 20
7.444385196326207
 10
9.185616438356163
 20
7.434549264936381
 10
9.18972602739726
 20
7.422948846423466
 10
9.193835616438356
 20
7.408038285777733
 10
9.197945205479451
 20
7.373760864532785
 10
9.197945205479451
 20
7.660101192640727
 10
8.967808219178082
 20
7.768143963254467
  0
LWPOLYLINE
  5
5DB
330
17
100
AcDbEntity
  8
A-MASS
100
AcDbPolyline
 90
4
 70
1
 10
8.967808219178082
 20
7.481803635146524
 10
8.971917808219178
 20
7.512222386012411
 10
8.971917808219178
 20
7.512222386012411
 10
8.967808219178082
 20
7.481803635146524
  0
LWPOLYLINE
  5
5DC
330
17
100
AcDbEntity
  8
A-MASS
100
AcDbPolyline
 90
4
 70
1
 10
8.971917808219178
 20
7.512222386012411
 10
8.976027397260273
 20
7.523274276279081
 10
8.976027397260273
 20
7.523274276279081
 10
8.971917808219178
 20
7.512222386012411
  0
LWPOLYLINE
  5
5DD
330
17
100
AcDbEntity
  8
A-MASS
100
AcDbPolyline
 90
4
 70
1
 10
8.976027397260273
 20
7.523274276279081
 10
8.98013698630137
 20
7.531016024412934
 10
8.98013698630137
 20
7.531016024412934
 10
8.976027397260273
 20
7.523274276279081
  0
LWPOLYLINE
  5
5DE
330
17
100
AcDbEntity
  8
A-MASS
100
AcDbPolyline
 90
4
 70
1
 10
8.98013698630137
 20
7.531016024412934
 10
8.984246575342466
 20
7.536993285423698
 10
8.984246575342466
 20
7.536993285423698
 10
8.98013698630137
 20
7.531016024412934
  0
LWPOLYLINE
  5
5DF
330
17
100
AcDbEntity
  8
A-MASS
100
AcDbPolyline
 90
4
 70
1
 10
8.984246575342466
 20
7.536993285423698
 10
8.98835616438356
 20
7.541809559648845
 10
8.98835616438356
 20
7.541809559648845
 10
8.984246575342466
 20
7.536993285423698
  0
LWPOLYLINE
  5
5E0
330
17
100
AcDbEntity
  8
A-MASS
100
AcDbPolyline
 90
4
 70
1
 10
8.98835616438356
 20
7.541809559648845
 10
8.992465753424657
 20
7.545776476528704
 10
8.992465753424657
 20
7.545776476528704
 10
8.98835616438356
 20
7.541809559648845
  0
LWPOLYLINE
  5
5E1
330
17
100
AcDbEntity
  8
A-MASS
100
AcDbPolyline
 90
4
 70
1
 10
8.992465753424657
 20
7.545776476528704
 10
8.996575342465754
 20
7.549080233731785
 10
8.996575342465754
 20
7.549080233731785
 10
8.992465753424657
 20
7.545776476528704
  0
LWPOLYLINE
  5
5E2
330
17
100
AcDbEntity
  8
A-MASS
100
AcDbPolyline
 90
4
 70
1
 10
8.996575342465754
 20
7.549080233731785
 10
9.000684931506848
 20
7.551842723113966
 10
9.000684931506848
 20
7.551842723113966
 10
8.996575342465754
 20
7.549080233731785
  0
LWPOLYLINE
  5
5E3
330
17
100
AcDbEntity
  8
A-MASS
100
AcDbPolyline
 90
4
 70
1
 10
9.000684931506848
 20
7.551842723113966
 10
9.004794520547945
 20
7.554148910350557
 10
9.004794520547945
 20
7.554148910350557
 10
9.000684931506848
 20
7.551842723113966
  0
LWPOLYLINE
  5
5E4
330
17
100
AcDbEntity
  8
A-MASS
100
AcDbPolyline
 90
4
 70
1
 10
9.004794520547945
 20
7.554148910350557
 10
9.008904109589041
 20
7.556060793561897
 10
9.008904109589041
 20
7.556060793561897
 10
9.004794520547945
 20
7.554148910350557
  0
LWPOLYLINE
  5
5E5
330
17
100
AcDbEntity
  8
A-MASS
100
AcDbPolyline
 90
4
 70
1
 10
9.008904109589041
 20
7.556060793561897
 10
9.013013698630136
 20
7.557625206227936
 10
9.013013698630136
 20
7.557625206227936
 10
9.008904109589041
 20
7.556060793561897
  0
LWPOLYLINE
  5
5E6
330
17
100
AcDbEntity
  8
A-MASS
100
AcDbPolyline
 90
4
 70
1
 10
9.013013698630136
 20
7.557625206227936
 10
9.017123287671232
 20
7.558878491731605
 10
9.017123287671232
 20
7.558878491731605
 10
9.013013698630136
 20
7.557625206227936
  0
LWPOLYLINE
  5
5E7
330
17
100
AcDbEntity
  8
A-MASS
100
AcDbPolyline
 90
4
 70
1
 10
9.017123287671232
 20
7.558878491731605
 10
9.021232876712329
 20
7.5598494592983165
 10
9.021232876712329
 20
7.5598494592983165
 10
9.017123287671232
 20
7.558878491731605
  0
LWPOLYLINE
  5
5E8
330
17
100
AcDbEntity
  8
A-MASS
100
AcDbPolyline
 90
4
 70
1
 10
9.021232876712329
 20
7.5598494592983165
 10
9.025342465753424
 20
7.560561336020202
 10
9.025342465753424
 20
7.560561336020202
 10
9.021232876712329
 20
7.5598494592983165
  0
LWPOLYLINE
  5
5E9
330
17
100
AcDbEntity
  8
A-MASS
100
AcDbPolyline
 90
4
 70
1
 10
9.025342465753424
 20
7.560561336020202
 10
9.02945205479452
 20
7.561033102494372
 10
9.02945205479452
 20
7.561033102494372
 10
9.025342465753424
 20
7.560561336020202
  0
LWPOLYLINE
  5
5EA
330
17
100
AcDbEntity
  8
A-MASS
100
AcDbPolyline
 90
4
 70
1
 10
9.02945205479452
 20
7.561033102494372
 10
9.033561643835617
 20
7.561280434029995
 10
9.033561643835617
 20
7.561280434029995
 10
9.02945205479452
 20
7.561033102494372
  0
LWPOLYLINE
  5
5EB
330
17
100
AcDbEntity
  8
A-MASS
100
AcDbPolyline
 90
4
 70
1
 10
9.033561643835617
 20
7.561280434029995
 10
9.037671232876711
 20
7.561316380457889
 10
9.037671232876711
 20
7.561316380457889
 10
9.033561643835617
 20
7.561280434029995
  0
LWPOLYLINE
  5
5EC
330
17
100
AcDbEntity
  8
A-MASS
100
AcDbPolyline
 90
4
 70
1
 10
9.037671232876711
 20
7.561316380457889
 10
9.041780821917808
 20
7.561151867394146
 10
9.041780821917808
 20
7.561151867394146
 10
9.037671232876711
 20
7.561316380457889
  0
LWPOLYLINE
  5
5ED
330
17
100
AcDbEntity
  8
A-MASS
100
AcDbPolyline
 90
4
 70
1
 10
9.041780821917808
 20
7.561151867394146
 10
9.045890410958904
 20
7.560796072270102
 10
9.045890410958904
 20
7.560796072270102
 10
9.041780821917808
 20
7.561151867394146
  0
LWPOLYLINE
  5
5EE
330
17
100
AcDbEntity
  8
A-MASS
100
AcDbPolyline
 90
4
 70
1
 10
9.045890410958904
 20
7.560796072270102
 10
9.049999999999999
 20
7.560256710408938
 10
9.049999999999999
 20
7.560256710408938
 10
9.045890410958904
 20
7.560796072270102
  0
LWPOLYLINE
  5
5EF
330
17
100
AcDbEntity
  8
A-MASS
100
AcDbPolyline
 90
4
 70
1
 10
9.049999999999999
 20
7.560256710408938
 10
9.054109589041095
 20
7.5595402550651585
 10
9.054109589041095
 20
7.5595402550651585
 10
9.049999999999999
 20
7.560256710408938
  0
LWPOLYLINE
  5
5F0
330
17
100
AcDbEntity
  8
A-MASS
100
AcDbPolyline
 90
4
 70
1
 10
9.054109589041095
 20
7.5595402550651585
 10
9.058219178082192
 20
7.558652107975345
 10
9.058219178082192
 20
7.558652107975345
 10
9.054109589041095
 20
7.5595402550651585
  0
LWPOLYLINE
  5
5F1
330
17
100
AcDbEntity
  8
A-MASS
100
AcDbPolyline
 90
4
 70
1
 10
9.058219178082192
 20
7.558652107975345
 10
9.062328767123287
 20
7.5575967320666635
 10
9.062328767123287
 20
7.5575967320666635
 10
9.058219178082192
 20
7.558652107975345
  0
LWPOLYLINE
  5
5F2
330
17
100
AcDbEntity
  8
A-MASS
100
AcDbPolyline
 90
4
 70
1
 10
9.062328767123287
 20
7.5575967320666635
 10
9.066438356164383
 20
7.556377754628765
 10
9.066438356164383
 20
7.556377754628765
 10
9.062328767123287
 20
7.5575967320666635
  0
LWPOLYLINE
  5
5F3
330
17
100
AcDbEntity
  8
A-MASS
100
AcDbPolyline
 90
4
 70
1
 10
9.066438356164383
 20
7.556377754628765
 10
9.07054794520548
 20
7.554998046923337
 10
9.07054794520548
 20
7.554998046923337
 10
9.066438356164383
 20
7.556377754628765
  0
LWPOLYLINE
  5
5F4
330
17
100
AcDbEntity
  8
A-MASS
100
AcDbPolyline
 90
4
 70
1
 10
9.07054794520548
 20
7.554998046923337
 10
9.074657534246574
 20
7.553459784538582
 10
9.074657534246574
 20
7.553459784538582
 10
9.07054794520548
 20
7.554998046923337
  0
LWPOLYLINE
  5
5F5
330
17
100
AcDbEntity
  8
A-MASS
100
AcDbPolyline
 90
4
 70
1
 10
9.074657534246574
 20
7.553459784538582
 10
9.07876712328767
 20
7.551764491571191
 10
9.07876712328767
 20
7.551764491571191
 10
9.074657534246574
 20
7.553459784538582
  0
LWPOLYLINE
  5
5F6
330
17
100
AcDbEntity
  8
A-MASS
100
AcDbPolyline
 90
4
 70
1
 10
9.07876712328767
 20
7.551764491571191
 10
9.082876712328767
 20
7.54991307078892
 10
9.082876712328767
 20
7.54991307078892
 10
9.07876712328767
 20
7.551764491571191
  0
LWPOLYLINE
  5
5F7
330
17
100
AcDbEntity
  8
A-MASS
100
AcDbPolyline
 90
4
 70
1
 10
9.082876712328767
 20
7.54991307078892
 10
9.086986301369862
 20
7.5479058211921295
 10
9.086986301369862
 20
7.5479058211921295
 10
9.082876712328767
 20
7.54991307078892
  0
LWPOLYLINE
  5
5F8
330
17
100
AcDbEntity
  8
A-MASS
100
AcDbPolyline
 90
4
 70
1
 10
9.086986301369862
 20
7.5479058211921295
 10
9.091095890410958
 20
7.545742443780457
 10
9.091095890410958
 20
7.545742443780457
 10
9.086986301369862
 20
7.5479058211921295
  0
LWPOLYLINE
  5
5F9
330
17
100
AcDbEntity
  8
A-MASS
100
AcDbPolyline
 90
4
 70
1
 10
9.091095890410958
 20
7.545742443780457
 10
9.095205479452055
 20
7.54342203578615
 10
9.095205479452055
 20
7.54342203578615
 10
9.091095890410958
 20
7.545742443780457
  0
LWPOLYLINE
  5
5FA
330
17
100
AcDbEntity
  8
A-MASS
100
AcDbPolyline
 90
4
 70
1
 10
9.095205479452055
 20
7.54342203578615
 10
9.09931506849315
 20
7.540943073112516
 10
9.09931506849315
 20
7.540943073112516
 10
9.095205479452055
 20
7.54342203578615
  0
LWPOLYLINE
  5
5FB
330
17
100
AcDbEntity
  8
A-MASS
100
AcDbPolyline
 90
4
 70
1
 10
9.09931506849315
 20
7.540943073112516
 10
9.103424657534246
 20
7.538303380171352
 10
9.103424657534246
 20
7.538303380171352
 10
9.09931506849315
 20
7.540943073112516
  0
LWPOLYLINE
  5
5FC
330
17
100
AcDbEntity
  8
A-MASS
100
AcDbPolyline
 90
4
 70
1
 10
9.103424657534246
 20
7.538303380171352
 10
9.107534246575343
 20
7.535500085700972
 10
9.107534246575343
 20
7.535500085700972
 10
9.103424657534246
 20
7.538303380171352
  0
LWPOLYLINE
  5
5FD
330
17
100
AcDbEntity
  8
A-MASS
100
AcDbPolyline
 90
4
 70
1
 10
9.107534246575343
 20
7.535500085700972
 10
9.111643835616437
 20
7.532529562411724
 10
9.111643835616437
 20
7.532529562411724
 10
9.107534246575343
 20
7.535500085700972
  0
LWPOLYLINE
  5
5FE
330
17
100
AcDbEntity
  8
A-MASS
100
AcDbPolyline
 90
4
 70
1
 10
9.111643835616437
 20
7.532529562411724
 10
9.115753424657534
 20
7.52938734737644
 10
9.115753424657534
 20
7.52938734737644
 10
9.111643835616437
 20
7.532529562411724
  0
LWPOLYLINE
  5
5FF
330
17
100
AcDbEntity
  8
A-MASS
100
AcDbPolyline
 90
4
 70
1
 10
9.115753424657534
 20
7.52938734737644
 10
9.11986301369863
 20
7.5260680388585435
 10
9.11986301369863
 20
7.5260680388585435
 10
9.115753424657534
 20
7.52938734737644
  0
LWPOLYLINE
  5
600
330
17
100
AcDbEntity
  8
A-MASS
100
AcDbPolyline
 90
4
 70
1
 10
9.11986301369863
 20
7.5260680388585435
 10
9.123972602739725
 20
7.522565163603525
 10
9.123972602739725
 20
7.522565163603525
 10
9.11986301369863
 20
7.5260680388585435
  0
LWPOLYLINE
  5
601
330
17
100
AcDbEntity
  8
A-MASS
100
AcDbPolyline
 90
4
 70
1
 10
9.123972602739725
 20
7.522565163603525
 10
9.128082191780821
 20
7.518871006288205
 10
9.128082191780821
 20
7.518871006288205
 10
9.123972602739725
 20
7.522565163603525
  0
LWPOLYLINE
  5
602
330
17
100
AcDbEntity
  8
A-MASS
100
AcDbPolyline
 90
4
 70
1
 10
9.128082191780821
 20
7.518871006288205
 10
9.132191780821918
 20
7.51497638948125
 10
9.132191780821918
 20
7.51497638948125
 10
9.128082191780821
 20
7.518871006288205
  0
LWPOLYLINE
  5
603
330
17
100
AcDbEntity
  8
A-MASS
100
AcDbPolyline
 90
4
 70
1
 10
9.132191780821918
 20
7.51497638948125
 10
9.136301369863013
 20
7.510870387566565
 10
9.136301369863013
 20
7.510870387566565
 10
9.132191780821918
 20
7.51497638948125
  0
LWPOLYLINE
  5
604
330
17
100
AcDbEntity
  8
A-MASS
100
AcDbPolyline
 90
4
 70
1
 10
9.136301369863013
 20
7.510870387566565
 10
9.14041095890411
 20
7.506539950713332
 10
9.14041095890411
 20
7.506539950713332
 10
9.136301369863013
 20
7.510870387566565
  0
LWPOLYLINE
  5
605
330
17
100
AcDbEntity
  8
A-MASS
100
AcDbPolyline
 90
4
 70
1
 10
9.14041095890411
 20
7.506539950713332
 10
9.144520547945206
 20
7.501969403612385
 10
9.144520547945206
 20
7.501969403612385
 10
9.14041095890411
 20
7.506539950713332
  0
LWPOLYLINE
  5
606
330
17
100
AcDbEntity
  8
A-MASS
100
AcDbPolyline
 90
4
 70
1
 10
9.144520547945206
 20
7.501969403612385
 10
9.1486301369863
 20
7.497139765666611
 10
9.1486301369863
 20
7.497139765666611
 10
9.144520547945206
 20
7.501969403612385
  0
LWPOLYLINE
  5
607
330
17
100
AcDbEntity
  8
A-MASS
100
AcDbPolyline
 90
4
 70
1
 10
9.1486301369863
 20
7.497139765666611
 10
9.152739726027397
 20
7.492027809783879
 10
9.152739726027397
 20
7.492027809783879
 10
9.1486301369863
 20
7.497139765666611
  0
LWPOLYLINE
  5
608
330
17
100
AcDbEntity
  8
A-MASS
100
AcDbPolyline
 90
4
 70
1
 10
9.152739726027397
 20
7.492027809783879
 10
9.156849315068493
 20
7.486604726738778
 10
9.156849315068493
 20
7.486604726738778
 10
9.152739726027397
 20
7.492027809783879
  0
LWPOLYLINE
  5
609
330
17
100
AcDbEntity
  8
A-MASS
100
AcDbPolyline
 90
4
 70
1
 10
9.156849315068493
 20
7.486604726738778
 10
9.160958904109588
 20
7.480834173148377
 10
9.160958904109588
 20
7.480834173148377
 10
9.156849315068493
 20
7.486604726738778
  0
LWPOLYLINE
  5
60A
330
17
100
AcDbEntity
  8
A-MASS
100
AcDbPolyline
 90
4
 70
1
 10
9.160958904109588
 20
7.480834173148377
 10
9.165068493150685
 20
7.474669315532723
 10
9.165068493150685
 20
7.474669315532723
 10
9.160958904109588
 20
7.480834173148377
  0
LWPOLYLINE
  5
60B
330
17
100
AcDbEntity
  8
A-MASS
100
AcDbPolyline
 90
4
 70
1
 10
9.165068493150685
 20
7.474669315532723
 10
9.169178082191781
 20
7.468048155771481
 10
9.169178082191781
 20
7.468048155771481
 10
9.165068493150685
 20
7.474669315532723
  0
LWPOLYLINE
  5
60C
330
17
100
AcDbEntity
  8
A-MASS
100
AcDbPolyline
 90
4
 70
1
 10
9.169178082191781
 20
7.468048155771481
 10
9.173287671232876
 20
7.4608857281893375
 10
9.173287671232876
 20
7.4608857281893375
 10
9.169178082191781
 20
7.468048155771481
  0
LWPOLYLINE
  5
60D
330
17
100
AcDbEntity
  8
A-MASS
100
AcDbPolyline
 90
4
 70
1
 10
9.173287671232876
 20
7.4608857281893375
 10
9.177397260273972
 20
7.4530601409304165
 10
9.177397260273972
 20
7.4530601409304165
 10
9.173287671232876
 20
7.4608857281893375
  0
LWPOLYLINE
  5
60E
330
17
100
AcDbEntity
  8
A-MASS
100
AcDbPolyline
 90
4
 70
1
 10
9.177397260273972
 20
7.4530601409304165
 10
9.181506849315069
 20
7.444385196326207
 10
9.181506849315069
 20
7.444385196326207
 10
9.177397260273972
 20
7.4530601409304165
  0
LWPOLYLINE
  5
60F
330
17
100
AcDbEntity
  8
A-MASS
100
AcDbPolyline
 90
4
 70
1
 10
9.181506849315069
 20
7.444385196326207
 10
9.185616438356163
 20
7.434549264936381
 10
9.185616438356163
 20
7.434549264936381
 10
9.181506849315069
 20
7.444385196326207
  0
LWPOLYLINE
  5
610
330
17
100
AcDbEntity
  8
A-MASS
100
AcDbPolyline
 90
4
 70
1
 10
9.185616438356163
 20
7.434549264936381
 10
9.18972602739726
 20
7.422948846423466
 10
9.18972602739726
 20
7.422948846423466
 10
9.185616438356163
 20
7.434549264936381
  0
LWPOLYLINE
  5
611
330
17
100
AcDbEntity
  8
A-MASS
100
AcDbPolyline
 90
4
 70
1
 10
9.18972602739726
 20
7.422948846423466
 10
9.193835616438356
 20
7.408038285777733
 10
9.193835616438356
 20
7.408038285777733
 10
9.18972602739726
 20
7.422948846423466
  0
LWPOLYLINE
  5
612
330
17
100
AcDbEntity
  8
A-MASS
100
AcDbPolyline
 90
4
 70
1
 10
9.193835616438356
 20
7.408038285777733
 10
9.197945205479451
 20
7.373760864532785
 10
9.197945205479451
 20
7.373760864532785
 10
9.193835616438356
 20
7.408038285777733
  0
HATCH
  5
613
330
17
100
AcDbEntity
  8
A-MASS
 62
7
420
1513239
100
AcDbHatch
 10
0.0
 20
0.0
 30
0.0
210
0.0
220
0.0
230
1.0
  2
SOLID
 70
1
 71
0
 91
1
 92
3
 72
0
 73
1
 93
48
 10
9.128082191780821
 20
7.589242639468841
 10
9.127695452637447
 20
7.596792016831787
 10
9.126541852421287
 20
7.6045753483150325
 10
9.124641129551879
 20
7.612459458958952
 10
9.122025805924501
 20
7.620309449444539
 10
9.118740630451521
 20
7.627991004258157
 10
9.114841813396104
 20
7.635372689867216
 10
9.110396064599025
 20
7.642328203584355
 10
9.105479452054794
 20
7.64873853464144
 10
9.10017610036719
 20
7.654494000496805
 10
9.09457675135395
 20
7.65949612353395
 10
9.088777211429125
 20
7.663659316040857
 10
9.082876712328767
 20
7.666912344639478
 10
9.076976213228408
 20
7.669199549108581
 10
9.071176673303585
 20
7.670481794745566
 10
9.065577324290345
 20
7.67073714197208
 10
9.06027397260274
 20
7.669961221726282
 10
9.05535736005851
 20
7.668167310218701
 10
9.05091161126143
 20
7.6653861017726
 10
9.047012794206012
 20
7.661665183635587
 10
9.043727618733032
 20
7.657068221748621
 10
9.041112295105654
 20
7.651673871404105
 10
9.039211572236248
 20
7.645574431432032
 10
9.038057972020088
 20
7.638874264941408
 10
9.037671232876711
 20
7.631688013638524
 10
9.038057972020088
 20
7.624138636275577
 10
9.039211572236248
 20
7.616355304792332
 10
9.041112295105654
 20
7.608471194148413
 10
9.043727618733032
 20
7.600621203662826
 10
9.047012794206012
 20
7.592939648849208
 10
9.05091161126143
 20
7.585557963240149
 10
9.05535736005851
 20
7.57860244952301
 10
9.06027397260274
 20
7.572192118465924
 10
9.065577324290345
 20
7.566436652610559
 10
9.071176673303585
 20
7.561434529573415
 10
9.076976213228408
 20
7.557271337066508
 10
9.082876712328767
 20
7.554018308467887
 10
9.088777211429125
 20
7.551731103998784
 10
9.09457675135395
 20
7.550448858361798
 10
9.10017610036719
 20
7.5501935111352845
 10
9.105479452054794
 20
7.550969431381083
 10
9.110396064599025
 20
7.552763342888664
 10
9.114841813396104
 20
7.555544551334765
 10
9.118740630451521
 20
7.559265469471778
 10
9.122025805924501
 20
7.563862431358744
 10
9.124641129551879
 20
7.569256781703259
 10
9.126541852421287
 20
7.575356221675332
 10
9.127695452637447
 20
7.582056388165957
 97
0
 75
0
 76
1
 98
0
  0
LWPOLYLINE
  5
614
330
17
100
AcDbEntity
  8
A-MASS
100
AcDbPolyline
 90
48
 70
1
 10
9.128082191780821
 20
7.589242639468841
 10
9.127695452637447
 20
7.596792016831787
 10
9.126541852421287
 20
7.6045753483150325
 10
9.124641129551879
 20
7.612459458958952
 10
9.122025805924501
 20
7.620309449444539
 10
9.118740630451521
 20
7.627991004258157
 10
9.114841813396104
 20
7.635372689867216
 10
9.110396064599025
 20
7.642328203584355
 10
9.105479452054794
 20
7.64873853464144
 10
9.10017610036719
 20
7.654494000496805
 10
9.09457675135395
 20
7.65949612353395
 10
9.088777211429125
 20
7.663659316040857
 10
9.082876712328767
 20
7.666912344639478
 10
9.076976213228408
 20
7.669199549108581
 10
9.071176673303585
 20
7.670481794745566
 10
9.065577324290345
 20
7.67073714197208
 10
9.06027397260274
 20
7.669961221726282
 10
9.05535736005851
 20
7.668167310218701
 10
9.05091161126143
 20
7.6653861017726
 10
9.047012794206012
 20
7.661665183635587
 10
9.043727618733032
 20
7.657068221748621
 10
9.041112295105654
 20
7.651673871404105
 10
9.039211572236248
 20
7.645574431432032
 10
9.038057972020088
 20
7.638874264941408
 10
9.037671232876711
 20
7.631688013638524
 10
9.038057972020088
 20
7.624138636275577
 10
9.039211572236248
 20
7.616355304792332
 10
9.041112295105654
 20
7.608471194148413
 10
9.043727618733032
 20
7.600621203662826
 10
9.047012794206012
 20
7.592939648849208
 10
9.05091161126143
 20
7.585557963240149
 10
9.05535736005851
 20
7.57860244952301
 10
9.06027397260274
 20
7.572192118465924
 10
9.065577324290345
 20
7.566436652610559
 10
9.071176673303585
 20
7.561434529573415
 10
9.076976213228408
 20
7.557271337066508
 10
9.082876712328767
 20
7.554018308467887
 10
9.088777211429125
 20
7.551731103998784
 10
9.09457675135395
 20
7.550448858361798
 10
9.10017610036719
 20
7.5501935111352845
 10
9.105479452054794
 20
7.550969431381083
 10
9.110396064599025
 20
7.552763342888664
 10
9.114841813396104
 20
7.555544551334765
 10
9.118740630451521
 20
7.559265469471778
 10
9.122025805924501
 20
7.563862431358744
 10
9.124641129551879
 20
7.569256781703259
 10
9.126541852421287
 20
7.575356221675332
 10
9.127695452637447
 20
7.582056388165957
  0
HATCH
  5
615
330
17
100
AcDbEntity
  8
A-MASS
 62
7
420
14208176
100
AcDbHatch
 10
0.0
 20
0.0
 30
0.0
210
0.0
220
0.0
230
1.0
  2
SOLID
 70
1
 71
0
 91
1
 92
3
 72
0
 73
1
 93
4
 10
9.197945205479451
 20
7.660101192640727
 10
9.263698630136986
 20
7.629231829608231
 10
9.313013698630137
 20
7.652383851882603
 10
9.247260273972602
 20
7.6832532149151
 97
0
 75
0
 76
1
 98
0
  0
LWPOLYLINE
  5
616
330
17
100
AcDbEntity
  8
A-MASS
100
AcDbPolyline
 90
4
 70
1
 10
9.197945205479451
 20
7.660101192640727
 10
9.263698630136986
 20
7.629231829608231
 10
9.313013698630137
 20
7.652383851882603
 10
9.247260273972602
 20
7.6832532149151
  0
HATCH
  5
617
330
17
100
AcDbEntity
  8
A-MASS
 62
7
420
12761246
100
AcDbHatch
 10
0.0
 20
0.0
 30
0.0
210
0.0
220
0.0
230
1.0
  2
SOLID
 70
1
 71
0
 91
1
 92
3
 72
0
 73
1
 93
4
 10
9.197945205479451
 20
7.146946482769862
 10
9.263698630136986
 20
7.116077119737366
 10
9.263698630136986
 20
7.629231829608231
 10
9.197945205479451
 20
7.660101192640727
 97
0
 75
0
 76
1
 98
0
  0
LWPOLYLINE
  5
618
330
17
100
AcDbEntity
  8
A-MASS
100
AcDbPolyline
 90
4
 70
1
 10
9.197945205479451
 20
7.146946482769862
 10
9.263698630136986
 20
7.116077119737366
 10
9.263698630136986
 20
7.629231829608231
 10
9.197945205479451
 20
7.660101192640727
  0
HATCH
  5
619
330
17
100
AcDbEntity
  8
A-MASS
 62
7
420
10261375
100
AcDbHatch
 10
0.0
 20
0.0
 30
0.0
210
0.0
220
0.0
230
1.0
  2
SOLID
 70
1
 71
0
 91
1
 92
3
 72
0
 73
1
 93
4
 10
9.263698630136986
 20
7.116077119737366
 10
9.313013698630137
 20
7.139229142011738
 10
9.313013698630137
 20
7.652383851882603
 10
9.263698630136986
 20
7.629231829608231
 97
0
 75
0
 76
1
 98
0
  0
LWPOLYLINE
  5
61A
330
17
100
AcDbEntity
  8
A-MASS
100
AcDbPolyline
 90
4
 70
1
 10
9.263698630136986
 20
7.116077119737366
 10
9.313013698630137
 20
7.139229142011738
 10
9.313013698630137
 20
7.652383851882603
 10
9.263698630136986
 20
7.629231829608231
  0
LINE
  5
61B
330
17
100
AcDbEntity
  8
A-ANNO-TEXT
100
AcDbLine
 10
11.93706260288877
 20
6.573505525541925
 30
0.0
 11
12.26293739711123
 21
6.726494474458074
 31
0.0
  0
HATCH
  5
61C
330
17
100
AcDbEntity
  8
A-ANNO-TEXT
 62
7
420
0
100
AcDbHatch
 10
0.0
 20
0.0
 30
0.0
210
0.0
220
0.0
230
1.0
  2
SOLID
 70
1
 71
0
 91
1
 92
3
 72
0
 73
1
 93
3
 10
12.26293739711123
 20
6.726494474458074
 10
12.166667226073754
 20
6.7409531800853095
 10
12.212563910748598
 20
6.643190741818572
 97
0
 75
0
 76
1
 98
0
  0
LWPOLYLINE
  5
61D
330
17
100
AcDbEntity
  8
A-ANNO-TEXT
100
AcDbPolyline
 90
3
 70
1
 10
12.26293739711123
 20
6.726494474458074
 10
12.166667226073754
 20
6.7409531800853095
 10
12.212563910748598
 20
6.643190741818572
  0
TEXT
  5
61E
330
17
100
AcDbEntity
  8
A-ANNO-TEXT
100
AcDbText
 10
12.36069983537797
 20
6.742391159132919
 30
0.0
 40
0.055
  1
N
  7
KS-BOLD
 72
1
 11
12.36069983537797
 21
6.742391159132919
 31
0.0
100
AcDbText
  0
TEXT
  5
61F
330
17
100
AcDbEntity
  8
A-ANNO-VIEW
100
AcDbText
 10
8.45
 20
10.02
 30
0.0
 40
0.06799999999999999
  1
V3  AERIAL FROM SOUTHEAST
  7
KS-BOLD
 11
8.45
 21
10.02
 31
0.0
100
AcDbText
  0
TEXT
  5
620
330
17
100
AcDbEntity
  8
A-ANNO-VIEW
100
AcDbText
 10
8.45
 20
9.9
 30
0.0
 40
0.04599999999999999
  1
axonometric · not to scale
  7
KS-REG
 11
8.45
 21
9.9
 31
0.0
100
AcDbText
  0
LINE
  5
621
330
17
100
AcDbEntity
  8
A-ANNO-TEXT
100
AcDbLine
 10
8.967808219178082
 20
7.768864687216672
 30
0.0
 11
9.117808219178082
 21
8.368864687216671
 31
0.0
  0
TEXT
  5
622
330
17
100
AcDbEntity
  8
A-ANNO-TEXT
100
AcDbText
 10
9.147808219178081
 20
8.338864687216672
 30
0.0
 40
0.041999999999999996
  1
side panel (A-201 Rev G)
  7
KS-REG
 11
9.147808219178081
 21
8.338864687216672
 31
0.0
100
AcDbText
  0
LINE
  5
623
330
17
100
AcDbEntity
  8
A-ANNO-TEXT
100
AcDbLine
 10
10.665068493150685
 20
8.247475749828666
 30
0.0
 11
10.765068493150684
 21
8.547475749828667
 31
0.0
  0
TEXT
  5
624
330
17
100
AcDbEntity
  8
A-ANNO-TEXT
100
AcDbText
 10
10.795068493150684
 20
8.517475749828668
 30
0.0
 40
0.041999999999999996
  1
arena volume flush with the east wall
  7
KS-REG
 11
10.795068493150684
 21
8.517475749828668
 31
0.0
100
AcDbText
  0
LINE
  5
625
330
17
100
AcDbEntity
  8
A-ANNO-TEXT
100
AcDbLine
 10
11.631561643835616
 20
7.581610196797003
 30
0.0
 11
11.431561643835616
 21
6.631610196797003
 31
0.0
  0
TEXT
  5
626
330
17
100
AcDbEntity
  8
A-ANNO-TEXT
100
AcDbText
 10
11.401561643835617
 20
6.601610196797003
 30
0.0
 40
0.041999999999999996
  1
RESTROOM BUMP-OUT 30' x 56', 16' ASSUMED (D-072) · X11 S, X7 N
  7
KS-REG
 72
2
 11
11.401561643835617
 21
6.601610196797003
 31
0.0
100
AcDbText
  0
HATCH
  5
627
330
17
100
AcDbEntity
  8
C-SITE-DIAG
 62
7
420
14268314
100
AcDbHatch
 10
0.0
 20
0.0
 30
0.0
210
0.0
220
0.0
230
1.0
  2
SOLID
 70
1
 71
0
 91
1
 92
3
 72
0
 73
1
 93
10
 10
11.585616438356164
 20
4.05855514066936
 10
11.536301369863013
 20
4.081707162943732
 10
11.782876712328767
 20
4.197467274315596
 10
11.848630136986301
 20
4.166597911283099
 10
11.897945205479452
 20
4.189749933557472
 10
11.832191780821917
 20
4.220619296589969
 10
11.881506849315068
 20
4.243771318864342
 10
11.996575342465754
 20
4.189749933557472
 10
11.848630136986301
 20
4.120293866734354
 10
11.782876712328767
 20
4.15116322976685
 97
0
 75
0
 76
1
 98
0
  0
LWPOLYLINE
  5
628
330
17
100
AcDbEntity
  8
C-SITE-DIAG
100
AcDbPolyline
 90
10
 70
1
 10
11.585616438356164
 20
4.05855514066936
 10
11.536301369863013
 20
4.081707162943732
 10
11.782876712328767
 20
4.197467274315596
 10
11.848630136986301
 20
4.166597911283099
 10
11.897945205479452
 20
4.189749933557472
 10
11.832191780821917
 20
4.220619296589969
 10
11.881506849315068
 20
4.243771318864342
 10
11.996575342465754
 20
4.189749933557472
 10
11.848630136986301
 20
4.120293866734354
 10
11.782876712328767
 20
4.15116322976685
  0
HATCH
  5
629
330
17
100
AcDbEntity
  8
C-SITE-DIAG
 62
7
420
14268314
100
AcDbHatch
 10
0.0
 20
0.0
 30
0.0
210
0.0
220
0.0
230
1.0
  2
SOLID
 70
1
 71
0
 91
1
 92
3
 72
0
 73
1
 93
10
 10
11.454109589041096
 20
4.305510044929335
 10
11.388356164383561
 20
4.336379407961832
 10
11.536301369863013
 20
4.405835474784951
 10
11.651369863013699
 20
4.351814089478081
 10
11.602054794520548
 20
4.328662067203708
 10
11.536301369863013
 20
4.3595314302362045
 10
11.486986301369862
 20
4.336379407961832
 10
11.552739726027397
 20
4.305510044929335
 10
11.306164383561644
 20
4.189749933557472
 10
11.256849315068493
 20
4.212901955831844
 97
0
 75
0
 76
1
 98
0
  0
LWPOLYLINE
  5
62A
330
17
100
AcDbEntity
  8
C-SITE-DIAG
100
AcDbPolyline
 90
10
 70
1
 10
11.454109589041096
 20
4.305510044929335
 10
11.388356164383561
 20
4.336379407961832
 10
11.536301369863013
 20
4.405835474784951
 10
11.651369863013699
 20
4.351814089478081
 10
11.602054794520548
 20
4.328662067203708
 10
11.536301369863013
 20
4.3595314302362045
 10
11.486986301369862
 20
4.336379407961832
 10
11.552739726027397
 20
4.305510044929335
 10
11.306164383561644
 20
4.189749933557472
 10
11.256849315068493
 20
4.212901955831844
  0
HATCH
  5
62B
330
17
100
AcDbEntity
  8
C-SITE-DIAG
 62
7
420
11887946
100
AcDbHatch
 10
0.0
 20
0.0
 30
0.0
210
0.0
220
0.0
230
1.0
  2
SOLID
 70
1
 71
0
 91
1
 92
3
 72
0
 73
1
 93
4
 10
11.782876712328767
 20
4.197467274315596
 10
11.552739726027397
 20
4.305510044929335
 10
11.306164383561644
 20
4.189749933557472
 10
11.536301369863013
 20
4.081707162943732
 97
0
 75
0
 76
1
 98
0
  0
LWPOLYLINE
  5
62C
330
17
100
AcDbEntity
  8
C-SITE-DIAG
100
AcDbPolyline
 90
4
 70
1
 10
11.782876712328767
 20
4.197467274315596
 10
11.552739726027397
 20
4.305510044929335
 10
11.306164383561644
 20
4.189749933557472
 10
11.536301369863013
 20
4.081707162943732
  0
HATCH
  5
62D
330
17
100
AcDbEntity
  8
A-MASS
 62
7
420
14208176
100
AcDbHatch
 10
0.0
 20
0.0
 30
0.0
210
0.0
220
0.0
230
1.0
  2
SOLID
 70
1
 71
0
 91
1
 92
3
 72
0
 73
1
 93
4
 10
11.602054794520548
 20
4.841816777074573
 10
11.536301369863013
 20
4.872686140107071
 10
11.486986301369862
 20
4.849534117832698
 10
11.552739726027397
 20
4.818664754800201
 97
0
 75
0
 76
1
 98
0
  0
LWPOLYLINE
  5
62E
330
17
100
AcDbEntity
  8
A-MASS
100
AcDbPolyline
 90
4
 70
1
 10
11.602054794520548
 20
4.841816777074573
 10
11.536301369863013
 20
4.872686140107071
 10
11.486986301369862
 20
4.849534117832698
 10
11.552739726027397
 20
4.818664754800201
  0
HATCH
  5
62F
330
17
100
AcDbEntity
  8
A-MASS
 62
7
420
9406324
100
AcDbHatch
 10
0.0
 20
0.0
 30
0.0
210
0.0
220
0.0
230
1.0
  2
SOLID
 70
1
 71
0
 91
1
 92
3
 72
0
 73
1
 93
4
 10
11.486986301369862
 20
4.336379407961832
 10
11.552739726027397
 20
4.305510044929335
 10
11.552739726027397
 20
4.818664754800201
 10
11.486986301369862
 20
4.849534117832698
 97
0
 75
0
 76
1
 98
0
  0
LWPOLYLINE
  5
630
330
17
100
AcDbEntity
  8
A-MASS
100
AcDbPolyline
 90
4
 70
1
 10
11.486986301369862
 20
4.336379407961832
 10
11.552739726027397
 20
4.305510044929335
 10
11.552739726027397
 20
4.818664754800201
 10
11.486986301369862
 20
4.849534117832698
  0
HATCH
  5
631
330
17
100
AcDbEntity
  8
A-MASS
 62
7
420
11379597
100
AcDbHatch
 10
0.0
 20
0.0
 30
0.0
210
0.0
220
0.0
230
1.0
  2
SOLID
 70
1
 71
0
 91
1
 92
3
 72
0
 73
1
 93
4
 10
11.552739726027397
 20
4.305510044929335
 10
11.602054794520548
 20
4.328662067203708
 10
11.602054794520548
 20
4.841816777074573
 10
11.552739726027397
 20
4.818664754800201
 97
0
 75
0
 76
1
 98
0
  0
LWPOLYLINE
  5
632
330
17
100
AcDbEntity
  8
A-MASS
100
AcDbPolyline
 90
4
 70
1
 10
11.552739726027397
 20
4.305510044929335
 10
11.602054794520548
 20
4.328662067203708
 10
11.602054794520548
 20
4.841816777074573
 10
11.552739726027397
 20
4.818664754800201
  0
HATCH
  5
633
330
17
100
AcDbEntity
  8
A-MASS
 62
7
420
14208176
100
AcDbHatch
 10
0.0
 20
0.0
 30
0.0
210
0.0
220
0.0
230
1.0
  2
SOLID
 70
1
 71
0
 91
1
 92
3
 72
0
 73
1
 93
4
 10
11.832191780821917
 20
4.733774006460834
 10
11.602054794520548
 20
4.841816777074573
 10
11.552739726027397
 20
4.818664754800201
 10
11.782876712328767
 20
4.710621984186461
 97
0
 75
0
 76
1
 98
0
  0
LWPOLYLINE
  5
634
330
17
100
AcDbEntity
  8
A-MASS
100
AcDbPolyline
 90
4
 70
1
 10
11.832191780821917
 20
4.733774006460834
 10
11.602054794520548
 20
4.841816777074573
 10
11.552739726027397
 20
4.818664754800201
 10
11.782876712328767
 20
4.710621984186461
  0
HATCH
  5
635
330
17
100
AcDbEntity
  8
A-MASS
 62
7
420
9406324
100
AcDbHatch
 10
0.0
 20
0.0
 30
0.0
210
0.0
220
0.0
230
1.0
  2
SOLID
 70
1
 71
0
 91
1
 92
3
 72
0
 73
1
 93
59
 10
11.552739726027397
 20
4.5323244266922575
 10
11.556849315068492
 20
4.562743177558144
 10
11.560958904109588
 20
4.573795067824816
 10
11.565068493150685
 20
4.581536815958668
 10
11.56917808219178
 20
4.587514076969432
 10
11.573287671232876
 20
4.592330351194579
 10
11.577397260273973
 20
4.596297268074438
 10
11.581506849315067
 20
4.5996010252775195
 10
11.585616438356164
 20
4.602363514659699
 10
11.58972602739726
 20
4.604669701896292
 10
11.593835616438355
 20
4.60658158510763
 10
11.597945205479451
 20
4.608145997773669
 10
11.602054794520548
 20
4.609399283277339
 10
11.606164383561643
 20
4.610370250844051
 10
11.610273972602739
 20
4.611082127565936
 10
11.614383561643836
 20
4.611553894040107
 10
11.61849315068493
 20
4.611801225575729
 10
11.622602739726027
 20
4.611837172003622
 10
11.626712328767123
 20
4.611672658939879
 10
11.63082191780822
 20
4.611316863815836
 10
11.634931506849314
 20
4.610777501954671
 10
11.639041095890411
 20
4.610061046610892
 10
11.643150684931506
 20
4.609172899521079
 10
11.647260273972602
 20
4.608117523612397
 10
11.651369863013699
 20
4.606898546174499
 10
11.655479452054795
 20
4.60551883846907
 10
11.65958904109589
 20
4.603980576084315
 10
11.663698630136986
 20
4.602285283116926
 10
11.667808219178081
 20
4.600433862334654
 10
11.671917808219177
 20
4.598426612737863
 10
11.676027397260274
 20
4.596263235326191
 10
11.680136986301369
 20
4.593942827331884
 10
11.684246575342465
 20
4.59146386465825
 10
11.688356164383562
 20
4.588824171717087
 10
11.692465753424656
 20
4.586020877246706
 10
11.696575342465753
 20
4.583050353957457
 10
11.70068493150685
 20
4.579908138922174
 10
11.704794520547944
 20
4.576588830404277
 10
11.70890410958904
 20
4.573085955149258
 10
11.713013698630137
 20
4.569391797833939
 10
11.717123287671232
 20
4.565497181026983
 10
11.721232876712328
 20
4.561391179112299
 10
11.725342465753425
 20
4.5570607422590665
 10
11.72945205479452
 20
4.552490195158119
 10
11.733561643835616
 20
4.547660557212345
 10
11.737671232876712
 20
4.542548601329614
 10
11.741780821917807
 20
4.537125518284512
 10
11.745890410958904
 20
4.531354964694112
 10
11.75
 20
4.5251901070784575
 10
11.754109589041095
 20
4.518568947317215
 10
11.758219178082191
 20
4.511406519735071
 10
11.762328767123288
 20
4.50358093247615
 10
11.766438356164382
 20
4.494905987871941
 10
11.770547945205479
 20
4.485070056482115
 10
11.774657534246575
 20
4.473469637969201
 10
11.77876712328767
 20
4.458559077323468
 10
11.782876712328767
 20
4.424281656078518
 10
11.782876712328767
 20
4.710621984186461
 10
11.552739726027397
 20
4.818664754800201
 97
0
 75
0
 76
1
 98
0
  0
LWPOLYLINE
  5
636
330
17
100
AcDbEntity
  8
A-MASS
100
AcDbPolyline
 90
59
 70
1
 10
11.552739726027397
 20
4.5323244266922575
 10
11.556849315068492
 20
4.562743177558144
 10
11.560958904109588
 20
4.573795067824816
 10
11.565068493150685
 20
4.581536815958668
 10
11.56917808219178
 20
4.587514076969432
 10
11.573287671232876
 20
4.592330351194579
 10
11.577397260273973
 20
4.596297268074438
 10
11.581506849315067
 20
4.5996010252775195
 10
11.585616438356164
 20
4.602363514659699
 10
11.58972602739726
 20
4.604669701896292
 10
11.593835616438355
 20
4.60658158510763
 10
11.597945205479451
 20
4.608145997773669
 10
11.602054794520548
 20
4.609399283277339
 10
11.606164383561643
 20
4.610370250844051
 10
11.610273972602739
 20
4.611082127565936
 10
11.614383561643836
 20
4.611553894040107
 10
11.61849315068493
 20
4.611801225575729
 10
11.622602739726027
 20
4.611837172003622
 10
11.626712328767123
 20
4.611672658939879
 10
11.63082191780822
 20
4.611316863815836
 10
11.634931506849314
 20
4.610777501954671
 10
11.639041095890411
 20
4.610061046610892
 10
11.643150684931506
 20
4.609172899521079
 10
11.647260273972602
 20
4.608117523612397
 10
11.651369863013699
 20
4.606898546174499
 10
11.655479452054795
 20
4.60551883846907
 10
11.65958904109589
 20
4.603980576084315
 10
11.663698630136986
 20
4.602285283116926
 10
11.667808219178081
 20
4.600433862334654
 10
11.671917808219177
 20
4.598426612737863
 10
11.676027397260274
 20
4.596263235326191
 10
11.680136986301369
 20
4.593942827331884
 10
11.684246575342465
 20
4.59146386465825
 10
11.688356164383562
 20
4.588824171717087
 10
11.692465753424656
 20
4.586020877246706
 10
11.696575342465753
 20
4.583050353957457
 10
11.70068493150685
 20
4.579908138922174
 10
11.704794520547944
 20
4.576588830404277
 10
11.70890410958904
 20
4.573085955149258
 10
11.713013698630137
 20
4.569391797833939
 10
11.717123287671232
 20
4.565497181026983
 10
11.721232876712328
 20
4.561391179112299
 10
11.725342465753425
 20
4.5570607422590665
 10
11.72945205479452
 20
4.552490195158119
 10
11.733561643835616
 20
4.547660557212345
 10
11.737671232876712
 20
4.542548601329614
 10
11.741780821917807
 20
4.537125518284512
 10
11.745890410958904
 20
4.531354964694112
 10
11.75
 20
4.5251901070784575
 10
11.754109589041095
 20
4.518568947317215
 10
11.758219178082191
 20
4.511406519735071
 10
11.762328767123288
 20
4.50358093247615
 10
11.766438356164382
 20
4.494905987871941
 10
11.770547945205479
 20
4.485070056482115
 10
11.774657534246575
 20
4.473469637969201
 10
11.77876712328767
 20
4.458559077323468
 10
11.782876712328767
 20
4.424281656078518
 10
11.782876712328767
 20
4.710621984186461
 10
11.552739726027397
 20
4.818664754800201
  0
LWPOLYLINE
  5
637
330
17
100
AcDbEntity
  8
A-MASS
100
AcDbPolyline
 90
4
 70
1
 10
11.782876712328767
 20
4.424281656078518
 10
11.77876712328767
 20
4.458559077323468
 10
11.77876712328767
 20
4.458559077323468
 10
11.782876712328767
 20
4.424281656078518
  0
LWPOLYLINE
  5
638
330
17
100
AcDbEntity
  8
A-MASS
100
AcDbPolyline
 90
4
 70
1
 10
11.77876712328767
 20
4.458559077323468
 10
11.774657534246575
 20
4.473469637969201
 10
11.774657534246575
 20
4.473469637969201
 10
11.77876712328767
 20
4.458559077323468
  0
LWPOLYLINE
  5
639
330
17
100
AcDbEntity
  8
A-MASS
100
AcDbPolyline
 90
4
 70
1
 10
11.774657534246575
 20
4.473469637969201
 10
11.770547945205479
 20
4.485070056482115
 10
11.770547945205479
 20
4.485070056482115
 10
11.774657534246575
 20
4.473469637969201
  0
LWPOLYLINE
  5
63A
330
17
100
AcDbEntity
  8
A-MASS
100
AcDbPolyline
 90
4
 70
1
 10
11.770547945205479
 20
4.485070056482115
 10
11.766438356164382
 20
4.494905987871941
 10
11.766438356164382
 20
4.494905987871941
 10
11.770547945205479
 20
4.485070056482115
  0
LWPOLYLINE
  5
63B
330
17
100
AcDbEntity
  8
A-MASS
100
AcDbPolyline
 90
4
 70
1
 10
11.766438356164382
 20
4.494905987871941
 10
11.762328767123288
 20
4.50358093247615
 10
11.762328767123288
 20
4.50358093247615
 10
11.766438356164382
 20
4.494905987871941
  0
LWPOLYLINE
  5
63C
330
17
100
AcDbEntity
  8
A-MASS
100
AcDbPolyline
 90
4
 70
1
 10
11.762328767123288
 20
4.50358093247615
 10
11.758219178082191
 20
4.511406519735071
 10
11.758219178082191
 20
4.511406519735071
 10
11.762328767123288
 20
4.50358093247615
  0
LWPOLYLINE
  5
63D
330
17
100
AcDbEntity
  8
A-MASS
100
AcDbPolyline
 90
4
 70
1
 10
11.758219178082191
 20
4.511406519735071
 10
11.754109589041095
 20
4.518568947317215
 10
11.754109589041095
 20
4.518568947317215
 10
11.758219178082191
 20
4.511406519735071
  0
LWPOLYLINE
  5
63E
330
17
100
AcDbEntity
  8
A-MASS
100
AcDbPolyline
 90
4
 70
1
 10
11.754109589041095
 20
4.518568947317215
 10
11.75
 20
4.5251901070784575
 10
11.75
 20
4.5251901070784575
 10
11.754109589041095
 20
4.518568947317215
  0
LWPOLYLINE
  5
63F
330
17
100
AcDbEntity
  8
A-MASS
100
AcDbPolyline
 90
4
 70
1
 10
11.75
 20
4.5251901070784575
 10
11.745890410958904
 20
4.531354964694112
 10
11.745890410958904
 20
4.531354964694112
 10
11.75
 20
4.5251901070784575
  0
LWPOLYLINE
  5
640
330
17
100
AcDbEntity
  8
A-MASS
100
AcDbPolyline
 90
4
 70
1
 10
11.745890410958904
 20
4.531354964694112
 10
11.741780821917807
 20
4.537125518284512
 10
11.741780821917807
 20
4.537125518284512
 10
11.745890410958904
 20
4.531354964694112
  0
LWPOLYLINE
  5
641
330
17
100
AcDbEntity
  8
A-MASS
100
AcDbPolyline
 90
4
 70
1
 10
11.741780821917807
 20
4.537125518284512
 10
11.737671232876712
 20
4.542548601329614
 10
11.737671232876712
 20
4.542548601329614
 10
11.741780821917807
 20
4.537125518284512
  0
LWPOLYLINE
  5
642
330
17
100
AcDbEntity
  8
A-MASS
100
AcDbPolyline
 90
4
 70
1
 10
11.737671232876712
 20
4.542548601329614
 10
11.733561643835616
 20
4.547660557212345
 10
11.733561643835616
 20
4.547660557212345
 10
11.737671232876712
 20
4.542548601329614
  0
LWPOLYLINE
  5
643
330
17
100
AcDbEntity
  8
A-MASS
100
AcDbPolyline
 90
4
 70
1
 10
11.733561643835616
 20
4.547660557212345
 10
11.72945205479452
 20
4.552490195158119
 10
11.72945205479452
 20
4.552490195158119
 10
11.733561643835616
 20
4.547660557212345
  0
LWPOLYLINE
  5
644
330
17
100
AcDbEntity
  8
A-MASS
100
AcDbPolyline
 90
4
 70
1
 10
11.72945205479452
 20
4.552490195158119
 10
11.725342465753425
 20
4.5570607422590665
 10
11.725342465753425
 20
4.5570607422590665
 10
11.72945205479452
 20
4.552490195158119
  0
LWPOLYLINE
  5
645
330
17
100
AcDbEntity
  8
A-MASS
100
AcDbPolyline
 90
4
 70
1
 10
11.725342465753425
 20
4.5570607422590665
 10
11.721232876712328
 20
4.561391179112299
 10
11.721232876712328
 20
4.561391179112299
 10
11.725342465753425
 20
4.5570607422590665
  0
LWPOLYLINE
  5
646
330
17
100
AcDbEntity
  8
A-MASS
100
AcDbPolyline
 90
4
 70
1
 10
11.721232876712328
 20
4.561391179112299
 10
11.717123287671232
 20
4.565497181026983
 10
11.717123287671232
 20
4.565497181026983
 10
11.721232876712328
 20
4.561391179112299
  0
LWPOLYLINE
  5
647
330
17
100
AcDbEntity
  8
A-MASS
100
AcDbPolyline
 90
4
 70
1
 10
11.717123287671232
 20
4.565497181026983
 10
11.713013698630137
 20
4.569391797833939
 10
11.713013698630137
 20
4.569391797833939
 10
11.717123287671232
 20
4.565497181026983
  0
LWPOLYLINE
  5
648
330
17
100
AcDbEntity
  8
A-MASS
100
AcDbPolyline
 90
4
 70
1
 10
11.713013698630137
 20
4.569391797833939
 10
11.70890410958904
 20
4.573085955149258
 10
11.70890410958904
 20
4.573085955149258
 10
11.713013698630137
 20
4.569391797833939
  0
LWPOLYLINE
  5
649
330
17
100
AcDbEntity
  8
A-MASS
100
AcDbPolyline
 90
4
 70
1
 10
11.70890410958904
 20
4.573085955149258
 10
11.704794520547944
 20
4.576588830404277
 10
11.704794520547944
 20
4.576588830404277
 10
11.70890410958904
 20
4.573085955149258
  0
LWPOLYLINE
  5
64A
330
17
100
AcDbEntity
  8
A-MASS
100
AcDbPolyline
 90
4
 70
1
 10
11.704794520547944
 20
4.576588830404277
 10
11.70068493150685
 20
4.579908138922174
 10
11.70068493150685
 20
4.579908138922174
 10
11.704794520547944
 20
4.576588830404277
  0
LWPOLYLINE
  5
64B
330
17
100
AcDbEntity
  8
A-MASS
100
AcDbPolyline
 90
4
 70
1
 10
11.70068493150685
 20
4.579908138922174
 10
11.696575342465753
 20
4.583050353957457
 10
11.696575342465753
 20
4.583050353957457
 10
11.70068493150685
 20
4.579908138922174
  0
LWPOLYLINE
  5
64C
330
17
100
AcDbEntity
  8
A-MASS
100
AcDbPolyline
 90
4
 70
1
 10
11.696575342465753
 20
4.583050353957457
 10
11.692465753424656
 20
4.586020877246706
 10
11.692465753424656
 20
4.586020877246706
 10
11.696575342465753
 20
4.583050353957457
  0
LWPOLYLINE
  5
64D
330
17
100
AcDbEntity
  8
A-MASS
100
AcDbPolyline
 90
4
 70
1
 10
11.692465753424656
 20
4.586020877246706
 10
11.688356164383562
 20
4.588824171717087
 10
11.688356164383562
 20
4.588824171717087
 10
11.692465753424656
 20
4.586020877246706
  0
LWPOLYLINE
  5
64E
330
17
100
AcDbEntity
  8
A-MASS
100
AcDbPolyline
 90
4
 70
1
 10
11.688356164383562
 20
4.588824171717087
 10
11.684246575342465
 20
4.59146386465825
 10
11.684246575342465
 20
4.59146386465825
 10
11.688356164383562
 20
4.588824171717087
  0
LWPOLYLINE
  5
64F
330
17
100
AcDbEntity
  8
A-MASS
100
AcDbPolyline
 90
4
 70
1
 10
11.684246575342465
 20
4.59146386465825
 10
11.680136986301369
 20
4.593942827331884
 10
11.680136986301369
 20
4.593942827331884
 10
11.684246575342465
 20
4.59146386465825
  0
LWPOLYLINE
  5
650
330
17
100
AcDbEntity
  8
A-MASS
100
AcDbPolyline
 90
4
 70
1
 10
11.680136986301369
 20
4.593942827331884
 10
11.676027397260274
 20
4.596263235326191
 10
11.676027397260274
 20
4.596263235326191
 10
11.680136986301369
 20
4.593942827331884
  0
LWPOLYLINE
  5
651
330
17
100
AcDbEntity
  8
A-MASS
100
AcDbPolyline
 90
4
 70
1
 10
11.676027397260274
 20
4.596263235326191
 10
11.671917808219177
 20
4.598426612737863
 10
11.671917808219177
 20
4.598426612737863
 10
11.676027397260274
 20
4.596263235326191
  0
LWPOLYLINE
  5
652
330
17
100
AcDbEntity
  8
A-MASS
100
AcDbPolyline
 90
4
 70
1
 10
11.671917808219177
 20
4.598426612737863
 10
11.667808219178081
 20
4.600433862334654
 10
11.667808219178081
 20
4.600433862334654
 10
11.671917808219177
 20
4.598426612737863
  0
LWPOLYLINE
  5
653
330
17
100
AcDbEntity
  8
A-MASS
100
AcDbPolyline
 90
4
 70
1
 10
11.667808219178081
 20
4.600433862334654
 10
11.663698630136986
 20
4.602285283116926
 10
11.663698630136986
 20
4.602285283116926
 10
11.667808219178081
 20
4.600433862334654
  0
LWPOLYLINE
  5
654
330
17
100
AcDbEntity
  8
A-MASS
100
AcDbPolyline
 90
4
 70
1
 10
11.663698630136986
 20
4.602285283116926
 10
11.65958904109589
 20
4.603980576084315
 10
11.65958904109589
 20
4.603980576084315
 10
11.663698630136986
 20
4.602285283116926
  0
LWPOLYLINE
  5
655
330
17
100
AcDbEntity
  8
A-MASS
100
AcDbPolyline
 90
4
 70
1
 10
11.65958904109589
 20
4.603980576084315
 10
11.655479452054795
 20
4.60551883846907
 10
11.655479452054795
 20
4.60551883846907
 10
11.65958904109589
 20
4.603980576084315
  0
LWPOLYLINE
  5
656
330
17
100
AcDbEntity
  8
A-MASS
100
AcDbPolyline
 90
4
 70
1
 10
11.655479452054795
 20
4.60551883846907
 10
11.651369863013699
 20
4.606898546174499
 10
11.651369863013699
 20
4.606898546174499
 10
11.655479452054795
 20
4.60551883846907
  0
LWPOLYLINE
  5
657
330
17
100
AcDbEntity
  8
A-MASS
100
AcDbPolyline
 90
4
 70
1
 10
11.651369863013699
 20
4.606898546174499
 10
11.647260273972602
 20
4.608117523612397
 10
11.647260273972602
 20
4.608117523612397
 10
11.651369863013699
 20
4.606898546174499
  0
LWPOLYLINE
  5
658
330
17
100
AcDbEntity
  8
A-MASS
100
AcDbPolyline
 90
4
 70
1
 10
11.647260273972602
 20
4.608117523612397
 10
11.643150684931506
 20
4.609172899521079
 10
11.643150684931506
 20
4.609172899521079
 10
11.647260273972602
 20
4.608117523612397
  0
LWPOLYLINE
  5
659
330
17
100
AcDbEntity
  8
A-MASS
100
AcDbPolyline
 90
4
 70
1
 10
11.643150684931506
 20
4.609172899521079
 10
11.639041095890411
 20
4.610061046610892
 10
11.639041095890411
 20
4.610061046610892
 10
11.643150684931506
 20
4.609172899521079
  0
LWPOLYLINE
  5
65A
330
17
100
AcDbEntity
  8
A-MASS
100
AcDbPolyline
 90
4
 70
1
 10
11.639041095890411
 20
4.610061046610892
 10
11.634931506849314
 20
4.610777501954671
 10
11.634931506849314
 20
4.610777501954671
 10
11.639041095890411
 20
4.610061046610892
  0
LWPOLYLINE
  5
65B
330
17
100
AcDbEntity
  8
A-MASS
100
AcDbPolyline
 90
4
 70
1
 10
11.634931506849314
 20
4.610777501954671
 10
11.63082191780822
 20
4.611316863815836
 10
11.63082191780822
 20
4.611316863815836
 10
11.634931506849314
 20
4.610777501954671
  0
LWPOLYLINE
  5
65C
330
17
100
AcDbEntity
  8
A-MASS
100
AcDbPolyline
 90
4
 70
1
 10
11.63082191780822
 20
4.611316863815836
 10
11.626712328767123
 20
4.611672658939879
 10
11.626712328767123
 20
4.611672658939879
 10
11.63082191780822
 20
4.611316863815836
  0
LWPOLYLINE
  5
65D
330
17
100
AcDbEntity
  8
A-MASS
100
AcDbPolyline
 90
4
 70
1
 10
11.626712328767123
 20
4.611672658939879
 10
11.622602739726027
 20
4.611837172003622
 10
11.622602739726027
 20
4.611837172003622
 10
11.626712328767123
 20
4.611672658939879
  0
LWPOLYLINE
  5
65E
330
17
100
AcDbEntity
  8
A-MASS
100
AcDbPolyline
 90
4
 70
1
 10
11.622602739726027
 20
4.611837172003622
 10
11.61849315068493
 20
4.611801225575729
 10
11.61849315068493
 20
4.611801225575729
 10
11.622602739726027
 20
4.611837172003622
  0
LWPOLYLINE
  5
65F
330
17
100
AcDbEntity
  8
A-MASS
100
AcDbPolyline
 90
4
 70
1
 10
11.61849315068493
 20
4.611801225575729
 10
11.614383561643836
 20
4.611553894040107
 10
11.614383561643836
 20
4.611553894040107
 10
11.61849315068493
 20
4.611801225575729
  0
LWPOLYLINE
  5
660
330
17
100
AcDbEntity
  8
A-MASS
100
AcDbPolyline
 90
4
 70
1
 10
11.614383561643836
 20
4.611553894040107
 10
11.610273972602739
 20
4.611082127565936
 10
11.610273972602739
 20
4.611082127565936
 10
11.614383561643836
 20
4.611553894040107
  0
LWPOLYLINE
  5
661
330
17
100
AcDbEntity
  8
A-MASS
100
AcDbPolyline
 90
4
 70
1
 10
11.610273972602739
 20
4.611082127565936
 10
11.606164383561643
 20
4.610370250844051
 10
11.606164383561643
 20
4.610370250844051
 10
11.610273972602739
 20
4.611082127565936
  0
LWPOLYLINE
  5
662
330
17
100
AcDbEntity
  8
A-MASS
100
AcDbPolyline
 90
4
 70
1
 10
11.606164383561643
 20
4.610370250844051
 10
11.602054794520548
 20
4.609399283277339
 10
11.602054794520548
 20
4.609399283277339
 10
11.606164383561643
 20
4.610370250844051
  0
LWPOLYLINE
  5
663
330
17
100
AcDbEntity
  8
A-MASS
100
AcDbPolyline
 90
4
 70
1
 10
11.602054794520548
 20
4.609399283277339
 10
11.597945205479451
 20
4.608145997773669
 10
11.597945205479451
 20
4.608145997773669
 10
11.602054794520548
 20
4.609399283277339
  0
LWPOLYLINE
  5
664
330
17
100
AcDbEntity
  8
A-MASS
100
AcDbPolyline
 90
4
 70
1
 10
11.597945205479451
 20
4.608145997773669
 10
11.593835616438355
 20
4.60658158510763
 10
11.593835616438355
 20
4.60658158510763
 10
11.597945205479451
 20
4.608145997773669
  0
LWPOLYLINE
  5
665
330
17
100
AcDbEntity
  8
A-MASS
100
AcDbPolyline
 90
4
 70
1
 10
11.593835616438355
 20
4.60658158510763
 10
11.58972602739726
 20
4.604669701896292
 10
11.58972602739726
 20
4.604669701896292
 10
11.593835616438355
 20
4.60658158510763
  0
LWPOLYLINE
  5
666
330
17
100
AcDbEntity
  8
A-MASS
100
AcDbPolyline
 90
4
 70
1
 10
11.58972602739726
 20
4.604669701896292
 10
11.585616438356164
 20
4.602363514659699
 10
11.585616438356164
 20
4.602363514659699
 10
11.58972602739726
 20
4.604669701896292
  0
LWPOLYLINE
  5
667
330
17
100
AcDbEntity
  8
A-MASS
100
AcDbPolyline
 90
4
 70
1
 10
11.585616438356164
 20
4.602363514659699
 10
11.581506849315067
 20
4.5996010252775195
 10
11.581506849315067
 20
4.5996010252775195
 10
11.585616438356164
 20
4.602363514659699
  0
LWPOLYLINE
  5
668
330
17
100
AcDbEntity
  8
A-MASS
100
AcDbPolyline
 90
4
 70
1
 10
11.581506849315067
 20
4.5996010252775195
 10
11.577397260273973
 20
4.596297268074438
 10
11.577397260273973
 20
4.596297268074438
 10
11.581506849315067
 20
4.5996010252775195
  0
LWPOLYLINE
  5
669
330
17
100
AcDbEntity
  8
A-MASS
100
AcDbPolyline
 90
4
 70
1
 10
11.577397260273973
 20
4.596297268074438
 10
11.573287671232876
 20
4.592330351194579
 10
11.573287671232876
 20
4.592330351194579
 10
11.577397260273973
 20
4.596297268074438
  0
LWPOLYLINE
  5
66A
330
17
100
AcDbEntity
  8
A-MASS
100
AcDbPolyline
 90
4
 70
1
 10
11.573287671232876
 20
4.592330351194579
 10
11.56917808219178
 20
4.587514076969432
 10
11.56917808219178
 20
4.587514076969432
 10
11.573287671232876
 20
4.592330351194579
  0
LWPOLYLINE
  5
66B
330
17
100
AcDbEntity
  8
A-MASS
100
AcDbPolyline
 90
4
 70
1
 10
11.56917808219178
 20
4.587514076969432
 10
11.565068493150685
 20
4.581536815958668
 10
11.565068493150685
 20
4.581536815958668
 10
11.56917808219178
 20
4.587514076969432
  0
LWPOLYLINE
  5
66C
330
17
100
AcDbEntity
  8
A-MASS
100
AcDbPolyline
 90
4
 70
1
 10
11.565068493150685
 20
4.581536815958668
 10
11.560958904109588
 20
4.573795067824816
 10
11.560958904109588
 20
4.573795067824816
 10
11.565068493150685
 20
4.581536815958668
  0
LWPOLYLINE
  5
66D
330
17
100
AcDbEntity
  8
A-MASS
100
AcDbPolyline
 90
4
 70
1
 10
11.560958904109588
 20
4.573795067824816
 10
11.556849315068492
 20
4.562743177558144
 10
11.556849315068492
 20
4.562743177558144
 10
11.560958904109588
 20
4.573795067824816
  0
LWPOLYLINE
  5
66E
330
17
100
AcDbEntity
  8
A-MASS
100
AcDbPolyline
 90
4
 70
1
 10
11.556849315068492
 20
4.562743177558144
 10
11.552739726027397
 20
4.5323244266922575
 10
11.552739726027397
 20
4.5323244266922575
 10
11.556849315068492
 20
4.562743177558144
  0
HATCH
  5
66F
330
17
100
AcDbEntity
  8
A-MASS
 62
7
420
14208176
100
AcDbHatch
 10
0.0
 20
0.0
 30
0.0
210
0.0
220
0.0
230
1.0
  2
SOLID
 70
1
 71
0
 91
1
 92
3
 72
0
 73
1
 93
4
 10
11.897945205479452
 20
4.702904643428337
 10
11.832191780821917
 20
4.733774006460834
 10
11.782876712328767
 20
4.710621984186461
 10
11.848630136986301
 20
4.679752621153964
 97
0
 75
0
 76
1
 98
0
  0
LWPOLYLINE
  5
670
330
17
100
AcDbEntity
  8
A-MASS
100
AcDbPolyline
 90
4
 70
1
 10
11.897945205479452
 20
4.702904643428337
 10
11.832191780821917
 20
4.733774006460834
 10
11.782876712328767
 20
4.710621984186461
 10
11.848630136986301
 20
4.679752621153964
  0
HATCH
  5
671
330
17
100
AcDbEntity
  8
A-MASS
 62
7
420
9406324
100
AcDbHatch
 10
0.0
 20
0.0
 30
0.0
210
0.0
220
0.0
230
1.0
  2
SOLID
 70
1
 71
0
 91
1
 92
3
 72
0
 73
1
 93
4
 10
11.782876712328767
 20
4.197467274315596
 10
11.848630136986301
 20
4.166597911283099
 10
11.848630136986301
 20
4.679752621153964
 10
11.782876712328767
 20
4.710621984186461
 97
0
 75
0
 76
1
 98
0
  0
LWPOLYLINE
  5
672
330
17
100
AcDbEntity
  8
A-MASS
100
AcDbPolyline
 90
4
 70
1
 10
11.782876712328767
 20
4.197467274315596
 10
11.848630136986301
 20
4.166597911283099
 10
11.848630136986301
 20
4.679752621153964
 10
11.782876712328767
 20
4.710621984186461
  0
HATCH
  5
673
330
17
100
AcDbEntity
  8
A-MASS
 62
7
420
11379597
100
AcDbHatch
 10
0.0
 20
0.0
 30
0.0
210
0.0
220
0.0
230
1.0
  2
SOLID
 70
1
 71
0
 91
1
 92
3
 72
0
 73
1
 93
4
 10
11.848630136986301
 20
4.166597911283099
 10
11.897945205479452
 20
4.189749933557472
 10
11.897945205479452
 20
4.702904643428337
 10
11.848630136986301
 20
4.679752621153964
 97
0
 75
0
 76
1
 98
0
  0
LWPOLYLINE
  5
674
330
17
100
AcDbEntity
  8
A-MASS
100
AcDbPolyline
 90
4
 70
1
 10
11.848630136986301
 20
4.166597911283099
 10
11.897945205479452
 20
4.189749933557472
 10
11.897945205479452
 20
4.702904643428337
 10
11.848630136986301
 20
4.679752621153964
  0
HATCH
  5
675
330
17
100
AcDbEntity
  8
A-MASS
 62
7
420
15000804
100
AcDbHatch
 10
0.0
 20
0.0
 30
0.0
210
0.0
220
0.0
230
1.0
  2
SOLID
 70
1
 71
0
 91
1
 92
3
 72
0
 73
1
 93
4
 10
9.645150684931506
 20
4.214700026735796
 10
9.398575342465753
 20
4.33046013810766
 10
8.938301369863012
 20
4.1143745968801815
 10
9.184876712328768
 20
3.9986144855083183
 97
0
 75
0
 76
1
 98
0
  0
LWPOLYLINE
  5
676
330
17
100
AcDbEntity
  8
A-MASS
100
AcDbPolyline
 90
4
 70
1
 10
9.645150684931506
 20
4.214700026735796
 10
9.398575342465753
 20
4.33046013810766
 10
8.938301369863012
 20
4.1143745968801815
 10
9.184876712328768
 20
3.9986144855083183
  0
HATCH
  5
677
330
17
100
AcDbEntity
  8
A-MASS
 62
7
420
9868950
100
AcDbHatch
 10
0.0
 20
0.0
 30
0.0
210
0.0
220
0.0
230
1.0
  2
SOLID
 70
1
 71
0
 91
1
 92
3
 72
0
 73
1
 93
4
 10
8.938301369863012
 20
3.9501650897215046
 10
9.184876712328768
 20
3.8344049783496414
 10
9.184876712328768
 20
3.9986144855083183
 10
8.938301369863012
 20
4.1143745968801815
 97
0
 75
0
 76
1
 98
0
  0
LWPOLYLINE
  5
678
330
17
100
AcDbEntity
  8
A-MASS
100
AcDbPolyline
 90
4
 70
1
 10
8.938301369863012
 20
3.9501650897215046
 10
9.184876712328768
 20
3.8344049783496414
 10
9.184876712328768
 20
3.9986144855083183
 10
8.938301369863012
 20
4.1143745968801815
  0
HATCH
  5
679
330
17
100
AcDbEntity
  8
A-MASS
 62
7
420
11974326
100
AcDbHatch
 10
0.0
 20
0.0
 30
0.0
210
0.0
220
0.0
230
1.0
  2
SOLID
 70
1
 71
0
 91
1
 92
3
 72
0
 73
1
 93
4
 10
9.184876712328768
 20
3.8344049783496414
 10
9.645150684931506
 20
4.05049051957712
 10
9.645150684931506
 20
4.214700026735796
 10
9.184876712328768
 20
3.9986144855083183
 97
0
 75
0
 76
1
 98
0
  0
LWPOLYLINE
  5
67A
330
17
100
AcDbEntity
  8
A-MASS
100
AcDbPolyline
 90
4
 70
1
 10
9.184876712328768
 20
3.8344049783496414
 10
9.645150684931506
 20
4.05049051957712
 10
9.645150684931506
 20
4.214700026735796
 10
9.184876712328768
 20
3.9986144855083183
  0
HATCH
  5
67B
330
17
100
AcDbEntity
  8
A-MASS
 62
7
420
11974326
100
AcDbHatch
 10
0.0
 20
0.0
 30
0.0
210
0.0
220
0.0
230
1.0
  2
SOLID
 70
1
 71
0
 91
1
 92
3
 72
0
 73
1
 93
4
 10
12.253208595492445
 20
3.692560718843909
 10
12.253706339020235
 20
3.699698795416583
 10
12.253706339020235
 20
4.035815130382
 10
12.253208595492445
 20
4.028677053809326
 97
0
 75
0
 76
1
 98
0
  0
LWPOLYLINE
  5
67C
330
17
100
AcDbEntity
  8
A-MASS
100
AcDbPolyline
 90
4
 70
1
 10
12.253208595492445
 20
3.692560718843909
 10
12.253706339020235
 20
3.699698795416583
 10
12.253706339020235
 20
4.035815130382
 10
12.253208595492445
 20
4.028677053809326
  0
HATCH
  5
67D
330
17
100
AcDbEntity
  8
A-MASS
 62
7
420
11974326
100
AcDbHatch
 10
0.0
 20
0.0
 30
0.0
210
0.0
220
0.0
230
1.0
  2
SOLID
 70
1
 71
0
 91
1
 92
3
 72
0
 73
1
 93
4
 10
12.25171749632328
 20
3.685453208610977
 10
12.253208595492445
 20
3.692560718843909
 10
12.253208595492445
 20
4.028677053809326
 10
12.25171749632328
 20
4.021569543576394
 97
0
 75
0
 76
1
 98
0
  0
LWPOLYLINE
  5
67E
330
17
100
AcDbEntity
  8
A-MASS
100
AcDbPolyline
 90
4
 70
1
 10
12.25171749632328
 20
3.685453208610977
 10
12.253208595492445
 20
3.692560718843909
 10
12.253208595492445
 20
4.028677053809326
 10
12.25171749632328
 20
4.021569543576394
  0
HATCH
  5
67F
330
17
100
AcDbEntity
  8
A-MASS
 62
7
420
11974326
100
AcDbHatch
 10
0.0
 20
0.0
 30
0.0
210
0.0
220
0.0
230
1.0
  2
SOLID
 70
1
 71
0
 91
1
 92
3
 72
0
 73
1
 93
4
 10
12.249239426628298
 20
3.6784067001677685
 10
12.25171749632328
 20
3.685453208610977
 10
12.25171749632328
 20
4.021569543576394
 10
12.249239426628298
 20
4.014523035133186
 97
0
 75
0
 76
1
 98
0
  0
LWPOLYLINE
  5
680
330
17
100
AcDbEntity
  8
A-MASS
100
AcDbPolyline
 90
4
 70
1
 10
12.249239426628298
 20
3.6784067001677685
 10
12.25171749632328
 20
3.685453208610977
 10
12.25171749632328
 20
4.021569543576394
 10
12.249239426628298
 20
4.014523035133186
  0
HATCH
  5
681
330
17
100
AcDbEntity
  8
A-MASS
 62
7
420
11974326
100
AcDbHatch
 10
0.0
 20
0.0
 30
0.0
210
0.0
220
0.0
230
1.0
  2
SOLID
 70
1
 71
0
 91
1
 92
3
 72
0
 73
1
 93
4
 10
12.245784997882373
 20
3.6714513677452376
 10
12.249239426628298
 20
3.6784067001677685
 10
12.249239426628298
 20
4.014523035133186
 10
12.245784997882373
 20
4.007567702710655
 97
0
 75
0
 76
1
 98
0
  0
LWPOLYLINE
  5
682
330
17
100
AcDbEntity
  8
A-MASS
100
AcDbPolyline
 90
4
 70
1
 10
12.245784997882373
 20
3.6714513677452376
 10
12.249239426628298
 20
3.6784067001677685
 10
12.249239426628298
 20
4.014523035133186
 10
12.245784997882373
 20
4.007567702710655
  0
HATCH
  5
683
330
17
100
AcDbEntity
  8
A-MASS
 62
7
420
11974326
100
AcDbHatch
 10
0.0
 20
0.0
 30
0.0
210
0.0
220
0.0
230
1.0
  2
SOLID
 70
1
 71
0
 91
1
 92
3
 72
0
 73
1
 93
4
 10
12.241369002479729
 20
3.6646169951446192
 10
12.245784997882373
 20
3.6714513677452376
 10
12.245784997882373
 20
4.007567702710655
 10
12.241369002479729
 20
4.0007333301100365
 97
0
 75
0
 76
1
 98
0
  0
LWPOLYLINE
  5
684
330
17
100
AcDbEntity
  8
A-MASS
100
AcDbPolyline
 90
4
 70
1
 10
12.241369002479729
 20
3.6646169951446192
 10
12.245784997882373
 20
3.6714513677452376
 10
12.245784997882373
 20
4.007567702710655
 10
12.241369002479729
 20
4.0007333301100365
  0
HATCH
  5
685
330
17
100
AcDbEntity
  8
A-MASS
 62
7
420
11974326
100
AcDbHatch
 10
0.0
 20
0.0
 30
0.0
210
0.0
220
0.0
230
1.0
  2
SOLID
 70
1
 71
0
 91
1
 92
3
 72
0
 73
1
 93
4
 10
12.236010350390638
 20
3.6579328481986217
 10
12.241369002479729
 20
3.6646169951446192
 10
12.241369002479729
 20
4.0007333301100365
 10
12.236010350390638
 20
3.9940491831640386
 97
0
 75
0
 76
1
 98
0
  0
LWPOLYLINE
  5
686
330
17
100
AcDbEntity
  8
A-MASS
100
AcDbPolyline
 90
4
 70
1
 10
12.236010350390638
 20
3.6579328481986217
 10
12.241369002479729
 20
3.6646169951446192
 10
12.241369002479729
 20
4.0007333301100365
 10
12.236010350390638
 20
3.9940491831640386
  0
HATCH
  5
687
330
17
100
AcDbEntity
  8
A-MASS
 62
7
420
11974326
100
AcDbHatch
 10
0.0
 20
0.0
 30
0.0
210
0.0
220
0.0
230
1.0
  2
SOLID
 70
1
 71
0
 91
1
 92
3
 72
0
 73
1
 93
4
 10
12.229731988186016
 20
3.651427549450636
 10
12.236010350390638
 20
3.6579328481986217
 10
12.236010350390638
 20
3.9940491831640386
 10
12.229731988186016
 20
3.987543884416053
 97
0
 75
0
 76
1
 98
0
  0
LWPOLYLINE
  5
688
330
17
100
AcDbEntity
  8
A-MASS
100
AcDbPolyline
 90
4
 70
1
 10
12.229731988186016
 20
3.651427549450636
 10
12.236010350390638
 20
3.6579328481986217
 10
12.236010350390638
 20
3.9940491831640386
 10
12.229731988186016
 20
3.987543884416053
  0
HATCH
  5
689
330
17
100
AcDbEntity
  8
A-MASS
 62
7
420
11974326
100
AcDbHatch
 10
0.0
 20
0.0
 30
0.0
210
0.0
220
0.0
230
1.0
  2
SOLID
 70
1
 71
0
 91
1
 92
3
 72
0
 73
1
 93
4
 10
12.2225608007767
 20
3.6451289555886133
 10
12.229731988186016
 20
3.651427549450636
 10
12.229731988186016
 20
3.987543884416053
 10
12.2225608007767
 20
3.98124529055403
 97
0
 75
0
 76
1
 98
0
  0
LWPOLYLINE
  5
68A
330
17
100
AcDbEntity
  8
A-MASS
100
AcDbPolyline
 90
4
 70
1
 10
12.2225608007767
 20
3.6451289555886133
 10
12.229731988186016
 20
3.651427549450636
 10
12.229731988186016
 20
3.987543884416053
 10
12.2225608007767
 20
3.98124529055403
  0
HATCH
  5
68B
330
17
100
AcDbEntity
  8
A-MASS
 62
7
420
11974326
100
AcDbHatch
 10
0.0
 20
0.0
 30
0.0
210
0.0
220
0.0
230
1.0
  2
SOLID
 70
1
 71
0
 91
1
 92
3
 72
0
 73
1
 93
4
 10
12.214527496288113
 20
3.639064038158448
 10
12.2225608007767
 20
3.6451289555886133
 10
12.2225608007767
 20
3.98124529055403
 10
12.214527496288113
 20
3.9751803731238646
 97
0
 75
0
 76
1
 98
0
  0
LWPOLYLINE
  5
68C
330
17
100
AcDbEntity
  8
A-MASS
100
AcDbPolyline
 90
4
 70
1
 10
12.214527496288113
 20
3.639064038158448
 10
12.2225608007767
 20
3.6451289555886133
 10
12.2225608007767
 20
3.98124529055403
 10
12.214527496288113
 20
3.9751803731238646
  0
HATCH
  5
68D
330
17
100
AcDbEntity
  8
A-MASS
 62
7
420
11974326
100
AcDbHatch
 10
0.0
 20
0.0
 30
0.0
210
0.0
220
0.0
230
1.0
  2
SOLID
 70
1
 71
0
 91
1
 92
3
 72
0
 73
1
 93
4
 10
12.205666474563374
 20
3.6332587680676793
 10
12.214527496288113
 20
3.639064038158448
 10
12.214527496288113
 20
3.9751803731238646
 10
12.205666474563374
 20
3.969375103033096
 97
0
 75
0
 76
1
 98
0
  0
LWPOLYLINE
  5
68E
330
17
100
AcDbEntity
  8
A-MASS
100
AcDbPolyline
 90
4
 70
1
 10
12.205666474563374
 20
3.6332587680676793
 10
12.214527496288113
 20
3.639064038158448
 10
12.214527496288113
 20
3.9751803731238646
 10
12.205666474563374
 20
3.969375103033096
  0
HATCH
  5
68F
330
17
100
AcDbEntity
  8
A-MASS
 62
7
420
11974326
100
AcDbHatch
 10
0.0
 20
0.0
 30
0.0
210
0.0
220
0.0
230
1.0
  2
SOLID
 70
1
 71
0
 91
1
 92
3
 72
0
 73
1
 93
4
 10
12.196015679857876
 20
3.627738004374077
 10
12.205666474563374
 20
3.6332587680676793
 10
12.205666474563374
 20
3.969375103033096
 10
12.196015679857876
 20
3.963854339339494
 97
0
 75
0
 76
1
 98
0
  0
LWPOLYLINE
  5
690
330
17
100
AcDbEntity
  8
A-MASS
100
AcDbPolyline
 90
4
 70
1
 10
12.196015679857876
 20
3.627738004374077
 10
12.205666474563374
 20
3.6332587680676793
 10
12.205666474563374
 20
3.969375103033096
 10
12.196015679857876
 20
3.963854339339494
  0
HATCH
  5
691
330
17
100
AcDbEntity
  8
A-MASS
 62
7
420
11974326
100
AcDbHatch
 10
0.0
 20
0.0
 30
0.0
210
0.0
220
0.0
230
1.0
  2
SOLID
 70
1
 71
0
 91
1
 92
3
 72
0
 73
1
 93
4
 10
12.185616438356163
 20
3.6225253878353407
 10
12.196015679857876
 20
3.627738004374077
 10
12.196015679857876
 20
3.963854339339494
 10
12.185616438356163
 20
3.9586417228007575
 97
0
 75
0
 76
1
 98
0
  0
LWPOLYLINE
  5
692
330
17
100
AcDbEntity
  8
A-MASS
100
AcDbPolyline
 90
4
 70
1
 10
12.185616438356163
 20
3.6225253878353407
 10
12.196015679857876
 20
3.627738004374077
 10
12.196015679857876
 20
3.963854339339494
 10
12.185616438356163
 20
3.9586417228007575
  0
HATCH
  5
693
330
17
100
AcDbEntity
  8
A-MASS
 62
7
420
9868950
100
AcDbHatch
 10
0.0
 20
0.0
 30
0.0
210
0.0
220
0.0
230
1.0
  2
SOLID
 70
1
 71
0
 91
1
 92
3
 72
0
 73
1
 93
4
 10
8.649033387007162
 20
3.537634639495974
 10
8.649531130534951
 20
3.5304965629233003
 10
8.649531130534951
 20
3.866612897888717
 10
8.649033387007162
 20
3.8737509744613905
 97
0
 75
0
 76
1
 98
0
  0
LWPOLYLINE
  5
694
330
17
100
AcDbEntity
  8
A-MASS
100
AcDbPolyline
 90
4
 70
1
 10
8.649033387007162
 20
3.537634639495974
 10
8.649531130534951
 20
3.5304965629233003
 10
8.649531130534951
 20
3.866612897888717
 10
8.649033387007162
 20
3.8737509744613905
  0
HATCH
  5
695
330
17
100
AcDbEntity
  8
A-MASS
 62
7
420
9868950
100
AcDbHatch
 10
0.0
 20
0.0
 30
0.0
210
0.0
220
0.0
230
1.0
  2
SOLID
 70
1
 71
0
 91
1
 92
3
 72
0
 73
1
 93
4
 10
8.649531130534951
 20
3.5304965629233003
 10
8.651022229704116
 20
3.523389052690368
 10
8.651022229704116
 20
3.8595053876557848
 10
8.649531130534951
 20
3.866612897888717
 97
0
 75
0
 76
1
 98
0
  0
LWPOLYLINE
  5
696
330
17
100
AcDbEntity
  8
A-MASS
100
AcDbPolyline
 90
4
 70
1
 10
8.649531130534951
 20
3.5304965629233003
 10
8.651022229704116
 20
3.523389052690368
 10
8.651022229704116
 20
3.8595053876557848
 10
8.649531130534951
 20
3.866612897888717
  0
HATCH
  5
697
330
17
100
AcDbEntity
  8
A-MASS
 62
7
420
9868950
100
AcDbHatch
 10
0.0
 20
0.0
 30
0.0
210
0.0
220
0.0
230
1.0
  2
SOLID
 70
1
 71
0
 91
1
 92
3
 72
0
 73
1
 93
4
 10
8.651022229704116
 20
3.523389052690368
 10
8.653500299399099
 20
3.5163425442471596
 10
8.653500299399099
 20
3.8524588792125765
 10
8.651022229704116
 20
3.8595053876557848
 97
0
 75
0
 76
1
 98
0
  0
LWPOLYLINE
  5
698
330
17
100
AcDbEntity
  8
A-MASS
100
AcDbPolyline
 90
4
 70
1
 10
8.651022229704116
 20
3.523389052690368
 10
8.653500299399099
 20
3.5163425442471596
 10
8.653500299399099
 20
3.8524588792125765
 10
8.651022229704116
 20
3.8595053876557848
  0
HATCH
  5
699
330
17
100
AcDbEntity
  8
A-MASS
 62
7
420
9868950
100
AcDbHatch
 10
0.0
 20
0.0
 30
0.0
210
0.0
220
0.0
230
1.0
  2
SOLID
 70
1
 71
0
 91
1
 92
3
 72
0
 73
1
 93
4
 10
8.653500299399099
 20
3.5163425442471596
 10
8.656954728145024
 20
3.5093872118246288
 10
8.656954728145024
 20
3.8455035467900456
 10
8.653500299399099
 20
3.8524588792125765
 97
0
 75
0
 76
1
 98
0
  0
LWPOLYLINE
  5
69A
330
17
100
AcDbEntity
  8
A-MASS
100
AcDbPolyline
 90
4
 70
1
 10
8.653500299399099
 20
3.5163425442471596
 10
8.656954728145024
 20
3.5093872118246288
 10
8.656954728145024
 20
3.8455035467900456
 10
8.653500299399099
 20
3.8524588792125765
  0
HATCH
  5
69B
330
17
100
AcDbEntity
  8
A-MASS
 62
7
420
9868950
100
AcDbHatch
 10
0.0
 20
0.0
 30
0.0
210
0.0
220
0.0
230
1.0
  2
SOLID
 70
1
 71
0
 91
1
 92
3
 72
0
 73
1
 93
4
 10
8.656954728145024
 20
3.5093872118246288
 10
8.661370723547668
 20
3.5025528392240104
 10
8.661370723547668
 20
3.838669174189427
 10
8.656954728145024
 20
3.8455035467900456
 97
0
 75
0
 76
1
 98
0
  0
LWPOLYLINE
  5
69C
330
17
100
AcDbEntity
  8
A-MASS
100
AcDbPolyline
 90
4
 70
1
 10
8.656954728145024
 20
3.5093872118246288
 10
8.661370723547668
 20
3.5025528392240104
 10
8.661370723547668
 20
3.838669174189427
 10
8.656954728145024
 20
3.8455035467900456
  0
HATCH
  5
69D
330
17
100
AcDbEntity
  8
A-MASS
 62
7
420
9868950
100
AcDbHatch
 10
0.0
 20
0.0
 30
0.0
210
0.0
220
0.0
230
1.0
  2
SOLID
 70
1
 71
0
 91
1
 92
3
 72
0
 73
1
 93
4
 10
8.661370723547668
 20
3.5025528392240104
 10
8.66672937563676
 20
3.4958686922780124
 10
8.66672937563676
 20
3.8319850272434293
 10
8.661370723547668
 20
3.838669174189427
 97
0
 75
0
 76
1
 98
0
  0
LWPOLYLINE
  5
69E
330
17
100
AcDbEntity
  8
A-MASS
100
AcDbPolyline
 90
4
 70
1
 10
8.661370723547668
 20
3.5025528392240104
 10
8.66672937563676
 20
3.4958686922780124
 10
8.66672937563676
 20
3.8319850272434293
 10
8.661370723547668
 20
3.838669174189427
  0
HATCH
  5
69F
330
17
100
AcDbEntity
  8
A-MASS
 62
7
420
9868950
100
AcDbHatch
 10
0.0
 20
0.0
 30
0.0
210
0.0
220
0.0
230
1.0
  2
SOLID
 70
1
 71
0
 91
1
 92
3
 72
0
 73
1
 93
4
 10
8.66672937563676
 20
3.4958686922780124
 10
8.673007737841381
 20
3.4893633935300272
 10
8.673007737841381
 20
3.825479728495444
 10
8.66672937563676
 20
3.8319850272434293
 97
0
 75
0
 76
1
 98
0
  0
LWPOLYLINE
  5
6A0
330
17
100
AcDbEntity
  8
A-MASS
100
AcDbPolyline
 90
4
 70
1
 10
8.66672937563676
 20
3.4958686922780124
 10
8.673007737841381
 20
3.4893633935300272
 10
8.673007737841381
 20
3.825479728495444
 10
8.66672937563676
 20
3.8319850272434293
  0
HATCH
  5
6A1
330
17
100
AcDbEntity
  8
A-MASS
 62
7
420
9868950
100
AcDbHatch
 10
0.0
 20
0.0
 30
0.0
210
0.0
220
0.0
230
1.0
  2
SOLID
 70
1
 71
0
 91
1
 92
3
 72
0
 73
1
 93
4
 10
8.673007737841381
 20
3.4893633935300272
 10
8.680178925250697
 20
3.4830647996680044
 10
8.680178925250697
 20
3.8191811346334212
 10
8.673007737841381
 20
3.825479728495444
 97
0
 75
0
 76
1
 98
0
  0
LWPOLYLINE
  5
6A2
330
17
100
AcDbEntity
  8
A-MASS
100
AcDbPolyline
 90
4
 70
1
 10
8.673007737841381
 20
3.4893633935300272
 10
8.680178925250697
 20
3.4830647996680044
 10
8.680178925250697
 20
3.8191811346334212
 10
8.673007737841381
 20
3.825479728495444
  0
HATCH
  5
6A3
330
17
100
AcDbEntity
  8
A-MASS
 62
7
420
9868950
100
AcDbHatch
 10
0.0
 20
0.0
 30
0.0
210
0.0
220
0.0
230
1.0
  2
SOLID
 70
1
 71
0
 91
1
 92
3
 72
0
 73
1
 93
4
 10
8.680178925250697
 20
3.4830647996680044
 10
8.688212229739284
 20
3.476999882237839
 10
8.688212229739284
 20
3.8131162172032558
 10
8.680178925250697
 20
3.8191811346334212
 97
0
 75
0
 76
1
 98
0
  0
LWPOLYLINE
  5
6A4
330
17
100
AcDbEntity
  8
A-MASS
100
AcDbPolyline
 90
4
 70
1
 10
8.680178925250697
 20
3.4830647996680044
 10
8.688212229739284
 20
3.476999882237839
 10
8.688212229739284
 20
3.8131162172032558
 10
8.680178925250697
 20
3.8191811346334212
  0
HATCH
  5
6A5
330
17
100
AcDbEntity
  8
A-MASS
 62
7
420
9868950
100
AcDbHatch
 10
0.0
 20
0.0
 30
0.0
210
0.0
220
0.0
230
1.0
  2
SOLID
 70
1
 71
0
 91
1
 92
3
 72
0
 73
1
 93
4
 10
8.688212229739284
 20
3.476999882237839
 10
8.697073251464023
 20
3.4711946121470705
 10
8.697073251464023
 20
3.807310947112487
 10
8.688212229739284
 20
3.8131162172032558
 97
0
 75
0
 76
1
 98
0
  0
LWPOLYLINE
  5
6A6
330
17
100
AcDbEntity
  8
A-MASS
100
AcDbPolyline
 90
4
 70
1
 10
8.688212229739284
 20
3.476999882237839
 10
8.697073251464023
 20
3.4711946121470705
 10
8.697073251464023
 20
3.807310947112487
 10
8.688212229739284
 20
3.8131162172032558
  0
HATCH
  5
6A7
330
17
100
AcDbEntity
  8
A-MASS
 62
7
420
9868950
100
AcDbHatch
 10
0.0
 20
0.0
 30
0.0
210
0.0
220
0.0
230
1.0
  2
SOLID
 70
1
 71
0
 91
1
 92
3
 72
0
 73
1
 93
4
 10
8.697073251464023
 20
3.4711946121470705
 10
8.706724046169521
 20
3.465673848453468
 10
8.706724046169521
 20
3.801790183418885
 10
8.697073251464023
 20
3.807310947112487
 97
0
 75
0
 76
1
 98
0
  0
LWPOLYLINE
  5
6A8
330
17
100
AcDbEntity
  8
A-MASS
100
AcDbPolyline
 90
4
 70
1
 10
8.697073251464023
 20
3.4711946121470705
 10
8.706724046169521
 20
3.465673848453468
 10
8.706724046169521
 20
3.801790183418885
 10
8.697073251464023
 20
3.807310947112487
  0
HATCH
  5
6A9
330
17
100
AcDbEntity
  8
A-MASS
 62
7
420
9868950
100
AcDbHatch
 10
0.0
 20
0.0
 30
0.0
210
0.0
220
0.0
230
1.0
  2
SOLID
 70
1
 71
0
 91
1
 92
3
 72
0
 73
1
 93
4
 10
8.706724046169521
 20
3.465673848453468
 10
8.717123287671232
 20
3.4604612319147314
 10
8.717123287671232
 20
3.7965775668801482
 10
8.706724046169521
 20
3.801790183418885
 97
0
 75
0
 76
1
 98
0
  0
LWPOLYLINE
  5
6AA
330
17
100
AcDbEntity
  8
A-MASS
100
AcDbPolyline
 90
4
 70
1
 10
8.706724046169521
 20
3.465673848453468
 10
8.717123287671232
 20
3.4604612319147314
 10
8.717123287671232
 20
3.7965775668801482
 10
8.706724046169521
 20
3.801790183418885
  0
HATCH
  5
6AB
330
17
100
AcDbEntity
  8
A-MASS
 62
7
420
11974326
100
AcDbHatch
 10
0.0
 20
0.0
 30
0.0
210
0.0
220
0.0
230
1.0
  2
SOLID
 70
1
 71
0
 91
1
 92
3
 72
0
 73
1
 93
4
 10
10.443150684931506
 20
2.8044872674741717
 10
12.185616438356163
 20
3.6225253878353407
 10
12.185616438356163
 20
3.9586417228007575
 10
10.443150684931506
 20
3.1406036024395885
 97
0
 75
0
 76
1
 98
0
  0
LWPOLYLINE
  5
6AC
330
17
100
AcDbEntity
  8
A-MASS
100
AcDbPolyline
 90
4
 70
1
 10
10.443150684931506
 20
2.8044872674741717
 10
12.185616438356163
 20
3.6225253878353407
 10
12.185616438356163
 20
3.9586417228007575
 10
10.443150684931506
 20
3.1406036024395885
  0
HATCH
  5
6AD
330
17
100
AcDbEntity
  8
A-MASS
 62
7
420
9868950
100
AcDbHatch
 10
0.0
 20
0.0
 30
0.0
210
0.0
220
0.0
230
1.0
  2
SOLID
 70
1
 71
0
 91
1
 92
3
 72
0
 73
1
 93
4
 10
8.717123287671232
 20
3.4604612319147314
 10
10.114383561643836
 20
2.8044872674741717
 10
10.114383561643836
 20
3.1406036024395885
 10
8.717123287671232
 20
3.7965775668801482
 97
0
 75
0
 76
1
 98
0
  0
LWPOLYLINE
  5
6AE
330
17
100
AcDbEntity
  8
A-MASS
100
AcDbPolyline
 90
4
 70
1
 10
8.717123287671232
 20
3.4604612319147314
 10
10.114383561643836
 20
2.8044872674741717
 10
10.114383561643836
 20
3.1406036024395885
 10
8.717123287671232
 20
3.7965775668801482
  0
HATCH
  5
6AF
330
17
100
AcDbEntity
  8
A-MASS
 62
7
420
11974326
100
AcDbHatch
 10
0.0
 20
0.0
 30
0.0
210
0.0
220
0.0
230
1.0
  2
SOLID
 70
1
 71
0
 91
1
 92
3
 72
0
 73
1
 93
4
 10
10.432047527782213
 20
2.7996051193145752
 10
10.443150684931506
 20
2.8044872674741717
 10
10.443150684931506
 20
3.1406036024395885
 10
10.432047527782213
 20
3.135721454279992
 97
0
 75
0
 76
1
 98
0
  0
LWPOLYLINE
  5
6B0
330
17
100
AcDbEntity
  8
A-MASS
100
AcDbPolyline
 90
4
 70
1
 10
10.432047527782213
 20
2.7996051193145752
 10
10.443150684931506
 20
2.8044872674741717
 10
10.443150684931506
 20
3.1406036024395885
 10
10.432047527782213
 20
3.135721454279992
  0
HATCH
  5
6B1
330
17
100
AcDbEntity
  8
A-MASS
 62
7
420
9868950
100
AcDbHatch
 10
0.0
 20
0.0
 30
0.0
210
0.0
220
0.0
230
1.0
  2
SOLID
 70
1
 71
0
 91
1
 92
3
 72
0
 73
1
 93
4
 10
10.114383561643836
 20
2.8044872674741717
 10
10.12548671879313
 20
2.7996051193145752
 10
10.12548671879313
 20
3.135721454279992
 10
10.114383561643836
 20
3.1406036024395885
 97
0
 75
0
 76
1
 98
0
  0
LWPOLYLINE
  5
6B2
330
17
100
AcDbEntity
  8
A-MASS
100
AcDbPolyline
 90
4
 70
1
 10
10.114383561643836
 20
2.8044872674741717
 10
10.12548671879313
 20
2.7996051193145752
 10
10.12548671879313
 20
3.135721454279992
 10
10.114383561643836
 20
3.1406036024395885
  0
HATCH
  5
6B3
330
17
100
AcDbEntity
  8
A-MASS
 62
7
420
11974326
100
AcDbHatch
 10
0.0
 20
0.0
 30
0.0
210
0.0
220
0.0
230
1.0
  2
SOLID
 70
1
 71
0
 91
1
 92
3
 72
0
 73
1
 93
4
 10
10.420288000408837
 20
2.7950743456420595
 10
10.432047527782213
 20
2.7996051193145752
 10
10.432047527782213
 20
3.135721454279992
 10
10.420288000408837
 20
3.131190680607476
 97
0
 75
0
 76
1
 98
0
  0
LWPOLYLINE
  5
6B4
330
17
100
AcDbEntity
  8
A-MASS
100
AcDbPolyline
 90
4
 70
1
 10
10.420288000408837
 20
2.7950743456420595
 10
10.432047527782213
 20
2.7996051193145752
 10
10.432047527782213
 20
3.135721454279992
 10
10.420288000408837
 20
3.131190680607476
  0
HATCH
  5
6B5
330
17
100
AcDbEntity
  8
A-MASS
 62
7
420
9868950
100
AcDbHatch
 10
0.0
 20
0.0
 30
0.0
210
0.0
220
0.0
230
1.0
  2
SOLID
 70
1
 71
0
 91
1
 92
3
 72
0
 73
1
 93
4
 10
10.12548671879313
 20
2.7996051193145752
 10
10.137246246166505
 20
2.7950743456420595
 10
10.137246246166505
 20
3.131190680607476
 10
10.12548671879313
 20
3.135721454279992
 97
0
 75
0
 76
1
 98
0
  0
LWPOLYLINE
  5
6B6
330
17
100
AcDbEntity
  8
A-MASS
100
AcDbPolyline
 90
4
 70
1
 10
10.12548671879313
 20
2.7996051193145752
 10
10.137246246166505
 20
2.7950743456420595
 10
10.137246246166505
 20
3.131190680607476
 10
10.12548671879313
 20
3.135721454279992
  0
HATCH
  5
6B7
330
17
100
AcDbEntity
  8
A-MASS
 62
7
420
11974326
100
AcDbHatch
 10
0.0
 20
0.0
 30
0.0
210
0.0
220
0.0
230
1.0
  2
SOLID
 70
1
 71
0
 91
1
 92
3
 72
0
 73
1
 93
4
 10
10.407922458912948
 20
2.7909143479250664
 10
10.420288000408837
 20
2.7950743456420595
 10
10.420288000408837
 20
3.131190680607476
 10
10.407922458912948
 20
3.127030682890483
 97
0
 75
0
 76
1
 98
0
  0
LWPOLYLINE
  5
6B8
330
17
100
AcDbEntity
  8
A-MASS
100
AcDbPolyline
 90
4
 70
1
 10
10.407922458912948
 20
2.7909143479250664
 10
10.420288000408837
 20
2.7950743456420595
 10
10.420288000408837
 20
3.131190680607476
 10
10.407922458912948
 20
3.127030682890483
  0
HATCH
  5
6B9
330
17
100
AcDbEntity
  8
A-MASS
 62
7
420
9868950
100
AcDbHatch
 10
0.0
 20
0.0
 30
0.0
210
0.0
220
0.0
230
1.0
  2
SOLID
 70
1
 71
0
 91
1
 92
3
 72
0
 73
1
 93
4
 10
10.137246246166505
 20
2.7950743456420595
 10
10.149611787662394
 20
2.7909143479250664
 10
10.149611787662394
 20
3.127030682890483
 10
10.137246246166505
 20
3.131190680607476
 97
0
 75
0
 76
1
 98
0
  0
LWPOLYLINE
  5
6BA
330
17
100
AcDbEntity
  8
A-MASS
100
AcDbPolyline
 90
4
 70
1
 10
10.137246246166505
 20
2.7950743456420595
 10
10.149611787662394
 20
2.7909143479250664
 10
10.149611787662394
 20
3.127030682890483
 10
10.137246246166505
 20
3.131190680607476
  0
HATCH
  5
6BB
330
17
100
AcDbEntity
  8
A-MASS
 62
7
420
11974326
100
AcDbHatch
 10
0.0
 20
0.0
 30
0.0
210
0.0
220
0.0
230
1.0
  2
SOLID
 70
1
 71
0
 91
1
 92
3
 72
0
 73
1
 93
4
 10
10.395003854441624
 20
2.7871429399124747
 10
10.407922458912948
 20
2.7909143479250664
 10
10.407922458912948
 20
3.127030682890483
 10
10.395003854441624
 20
3.1232592748778916
 97
0
 75
0
 76
1
 98
0
  0
LWPOLYLINE
  5
6BC
330
17
100
AcDbEntity
  8
A-MASS
100
AcDbPolyline
 90
4
 70
1
 10
10.395003854441624
 20
2.7871429399124747
 10
10.407922458912948
 20
2.7909143479250664
 10
10.407922458912948
 20
3.127030682890483
 10
10.395003854441624
 20
3.1232592748778916
  0
HATCH
  5
6BD
330
17
100
AcDbEntity
  8
A-MASS
 62
7
420
9868950
100
AcDbHatch
 10
0.0
 20
0.0
 30
0.0
210
0.0
220
0.0
230
1.0
  2
SOLID
 70
1
 71
0
 91
1
 92
3
 72
0
 73
1
 93
4
 10
10.149611787662394
 20
2.7909143479250664
 10
10.162530392133718
 20
2.7871429399124747
 10
10.162530392133718
 20
3.1232592748778916
 10
10.149611787662394
 20
3.127030682890483
 97
0
 75
0
 76
1
 98
0
  0
LWPOLYLINE
  5
6BE
330
17
100
AcDbEntity
  8
A-MASS
100
AcDbPolyline
 90
4
 70
1
 10
10.149611787662394
 20
2.7909143479250664
 10
10.162530392133718
 20
2.7871429399124747
 10
10.162530392133718
 20
3.1232592748778916
 10
10.149611787662394
 20
3.127030682890483
  0
HATCH
  5
6BF
330
17
100
AcDbEntity
  8
A-MASS
 62
7
420
11974326
100
AcDbHatch
 10
0.0
 20
0.0
 30
0.0
210
0.0
220
0.0
230
1.0
  2
SOLID
 70
1
 71
0
 91
1
 92
3
 72
0
 73
1
 93
4
 10
10.38158750644251
 20
2.783776271352392
 10
10.395003854441624
 20
2.7871429399124747
 10
10.395003854441624
 20
3.1232592748778916
 10
10.38158750644251
 20
3.119892606317809
 97
0
 75
0
 76
1
 98
0
  0
LWPOLYLINE
  5
6C0
330
17
100
AcDbEntity
  8
A-MASS
100
AcDbPolyline
 90
4
 70
1
 10
10.38158750644251
 20
2.783776271352392
 10
10.395003854441624
 20
2.7871429399124747
 10
10.395003854441624
 20
3.1232592748778916
 10
10.38158750644251
 20
3.119892606317809
  0
HATCH
  5
6C1
330
17
100
AcDbEntity
  8
A-MASS
 62
7
420
9868950
100
AcDbHatch
 10
0.0
 20
0.0
 30
0.0
210
0.0
220
0.0
230
1.0
  2
SOLID
 70
1
 71
0
 91
1
 92
3
 72
0
 73
1
 93
4
 10
10.162530392133718
 20
2.7871429399124747
 10
10.175946740132831
 20
2.7837762713523926
 10
10.175946740132831
 20
3.1198926063178094
 10
10.162530392133718
 20
3.1232592748778916
 97
0
 75
0
 76
1
 98
0
  0
LWPOLYLINE
  5
6C2
330
17
100
AcDbEntity
  8
A-MASS
100
AcDbPolyline
 90
4
 70
1
 10
10.162530392133718
 20
2.7871429399124747
 10
10.175946740132831
 20
2.7837762713523926
 10
10.175946740132831
 20
3.1198926063178094
 10
10.162530392133718
 20
3.1232592748778916
  0
HATCH
  5
6C3
330
17
100
AcDbEntity
  8
A-MASS
 62
7
420
11974326
100
AcDbHatch
 10
0.0
 20
0.0
 30
0.0
210
0.0
220
0.0
230
1.0
  2
SOLID
 70
1
 71
0
 91
1
 92
3
 72
0
 73
1
 93
4
 10
10.367730865777457
 20
2.780828758836453
 10
10.38158750644251
 20
2.783776271352392
 10
10.38158750644251
 20
3.119892606317809
 10
10.367730865777457
 20
3.1169450938018697
 97
0
 75
0
 76
1
 98
0
  0
LWPOLYLINE
  5
6C4
330
17
100
AcDbEntity
  8
A-MASS
100
AcDbPolyline
 90
4
 70
1
 10
10.367730865777457
 20
2.780828758836453
 10
10.38158750644251
 20
2.783776271352392
 10
10.38158750644251
 20
3.119892606317809
 10
10.367730865777457
 20
3.1169450938018697
  0
HATCH
  5
6C5
330
17
100
AcDbEntity
  8
A-MASS
 62
7
420
9868950
100
AcDbHatch
 10
0.0
 20
0.0
 30
0.0
210
0.0
220
0.0
230
1.0
  2
SOLID
 70
1
 71
0
 91
1
 92
3
 72
0
 73
1
 93
4
 10
10.175946740132831
 20
2.7837762713523926
 10
10.189803380797885
 20
2.780828758836453
 10
10.189803380797885
 20
3.1169450938018697
 10
10.175946740132831
 20
3.1198926063178094
 97
0
 75
0
 76
1
 98
0
  0
LWPOLYLINE
  5
6C6
330
17
100
AcDbEntity
  8
A-MASS
100
AcDbPolyline
 90
4
 70
1
 10
10.175946740132831
 20
2.7837762713523926
 10
10.189803380797885
 20
2.780828758836453
 10
10.189803380797885
 20
3.1169450938018697
 10
10.175946740132831
 20
3.1198926063178094
  0
HATCH
  5
6C7
330
17
100
AcDbEntity
  8
A-MASS
 62
7
420
11974326
100
AcDbHatch
 10
0.0
 20
0.0
 30
0.0
210
0.0
220
0.0
230
1.0
  2
SOLID
 70
1
 71
0
 91
1
 92
3
 72
0
 73
1
 93
4
 10
10.3534932687091
 20
2.778313024065761
 10
10.367730865777457
 20
2.780828758836453
 10
10.367730865777457
 20
3.1169450938018697
 10
10.3534932687091
 20
3.1144293590311776
 97
0
 75
0
 76
1
 98
0
  0
LWPOLYLINE
  5
6C8
330
17
100
AcDbEntity
  8
A-MASS
100
AcDbPolyline
 90
4
 70
1
 10
10.3534932687091
 20
2.778313024065761
 10
10.367730865777457
 20
2.780828758836453
 10
10.367730865777457
 20
3.1169450938018697
 10
10.3534932687091
 20
3.1144293590311776
  0
HATCH
  5
6C9
330
17
100
AcDbEntity
  8
A-MASS
 62
7
420
9868950
100
AcDbHatch
 10
0.0
 20
0.0
 30
0.0
210
0.0
220
0.0
230
1.0
  2
SOLID
 70
1
 71
0
 91
1
 92
3
 72
0
 73
1
 93
4
 10
10.189803380797885
 20
2.780828758836453
 10
10.204040977866242
 20
2.778313024065761
 10
10.204040977866242
 20
3.1144293590311776
 10
10.189803380797885
 20
3.1169450938018697
 97
0
 75
0
 76
1
 98
0
  0
LWPOLYLINE
  5
6CA
330
17
100
AcDbEntity
  8
A-MASS
100
AcDbPolyline
 90
4
 70
1
 10
10.189803380797885
 20
2.780828758836453
 10
10.204040977866242
 20
2.778313024065761
 10
10.204040977866242
 20
3.1144293590311776
 10
10.189803380797885
 20
3.1169450938018697
  0
HATCH
  5
6CB
330
17
100
AcDbEntity
  8
A-MASS
 62
7
420
11974326
100
AcDbHatch
 10
0.0
 20
0.0
 30
0.0
210
0.0
220
0.0
230
1.0
  2
SOLID
 70
1
 71
0
 91
1
 92
3
 72
0
 73
1
 93
4
 10
10.33893568281388
 20
2.7762398398028267
 10
10.3534932687091
 20
2.778313024065761
 10
10.3534932687091
 20
3.1144293590311776
 10
10.33893568281388
 20
3.112356174768243
 97
0
 75
0
 76
1
 98
0
  0
LWPOLYLINE
  5
6CC
330
17
100
AcDbEntity
  8
A-MASS
100
AcDbPolyline
 90
4
 70
1
 10
10.33893568281388
 20
2.7762398398028267
 10
10.3534932687091
 20
2.778313024065761
 10
10.3534932687091
 20
3.1144293590311776
 10
10.33893568281388
 20
3.112356174768243
  0
HATCH
  5
6CD
330
17
100
AcDbEntity
  8
A-MASS
 62
7
420
9868950
100
AcDbHatch
 10
0.0
 20
0.0
 30
0.0
210
0.0
220
0.0
230
1.0
  2
SOLID
 70
1
 71
0
 91
1
 92
3
 72
0
 73
1
 93
4
 10
10.204040977866242
 20
2.778313024065761
 10
10.218598563761462
 20
2.7762398398028267
 10
10.218598563761462
 20
3.1123561747682436
 10
10.204040977866242
 20
3.1144293590311776
 97
0
 75
0
 76
1
 98
0
  0
LWPOLYLINE
  5
6CE
330
17
100
AcDbEntity
  8
A-MASS
100
AcDbPolyline
 90
4
 70
1
 10
10.204040977866242
 20
2.778313024065761
 10
10.218598563761462
 20
2.7762398398028267
 10
10.218598563761462
 20
3.1123561747682436
 10
10.204040977866242
 20
3.1144293590311776
  0
HATCH
  5
6CF
330
17
100
AcDbEntity
  8
A-MASS
 62
7
420
9868950
100
AcDbHatch
 10
0.0
 20
0.0
 30
0.0
210
0.0
220
0.0
230
1.0
  2
SOLID
 70
1
 71
0
 91
1
 92
3
 72
0
 73
1
 93
4
 10
10.218598563761462
 20
2.7762398398028267
 10
10.233413800665817
 20
2.7746180837409447
 10
10.233413800665817
 20
3.1107344187063615
 10
10.218598563761462
 20
3.1123561747682436
 97
0
 75
0
 76
1
 98
0
  0
LWPOLYLINE
  5
6D0
330
17
100
AcDbEntity
  8
A-MASS
100
AcDbPolyline
 90
4
 70
1
 10
10.218598563761462
 20
2.7762398398028267
 10
10.233413800665817
 20
2.7746180837409447
 10
10.233413800665817
 20
3.1107344187063615
 10
10.218598563761462
 20
3.1123561747682436
  0
HATCH
  5
6D1
330
17
100
AcDbEntity
  8
A-MASS
 62
7
420
11974326
100
AcDbHatch
 10
0.0
 20
0.0
 30
0.0
210
0.0
220
0.0
230
1.0
  2
SOLID
 70
1
 71
0
 91
1
 92
3
 72
0
 73
1
 93
4
 10
10.324120445909525
 20
2.7746180837409447
 10
10.33893568281388
 20
2.7762398398028267
 10
10.33893568281388
 20
3.112356174768243
 10
10.324120445909525
 20
3.1107344187063615
 97
0
 75
0
 76
1
 98
0
  0
LWPOLYLINE
  5
6D2
330
17
100
AcDbEntity
  8
A-MASS
100
AcDbPolyline
 90
4
 70
1
 10
10.324120445909525
 20
2.7746180837409447
 10
10.33893568281388
 20
2.7762398398028267
 10
10.33893568281388
 20
3.112356174768243
 10
10.324120445909525
 20
3.1107344187063615
  0
HATCH
  5
6D3
330
17
100
AcDbEntity
  8
A-MASS
 62
7
420
11974326
100
AcDbHatch
 10
0.0
 20
0.0
 30
0.0
210
0.0
220
0.0
230
1.0
  2
SOLID
 70
1
 71
0
 91
1
 92
3
 72
0
 73
1
 93
4
 10
10.309110999114933
 20
2.773454700488549
 10
10.324120445909525
 20
2.7746180837409447
 10
10.324120445909525
 20
3.1107344187063615
 10
10.309110999114933
 20
3.109571035453966
 97
0
 75
0
 76
1
 98
0
  0
LWPOLYLINE
  5
6D4
330
17
100
AcDbEntity
  8
A-MASS
100
AcDbPolyline
 90
4
 70
1
 10
10.309110999114933
 20
2.773454700488549
 10
10.324120445909525
 20
2.7746180837409447
 10
10.324120445909525
 20
3.1107344187063615
 10
10.309110999114933
 20
3.109571035453966
  0
HATCH
  5
6D5
330
17
100
AcDbEntity
  8
A-MASS
 62
7
420
9868950
100
AcDbHatch
 10
0.0
 20
0.0
 30
0.0
210
0.0
220
0.0
230
1.0
  2
SOLID
 70
1
 71
0
 91
1
 92
3
 72
0
 73
1
 93
4
 10
10.233413800665817
 20
2.7746180837409447
 10
10.248423247460408
 20
2.773454700488549
 10
10.248423247460408
 20
3.109571035453966
 10
10.233413800665817
 20
3.1107344187063615
 97
0
 75
0
 76
1
 98
0
  0
LWPOLYLINE
  5
6D6
330
17
100
AcDbEntity
  8
A-MASS
100
AcDbPolyline
 90
4
 70
1
 10
10.233413800665817
 20
2.7746180837409447
 10
10.248423247460408
 20
2.773454700488549
 10
10.248423247460408
 20
3.109571035453966
 10
10.233413800665817
 20
3.1107344187063615
  0
HATCH
  5
6D7
330
17
100
AcDbEntity
  8
A-MASS
 62
7
420
9868950
100
AcDbHatch
 10
0.0
 20
0.0
 30
0.0
210
0.0
220
0.0
230
1.0
  2
SOLID
 70
1
 71
0
 91
1
 92
3
 72
0
 73
1
 93
4
 10
10.248423247460408
 20
2.773454700488549
 10
10.263562631389767
 20
2.7727546718313323
 10
10.263562631389767
 20
3.108871006796749
 10
10.248423247460408
 20
3.109571035453966
 97
0
 75
0
 76
1
 98
0
  0
LWPOLYLINE
  5
6D8
330
17
100
AcDbEntity
  8
A-MASS
100
AcDbPolyline
 90
4
 70
1
 10
10.248423247460408
 20
2.773454700488549
 10
10.263562631389767
 20
2.7727546718313323
 10
10.263562631389767
 20
3.108871006796749
 10
10.248423247460408
 20
3.109571035453966
  0
HATCH
  5
6D9
330
17
100
AcDbEntity
  8
A-MASS
 62
7
420
11974326
100
AcDbHatch
 10
0.0
 20
0.0
 30
0.0
210
0.0
220
0.0
230
1.0
  2
SOLID
 70
1
 71
0
 91
1
 92
3
 72
0
 73
1
 93
4
 10
10.293971615185574
 20
2.7727546718313323
 10
10.309110999114933
 20
2.773454700488549
 10
10.309110999114933
 20
3.109571035453966
 10
10.293971615185574
 20
3.108871006796749
 97
0
 75
0
 76
1
 98
0
  0
LWPOLYLINE
  5
6DA
330
17
100
AcDbEntity
  8
A-MASS
100
AcDbPolyline
 90
4
 70
1
 10
10.293971615185574
 20
2.7727546718313323
 10
10.309110999114933
 20
2.773454700488549
 10
10.309110999114933
 20
3.109571035453966
 10
10.293971615185574
 20
3.108871006796749
  0
HATCH
  5
6DB
330
17
100
AcDbEntity
  8
A-MASS
 62
7
420
11974326
100
AcDbHatch
 10
0.0
 20
0.0
 30
0.0
210
0.0
220
0.0
230
1.0
  2
SOLID
 70
1
 71
0
 91
1
 92
3
 72
0
 73
1
 93
4
 10
10.278767123287672
 20
2.772520995399475
 10
10.293971615185574
 20
2.7727546718313323
 10
10.293971615185574
 20
3.108871006796749
 10
10.278767123287672
 20
3.1086373303648913
 97
0
 75
0
 76
1
 98
0
  0
LWPOLYLINE
  5
6DC
330
17
100
AcDbEntity
  8
A-MASS
100
AcDbPolyline
 90
4
 70
1
 10
10.278767123287672
 20
2.772520995399475
 10
10.293971615185574
 20
2.7727546718313323
 10
10.293971615185574
 20
3.108871006796749
 10
10.278767123287672
 20
3.1086373303648913
  0
HATCH
  5
6DD
330
17
100
AcDbEntity
  8
A-MASS
 62
7
420
9868950
100
AcDbHatch
 10
0.0
 20
0.0
 30
0.0
210
0.0
220
0.0
230
1.0
  2
SOLID
 70
1
 71
0
 91
1
 92
3
 72
0
 73
1
 93
4
 10
10.263562631389767
 20
2.7727546718313323
 10
10.278767123287672
 20
2.772520995399475
 10
10.278767123287672
 20
3.1086373303648913
 10
10.263562631389767
 20
3.108871006796749
 97
0
 75
0
 76
1
 98
0
  0
LWPOLYLINE
  5
6DE
330
17
100
AcDbEntity
  8
A-MASS
100
AcDbPolyline
 90
4
 70
1
 10
10.263562631389767
 20
2.7727546718313323
 10
10.278767123287672
 20
2.772520995399475
 10
10.278767123287672
 20
3.1086373303648913
 10
10.263562631389767
 20
3.108871006796749
  0
HATCH
  5
6DF
330
17
100
AcDbEntity
  8
A-MASS
 62
7
420
15000804
100
AcDbHatch
 10
0.0
 20
0.0
 30
0.0
210
0.0
220
0.0
230
1.0
  2
SOLID
 70
1
 71
0
 91
1
 92
3
 72
0
 73
1
 93
100
 10
8.717123287671232
 20
3.950924382042633
 10
8.70672404616952
 20
3.9457117655038965
 10
8.697073251464023
 20
3.940191001810294
 10
8.688212229739284
 20
3.934385731719526
 10
8.680178925250697
 20
3.9283208142893606
 10
8.673007737841381
 20
3.9220222204273374
 10
8.66672937563676
 20
3.915516921679352
 10
8.661370723547668
 20
3.908832774733354
 10
8.656954728145024
 20
3.901998402132736
 10
8.653500299399099
 20
3.895043069710205
 10
8.651022229704116
 20
3.8879965612669967
 10
8.649531130534951
 20
3.880889051034065
 10
8.649033387007162
 20
3.8737509744613905
 10
8.649531130534951
 20
3.866612897888717
 10
8.651022229704116
 20
3.8595053876557848
 10
8.653500299399099
 20
3.8524588792125765
 10
8.656954728145024
 20
3.8455035467900456
 10
8.661370723547668
 20
3.838669174189427
 10
8.66672937563676
 20
3.8319850272434293
 10
8.673007737841381
 20
3.825479728495444
 10
8.680178925250697
 20
3.8191811346334212
 10
8.688212229739284
 20
3.8131162172032558
 10
8.697073251464023
 20
3.807310947112487
 10
8.706724046169521
 20
3.801790183418885
 10
8.717123287671232
 20
3.7965775668801482
 10
10.114383561643836
 20
3.1406036024395885
 10
10.12548671879313
 20
3.135721454279992
 10
10.137246246166505
 20
3.131190680607476
 10
10.149611787662394
 20
3.127030682890483
 10
10.162530392133718
 20
3.1232592748778916
 10
10.175946740132831
 20
3.1198926063178094
 10
10.189803380797885
 20
3.1169450938018697
 10
10.204040977866242
 20
3.1144293590311776
 10
10.218598563761462
 20
3.1123561747682436
 10
10.233413800665817
 20
3.1107344187063615
 10
10.248423247460408
 20
3.109571035453966
 10
10.263562631389767
 20
3.108871006796749
 10
10.278767123287672
 20
3.1086373303648913
 10
10.293971615185574
 20
3.108871006796749
 10
10.309110999114933
 20
3.109571035453966
 10
10.324120445909525
 20
3.1107344187063615
 10
10.33893568281388
 20
3.112356174768243
 10
10.3534932687091
 20
3.1144293590311776
 10
10.367730865777457
 20
3.1169450938018697
 10
10.38158750644251
 20
3.119892606317809
 10
10.395003854441624
 20
3.1232592748778916
 10
10.407922458912948
 20
3.127030682890483
 10
10.420288000408837
 20
3.131190680607476
 10
10.432047527782213
 20
3.135721454279992
 10
10.443150684931506
 20
3.1406036024395885
 10
12.185616438356163
 20
3.9586417228007575
 10
12.196015679857876
 20
3.963854339339494
 10
12.205666474563374
 20
3.969375103033096
 10
12.214527496288113
 20
3.9751803731238646
 10
12.2225608007767
 20
3.98124529055403
 10
12.229731988186016
 20
3.987543884416053
 10
12.236010350390638
 20
3.9940491831640386
 10
12.241369002479729
 20
4.0007333301100365
 10
12.245784997882373
 20
4.007567702710655
 10
12.249239426628298
 20
4.014523035133186
 10
12.25171749632328
 20
4.021569543576394
 10
12.253208595492445
 20
4.028677053809326
 10
12.253706339020235
 20
4.035815130382
 10
12.253208595492445
 20
4.042953206954674
 10
12.25171749632328
 20
4.0500607171876055
 10
12.249239426628298
 20
4.057107225630814
 10
12.245784997882373
 20
4.064062558053345
 10
12.241369002479729
 20
4.070896930653963
 10
12.236010350390638
 20
4.077581077599961
 10
12.229731988186016
 20
4.084086376347947
 10
12.2225608007767
 20
4.0903849702099695
 10
12.214527496288113
 20
4.0964498876401345
 10
12.205666474563374
 20
4.102255157730903
 10
12.196015679857876
 20
4.107775921424506
 10
12.185616438356163
 20
4.112988537963242
 10
10.788356164383561
 20
4.768962502403802
 10
10.777253007234266
 20
4.773844650563398
 10
10.765493479860892
 20
4.778375424235914
 10
10.753127938365003
 20
4.7825354219529075
 10
10.740209333893679
 20
4.786306829965499
 10
10.726792985894566
 20
4.789673498525581
 10
10.712936345229512
 20
4.79262101104152
 10
10.698698748161153
 20
4.795136745812213
 10
10.684141162265934
 20
4.797209930075147
 10
10.66932592536158
 20
4.798831686137029
 10
10.654316478566988
 20
4.799995069389425
 10
10.639177094637628
 20
4.800695098046641
 10
10.623972602739725
 20
4.800928774478499
 10
10.608768110841822
 20
4.800695098046642
 10
10.593628726912463
 20
4.799995069389425
 10
10.578619280117872
 20
4.798831686137029
 10
10.563804043213516
 20
4.797209930075147
 10
10.549246457318297
 20
4.795136745812212
 10
10.53500886024994
 20
4.79262101104152
 10
10.521152219584886
 20
4.789673498525581
 10
10.507735871585773
 20
4.786306829965499
 10
10.494817267114449
 20
4.7825354219529075
 10
10.48245172561856
 20
4.778375424235914
 10
10.470692198245183
 20
4.773844650563398
 10
10.45958904109589
 20
4.768962502403802
 97
0
 75
0
 76
1
 98
0
  0
LWPOLYLINE
  5
6E0
330
17
100
AcDbEntity
  8
A-MASS
100
AcDbPolyline
 90
100
 70
1
 10
8.717123287671232
 20
3.950924382042633
 10
8.70672404616952
 20
3.9457117655038965
 10
8.697073251464023
 20
3.940191001810294
 10
8.688212229739284
 20
3.934385731719526
 10
8.680178925250697
 20
3.9283208142893606
 10
8.673007737841381
 20
3.9220222204273374
 10
8.66672937563676
 20
3.915516921679352
 10
8.661370723547668
 20
3.908832774733354
 10
8.656954728145024
 20
3.901998402132736
 10
8.653500299399099
 20
3.895043069710205
 10
8.651022229704116
 20
3.8879965612669967
 10
8.649531130534951
 20
3.880889051034065
 10
8.649033387007162
 20
3.8737509744613905
 10
8.649531130534951
 20
3.866612897888717
 10
8.651022229704116
 20
3.8595053876557848
 10
8.653500299399099
 20
3.8524588792125765
 10
8.656954728145024
 20
3.8455035467900456
 10
8.661370723547668
 20
3.838669174189427
 10
8.66672937563676
 20
3.8319850272434293
 10
8.673007737841381
 20
3.825479728495444
 10
8.680178925250697
 20
3.8191811346334212
 10
8.688212229739284
 20
3.8131162172032558
 10
8.697073251464023
 20
3.807310947112487
 10
8.706724046169521
 20
3.801790183418885
 10
8.717123287671232
 20
3.7965775668801482
 10
10.114383561643836
 20
3.1406036024395885
 10
10.12548671879313
 20
3.135721454279992
 10
10.137246246166505
 20
3.131190680607476
 10
10.149611787662394
 20
3.127030682890483
 10
10.162530392133718
 20
3.1232592748778916
 10
10.175946740132831
 20
3.1198926063178094
 10
10.189803380797885
 20
3.1169450938018697
 10
10.204040977866242
 20
3.1144293590311776
 10
10.218598563761462
 20
3.1123561747682436
 10
10.233413800665817
 20
3.1107344187063615
 10
10.248423247460408
 20
3.109571035453966
 10
10.263562631389767
 20
3.108871006796749
 10
10.278767123287672
 20
3.1086373303648913
 10
10.293971615185574
 20
3.108871006796749
 10
10.309110999114933
 20
3.109571035453966
 10
10.324120445909525
 20
3.1107344187063615
 10
10.33893568281388
 20
3.112356174768243
 10
10.3534932687091
 20
3.1144293590311776
 10
10.367730865777457
 20
3.1169450938018697
 10
10.38158750644251
 20
3.119892606317809
 10
10.395003854441624
 20
3.1232592748778916
 10
10.407922458912948
 20
3.127030682890483
 10
10.420288000408837
 20
3.131190680607476
 10
10.432047527782213
 20
3.135721454279992
 10
10.443150684931506
 20
3.1406036024395885
 10
12.185616438356163
 20
3.9586417228007575
 10
12.196015679857876
 20
3.963854339339494
 10
12.205666474563374
 20
3.969375103033096
 10
12.214527496288113
 20
3.9751803731238646
 10
12.2225608007767
 20
3.98124529055403
 10
12.229731988186016
 20
3.987543884416053
 10
12.236010350390638
 20
3.9940491831640386
 10
12.241369002479729
 20
4.0007333301100365
 10
12.245784997882373
 20
4.007567702710655
 10
12.249239426628298
 20
4.014523035133186
 10
12.25171749632328
 20
4.021569543576394
 10
12.253208595492445
 20
4.028677053809326
 10
12.253706339020235
 20
4.035815130382
 10
12.253208595492445
 20
4.042953206954674
 10
12.25171749632328
 20
4.0500607171876055
 10
12.249239426628298
 20
4.057107225630814
 10
12.245784997882373
 20
4.064062558053345
 10
12.241369002479729
 20
4.070896930653963
 10
12.236010350390638
 20
4.077581077599961
 10
12.229731988186016
 20
4.084086376347947
 10
12.2225608007767
 20
4.0903849702099695
 10
12.214527496288113
 20
4.0964498876401345
 10
12.205666474563374
 20
4.102255157730903
 10
12.196015679857876
 20
4.107775921424506
 10
12.185616438356163
 20
4.112988537963242
 10
10.788356164383561
 20
4.768962502403802
 10
10.777253007234266
 20
4.773844650563398
 10
10.765493479860892
 20
4.778375424235914
 10
10.753127938365003
 20
4.7825354219529075
 10
10.740209333893679
 20
4.786306829965499
 10
10.726792985894566
 20
4.789673498525581
 10
10.712936345229512
 20
4.79262101104152
 10
10.698698748161153
 20
4.795136745812213
 10
10.684141162265934
 20
4.797209930075147
 10
10.66932592536158
 20
4.798831686137029
 10
10.654316478566988
 20
4.799995069389425
 10
10.639177094637628
 20
4.800695098046641
 10
10.623972602739725
 20
4.800928774478499
 10
10.608768110841822
 20
4.800695098046642
 10
10.593628726912463
 20
4.799995069389425
 10
10.578619280117872
 20
4.798831686137029
 10
10.563804043213516
 20
4.797209930075147
 10
10.549246457318297
 20
4.795136745812212
 10
10.53500886024994
 20
4.79262101104152
 10
10.521152219584886
 20
4.789673498525581
 10
10.507735871585773
 20
4.786306829965499
 10
10.494817267114449
 20
4.7825354219529075
 10
10.48245172561856
 20
4.778375424235914
 10
10.470692198245183
 20
4.773844650563398
 10
10.45958904109589
 20
4.768962502403802
  0
HATCH
  5
6E1
330
17
100
AcDbEntity
  8
A-MASS
 62
7
420
1381653
100
AcDbHatch
 10
0.0
 20
0.0
 30
0.0
210
0.0
220
0.0
230
1.0
  2
SOLID
 70
1
 71
0
 91
1
 92
3
 72
0
 73
1
 93
4
 10
11.914383561643834
 20
3.4951892653262906
 10
11.963698630136985
 20
3.5183412876006637
 10
11.963698630136985
 20
3.600446041180002
 10
11.914383561643834
 20
3.5772940189056293
 97
0
 75
0
 76
1
 98
0
  0
LWPOLYLINE
  5
6E2
330
17
100
AcDbEntity
  8
A-MASS
100
AcDbPolyline
 90
4
 70
1
 10
11.914383561643834
 20
3.4951892653262906
 10
11.963698630136985
 20
3.5183412876006637
 10
11.963698630136985
 20
3.600446041180002
 10
11.914383561643834
 20
3.5772940189056293
  0
HATCH
  5
6E3
330
17
100
AcDbEntity
  8
A-MASS
 62
7
420
1381653
100
AcDbHatch
 10
0.0
 20
0.0
 30
0.0
210
0.0
220
0.0
230
1.0
  2
SOLID
 70
1
 71
0
 91
1
 92
3
 72
0
 73
1
 93
4
 10
11.51986301369863
 20
3.309973087131309
 10
11.569178082191781
 20
3.3331251094056817
 10
11.569178082191781
 20
3.4152298629850204
 10
11.51986301369863
 20
3.3920778407106478
 97
0
 75
0
 76
1
 98
0
  0
LWPOLYLINE
  5
6E4
330
17
100
AcDbEntity
  8
A-MASS
100
AcDbPolyline
 90
4
 70
1
 10
11.51986301369863
 20
3.309973087131309
 10
11.569178082191781
 20
3.3331251094056817
 10
11.569178082191781
 20
3.4152298629850204
 10
11.51986301369863
 20
3.3920778407106478
  0
HATCH
  5
6E5
330
17
100
AcDbEntity
  8
A-MASS
 62
7
420
1381653
100
AcDbHatch
 10
0.0
 20
0.0
 30
0.0
210
0.0
220
0.0
230
1.0
  2
SOLID
 70
1
 71
0
 91
1
 92
3
 72
0
 73
1
 93
4
 10
10.82945205479452
 20
2.9858447752900914
 10
10.878767123287671
 20
3.008996797564464
 10
10.878767123287671
 20
3.0911015511438027
 10
10.82945205479452
 20
3.0679495288694296
 97
0
 75
0
 76
1
 98
0
  0
LWPOLYLINE
  5
6E6
330
17
100
AcDbEntity
  8
A-MASS
100
AcDbPolyline
 90
4
 70
1
 10
10.82945205479452
 20
2.9858447752900914
 10
10.878767123287671
 20
3.008996797564464
 10
10.878767123287671
 20
3.0911015511438027
 10
10.82945205479452
 20
3.0679495288694296
  0
HATCH
  5
6E7
330
17
100
AcDbEntity
  8
A-MASS
 62
7
420
1118481
100
AcDbHatch
 10
0.0
 20
0.0
 30
0.0
210
0.0
220
0.0
230
1.0
  2
SOLID
 70
1
 71
0
 91
1
 92
3
 72
0
 73
1
 93
4
 10
9.903421917808219
 20
2.903527760093559
 10
9.95273698630137
 20
2.8803757378191865
 10
9.95273698630137
 20
2.9624804913985248
 10
9.903421917808219
 20
2.985632513672898
 97
0
 75
0
 76
1
 98
0
  0
LWPOLYLINE
  5
6E8
330
17
100
AcDbEntity
  8
A-MASS
100
AcDbPolyline
 90
4
 70
1
 10
9.903421917808219
 20
2.903527760093559
 10
9.95273698630137
 20
2.8803757378191865
 10
9.95273698630137
 20
2.9624804913985248
 10
9.903421917808219
 20
2.985632513672898
  0
HATCH
  5
6E9
330
17
100
AcDbEntity
  8
A-MASS
 62
7
420
1118481
100
AcDbHatch
 10
0.0
 20
0.0
 30
0.0
210
0.0
220
0.0
230
1.0
  2
SOLID
 70
1
 71
0
 91
1
 92
3
 72
0
 73
1
 93
4
 10
9.203287671232877
 20
3.2322208789932074
 10
9.252602739726028
 20
3.209068856718835
 10
9.252602739726028
 20
3.291173610298173
 10
9.203287671232877
 20
3.3143256325725456
 97
0
 75
0
 76
1
 98
0
  0
LWPOLYLINE
  5
6EA
330
17
100
AcDbEntity
  8
A-MASS
100
AcDbPolyline
 90
4
 70
1
 10
9.203287671232877
 20
3.2322208789932074
 10
9.252602739726028
 20
3.209068856718835
 10
9.252602739726028
 20
3.291173610298173
 10
9.203287671232877
 20
3.3143256325725456
  0
HATCH
  5
6EB
330
17
100
AcDbEntity
  8
A-MASS
 62
7
420
1381653
100
AcDbHatch
 10
0.0
 20
0.0
 30
0.0
210
0.0
220
0.0
230
1.0
  2
SOLID
 70
1
 71
0
 91
1
 92
3
 72
0
 73
1
 93
4
 10
12.062328767123287
 20
3.564645332149409
 10
12.111643835616437
 20
3.5877973544237816
 10
12.111643835616437
 20
3.6699021080031202
 10
12.062328767123287
 20
3.646750085728747
 97
0
 75
0
 76
1
 98
0
  0
LWPOLYLINE
  5
6EC
330
17
100
AcDbEntity
  8
A-MASS
100
AcDbPolyline
 90
4
 70
1
 10
12.062328767123287
 20
3.564645332149409
 10
12.111643835616437
 20
3.5877973544237816
 10
12.111643835616437
 20
3.6699021080031202
 10
12.062328767123287
 20
3.646750085728747
  0
HATCH
  5
6ED
330
17
100
AcDbEntity
  8
A-MASS
 62
7
420
13487565
100
AcDbHatch
 10
0.0
 20
0.0
 30
0.0
210
0.0
220
0.0
230
1.0
  2
SOLID
 70
1
 71
0
 91
1
 92
3
 72
0
 73
1
 93
4
 10
11.667808219178081
 20
4.188628807394042
 10
10.344520547945205
 20
4.8098747384230425
 10
8.602054794520548
 20
3.9918366180618734
 10
9.925342465753424
 20
3.370590687032873
 97
0
 75
0
 76
1
 98
0
  0
LWPOLYLINE
  5
6EE
330
17
100
AcDbEntity
  8
A-MASS
100
AcDbPolyline
 90
4
 70
1
 10
11.667808219178081
 20
4.188628807394042
 10
10.344520547945205
 20
4.8098747384230425
 10
8.602054794520548
 20
3.9918366180618734
 10
9.925342465753424
 20
3.370590687032873
  0
HATCH
  5
6EF
330
17
100
AcDbEntity
  8
A-MASS
 62
7
420
8882055
100
AcDbHatch
 10
0.0
 20
0.0
 30
0.0
210
0.0
220
0.0
230
1.0
  2
SOLID
 70
1
 71
0
 91
1
 92
3
 72
0
 73
1
 93
4
 10
8.602054794520548
 20
3.896902996735763
 10
9.925342465753424
 20
3.2756570657067625
 10
9.925342465753424
 20
3.370590687032873
 10
8.602054794520548
 20
3.9918366180618734
 97
0
 75
0
 76
1
 98
0
  0
LWPOLYLINE
  5
6F0
330
17
100
AcDbEntity
  8
A-MASS
100
AcDbPolyline
 90
4
 70
1
 10
8.602054794520548
 20
3.896902996735763
 10
9.925342465753424
 20
3.2756570657067625
 10
9.925342465753424
 20
3.370590687032873
 10
8.602054794520548
 20
3.9918366180618734
  0
HATCH
  5
6F1
330
17
100
AcDbEntity
  8
A-MASS
 62
7
420
10790052
100
AcDbHatch
 10
0.0
 20
0.0
 30
0.0
210
0.0
220
0.0
230
1.0
  2
SOLID
 70
1
 71
0
 91
1
 92
3
 72
0
 73
1
 93
4
 10
9.925342465753424
 20
3.2756570657067625
 10
11.667808219178081
 20
4.093695186067931
 10
11.667808219178081
 20
4.188628807394042
 10
9.925342465753424
 20
3.370590687032873
 97
0
 75
0
 76
1
 98
0
  0
LWPOLYLINE
  5
6F2
330
17
100
AcDbEntity
  8
A-MASS
100
AcDbPolyline
 90
4
 70
1
 10
9.925342465753424
 20
3.2756570657067625
 10
11.667808219178081
 20
4.093695186067931
 10
11.667808219178081
 20
4.188628807394042
 10
9.925342465753424
 20
3.370590687032873
  0
HATCH
  5
6F3
330
17
100
AcDbEntity
  8
A-MASS
 62
7
420
9868950
100
AcDbHatch
 10
0.0
 20
0.0
 30
0.0
210
0.0
220
0.0
230
1.0
  2
SOLID
 70
1
 71
0
 91
1
 92
3
 72
0
 73
1
 93
4
 10
8.522220245734824
 20
3.3890758299020822
 10
8.52227275823018
 20
3.387067013537567
 10
8.52227275823018
 20
3.723183348502984
 10
8.522220245734824
 20
3.725192164867499
 97
0
 75
0
 76
1
 98
0
  0
LWPOLYLINE
  5
6F4
330
17
100
AcDbEntity
  8
A-MASS
100
AcDbPolyline
 90
4
 70
1
 10
8.522220245734824
 20
3.3890758299020822
 10
8.52227275823018
 20
3.387067013537567
 10
8.52227275823018
 20
3.723183348502984
 10
8.522220245734824
 20
3.725192164867499
  0
HATCH
  5
6F5
330
17
100
AcDbEntity
  8
A-MASS
 62
7
420
11974326
100
AcDbHatch
 10
0.0
 20
0.0
 30
0.0
210
0.0
220
0.0
230
1.0
  2
SOLID
 70
1
 71
0
 91
1
 92
3
 72
0
 73
1
 93
4
 10
8.870877926701326
 20
3.387067013537567
 10
8.870909194189812
 20
3.388263122047009
 10
8.870909194189812
 20
3.724379457012426
 10
8.870877926701326
 20
3.723183348502984
 97
0
 75
0
 76
1
 98
0
  0
LWPOLYLINE
  5
6F6
330
17
100
AcDbEntity
  8
A-MASS
100
AcDbPolyline
 90
4
 70
1
 10
8.870877926701326
 20
3.387067013537567
 10
8.870909194189812
 20
3.388263122047009
 10
8.870909194189812
 20
3.724379457012426
 10
8.870877926701326
 20
3.723183348502984
  0
HATCH
  5
6F7
330
17
100
AcDbEntity
  8
A-MASS
 62
7
420
11974326
100
AcDbHatch
 10
0.0
 20
0.0
 30
0.0
210
0.0
220
0.0
230
1.0
  2
SOLID
 70
1
 71
0
 91
1
 92
3
 72
0
 73
1
 93
4
 10
8.870720420846819
 20
3.385059407208915
 10
8.870877926701326
 20
3.387067013537567
 10
8.870877926701326
 20
3.723183348502984
 10
8.870720420846819
 20
3.721175742174332
 97
0
 75
0
 76
1
 98
0
  0
LWPOLYLINE
  5
6F8
330
17
100
AcDbEntity
  8
A-MASS
100
AcDbPolyline
 90
4
 70
1
 10
8.870720420846819
 20
3.385059407208915
 10
8.870877926701326
 20
3.387067013537567
 10
8.870877926701326
 20
3.723183348502984
 10
8.870720420846819
 20
3.721175742174332
  0
HATCH
  5
6F9
330
17
100
AcDbEntity
  8
A-MASS
 62
7
420
9868950
100
AcDbHatch
 10
0.0
 20
0.0
 30
0.0
210
0.0
220
0.0
230
1.0
  2
SOLID
 70
1
 71
0
 91
1
 92
3
 72
0
 73
1
 93
4
 10
8.52227275823018
 20
3.387067013537567
 10
8.522430264084687
 20
3.385059407208915
 10
8.522430264084687
 20
3.721175742174332
 10
8.52227275823018
 20
3.723183348502984
 97
0
 75
0
 76
1
 98
0
  0
LWPOLYLINE
  5
6FA
330
17
100
AcDbEntity
  8
A-MASS
100
AcDbPolyline
 90
4
 70
1
 10
8.52227275823018
 20
3.387067013537567
 10
8.522430264084687
 20
3.385059407208915
 10
8.522430264084687
 20
3.721175742174332
 10
8.52227275823018
 20
3.723183348502984
  0
HATCH
  5
6FB
330
17
100
AcDbEntity
  8
A-MASS
 62
7
420
11974326
100
AcDbHatch
 10
0.0
 20
0.0
 30
0.0
210
0.0
220
0.0
230
1.0
  2
SOLID
 70
1
 71
0
 91
1
 92
3
 72
0
 73
1
 93
4
 10
8.870458016508799
 20
3.38305422022311
 10
8.870720420846819
 20
3.385059407208915
 10
8.870720420846819
 20
3.721175742174332
 10
8.870458016508799
 20
3.719170555188527
 97
0
 75
0
 76
1
 98
0
  0
LWPOLYLINE
  5
6FC
330
17
100
AcDbEntity
  8
A-MASS
100
AcDbPolyline
 90
4
 70
1
 10
8.870458016508799
 20
3.38305422022311
 10
8.870720420846819
 20
3.385059407208915
 10
8.870720420846819
 20
3.721175742174332
 10
8.870458016508799
 20
3.719170555188527
  0
HATCH
  5
6FD
330
17
100
AcDbEntity
  8
A-MASS
 62
7
420
9868950
100
AcDbHatch
 10
0.0
 20
0.0
 30
0.0
210
0.0
220
0.0
230
1.0
  2
SOLID
 70
1
 71
0
 91
1
 92
3
 72
0
 73
1
 93
4
 10
8.522430264084687
 20
3.385059407208915
 10
8.522692668422707
 20
3.38305422022311
 10
8.522692668422707
 20
3.719170555188527
 10
8.522430264084687
 20
3.721175742174332
 97
0
 75
0
 76
1
 98
0
  0
LWPOLYLINE
  5
6FE
330
17
100
AcDbEntity
  8
A-MASS
100
AcDbPolyline
 90
4
 70
1
 10
8.522430264084687
 20
3.385059407208915
 10
8.522692668422707
 20
3.38305422022311
 10
8.522692668422707
 20
3.719170555188527
 10
8.522430264084687
 20
3.721175742174332
  0
HATCH
  5
6FF
330
17
100
AcDbEntity
  8
A-MASS
 62
7
420
11974326
100
AcDbHatch
 10
0.0
 20
0.0
 30
0.0
210
0.0
220
0.0
230
1.0
  2
SOLID
 70
1
 71
0
 91
1
 92
3
 72
0
 73
1
 93
4
 10
8.870090871749827
 20
3.381052660429813
 10
8.870458016508799
 20
3.38305422022311
 10
8.870458016508799
 20
3.719170555188527
 10
8.870090871749827
 20
3.71716899539523
 97
0
 75
0
 76
1
 98
0
  0
LWPOLYLINE
  5
700
330
17
100
AcDbEntity
  8
A-MASS
100
AcDbPolyline
 90
4
 70
1
 10
8.870090871749827
 20
3.381052660429813
 10
8.870458016508799
 20
3.38305422022311
 10
8.870458016508799
 20
3.719170555188527
 10
8.870090871749827
 20
3.71716899539523
  0
HATCH
  5
701
330
17
100
AcDbEntity
  8
A-MASS
 62
7
420
9868950
100
AcDbHatch
 10
0.0
 20
0.0
 30
0.0
210
0.0
220
0.0
230
1.0
  2
SOLID
 70
1
 71
0
 91
1
 92
3
 72
0
 73
1
 93
4
 10
8.522692668422707
 20
3.38305422022311
 10
8.523059813181678
 20
3.381052660429813
 10
8.523059813181678
 20
3.71716899539523
 10
8.522692668422707
 20
3.719170555188527
 97
0
 75
0
 76
1
 98
0
  0
LWPOLYLINE
  5
702
330
17
100
AcDbEntity
  8
A-MASS
100
AcDbPolyline
 90
4
 70
1
 10
8.522692668422707
 20
3.38305422022311
 10
8.523059813181678
 20
3.381052660429813
 10
8.523059813181678
 20
3.71716899539523
 10
8.522692668422707
 20
3.719170555188527
  0
HATCH
  5
703
330
17
100
AcDbEntity
  8
A-MASS
 62
7
420
11974326
100
AcDbHatch
 10
0.0
 20
0.0
 30
0.0
210
0.0
220
0.0
230
1.0
  2
SOLID
 70
1
 71
0
 91
1
 92
3
 72
0
 73
1
 93
4
 10
8.86961920772418
 20
3.3790559334938
 10
8.870090871749827
 20
3.381052660429813
 10
8.870090871749827
 20
3.71716899539523
 10
8.86961920772418
 20
3.715172268459217
 97
0
 75
0
 76
1
 98
0
  0
LWPOLYLINE
  5
704
330
17
100
AcDbEntity
  8
A-MASS
100
AcDbPolyline
 90
4
 70
1
 10
8.86961920772418
 20
3.3790559334938
 10
8.870090871749827
 20
3.381052660429813
 10
8.870090871749827
 20
3.71716899539523
 10
8.86961920772418
 20
3.715172268459217
  0
HATCH
  5
705
330
17
100
AcDbEntity
  8
A-MASS
 62
7
420
9868950
100
AcDbHatch
 10
0.0
 20
0.0
 30
0.0
210
0.0
220
0.0
230
1.0
  2
SOLID
 70
1
 71
0
 91
1
 92
3
 72
0
 73
1
 93
4
 10
8.523059813181678
 20
3.381052660429813
 10
8.523531477207328
 20
3.3790559334938
 10
8.523531477207328
 20
3.715172268459217
 10
8.523059813181678
 20
3.71716899539523
 97
0
 75
0
 76
1
 98
0
  0
LWPOLYLINE
  5
706
330
17
100
AcDbEntity
  8
A-MASS
100
AcDbPolyline
 90
4
 70
1
 10
8.523059813181678
 20
3.381052660429813
 10
8.523531477207328
 20
3.3790559334938
 10
8.523531477207328
 20
3.715172268459217
 10
8.523059813181678
 20
3.71716899539523
  0
HATCH
  5
707
330
17
100
AcDbEntity
  8
A-MASS
 62
7
420
11974326
100
AcDbHatch
 10
0.0
 20
0.0
 30
0.0
210
0.0
220
0.0
230
1.0
  2
SOLID
 70
1
 71
0
 91
1
 92
3
 72
0
 73
1
 93
4
 10
8.869043308544626
 20
3.3770652421687157
 10
8.86961920772418
 20
3.3790559334938
 10
8.86961920772418
 20
3.715172268459217
 10
8.869043308544626
 20
3.7131815771341325
 97
0
 75
0
 76
1
 98
0
  0
LWPOLYLINE
  5
708
330
17
100
AcDbEntity
  8
A-MASS
100
AcDbPolyline
 90
4
 70
1
 10
8.869043308544626
 20
3.3770652421687157
 10
8.86961920772418
 20
3.3790559334938
 10
8.86961920772418
 20
3.715172268459217
 10
8.869043308544626
 20
3.7131815771341325
  0
HATCH
  5
709
330
17
100
AcDbEntity
  8
A-MASS
 62
7
420
9868950
100
AcDbHatch
 10
0.0
 20
0.0
 30
0.0
210
0.0
220
0.0
230
1.0
  2
SOLID
 70
1
 71
0
 91
1
 92
3
 72
0
 73
1
 93
4
 10
8.523531477207328
 20
3.3790559334938
 10
8.52410737638688
 20
3.3770652421687157
 10
8.52410737638688
 20
3.7131815771341325
 10
8.523531477207328
 20
3.715172268459217
 97
0
 75
0
 76
1
 98
0
  0
LWPOLYLINE
  5
70A
330
17
100
AcDbEntity
  8
A-MASS
100
AcDbPolyline
 90
4
 70
1
 10
8.523531477207328
 20
3.3790559334938
 10
8.52410737638688
 20
3.3770652421687157
 10
8.52410737638688
 20
3.7131815771341325
 10
8.523531477207328
 20
3.715172268459217
  0
HATCH
  5
70B
330
17
100
AcDbEntity
  8
A-MASS
 62
7
420
9868950
100
AcDbHatch
 10
0.0
 20
0.0
 30
0.0
210
0.0
220
0.0
230
1.0
  2
SOLID
 70
1
 71
0
 91
1
 92
3
 72
0
 73
1
 93
4
 10
8.52410737638688
 20
3.3770652421687157
 10
8.524787163820207
 20
3.3750817855725774
 10
8.524787163820207
 20
3.7111981205379942
 10
8.52410737638688
 20
3.7131815771341325
 97
0
 75
0
 76
1
 98
0
  0
LWPOLYLINE
  5
70C
330
17
100
AcDbEntity
  8
A-MASS
100
AcDbPolyline
 90
4
 70
1
 10
8.52410737638688
 20
3.3770652421687157
 10
8.524787163820207
 20
3.3750817855725774
 10
8.524787163820207
 20
3.7111981205379942
 10
8.52410737638688
 20
3.7131815771341325
  0
HATCH
  5
70D
330
17
100
AcDbEntity
  8
A-MASS
 62
7
420
11974326
100
AcDbHatch
 10
0.0
 20
0.0
 30
0.0
210
0.0
220
0.0
230
1.0
  2
SOLID
 70
1
 71
0
 91
1
 92
3
 72
0
 73
1
 93
4
 10
8.868363521111299
 20
3.375081785572577
 10
8.869043308544626
 20
3.3770652421687157
 10
8.869043308544626
 20
3.7131815771341325
 10
8.868363521111299
 20
3.711198120537994
 97
0
 75
0
 76
1
 98
0
  0
LWPOLYLINE
  5
70E
330
17
100
AcDbEntity
  8
A-MASS
100
AcDbPolyline
 90
4
 70
1
 10
8.868363521111299
 20
3.375081785572577
 10
8.869043308544626
 20
3.3770652421687157
 10
8.869043308544626
 20
3.7131815771341325
 10
8.868363521111299
 20
3.711198120537994
  0
HATCH
  5
70F
330
17
100
AcDbEntity
  8
A-MASS
 62
7
420
9868950
100
AcDbHatch
 10
0.0
 20
0.0
 30
0.0
210
0.0
220
0.0
230
1.0
  2
SOLID
 70
1
 71
0
 91
1
 92
3
 72
0
 73
1
 93
4
 10
8.524787163820207
 20
3.3750817855725774
 10
8.525570430028775
 20
3.3731067584654717
 10
8.525570430028775
 20
3.7092230934308885
 10
8.524787163820207
 20
3.7111981205379942
 97
0
 75
0
 76
1
 98
0
  0
LWPOLYLINE
  5
710
330
17
100
AcDbEntity
  8
A-MASS
100
AcDbPolyline
 90
4
 70
1
 10
8.524787163820207
 20
3.3750817855725774
 10
8.525570430028775
 20
3.3731067584654717
 10
8.525570430028775
 20
3.7092230934308885
 10
8.524787163820207
 20
3.7111981205379942
  0
HATCH
  5
711
330
17
100
AcDbEntity
  8
A-MASS
 62
7
420
11974326
100
AcDbHatch
 10
0.0
 20
0.0
 30
0.0
210
0.0
220
0.0
230
1.0
  2
SOLID
 70
1
 71
0
 91
1
 92
3
 72
0
 73
1
 93
4
 10
8.86758025490273
 20
3.3731067584654717
 10
8.868363521111299
 20
3.375081785572577
 10
8.868363521111299
 20
3.711198120537994
 10
8.86758025490273
 20
3.7092230934308885
 97
0
 75
0
 76
1
 98
0
  0
LWPOLYLINE
  5
712
330
17
100
AcDbEntity
  8
A-MASS
100
AcDbPolyline
 90
4
 70
1
 10
8.86758025490273
 20
3.3731067584654717
 10
8.868363521111299
 20
3.375081785572577
 10
8.868363521111299
 20
3.711198120537994
 10
8.86758025490273
 20
3.7092230934308885
  0
HATCH
  5
713
330
17
100
AcDbEntity
  8
A-MASS
 62
7
420
11974326
100
AcDbHatch
 10
0.0
 20
0.0
 30
0.0
210
0.0
220
0.0
230
1.0
  2
SOLID
 70
1
 71
0
 91
1
 92
3
 72
0
 73
1
 93
4
 10
8.866693981729195
 20
3.3711413505298777
 10
8.86758025490273
 20
3.3731067584654717
 10
8.86758025490273
 20
3.7092230934308885
 10
8.866693981729195
 20
3.7072576854952946
 97
0
 75
0
 76
1
 98
0
  0
LWPOLYLINE
  5
714
330
17
100
AcDbEntity
  8
A-MASS
100
AcDbPolyline
 90
4
 70
1
 10
8.866693981729195
 20
3.3711413505298777
 10
8.86758025490273
 20
3.3731067584654717
 10
8.86758025490273
 20
3.7092230934308885
 10
8.866693981729195
 20
3.7072576854952946
  0
HATCH
  5
715
330
17
100
AcDbEntity
  8
A-MASS
 62
7
420
9868950
100
AcDbHatch
 10
0.0
 20
0.0
 30
0.0
210
0.0
220
0.0
230
1.0
  2
SOLID
 70
1
 71
0
 91
1
 92
3
 72
0
 73
1
 93
4
 10
8.525570430028775
 20
3.3731067584654717
 10
8.52645670320231
 20
3.3711413505298777
 10
8.52645670320231
 20
3.7072576854952946
 10
8.525570430028775
 20
3.7092230934308885
 97
0
 75
0
 76
1
 98
0
  0
LWPOLYLINE
  5
716
330
17
100
AcDbEntity
  8
A-MASS
100
AcDbPolyline
 90
4
 70
1
 10
8.525570430028775
 20
3.3731067584654717
 10
8.52645670320231
 20
3.3711413505298777
 10
8.52645670320231
 20
3.7072576854952946
 10
8.525570430028775
 20
3.7092230934308885
  0
HATCH
  5
717
330
17
100
AcDbEntity
  8
A-MASS
 62
7
420
9868950
100
AcDbHatch
 10
0.0
 20
0.0
 30
0.0
210
0.0
220
0.0
230
1.0
  2
SOLID
 70
1
 71
0
 91
1
 92
3
 72
0
 73
1
 93
4
 10
8.52645670320231
 20
3.3711413505298777
 10
8.527445449482993
 20
3.369186745654044
 10
8.527445449482993
 20
3.7053030806194607
 10
8.52645670320231
 20
3.7072576854952946
 97
0
 75
0
 76
1
 98
0
  0
LWPOLYLINE
  5
718
330
17
100
AcDbEntity
  8
A-MASS
100
AcDbPolyline
 90
4
 70
1
 10
8.52645670320231
 20
3.3711413505298777
 10
8.527445449482993
 20
3.369186745654044
 10
8.527445449482993
 20
3.7053030806194607
 10
8.52645670320231
 20
3.7072576854952946
  0
HATCH
  5
719
330
17
100
AcDbEntity
  8
A-MASS
 62
7
420
11974326
100
AcDbHatch
 10
0.0
 20
0.0
 30
0.0
210
0.0
220
0.0
230
1.0
  2
SOLID
 70
1
 71
0
 91
1
 92
3
 72
0
 73
1
 93
4
 10
8.865705235448512
 20
3.369186745654044
 10
8.866693981729195
 20
3.3711413505298777
 10
8.866693981729195
 20
3.7072576854952946
 10
8.865705235448512
 20
3.7053030806194607
 97
0
 75
0
 76
1
 98
0
  0
LWPOLYLINE
  5
71A
330
17
100
AcDbEntity
  8
A-MASS
100
AcDbPolyline
 90
4
 70
1
 10
8.865705235448512
 20
3.369186745654044
 10
8.866693981729195
 20
3.3711413505298777
 10
8.866693981729195
 20
3.7072576854952946
 10
8.865705235448512
 20
3.7053030806194607
  0
HATCH
  5
71B
330
17
100
AcDbEntity
  8
A-MASS
 62
7
420
11974326
100
AcDbHatch
 10
0.0
 20
0.0
 30
0.0
210
0.0
220
0.0
230
1.0
  2
SOLID
 70
1
 71
0
 91
1
 92
3
 72
0
 73
1
 93
4
 10
8.864614611644472
 20
3.36724412121886
 10
8.865705235448512
 20
3.369186745654044
 10
8.865705235448512
 20
3.7053030806194607
 10
8.864614611644472
 20
3.703360456184277
 97
0
 75
0
 76
1
 98
0
  0
LWPOLYLINE
  5
71C
330
17
100
AcDbEntity
  8
A-MASS
100
AcDbPolyline
 90
4
 70
1
 10
8.864614611644472
 20
3.36724412121886
 10
8.865705235448512
 20
3.369186745654044
 10
8.865705235448512
 20
3.7053030806194607
 10
8.864614611644472
 20
3.703360456184277
  0
HATCH
  5
71D
330
17
100
AcDbEntity
  8
A-MASS
 62
7
420
9868950
100
AcDbHatch
 10
0.0
 20
0.0
 30
0.0
210
0.0
220
0.0
230
1.0
  2
SOLID
 70
1
 71
0
 91
1
 92
3
 72
0
 73
1
 93
4
 10
8.527445449482993
 20
3.369186745654044
 10
8.528536073287034
 20
3.36724412121886
 10
8.528536073287034
 20
3.703360456184277
 10
8.527445449482993
 20
3.7053030806194607
 97
0
 75
0
 76
1
 98
0
  0
LWPOLYLINE
  5
71E
330
17
100
AcDbEntity
  8
A-MASS
100
AcDbPolyline
 90
4
 70
1
 10
8.527445449482993
 20
3.369186745654044
 10
8.528536073287034
 20
3.36724412121886
 10
8.528536073287034
 20
3.703360456184277
 10
8.527445449482993
 20
3.7053030806194607
  0
HATCH
  5
71F
330
17
100
AcDbEntity
  8
A-MASS
 62
7
420
11974326
100
AcDbHatch
 10
0.0
 20
0.0
 30
0.0
210
0.0
220
0.0
230
1.0
  2
SOLID
 70
1
 71
0
 91
1
 92
3
 72
0
 73
1
 93
4
 10
8.863422767268071
 20
3.3653146473886477
 10
8.864614611644472
 20
3.36724412121886
 10
8.864614611644472
 20
3.703360456184277
 10
8.863422767268071
 20
3.7014309823540645
 97
0
 75
0
 76
1
 98
0
  0
LWPOLYLINE
  5
720
330
17
100
AcDbEntity
  8
A-MASS
100
AcDbPolyline
 90
4
 70
1
 10
8.863422767268071
 20
3.3653146473886477
 10
8.864614611644472
 20
3.36724412121886
 10
8.864614611644472
 20
3.703360456184277
 10
8.863422767268071
 20
3.7014309823540645
  0
HATCH
  5
721
330
17
100
AcDbEntity
  8
A-MASS
 62
7
420
9868950
100
AcDbHatch
 10
0.0
 20
0.0
 30
0.0
210
0.0
220
0.0
230
1.0
  2
SOLID
 70
1
 71
0
 91
1
 92
3
 72
0
 73
1
 93
4
 10
8.528536073287034
 20
3.36724412121886
 10
8.529727917663436
 20
3.3653146473886473
 10
8.529727917663436
 20
3.701430982354064
 10
8.528536073287034
 20
3.703360456184277
 97
0
 75
0
 76
1
 98
0
  0
LWPOLYLINE
  5
722
330
17
100
AcDbEntity
  8
A-MASS
100
AcDbPolyline
 90
4
 70
1
 10
8.528536073287034
 20
3.36724412121886
 10
8.529727917663436
 20
3.3653146473886473
 10
8.529727917663436
 20
3.701430982354064
 10
8.528536073287034
 20
3.703360456184277
  0
HATCH
  5
723
330
17
100
AcDbEntity
  8
A-MASS
 62
7
420
11974326
100
AcDbHatch
 10
0.0
 20
0.0
 30
0.0
210
0.0
220
0.0
230
1.0
  2
SOLID
 70
1
 71
0
 91
1
 92
3
 72
0
 73
1
 93
4
 10
8.862130420241796
 20
3.3633994864062933
 10
8.863422767268071
 20
3.3653146473886477
 10
8.863422767268071
 20
3.7014309823540645
 10
8.862130420241796
 20
3.6995158213717096
 97
0
 75
0
 76
1
 98
0
  0
LWPOLYLINE
  5
724
330
17
100
AcDbEntity
  8
A-MASS
100
AcDbPolyline
 90
4
 70
1
 10
8.862130420241796
 20
3.3633994864062933
 10
8.863422767268071
 20
3.3653146473886477
 10
8.863422767268071
 20
3.7014309823540645
 10
8.862130420241796
 20
3.6995158213717096
  0
HATCH
  5
725
330
17
100
AcDbEntity
  8
A-MASS
 62
7
420
9868950
100
AcDbHatch
 10
0.0
 20
0.0
 30
0.0
210
0.0
220
0.0
230
1.0
  2
SOLID
 70
1
 71
0
 91
1
 92
3
 72
0
 73
1
 93
4
 10
8.529727917663436
 20
3.3653146473886473
 10
8.531020264689712
 20
3.363399486406293
 10
8.531020264689712
 20
3.6995158213717096
 10
8.529727917663436
 20
3.701430982354064
 97
0
 75
0
 76
1
 98
0
  0
LWPOLYLINE
  5
726
330
17
100
AcDbEntity
  8
A-MASS
100
AcDbPolyline
 90
4
 70
1
 10
8.529727917663436
 20
3.3653146473886473
 10
8.531020264689712
 20
3.363399486406293
 10
8.531020264689712
 20
3.6995158213717096
 10
8.529727917663436
 20
3.701430982354064
  0
HATCH
  5
727
330
17
100
AcDbEntity
  8
A-MASS
 62
7
420
11974326
100
AcDbHatch
 10
0.0
 20
0.0
 30
0.0
210
0.0
220
0.0
230
1.0
  2
SOLID
 70
1
 71
0
 91
1
 92
3
 72
0
 73
1
 93
4
 10
8.860738349027171
 20
3.3614997918931597
 10
8.862130420241796
 20
3.3633994864062933
 10
8.862130420241796
 20
3.6995158213717096
 10
8.860738349027171
 20
3.6976161268585765
 97
0
 75
0
 76
1
 98
0
  0
LWPOLYLINE
  5
728
330
17
100
AcDbEntity
  8
A-MASS
100
AcDbPolyline
 90
4
 70
1
 10
8.860738349027171
 20
3.3614997918931597
 10
8.862130420241796
 20
3.3633994864062933
 10
8.862130420241796
 20
3.6995158213717096
 10
8.860738349027171
 20
3.6976161268585765
  0
HATCH
  5
729
330
17
100
AcDbEntity
  8
A-MASS
 62
7
420
9868950
100
AcDbHatch
 10
0.0
 20
0.0
 30
0.0
210
0.0
220
0.0
230
1.0
  2
SOLID
 70
1
 71
0
 91
1
 92
3
 72
0
 73
1
 93
4
 10
8.531020264689712
 20
3.363399486406293
 10
8.532412335904334
 20
3.3614997918931597
 10
8.532412335904334
 20
3.6976161268585765
 10
8.531020264689712
 20
3.6995158213717096
 97
0
 75
0
 76
1
 98
0
  0
LWPOLYLINE
  5
72A
330
17
100
AcDbEntity
  8
A-MASS
100
AcDbPolyline
 90
4
 70
1
 10
8.531020264689712
 20
3.363399486406293
 10
8.532412335904334
 20
3.3614997918931597
 10
8.532412335904334
 20
3.6976161268585765
 10
8.531020264689712
 20
3.6995158213717096
  0
HATCH
  5
72B
330
17
100
AcDbEntity
  8
A-MASS
 62
7
420
11974326
100
AcDbHatch
 10
0.0
 20
0.0
 30
0.0
210
0.0
220
0.0
230
1.0
  2
SOLID
 70
1
 71
0
 91
1
 92
3
 72
0
 73
1
 93
4
 10
8.859247392155844
 20
3.359616708154189
 10
8.860738349027171
 20
3.3614997918931597
 10
8.860738349027171
 20
3.6976161268585765
 10
8.859247392155844
 20
3.695733043119606
 97
0
 75
0
 76
1
 98
0
  0
LWPOLYLINE
  5
72C
330
17
100
AcDbEntity
  8
A-MASS
100
AcDbPolyline
 90
4
 70
1
 10
8.859247392155844
 20
3.359616708154189
 10
8.860738349027171
 20
3.3614997918931597
 10
8.860738349027171
 20
3.6976161268585765
 10
8.859247392155844
 20
3.695733043119606
  0
HATCH
  5
72D
330
17
100
AcDbEntity
  8
A-MASS
 62
7
420
9868950
100
AcDbHatch
 10
0.0
 20
0.0
 30
0.0
210
0.0
220
0.0
230
1.0
  2
SOLID
 70
1
 71
0
 91
1
 92
3
 72
0
 73
1
 93
4
 10
8.532412335904334
 20
3.3614997918931597
 10
8.533903292775662
 20
3.359616708154189
 10
8.533903292775662
 20
3.695733043119606
 10
8.532412335904334
 20
3.6976161268585765
 97
0
 75
0
 76
1
 98
0
  0
LWPOLYLINE
  5
72E
330
17
100
AcDbEntity
  8
A-MASS
100
AcDbPolyline
 90
4
 70
1
 10
8.532412335904334
 20
3.3614997918931597
 10
8.533903292775662
 20
3.359616708154189
 10
8.533903292775662
 20
3.695733043119606
 10
8.532412335904334
 20
3.6976161268585765
  0
HATCH
  5
72F
330
17
100
AcDbEntity
  8
A-MASS
 62
7
420
11974326
100
AcDbHatch
 10
0.0
 20
0.0
 30
0.0
210
0.0
220
0.0
230
1.0
  2
SOLID
 70
1
 71
0
 91
1
 92
3
 72
0
 73
1
 93
4
 10
8.857658447724484
 20
3.357751369488611
 10
8.859247392155844
 20
3.359616708154189
 10
8.859247392155844
 20
3.695733043119606
 10
8.857658447724484
 20
3.693867704454028
 97
0
 75
0
 76
1
 98
0
  0
LWPOLYLINE
  5
730
330
17
100
AcDbEntity
  8
A-MASS
100
AcDbPolyline
 90
4
 70
1
 10
8.857658447724484
 20
3.357751369488611
 10
8.859247392155844
 20
3.359616708154189
 10
8.859247392155844
 20
3.695733043119606
 10
8.857658447724484
 20
3.693867704454028
  0
HATCH
  5
731
330
17
100
AcDbEntity
  8
A-MASS
 62
7
420
9868950
100
AcDbHatch
 10
0.0
 20
0.0
 30
0.0
210
0.0
220
0.0
230
1.0
  2
SOLID
 70
1
 71
0
 91
1
 92
3
 72
0
 73
1
 93
4
 10
8.533903292775662
 20
3.359616708154189
 10
8.535492237207022
 20
3.3577513694886116
 10
8.535492237207022
 20
3.693867704454028
 10
8.533903292775662
 20
3.695733043119606
 97
0
 75
0
 76
1
 98
0
  0
LWPOLYLINE
  5
732
330
17
100
AcDbEntity
  8
A-MASS
100
AcDbPolyline
 90
4
 70
1
 10
8.533903292775662
 20
3.359616708154189
 10
8.535492237207022
 20
3.3577513694886116
 10
8.535492237207022
 20
3.693867704454028
 10
8.533903292775662
 20
3.695733043119606
  0
HATCH
  5
733
330
17
100
AcDbEntity
  8
A-MASS
 62
7
420
11974326
100
AcDbHatch
 10
0.0
 20
0.0
 30
0.0
210
0.0
220
0.0
230
1.0
  2
SOLID
 70
1
 71
0
 91
1
 92
3
 72
0
 73
1
 93
4
 10
8.855972472853802
 20
3.35590489950669
 10
8.857658447724484
 20
3.357751369488611
 10
8.857658447724484
 20
3.693867704454028
 10
8.855972472853802
 20
3.6920212344721066
 97
0
 75
0
 76
1
 98
0
  0
LWPOLYLINE
  5
734
330
17
100
AcDbEntity
  8
A-MASS
100
AcDbPolyline
 90
4
 70
1
 10
8.855972472853802
 20
3.35590489950669
 10
8.857658447724484
 20
3.357751369488611
 10
8.857658447724484
 20
3.693867704454028
 10
8.855972472853802
 20
3.6920212344721066
  0
HATCH
  5
735
330
17
100
AcDbEntity
  8
A-MASS
 62
7
420
9868950
100
AcDbHatch
 10
0.0
 20
0.0
 30
0.0
210
0.0
220
0.0
230
1.0
  2
SOLID
 70
1
 71
0
 91
1
 92
3
 72
0
 73
1
 93
4
 10
8.535492237207022
 20
3.3577513694886116
 10
8.537178212077704
 20
3.35590489950669
 10
8.537178212077704
 20
3.6920212344721066
 10
8.535492237207022
 20
3.693867704454028
 97
0
 75
0
 76
1
 98
0
  0
LWPOLYLINE
  5
736
330
17
100
AcDbEntity
  8
A-MASS
100
AcDbPolyline
 90
4
 70
1
 10
8.535492237207022
 20
3.3577513694886116
 10
8.537178212077704
 20
3.35590489950669
 10
8.537178212077704
 20
3.6920212344721066
 10
8.535492237207022
 20
3.693867704454028
  0
HATCH
  5
737
330
17
100
AcDbEntity
  8
A-MASS
 62
7
420
11974326
100
AcDbHatch
 10
0.0
 20
0.0
 30
0.0
210
0.0
220
0.0
230
1.0
  2
SOLID
 70
1
 71
0
 91
1
 92
3
 72
0
 73
1
 93
4
 10
8.854190483112015
 20
3.354078410452898
 10
8.855972472853802
 20
3.35590489950669
 10
8.855972472853802
 20
3.6920212344721066
 10
8.854190483112015
 20
3.6901947454183146
 97
0
 75
0
 76
1
 98
0
  0
LWPOLYLINE
  5
738
330
17
100
AcDbEntity
  8
A-MASS
100
AcDbPolyline
 90
4
 70
1
 10
8.854190483112015
 20
3.354078410452898
 10
8.855972472853802
 20
3.35590489950669
 10
8.855972472853802
 20
3.6920212344721066
 10
8.854190483112015
 20
3.6901947454183146
  0
HATCH
  5
739
330
17
100
AcDbEntity
  8
A-MASS
 62
7
420
9868950
100
AcDbHatch
 10
0.0
 20
0.0
 30
0.0
210
0.0
220
0.0
230
1.0
  2
SOLID
 70
1
 71
0
 91
1
 92
3
 72
0
 73
1
 93
4
 10
8.537178212077704
 20
3.35590489950669
 10
8.53896020181949
 20
3.354078410452898
 10
8.53896020181949
 20
3.6901947454183146
 10
8.537178212077704
 20
3.6920212344721066
 97
0
 75
0
 76
1
 98
0
  0
LWPOLYLINE
  5
73A
330
17
100
AcDbEntity
  8
A-MASS
100
AcDbPolyline
 90
4
 70
1
 10
8.537178212077704
 20
3.35590489950669
 10
8.53896020181949
 20
3.354078410452898
 10
8.53896020181949
 20
3.6901947454183146
 10
8.537178212077704
 20
3.6920212344721066
  0
HATCH
  5
73B
330
17
100
AcDbEntity
  8
A-MASS
 62
7
420
9868950
100
AcDbHatch
 10
0.0
 20
0.0
 30
0.0
210
0.0
220
0.0
230
1.0
  2
SOLID
 70
1
 71
0
 91
1
 92
3
 72
0
 73
1
 93
4
 10
8.53896020181949
 20
3.354078410452898
 10
8.540837133028392
 20
3.3522730025359437
 10
8.540837133028392
 20
3.6883893375013606
 10
8.53896020181949
 20
3.6901947454183146
 97
0
 75
0
 76
1
 98
0
  0
LWPOLYLINE
  5
73C
330
17
100
AcDbEntity
  8
A-MASS
100
AcDbPolyline
 90
4
 70
1
 10
8.53896020181949
 20
3.354078410452898
 10
8.540837133028392
 20
3.3522730025359437
 10
8.540837133028392
 20
3.6883893375013606
 10
8.53896020181949
 20
3.6901947454183146
  0
HATCH
  5
73D
330
17
100
AcDbEntity
  8
A-MASS
 62
7
420
11974326
100
AcDbHatch
 10
0.0
 20
0.0
 30
0.0
210
0.0
220
0.0
230
1.0
  2
SOLID
 70
1
 71
0
 91
1
 92
3
 72
0
 73
1
 93
4
 10
8.852313551903114
 20
3.3522730025359437
 10
8.854190483112015
 20
3.354078410452898
 10
8.854190483112015
 20
3.6901947454183146
 10
8.852313551903114
 20
3.6883893375013606
 97
0
 75
0
 76
1
 98
0
  0
LWPOLYLINE
  5
73E
330
17
100
AcDbEntity
  8
A-MASS
100
AcDbPolyline
 90
4
 70
1
 10
8.852313551903114
 20
3.3522730025359437
 10
8.854190483112015
 20
3.354078410452898
 10
8.854190483112015
 20
3.6901947454183146
 10
8.852313551903114
 20
3.6883893375013606
  0
HATCH
  5
73F
330
17
100
AcDbEntity
  8
A-MASS
 62
7
420
9868950
100
AcDbHatch
 10
0.0
 20
0.0
 30
0.0
210
0.0
220
0.0
230
1.0
  2
SOLID
 70
1
 71
0
 91
1
 92
3
 72
0
 73
1
 93
4
 10
8.540837133028392
 20
3.3522730025359437
 10
8.542807875111231
 20
3.3504897632660486
 10
8.542807875111231
 20
3.6866060982314655
 10
8.540837133028392
 20
3.6883893375013606
 97
0
 75
0
 76
1
 98
0
  0
LWPOLYLINE
  5
740
330
17
100
AcDbEntity
  8
A-MASS
100
AcDbPolyline
 90
4
 70
1
 10
8.540837133028392
 20
3.3522730025359437
 10
8.542807875111231
 20
3.3504897632660486
 10
8.542807875111231
 20
3.6866060982314655
 10
8.540837133028392
 20
3.6883893375013606
  0
HATCH
  5
741
330
17
100
AcDbEntity
  8
A-MASS
 62
7
420
11974326
100
AcDbHatch
 10
0.0
 20
0.0
 30
0.0
210
0.0
220
0.0
230
1.0
  2
SOLID
 70
1
 71
0
 91
1
 92
3
 72
0
 73
1
 93
4
 10
8.850342809820274
 20
3.350489763266049
 10
8.852313551903114
 20
3.3522730025359437
 10
8.852313551903114
 20
3.6883893375013606
 10
8.850342809820274
 20
3.686606098231466
 97
0
 75
0
 76
1
 98
0
  0
LWPOLYLINE
  5
742
330
17
100
AcDbEntity
  8
A-MASS
100
AcDbPolyline
 90
4
 70
1
 10
8.850342809820274
 20
3.350489763266049
 10
8.852313551903114
 20
3.3522730025359437
 10
8.852313551903114
 20
3.6883893375013606
 10
8.850342809820274
 20
3.686606098231466
  0
HATCH
  5
743
330
17
100
AcDbEntity
  8
A-MASS
 62
7
420
11974326
100
AcDbHatch
 10
0.0
 20
0.0
 30
0.0
210
0.0
220
0.0
230
1.0
  2
SOLID
 70
1
 71
0
 91
1
 92
3
 72
0
 73
1
 93
4
 10
8.848279443964834
 20
3.3487297667998694
 10
8.850342809820274
 20
3.350489763266049
 10
8.850342809820274
 20
3.686606098231466
 10
8.848279443964834
 20
3.6848461017652863
 97
0
 75
0
 76
1
 98
0
  0
LWPOLYLINE
  5
744
330
17
100
AcDbEntity
  8
A-MASS
100
AcDbPolyline
 90
4
 70
1
 10
8.848279443964834
 20
3.3487297667998694
 10
8.850342809820274
 20
3.350489763266049
 10
8.850342809820274
 20
3.686606098231466
 10
8.848279443964834
 20
3.6848461017652863
  0
HATCH
  5
745
330
17
100
AcDbEntity
  8
A-MASS
 62
7
420
9868950
100
AcDbHatch
 10
0.0
 20
0.0
 30
0.0
210
0.0
220
0.0
230
1.0
  2
SOLID
 70
1
 71
0
 91
1
 92
3
 72
0
 73
1
 93
4
 10
8.542807875111231
 20
3.3504897632660486
 10
8.544871240966671
 20
3.34872976679987
 10
8.544871240966671
 20
3.6848461017652867
 10
8.542807875111231
 20
3.6866060982314655
 97
0
 75
0
 76
1
 98
0
  0
LWPOLYLINE
  5
746
330
17
100
AcDbEntity
  8
A-MASS
100
AcDbPolyline
 90
4
 70
1
 10
8.542807875111231
 20
3.3504897632660486
 10
8.544871240966671
 20
3.34872976679987
 10
8.544871240966671
 20
3.6848461017652867
 10
8.542807875111231
 20
3.6866060982314655
  0
HATCH
  5
747
330
17
100
AcDbEntity
  8
A-MASS
 62
7
420
11974326
100
AcDbHatch
 10
0.0
 20
0.0
 30
0.0
210
0.0
220
0.0
230
1.0
  2
SOLID
 70
1
 71
0
 91
1
 92
3
 72
0
 73
1
 93
4
 10
8.846124697231236
 20
3.346994073293467
 10
8.848279443964834
 20
3.3487297667998694
 10
8.848279443964834
 20
3.6848461017652863
 10
8.846124697231236
 20
3.6831104082588833
 97
0
 75
0
 76
1
 98
0
  0
LWPOLYLINE
  5
748
330
17
100
AcDbEntity
  8
A-MASS
100
AcDbPolyline
 90
4
 70
1
 10
8.846124697231236
 20
3.346994073293467
 10
8.848279443964834
 20
3.3487297667998694
 10
8.848279443964834
 20
3.6848461017652863
 10
8.846124697231236
 20
3.6831104082588833
  0
HATCH
  5
749
330
17
100
AcDbEntity
  8
A-MASS
 62
7
420
9868950
100
AcDbHatch
 10
0.0
 20
0.0
 30
0.0
210
0.0
220
0.0
230
1.0
  2
SOLID
 70
1
 71
0
 91
1
 92
3
 72
0
 73
1
 93
4
 10
8.544871240966671
 20
3.34872976679987
 10
8.54702598770027
 20
3.346994073293467
 10
8.54702598770027
 20
3.6831104082588837
 10
8.544871240966671
 20
3.6848461017652867
 97
0
 75
0
 76
1
 98
0
  0
LWPOLYLINE
  5
74A
330
17
100
AcDbEntity
  8
A-MASS
100
AcDbPolyline
 90
4
 70
1
 10
8.544871240966671
 20
3.34872976679987
 10
8.54702598770027
 20
3.346994073293467
 10
8.54702598770027
 20
3.6831104082588837
 10
8.544871240966671
 20
3.6848461017652867
  0
HATCH
  5
74B
330
17
100
AcDbEntity
  8
A-MASS
 62
7
420
11974326
100
AcDbHatch
 10
0.0
 20
0.0
 30
0.0
210
0.0
220
0.0
230
1.0
  2
SOLID
 70
1
 71
0
 91
1
 92
3
 72
0
 73
1
 93
4
 10
8.843879867558336
 20
3.3452837282637065
 10
8.846124697231236
 20
3.346994073293467
 10
8.846124697231236
 20
3.6831104082588833
 10
8.843879867558336
 20
3.6814000632291233
 97
0
 75
0
 76
1
 98
0
  0
LWPOLYLINE
  5
74C
330
17
100
AcDbEntity
  8
A-MASS
100
AcDbPolyline
 90
4
 70
1
 10
8.843879867558336
 20
3.3452837282637065
 10
8.846124697231236
 20
3.346994073293467
 10
8.846124697231236
 20
3.6831104082588833
 10
8.843879867558336
 20
3.6814000632291233
  0
HATCH
  5
74D
330
17
100
AcDbEntity
  8
A-MASS
 62
7
420
9868950
100
AcDbHatch
 10
0.0
 20
0.0
 30
0.0
210
0.0
220
0.0
230
1.0
  2
SOLID
 70
1
 71
0
 91
1
 92
3
 72
0
 73
1
 93
4
 10
8.54702598770027
 20
3.346994073293467
 10
8.54927081737317
 20
3.3452837282637065
 10
8.54927081737317
 20
3.6814000632291233
 10
8.54702598770027
 20
3.6831104082588837
 97
0
 75
0
 76
1
 98
0
  0
LWPOLYLINE
  5
74E
330
17
100
AcDbEntity
  8
A-MASS
100
AcDbPolyline
 90
4
 70
1
 10
8.54702598770027
 20
3.346994073293467
 10
8.54927081737317
 20
3.3452837282637065
 10
8.54927081737317
 20
3.6814000632291233
 10
8.54702598770027
 20
3.6831104082588837
  0
HATCH
  5
74F
330
17
100
AcDbEntity
  8
A-MASS
 62
7
420
11974326
100
AcDbHatch
 10
0.0
 20
0.0
 30
0.0
210
0.0
220
0.0
230
1.0
  2
SOLID
 70
1
 71
0
 91
1
 92
3
 72
0
 73
1
 93
4
 10
8.841546307147592
 20
3.3435997619584814
 10
8.843879867558336
 20
3.3452837282637065
 10
8.843879867558336
 20
3.6814000632291233
 10
8.841546307147592
 20
3.679716096923898
 97
0
 75
0
 76
1
 98
0
  0
LWPOLYLINE
  5
750
330
17
100
AcDbEntity
  8
A-MASS
100
AcDbPolyline
 90
4
 70
1
 10
8.841546307147592
 20
3.3435997619584814
 10
8.843879867558336
 20
3.3452837282637065
 10
8.843879867558336
 20
3.6814000632291233
 10
8.841546307147592
 20
3.679716096923898
  0
HATCH
  5
751
330
17
100
AcDbEntity
  8
A-MASS
 62
7
420
9868950
100
AcDbHatch
 10
0.0
 20
0.0
 30
0.0
210
0.0
220
0.0
230
1.0
  2
SOLID
 70
1
 71
0
 91
1
 92
3
 72
0
 73
1
 93
4
 10
8.54927081737317
 20
3.3452837282637065
 10
8.551604377783914
 20
3.3435997619584814
 10
8.551604377783914
 20
3.679716096923898
 10
8.54927081737317
 20
3.6814000632291233
 97
0
 75
0
 76
1
 98
0
  0
LWPOLYLINE
  5
752
330
17
100
AcDbEntity
  8
A-MASS
100
AcDbPolyline
 90
4
 70
1
 10
8.54927081737317
 20
3.3452837282637065
 10
8.551604377783914
 20
3.3435997619584814
 10
8.551604377783914
 20
3.679716096923898
 10
8.54927081737317
 20
3.6814000632291233
  0
HATCH
  5
753
330
17
100
AcDbEntity
  8
A-MASS
 62
7
420
11974326
100
AcDbHatch
 10
0.0
 20
0.0
 30
0.0
210
0.0
220
0.0
230
1.0
  2
SOLID
 70
1
 71
0
 91
1
 92
3
 72
0
 73
1
 93
4
 10
8.839125421648536
 20
3.3419431887361255
 10
8.841546307147592
 20
3.3435997619584814
 10
8.841546307147592
 20
3.679716096923898
 10
8.839125421648536
 20
3.6780595237015423
 97
0
 75
0
 76
1
 98
0
  0
LWPOLYLINE
  5
754
330
17
100
AcDbEntity
  8
A-MASS
100
AcDbPolyline
 90
4
 70
1
 10
8.839125421648536
 20
3.3419431887361255
 10
8.841546307147592
 20
3.3435997619584814
 10
8.841546307147592
 20
3.679716096923898
 10
8.839125421648536
 20
3.6780595237015423
  0
HATCH
  5
755
330
17
100
AcDbEntity
  8
A-MASS
 62
7
420
9868950
100
AcDbHatch
 10
0.0
 20
0.0
 30
0.0
210
0.0
220
0.0
230
1.0
  2
SOLID
 70
1
 71
0
 91
1
 92
3
 72
0
 73
1
 93
4
 10
8.551604377783914
 20
3.3435997619584814
 10
8.55402526328297
 20
3.341943188736125
 10
8.55402526328297
 20
3.678059523701542
 10
8.551604377783914
 20
3.679716096923898
 97
0
 75
0
 76
1
 98
0
  0
LWPOLYLINE
  5
756
330
17
100
AcDbEntity
  8
A-MASS
100
AcDbPolyline
 90
4
 70
1
 10
8.551604377783914
 20
3.3435997619584814
 10
8.55402526328297
 20
3.341943188736125
 10
8.55402526328297
 20
3.678059523701542
 10
8.551604377783914
 20
3.679716096923898
  0
HATCH
  5
757
330
17
100
AcDbEntity
  8
A-MASS
 62
7
420
9868950
100
AcDbHatch
 10
0.0
 20
0.0
 30
0.0
210
0.0
220
0.0
230
1.0
  2
SOLID
 70
1
 71
0
 91
1
 92
3
 72
0
 73
1
 93
4
 10
8.55402526328297
 20
3.341943188736125
 10
8.556532015619435
 20
3.340315006454405
 10
8.556532015619435
 20
3.6764313414198218
 10
8.55402526328297
 20
3.678059523701542
 97
0
 75
0
 76
1
 98
0
  0
LWPOLYLINE
  5
758
330
17
100
AcDbEntity
  8
A-MASS
100
AcDbPolyline
 90
4
 70
1
 10
8.55402526328297
 20
3.341943188736125
 10
8.556532015619435
 20
3.340315006454405
 10
8.556532015619435
 20
3.6764313414198218
 10
8.55402526328297
 20
3.678059523701542
  0
HATCH
  5
759
330
17
100
AcDbEntity
  8
A-MASS
 62
7
420
11974326
100
AcDbHatch
 10
0.0
 20
0.0
 30
0.0
210
0.0
220
0.0
230
1.0
  2
SOLID
 70
1
 71
0
 91
1
 92
3
 72
0
 73
1
 93
4
 10
8.836618669312072
 20
3.340315006454405
 10
8.839125421648536
 20
3.3419431887361255
 10
8.839125421648536
 20
3.6780595237015423
 10
8.836618669312072
 20
3.6764313414198218
 97
0
 75
0
 76
1
 98
0
  0
LWPOLYLINE
  5
75A
330
17
100
AcDbEntity
  8
A-MASS
100
AcDbPolyline
 90
4
 70
1
 10
8.836618669312072
 20
3.340315006454405
 10
8.839125421648536
 20
3.3419431887361255
 10
8.839125421648536
 20
3.6780595237015423
 10
8.836618669312072
 20
3.6764313414198218
  0
HATCH
  5
75B
330
17
100
AcDbEntity
  8
A-MASS
 62
7
420
11974326
100
AcDbHatch
 10
0.0
 20
0.0
 30
0.0
210
0.0
220
0.0
230
1.0
  2
SOLID
 70
1
 71
0
 91
1
 92
3
 72
0
 73
1
 93
4
 10
8.834027560112073
 20
3.338716195869445
 10
8.836618669312072
 20
3.340315006454405
 10
8.836618669312072
 20
3.6764313414198218
 10
8.834027560112073
 20
3.6748325308348613
 97
0
 75
0
 76
1
 98
0
  0
LWPOLYLINE
  5
75C
330
17
100
AcDbEntity
  8
A-MASS
100
AcDbPolyline
 90
4
 70
1
 10
8.834027560112073
 20
3.338716195869445
 10
8.836618669312072
 20
3.340315006454405
 10
8.836618669312072
 20
3.6764313414198218
 10
8.834027560112073
 20
3.6748325308348613
  0
HATCH
  5
75D
330
17
100
AcDbEntity
  8
A-MASS
 62
7
420
9868950
100
AcDbHatch
 10
0.0
 20
0.0
 30
0.0
210
0.0
220
0.0
230
1.0
  2
SOLID
 70
1
 71
0
 91
1
 92
3
 72
0
 73
1
 93
4
 10
8.556532015619435
 20
3.340315006454405
 10
8.559123124819433
 20
3.3387161958694445
 10
8.559123124819433
 20
3.6748325308348613
 10
8.556532015619435
 20
3.6764313414198218
 97
0
 75
0
 76
1
 98
0
  0
LWPOLYLINE
  5
75E
330
17
100
AcDbEntity
  8
A-MASS
100
AcDbPolyline
 90
4
 70
1
 10
8.556532015619435
 20
3.340315006454405
 10
8.559123124819433
 20
3.3387161958694445
 10
8.559123124819433
 20
3.6748325308348613
 10
8.556532015619435
 20
3.6764313414198218
  0
HATCH
  5
75F
330
17
100
AcDbEntity
  8
A-MASS
 62
7
420
11974326
100
AcDbHatch
 10
0.0
 20
0.0
 30
0.0
210
0.0
220
0.0
230
1.0
  2
SOLID
 70
1
 71
0
 91
1
 92
3
 72
0
 73
1
 93
4
 10
8.831353654835834
 20
3.3371477200449577
 10
8.834027560112073
 20
3.338716195869445
 10
8.834027560112073
 20
3.6748325308348613
 10
8.831353654835834
 20
3.6732640550103746
 97
0
 75
0
 76
1
 98
0
  0
LWPOLYLINE
  5
760
330
17
100
AcDbEntity
  8
A-MASS
100
AcDbPolyline
 90
4
 70
1
 10
8.831353654835834
 20
3.3371477200449577
 10
8.834027560112073
 20
3.338716195869445
 10
8.834027560112073
 20
3.6748325308348613
 10
8.831353654835834
 20
3.6732640550103746
  0
HATCH
  5
761
330
17
100
AcDbEntity
  8
A-MASS
 62
7
420
9868950
100
AcDbHatch
 10
0.0
 20
0.0
 30
0.0
210
0.0
220
0.0
230
1.0
  2
SOLID
 70
1
 71
0
 91
1
 92
3
 72
0
 73
1
 93
4
 10
8.559123124819433
 20
3.3387161958694445
 10
8.561797030095674
 20
3.3371477200449577
 10
8.561797030095674
 20
3.673264055010374
 10
8.559123124819433
 20
3.6748325308348613
 97
0
 75
0
 76
1
 98
0
  0
LWPOLYLINE
  5
762
330
17
100
AcDbEntity
  8
A-MASS
100
AcDbPolyline
 90
4
 70
1
 10
8.559123124819433
 20
3.3387161958694445
 10
8.561797030095674
 20
3.3371477200449577
 10
8.561797030095674
 20
3.673264055010374
 10
8.559123124819433
 20
3.6748325308348613
  0
HATCH
  5
763
330
17
100
AcDbEntity
  8
A-MASS
 62
7
420
9868950
100
AcDbHatch
 10
0.0
 20
0.0
 30
0.0
210
0.0
220
0.0
230
1.0
  2
SOLID
 70
1
 71
0
 91
1
 92
3
 72
0
 73
1
 93
4
 10
8.561797030095674
 20
3.3371477200449577
 10
8.5645521207876
 20
3.3356105237721314
 10
8.5645521207876
 20
3.6717268587375482
 10
8.561797030095674
 20
3.673264055010374
 97
0
 75
0
 76
1
 98
0
  0
LWPOLYLINE
  5
764
330
17
100
AcDbEntity
  8
A-MASS
100
AcDbPolyline
 90
4
 70
1
 10
8.561797030095674
 20
3.3371477200449577
 10
8.5645521207876
 20
3.3356105237721314
 10
8.5645521207876
 20
3.6717268587375482
 10
8.561797030095674
 20
3.673264055010374
  0
HATCH
  5
765
330
17
100
AcDbEntity
  8
A-MASS
 62
7
420
11974326
100
AcDbHatch
 10
0.0
 20
0.0
 30
0.0
210
0.0
220
0.0
230
1.0
  2
SOLID
 70
1
 71
0
 91
1
 92
3
 72
0
 73
1
 93
4
 10
8.828598564143906
 20
3.3356105237721314
 10
8.831353654835834
 20
3.3371477200449577
 10
8.831353654835834
 20
3.6732640550103746
 10
8.828598564143906
 20
3.6717268587375482
 97
0
 75
0
 76
1
 98
0
  0
LWPOLYLINE
  5
766
330
17
100
AcDbEntity
  8
A-MASS
100
AcDbPolyline
 90
4
 70
1
 10
8.828598564143906
 20
3.3356105237721314
 10
8.831353654835834
 20
3.3371477200449577
 10
8.831353654835834
 20
3.6732640550103746
 10
8.828598564143906
 20
3.6717268587375482
  0
HATCH
  5
767
330
17
100
AcDbEntity
  8
A-MASS
 62
7
420
11974326
100
AcDbHatch
 10
0.0
 20
0.0
 30
0.0
210
0.0
220
0.0
230
1.0
  2
SOLID
 70
1
 71
0
 91
1
 92
3
 72
0
 73
1
 93
4
 10
8.825763947599908
 20
3.3341055330005216
 10
8.828598564143906
 20
3.3356105237721314
 10
8.828598564143906
 20
3.6717268587375482
 10
8.825763947599908
 20
3.6702218679659384
 97
0
 75
0
 76
1
 98
0
  0
LWPOLYLINE
  5
768
330
17
100
AcDbEntity
  8
A-MASS
100
AcDbPolyline
 90
4
 70
1
 10
8.825763947599908
 20
3.3341055330005216
 10
8.828598564143906
 20
3.3356105237721314
 10
8.828598564143906
 20
3.6717268587375482
 10
8.825763947599908
 20
3.6702218679659384
  0
HATCH
  5
769
330
17
100
AcDbEntity
  8
A-MASS
 62
7
420
9868950
100
AcDbHatch
 10
0.0
 20
0.0
 30
0.0
210
0.0
220
0.0
230
1.0
  2
SOLID
 70
1
 71
0
 91
1
 92
3
 72
0
 73
1
 93
4
 10
8.5645521207876
 20
3.3356105237721314
 10
8.567386737331598
 20
3.3341055330005216
 10
8.567386737331598
 20
3.6702218679659384
 10
8.5645521207876
 20
3.6717268587375482
 97
0
 75
0
 76
1
 98
0
  0
LWPOLYLINE
  5
76A
330
17
100
AcDbEntity
  8
A-MASS
100
AcDbPolyline
 90
4
 70
1
 10
8.5645521207876
 20
3.3356105237721314
 10
8.567386737331598
 20
3.3341055330005216
 10
8.567386737331598
 20
3.6702218679659384
 10
8.5645521207876
 20
3.6717268587375482
  0
HATCH
  5
76B
330
17
100
AcDbEntity
  8
A-MASS
 62
7
420
9868950
100
AcDbHatch
 10
0.0
 20
0.0
 30
0.0
210
0.0
220
0.0
230
1.0
  2
SOLID
 70
1
 71
0
 91
1
 92
3
 72
0
 73
1
 93
4
 10
8.567386737331598
 20
3.3341055330005216
 10
8.570299172260658
 20
3.332633654280293
 10
8.570299172260658
 20
3.66874998924571
 10
8.567386737331598
 20
3.6702218679659384
 97
0
 75
0
 76
1
 98
0
  0
LWPOLYLINE
  5
76C
330
17
100
AcDbEntity
  8
A-MASS
100
AcDbPolyline
 90
4
 70
1
 10
8.567386737331598
 20
3.3341055330005216
 10
8.570299172260658
 20
3.332633654280293
 10
8.570299172260658
 20
3.66874998924571
 10
8.567386737331598
 20
3.6702218679659384
  0
HATCH
  5
76D
330
17
100
AcDbEntity
  8
A-MASS
 62
7
420
11974326
100
AcDbHatch
 10
0.0
 20
0.0
 30
0.0
210
0.0
220
0.0
230
1.0
  2
SOLID
 70
1
 71
0
 91
1
 92
3
 72
0
 73
1
 93
4
 10
8.82285151267085
 20
3.332633654280293
 10
8.825763947599908
 20
3.3341055330005216
 10
8.825763947599908
 20
3.6702218679659384
 10
8.82285151267085
 20
3.66874998924571
 97
0
 75
0
 76
1
 98
0
  0
LWPOLYLINE
  5
76E
330
17
100
AcDbEntity
  8
A-MASS
100
AcDbPolyline
 90
4
 70
1
 10
8.82285151267085
 20
3.332633654280293
 10
8.825763947599908
 20
3.3341055330005216
 10
8.825763947599908
 20
3.6702218679659384
 10
8.82285151267085
 20
3.66874998924571
  0
HATCH
  5
76F
330
17
100
AcDbEntity
  8
A-MASS
 62
7
420
11974326
100
AcDbHatch
 10
0.0
 20
0.0
 30
0.0
210
0.0
220
0.0
230
1.0
  2
SOLID
 70
1
 71
0
 91
1
 92
3
 72
0
 73
1
 93
4
 10
8.81986301369863
 20
3.3311957742161504
 10
8.82285151267085
 20
3.332633654280293
 10
8.82285151267085
 20
3.66874998924571
 10
8.81986301369863
 20
3.6673121091815672
 97
0
 75
0
 76
1
 98
0
  0
LWPOLYLINE
  5
770
330
17
100
AcDbEntity
  8
A-MASS
100
AcDbPolyline
 90
4
 70
1
 10
8.81986301369863
 20
3.3311957742161504
 10
8.82285151267085
 20
3.332633654280293
 10
8.82285151267085
 20
3.66874998924571
 10
8.81986301369863
 20
3.6673121091815672
  0
HATCH
  5
771
330
17
100
AcDbEntity
  8
A-MASS
 62
7
420
9868950
100
AcDbHatch
 10
0.0
 20
0.0
 30
0.0
210
0.0
220
0.0
230
1.0
  2
SOLID
 70
1
 71
0
 91
1
 92
3
 72
0
 73
1
 93
4
 10
8.570299172260658
 20
3.332633654280293
 10
8.573287671232876
 20
3.331195774216151
 10
8.573287671232876
 20
3.6673121091815677
 10
8.570299172260658
 20
3.66874998924571
 97
0
 75
0
 76
1
 98
0
  0
LWPOLYLINE
  5
772
330
17
100
AcDbEntity
  8
A-MASS
100
AcDbPolyline
 90
4
 70
1
 10
8.570299172260658
 20
3.332633654280293
 10
8.573287671232876
 20
3.331195774216151
 10
8.573287671232876
 20
3.6673121091815677
 10
8.570299172260658
 20
3.66874998924571
  0
HATCH
  5
773
330
17
100
AcDbEntity
  8
A-MASS
 62
7
420
11974326
100
AcDbHatch
 10
0.0
 20
0.0
 30
0.0
210
0.0
220
0.0
230
1.0
  2
SOLID
 70
1
 71
0
 91
1
 92
3
 72
0
 73
1
 93
4
 10
8.816800250843283
 20
3.3297927589332783
 10
8.81986301369863
 20
3.3311957742161504
 10
8.81986301369863
 20
3.6673121091815672
 10
8.816800250843283
 20
3.665909093898695
 97
0
 75
0
 76
1
 98
0
  0
LWPOLYLINE
  5
774
330
17
100
AcDbEntity
  8
A-MASS
100
AcDbPolyline
 90
4
 70
1
 10
8.816800250843283
 20
3.3297927589332783
 10
8.81986301369863
 20
3.3311957742161504
 10
8.81986301369863
 20
3.6673121091815672
 10
8.816800250843283
 20
3.665909093898695
  0
HATCH
  5
775
330
17
100
AcDbEntity
  8
A-MASS
 62
7
420
9868950
100
AcDbHatch
 10
0.0
 20
0.0
 30
0.0
210
0.0
220
0.0
230
1.0
  2
SOLID
 70
1
 71
0
 91
1
 92
3
 72
0
 73
1
 93
4
 10
8.573287671232876
 20
3.331195774216151
 10
8.576350434088225
 20
3.3297927589332783
 10
8.576350434088225
 20
3.665909093898695
 10
8.573287671232876
 20
3.6673121091815677
 97
0
 75
0
 76
1
 98
0
  0
LWPOLYLINE
  5
776
330
17
100
AcDbEntity
  8
A-MASS
100
AcDbPolyline
 90
4
 70
1
 10
8.573287671232876
 20
3.331195774216151
 10
8.576350434088225
 20
3.3297927589332783
 10
8.576350434088225
 20
3.665909093898695
 10
8.573287671232876
 20
3.6673121091815677
  0
HATCH
  5
777
330
17
100
AcDbEntity
  8
A-MASS
 62
7
420
11974326
100
AcDbHatch
 10
0.0
 20
0.0
 30
0.0
210
0.0
220
0.0
230
1.0
  2
SOLID
 70
1
 71
0
 91
1
 92
3
 72
0
 73
1
 93
4
 10
8.813665068998628
 20
3.3284254535556217
 10
8.816800250843283
 20
3.3297927589332783
 10
8.816800250843283
 20
3.665909093898695
 10
8.813665068998628
 20
3.664541788521038
 97
0
 75
0
 76
1
 98
0
  0
LWPOLYLINE
  5
778
330
17
100
AcDbEntity
  8
A-MASS
100
AcDbPolyline
 90
4
 70
1
 10
8.813665068998628
 20
3.3284254535556217
 10
8.816800250843283
 20
3.3297927589332783
 10
8.816800250843283
 20
3.665909093898695
 10
8.813665068998628
 20
3.664541788521038
  0
HATCH
  5
779
330
17
100
AcDbEntity
  8
A-MASS
 62
7
420
9868950
100
AcDbHatch
 10
0.0
 20
0.0
 30
0.0
210
0.0
220
0.0
230
1.0
  2
SOLID
 70
1
 71
0
 91
1
 92
3
 72
0
 73
1
 93
4
 10
8.576350434088225
 20
3.3297927589332783
 10
8.57948561593288
 20
3.3284254535556212
 10
8.57948561593288
 20
3.664541788521038
 10
8.576350434088225
 20
3.665909093898695
 97
0
 75
0
 76
1
 98
0
  0
LWPOLYLINE
  5
77A
330
17
100
AcDbEntity
  8
A-MASS
100
AcDbPolyline
 90
4
 70
1
 10
8.576350434088225
 20
3.3297927589332783
 10
8.57948561593288
 20
3.3284254535556212
 10
8.57948561593288
 20
3.664541788521038
 10
8.576350434088225
 20
3.665909093898695
  0
HATCH
  5
77B
330
17
100
AcDbEntity
  8
A-MASS
 62
7
420
11974326
100
AcDbHatch
 10
0.0
 20
0.0
 30
0.0
210
0.0
220
0.0
230
1.0
  2
SOLID
 70
1
 71
0
 91
1
 92
3
 72
0
 73
1
 93
4
 10
8.810459356680974
 20
3.3270946816968117
 10
8.813665068998628
 20
3.3284254535556217
 10
8.813665068998628
 20
3.664541788521038
 10
8.810459356680974
 20
3.6632110166622285
 97
0
 75
0
 76
1
 98
0
  0
LWPOLYLINE
  5
77C
330
17
100
AcDbEntity
  8
A-MASS
100
AcDbPolyline
 90
4
 70
1
 10
8.810459356680974
 20
3.3270946816968117
 10
8.813665068998628
 20
3.3284254535556217
 10
8.813665068998628
 20
3.664541788521038
 10
8.810459356680974
 20
3.6632110166622285
  0
HATCH
  5
77D
330
17
100
AcDbEntity
  8
A-MASS
 62
7
420
9868950
100
AcDbHatch
 10
0.0
 20
0.0
 30
0.0
210
0.0
220
0.0
230
1.0
  2
SOLID
 70
1
 71
0
 91
1
 92
3
 72
0
 73
1
 93
4
 10
8.57948561593288
 20
3.3284254535556212
 10
8.582691328250531
 20
3.327094681696811
 10
8.582691328250531
 20
3.663211016662228
 10
8.57948561593288
 20
3.664541788521038
 97
0
 75
0
 76
1
 98
0
  0
LWPOLYLINE
  5
77E
330
17
100
AcDbEntity
  8
A-MASS
100
AcDbPolyline
 90
4
 70
1
 10
8.57948561593288
 20
3.3284254535556212
 10
8.582691328250531
 20
3.327094681696811
 10
8.582691328250531
 20
3.663211016662228
 10
8.57948561593288
 20
3.664541788521038
  0
HATCH
  5
77F
330
17
100
AcDbEntity
  8
A-MASS
 62
7
420
11974326
100
AcDbHatch
 10
0.0
 20
0.0
 30
0.0
210
0.0
220
0.0
230
1.0
  2
SOLID
 70
1
 71
0
 91
1
 92
3
 72
0
 73
1
 93
4
 10
8.807185044891558
 20
3.3258012449640564
 10
8.810459356680974
 20
3.3270946816968117
 10
8.810459356680974
 20
3.6632110166622285
 10
8.807185044891558
 20
3.6619175799294728
 97
0
 75
0
 76
1
 98
0
  0
LWPOLYLINE
  5
780
330
17
100
AcDbEntity
  8
A-MASS
100
AcDbPolyline
 90
4
 70
1
 10
8.807185044891558
 20
3.3258012449640564
 10
8.810459356680974
 20
3.3270946816968117
 10
8.810459356680974
 20
3.6632110166622285
 10
8.807185044891558
 20
3.6619175799294728
  0
HATCH
  5
781
330
17
100
AcDbEntity
  8
A-MASS
 62
7
420
9868950
100
AcDbHatch
 10
0.0
 20
0.0
 30
0.0
210
0.0
220
0.0
230
1.0
  2
SOLID
 70
1
 71
0
 91
1
 92
3
 72
0
 73
1
 93
4
 10
8.582691328250531
 20
3.327094681696811
 10
8.585965640039948
 20
3.325801244964056
 10
8.585965640039948
 20
3.6619175799294728
 10
8.582691328250531
 20
3.663211016662228
 97
0
 75
0
 76
1
 98
0
  0
LWPOLYLINE
  5
782
330
17
100
AcDbEntity
  8
A-MASS
100
AcDbPolyline
 90
4
 70
1
 10
8.582691328250531
 20
3.327094681696811
 10
8.585965640039948
 20
3.325801244964056
 10
8.585965640039948
 20
3.6619175799294728
 10
8.582691328250531
 20
3.663211016662228
  0
HATCH
  5
783
330
17
100
AcDbEntity
  8
A-MASS
 62
7
420
11974326
100
AcDbHatch
 10
0.0
 20
0.0
 30
0.0
210
0.0
220
0.0
230
1.0
  2
SOLID
 70
1
 71
0
 91
1
 92
3
 72
0
 73
1
 93
4
 10
8.803844105953361
 20
3.3245459224752785
 10
8.807185044891558
 20
3.3258012449640564
 10
8.807185044891558
 20
3.6619175799294728
 10
8.803844105953361
 20
3.6606622574406953
 97
0
 75
0
 76
1
 98
0
  0
LWPOLYLINE
  5
784
330
17
100
AcDbEntity
  8
A-MASS
100
AcDbPolyline
 90
4
 70
1
 10
8.803844105953361
 20
3.3245459224752785
 10
8.807185044891558
 20
3.3258012449640564
 10
8.807185044891558
 20
3.6619175799294728
 10
8.803844105953361
 20
3.6606622574406953
  0
HATCH
  5
785
330
17
100
AcDbEntity
  8
A-MASS
 62
7
420
9868950
100
AcDbHatch
 10
0.0
 20
0.0
 30
0.0
210
0.0
220
0.0
230
1.0
  2
SOLID
 70
1
 71
0
 91
1
 92
3
 72
0
 73
1
 93
4
 10
8.585965640039948
 20
3.325801244964056
 10
8.589306578978144
 20
3.3245459224752785
 10
8.589306578978144
 20
3.6606622574406953
 10
8.585965640039948
 20
3.6619175799294728
 97
0
 75
0
 76
1
 98
0
  0
LWPOLYLINE
  5
786
330
17
100
AcDbEntity
  8
A-MASS
100
AcDbPolyline
 90
4
 70
1
 10
8.585965640039948
 20
3.325801244964056
 10
8.589306578978144
 20
3.3245459224752785
 10
8.589306578978144
 20
3.6606622574406953
 10
8.585965640039948
 20
3.6619175799294728
  0
HATCH
  5
787
330
17
100
AcDbEntity
  8
A-MASS
 62
7
420
11974326
100
AcDbHatch
 10
0.0
 20
0.0
 30
0.0
210
0.0
220
0.0
230
1.0
  2
SOLID
 70
1
 71
0
 91
1
 92
3
 72
0
 73
1
 93
4
 10
8.80043855232308
 20
3.323329470389806
 10
8.803844105953361
 20
3.3245459224752785
 10
8.803844105953361
 20
3.6606622574406953
 10
8.80043855232308
 20
3.659445805355223
 97
0
 75
0
 76
1
 98
0
  0
LWPOLYLINE
  5
788
330
17
100
AcDbEntity
  8
A-MASS
100
AcDbPolyline
 90
4
 70
1
 10
8.80043855232308
 20
3.323329470389806
 10
8.803844105953361
 20
3.3245459224752785
 10
8.803844105953361
 20
3.6606622574406953
 10
8.80043855232308
 20
3.659445805355223
  0
HATCH
  5
789
330
17
100
AcDbEntity
  8
A-MASS
 62
7
420
9868950
100
AcDbHatch
 10
0.0
 20
0.0
 30
0.0
210
0.0
220
0.0
230
1.0
  2
SOLID
 70
1
 71
0
 91
1
 92
3
 72
0
 73
1
 93
4
 10
8.589306578978144
 20
3.3245459224752785
 10
8.592712132608428
 20
3.3233294703898055
 10
8.592712132608428
 20
3.6594458053552223
 10
8.589306578978144
 20
3.6606622574406953
 97
0
 75
0
 76
1
 98
0
  0
LWPOLYLINE
  5
78A
330
17
100
AcDbEntity
  8
A-MASS
100
AcDbPolyline
 90
4
 70
1
 10
8.589306578978144
 20
3.3245459224752785
 10
8.592712132608428
 20
3.3233294703898055
 10
8.592712132608428
 20
3.6594458053552223
 10
8.589306578978144
 20
3.6606622574406953
  0
HATCH
  5
78B
330
17
100
AcDbEntity
  8
A-MASS
 62
7
420
9868950
100
AcDbHatch
 10
0.0
 20
0.0
 30
0.0
210
0.0
220
0.0
230
1.0
  2
SOLID
 70
1
 71
0
 91
1
 92
3
 72
0
 73
1
 93
4
 10
8.592712132608428
 20
3.3233294703898055
 10
8.596180249552633
 20
3.3221526214528887
 10
8.596180249552633
 20
3.6582689564183055
 10
8.592712132608428
 20
3.6594458053552223
 97
0
 75
0
 76
1
 98
0
  0
LWPOLYLINE
  5
78C
330
17
100
AcDbEntity
  8
A-MASS
100
AcDbPolyline
 90
4
 70
1
 10
8.592712132608428
 20
3.3233294703898055
 10
8.596180249552633
 20
3.3221526214528887
 10
8.596180249552633
 20
3.6582689564183055
 10
8.592712132608428
 20
3.6594458053552223
  0
HATCH
  5
78D
330
17
100
AcDbEntity
  8
A-MASS
 62
7
420
11974326
100
AcDbHatch
 10
0.0
 20
0.0
 30
0.0
210
0.0
220
0.0
230
1.0
  2
SOLID
 70
1
 71
0
 91
1
 92
3
 72
0
 73
1
 93
4
 10
8.796970435378872
 20
3.3221526214528887
 10
8.80043855232308
 20
3.323329470389806
 10
8.80043855232308
 20
3.659445805355223
 10
8.796970435378872
 20
3.6582689564183055
 97
0
 75
0
 76
1
 98
0
  0
LWPOLYLINE
  5
78E
330
17
100
AcDbEntity
  8
A-MASS
100
AcDbPolyline
 90
4
 70
1
 10
8.796970435378872
 20
3.3221526214528887
 10
8.80043855232308
 20
3.323329470389806
 10
8.80043855232308
 20
3.659445805355223
 10
8.796970435378872
 20
3.6582689564183055
  0
HATCH
  5
78F
330
17
100
AcDbEntity
  8
A-MASS
 62
7
420
9868950
100
AcDbHatch
 10
0.0
 20
0.0
 30
0.0
210
0.0
220
0.0
230
1.0
  2
SOLID
 70
1
 71
0
 91
1
 92
3
 72
0
 73
1
 93
4
 10
8.596180249552633
 20
3.3221526214528887
 10
8.599708840746796
 20
3.3210160845543215
 10
8.599708840746796
 20
3.6571324195197383
 10
8.596180249552633
 20
3.6582689564183055
 97
0
 75
0
 76
1
 98
0
  0
LWPOLYLINE
  5
790
330
17
100
AcDbEntity
  8
A-MASS
100
AcDbPolyline
 90
4
 70
1
 10
8.596180249552633
 20
3.3221526214528887
 10
8.599708840746796
 20
3.3210160845543215
 10
8.599708840746796
 20
3.6571324195197383
 10
8.596180249552633
 20
3.6582689564183055
  0
HATCH
  5
791
330
17
100
AcDbEntity
  8
A-MASS
 62
7
420
11974326
100
AcDbHatch
 10
0.0
 20
0.0
 30
0.0
210
0.0
220
0.0
230
1.0
  2
SOLID
 70
1
 71
0
 91
1
 92
3
 72
0
 73
1
 93
4
 10
8.793441844184711
 20
3.3210160845543215
 10
8.796970435378872
 20
3.3221526214528887
 10
8.796970435378872
 20
3.6582689564183055
 10
8.793441844184711
 20
3.6571324195197383
 97
0
 75
0
 76
1
 98
0
  0
LWPOLYLINE
  5
792
330
17
100
AcDbEntity
  8
A-MASS
100
AcDbPolyline
 90
4
 70
1
 10
8.793441844184711
 20
3.3210160845543215
 10
8.796970435378872
 20
3.3221526214528887
 10
8.796970435378872
 20
3.6582689564183055
 10
8.793441844184711
 20
3.6571324195197383
  0
HATCH
  5
793
330
17
100
AcDbEntity
  8
A-MASS
 62
7
420
11974326
100
AcDbHatch
 10
0.0
 20
0.0
 30
0.0
210
0.0
220
0.0
230
1.0
  2
SOLID
 70
1
 71
0
 91
1
 92
3
 72
0
 73
1
 93
4
 10
8.789854904231985
 20
3.319920544301434
 10
8.793441844184711
 20
3.3210160845543215
 10
8.793441844184711
 20
3.6571324195197383
 10
8.789854904231985
 20
3.6560368792668507
 97
0
 75
0
 76
1
 98
0
  0
LWPOLYLINE
  5
794
330
17
100
AcDbEntity
  8
A-MASS
100
AcDbPolyline
 90
4
 70
1
 10
8.789854904231985
 20
3.319920544301434
 10
8.793441844184711
 20
3.3210160845543215
 10
8.793441844184711
 20
3.6571324195197383
 10
8.789854904231985
 20
3.6560368792668507
  0
HATCH
  5
795
330
17
100
AcDbEntity
  8
A-MASS
 62
7
420
9868950
100
AcDbHatch
 10
0.0
 20
0.0
 30
0.0
210
0.0
220
0.0
230
1.0
  2
SOLID
 70
1
 71
0
 91
1
 92
3
 72
0
 73
1
 93
4
 10
8.599708840746796
 20
3.3210160845543215
 10
8.603295780699522
 20
3.319920544301434
 10
8.603295780699522
 20
3.6560368792668503
 10
8.599708840746796
 20
3.6571324195197383
 97
0
 75
0
 76
1
 98
0
  0
LWPOLYLINE
  5
796
330
17
100
AcDbEntity
  8
A-MASS
100
AcDbPolyline
 90
4
 70
1
 10
8.599708840746796
 20
3.3210160845543215
 10
8.603295780699522
 20
3.319920544301434
 10
8.603295780699522
 20
3.6560368792668503
 10
8.599708840746796
 20
3.6571324195197383
  0
HATCH
  5
797
330
17
100
AcDbEntity
  8
A-MASS
 62
7
420
11974326
100
AcDbHatch
 10
0.0
 20
0.0
 30
0.0
210
0.0
220
0.0
230
1.0
  2
SOLID
 70
1
 71
0
 91
1
 92
3
 72
0
 73
1
 93
4
 10
8.786211776159199
 20
3.3188666606067097
 10
8.789854904231985
 20
3.319920544301434
 10
8.789854904231985
 20
3.6560368792668507
 10
8.786211776159199
 20
3.6549829955721265
 97
0
 75
0
 76
1
 98
0
  0
LWPOLYLINE
  5
798
330
17
100
AcDbEntity
  8
A-MASS
100
AcDbPolyline
 90
4
 70
1
 10
8.786211776159199
 20
3.3188666606067097
 10
8.789854904231985
 20
3.319920544301434
 10
8.789854904231985
 20
3.6560368792668507
 10
8.786211776159199
 20
3.6549829955721265
  0
HATCH
  5
799
330
17
100
AcDbEntity
  8
A-MASS
 62
7
420
9868950
100
AcDbHatch
 10
0.0
 20
0.0
 30
0.0
210
0.0
220
0.0
230
1.0
  2
SOLID
 70
1
 71
0
 91
1
 92
3
 72
0
 73
1
 93
4
 10
8.603295780699522
 20
3.319920544301434
 10
8.606938908772308
 20
3.3188666606067097
 10
8.606938908772308
 20
3.6549829955721265
 10
8.603295780699522
 20
3.6560368792668503
 97
0
 75
0
 76
1
 98
0
  0
LWPOLYLINE
  5
79A
330
17
100
AcDbEntity
  8
A-MASS
100
AcDbPolyline
 90
4
 70
1
 10
8.603295780699522
 20
3.319920544301434
 10
8.606938908772308
 20
3.3188666606067097
 10
8.606938908772308
 20
3.6549829955721265
 10
8.603295780699522
 20
3.6560368792668503
  0
HATCH
  5
79B
330
17
100
AcDbEntity
  8
A-MASS
 62
7
420
11974326
100
AcDbHatch
 10
0.0
 20
0.0
 30
0.0
210
0.0
220
0.0
230
1.0
  2
SOLID
 70
1
 71
0
 91
1
 92
3
 72
0
 73
1
 93
4
 10
8.782514654450477
 20
3.3178550682902785
 10
8.786211776159199
 20
3.3188666606067097
 10
8.786211776159199
 20
3.6549829955721265
 10
8.782514654450477
 20
3.6539714032556954
 97
0
 75
0
 76
1
 98
0
  0
LWPOLYLINE
  5
79C
330
17
100
AcDbEntity
  8
A-MASS
100
AcDbPolyline
 90
4
 70
1
 10
8.782514654450477
 20
3.3178550682902785
 10
8.786211776159199
 20
3.3188666606067097
 10
8.786211776159199
 20
3.6549829955721265
 10
8.782514654450477
 20
3.6539714032556954
  0
HATCH
  5
79D
330
17
100
AcDbEntity
  8
A-MASS
 62
7
420
9868950
100
AcDbHatch
 10
0.0
 20
0.0
 30
0.0
210
0.0
220
0.0
230
1.0
  2
SOLID
 70
1
 71
0
 91
1
 92
3
 72
0
 73
1
 93
4
 10
8.606938908772308
 20
3.3188666606067097
 10
8.610636030481029
 20
3.3178550682902785
 10
8.610636030481029
 20
3.6539714032556954
 10
8.606938908772308
 20
3.6549829955721265
 97
0
 75
0
 76
1
 98
0
  0
LWPOLYLINE
  5
79E
330
17
100
AcDbEntity
  8
A-MASS
100
AcDbPolyline
 90
4
 70
1
 10
8.606938908772308
 20
3.3188666606067097
 10
8.610636030481029
 20
3.3178550682902785
 10
8.610636030481029
 20
3.6539714032556954
 10
8.606938908772308
 20
3.6549829955721265
  0
HATCH
  5
79F
330
17
100
AcDbEntity
  8
A-MASS
 62
7
420
11974326
100
AcDbHatch
 10
0.0
 20
0.0
 30
0.0
210
0.0
220
0.0
230
1.0
  2
SOLID
 70
1
 71
0
 91
1
 92
3
 72
0
 73
1
 93
4
 10
8.778765766113693
 20
3.316886376697527
 10
8.782514654450477
 20
3.3178550682902785
 10
8.782514654450477
 20
3.6539714032556954
 10
8.778765766113693
 20
3.653002711662944
 97
0
 75
0
 76
1
 98
0
  0
LWPOLYLINE
  5
7A0
330
17
100
AcDbEntity
  8
A-MASS
100
AcDbPolyline
 90
4
 70
1
 10
8.778765766113693
 20
3.316886376697527
 10
8.782514654450477
 20
3.3178550682902785
 10
8.782514654450477
 20
3.6539714032556954
 10
8.778765766113693
 20
3.653002711662944
  0
HATCH
  5
7A1
330
17
100
AcDbEntity
  8
A-MASS
 62
7
420
9868950
100
AcDbHatch
 10
0.0
 20
0.0
 30
0.0
210
0.0
220
0.0
230
1.0
  2
SOLID
 70
1
 71
0
 91
1
 92
3
 72
0
 73
1
 93
4
 10
8.610636030481029
 20
3.3178550682902785
 10
8.614384918817812
 20
3.3168863766975267
 10
8.614384918817812
 20
3.6530027116629435
 10
8.610636030481029
 20
3.6539714032556954
 97
0
 75
0
 76
1
 98
0
  0
LWPOLYLINE
  5
7A2
330
17
100
AcDbEntity
  8
A-MASS
100
AcDbPolyline
 90
4
 70
1
 10
8.610636030481029
 20
3.3178550682902785
 10
8.614384918817812
 20
3.3168863766975267
 10
8.614384918817812
 20
3.6530027116629435
 10
8.610636030481029
 20
3.6539714032556954
  0
HATCH
  5
7A3
330
17
100
AcDbEntity
  8
A-MASS
 62
7
420
11974326
100
AcDbHatch
 10
0.0
 20
0.0
 30
0.0
210
0.0
220
0.0
230
1.0
  2
SOLID
 70
1
 71
0
 91
1
 92
3
 72
0
 73
1
 93
4
 10
8.774967369339004
 20
3.3159611693320485
 10
8.778765766113693
 20
3.316886376697527
 10
8.778765766113693
 20
3.653002711662944
 10
8.774967369339004
 20
3.6520775042974654
 97
0
 75
0
 76
1
 98
0
  0
LWPOLYLINE
  5
7A4
330
17
100
AcDbEntity
  8
A-MASS
100
AcDbPolyline
 90
4
 70
1
 10
8.774967369339004
 20
3.3159611693320485
 10
8.778765766113693
 20
3.316886376697527
 10
8.778765766113693
 20
3.653002711662944
 10
8.774967369339004
 20
3.6520775042974654
  0
HATCH
  5
7A5
330
17
100
AcDbEntity
  8
A-MASS
 62
7
420
9868950
100
AcDbHatch
 10
0.0
 20
0.0
 30
0.0
210
0.0
220
0.0
230
1.0
  2
SOLID
 70
1
 71
0
 91
1
 92
3
 72
0
 73
1
 93
4
 10
8.614384918817812
 20
3.3168863766975267
 10
8.618183315592502
 20
3.315961169332048
 10
8.618183315592502
 20
3.652077504297465
 10
8.614384918817812
 20
3.6530027116629435
 97
0
 75
0
 76
1
 98
0
  0
LWPOLYLINE
  5
7A6
330
17
100
AcDbEntity
  8
A-MASS
100
AcDbPolyline
 90
4
 70
1
 10
8.614384918817812
 20
3.3168863766975267
 10
8.618183315592502
 20
3.315961169332048
 10
8.618183315592502
 20
3.652077504297465
 10
8.614384918817812
 20
3.6530027116629435
  0
HATCH
  5
7A7
330
17
100
AcDbEntity
  8
A-MASS
 62
7
420
11974326
100
AcDbHatch
 10
0.0
 20
0.0
 30
0.0
210
0.0
220
0.0
230
1.0
  2
SOLID
 70
1
 71
0
 91
1
 92
3
 72
0
 73
1
 93
4
 10
8.77112175213859
 20
3.3150800035041637
 10
8.774967369339004
 20
3.3159611693320485
 10
8.774967369339004
 20
3.6520775042974654
 10
8.77112175213859
 20
3.6511963384695805
 97
0
 75
0
 76
1
 98
0
  0
LWPOLYLINE
  5
7A8
330
17
100
AcDbEntity
  8
A-MASS
100
AcDbPolyline
 90
4
 70
1
 10
8.77112175213859
 20
3.3150800035041637
 10
8.774967369339004
 20
3.3159611693320485
 10
8.774967369339004
 20
3.6520775042974654
 10
8.77112175213859
 20
3.6511963384695805
  0
HATCH
  5
7A9
330
17
100
AcDbEntity
  8
A-MASS
 62
7
420
9868950
100
AcDbHatch
 10
0.0
 20
0.0
 30
0.0
210
0.0
220
0.0
230
1.0
  2
SOLID
 70
1
 71
0
 91
1
 92
3
 72
0
 73
1
 93
4
 10
8.618183315592502
 20
3.315961169332048
 10
8.622028932792915
 20
3.3150800035041637
 10
8.622028932792915
 20
3.6511963384695805
 10
8.618183315592502
 20
3.652077504297465
 97
0
 75
0
 76
1
 98
0
  0
LWPOLYLINE
  5
7AA
330
17
100
AcDbEntity
  8
A-MASS
100
AcDbPolyline
 90
4
 70
1
 10
8.618183315592502
 20
3.315961169332048
 10
8.622028932792915
 20
3.3150800035041637
 10
8.622028932792915
 20
3.6511963384695805
 10
8.618183315592502
 20
3.652077504297465
  0
HATCH
  5
7AB
330
17
100
AcDbEntity
  8
A-MASS
 62
7
420
11974326
100
AcDbHatch
 10
0.0
 20
0.0
 30
0.0
210
0.0
220
0.0
230
1.0
  2
SOLID
 70
1
 71
0
 91
1
 92
3
 72
0
 73
1
 93
4
 10
8.767231230968463
 20
3.314243409995219
 10
8.77112175213859
 20
3.3150800035041637
 10
8.77112175213859
 20
3.6511963384695805
 10
8.767231230968463
 20
3.6503597449606358
 97
0
 75
0
 76
1
 98
0
  0
LWPOLYLINE
  5
7AC
330
17
100
AcDbEntity
  8
A-MASS
100
AcDbPolyline
 90
4
 70
1
 10
8.767231230968463
 20
3.314243409995219
 10
8.77112175213859
 20
3.3150800035041637
 10
8.77112175213859
 20
3.6511963384695805
 10
8.767231230968463
 20
3.6503597449606358
  0
HATCH
  5
7AD
330
17
100
AcDbEntity
  8
A-MASS
 62
7
420
9868950
100
AcDbHatch
 10
0.0
 20
0.0
 30
0.0
210
0.0
220
0.0
230
1.0
  2
SOLID
 70
1
 71
0
 91
1
 92
3
 72
0
 73
1
 93
4
 10
8.622028932792915
 20
3.3150800035041637
 10
8.625919453963045
 20
3.314243409995219
 10
8.625919453963045
 20
3.6503597449606358
 10
8.622028932792915
 20
3.6511963384695805
 97
0
 75
0
 76
1
 98
0
  0
LWPOLYLINE
  5
7AE
330
17
100
AcDbEntity
  8
A-MASS
100
AcDbPolyline
 90
4
 70
1
 10
8.622028932792915
 20
3.3150800035041637
 10
8.625919453963045
 20
3.314243409995219
 10
8.625919453963045
 20
3.6503597449606358
 10
8.622028932792915
 20
3.6511963384695805
  0
HATCH
  5
7AF
330
17
100
AcDbEntity
  8
A-MASS
 62
7
420
11974326
100
AcDbHatch
 10
0.0
 20
0.0
 30
0.0
210
0.0
220
0.0
230
1.0
  2
SOLID
 70
1
 71
0
 91
1
 92
3
 72
0
 73
1
 93
4
 10
8.763298149333092
 20
3.3134518927378616
 10
8.767231230968463
 20
3.314243409995219
 10
8.767231230968463
 20
3.6503597449606358
 10
8.763298149333092
 20
3.6495682277032784
 97
0
 75
0
 76
1
 98
0
  0
LWPOLYLINE
  5
7B0
330
17
100
AcDbEntity
  8
A-MASS
100
AcDbPolyline
 90
4
 70
1
 10
8.763298149333092
 20
3.3134518927378616
 10
8.767231230968463
 20
3.314243409995219
 10
8.767231230968463
 20
3.6503597449606358
 10
8.763298149333092
 20
3.6495682277032784
  0
HATCH
  5
7B1
330
17
100
AcDbEntity
  8
A-MASS
 62
7
420
9868950
100
AcDbHatch
 10
0.0
 20
0.0
 30
0.0
210
0.0
220
0.0
230
1.0
  2
SOLID
 70
1
 71
0
 91
1
 92
3
 72
0
 73
1
 93
4
 10
8.625919453963045
 20
3.314243409995219
 10
8.629852535598413
 20
3.3134518927378616
 10
8.629852535598413
 20
3.6495682277032784
 10
8.625919453963045
 20
3.6503597449606358
 97
0
 75
0
 76
1
 98
0
  0
LWPOLYLINE
  5
7B2
330
17
100
AcDbEntity
  8
A-MASS
100
AcDbPolyline
 90
4
 70
1
 10
8.625919453963045
 20
3.314243409995219
 10
8.629852535598413
 20
3.3134518927378616
 10
8.629852535598413
 20
3.6495682277032784
 10
8.625919453963045
 20
3.6503597449606358
  0
HATCH
  5
7B3
330
17
100
AcDbEntity
  8
A-MASS
 62
7
420
11974326
100
AcDbHatch
 10
0.0
 20
0.0
 30
0.0
210
0.0
220
0.0
230
1.0
  2
SOLID
 70
1
 71
0
 91
1
 92
3
 72
0
 73
1
 93
4
 10
8.759324876373793
 20
3.312705928512491
 10
8.763298149333092
 20
3.3134518927378616
 10
8.763298149333092
 20
3.6495682277032784
 10
8.759324876373793
 20
3.648822263477908
 97
0
 75
0
 76
1
 98
0
  0
LWPOLYLINE
  5
7B4
330
17
100
AcDbEntity
  8
A-MASS
100
AcDbPolyline
 90
4
 70
1
 10
8.759324876373793
 20
3.312705928512491
 10
8.763298149333092
 20
3.3134518927378616
 10
8.763298149333092
 20
3.6495682277032784
 10
8.759324876373793
 20
3.648822263477908
  0
HATCH
  5
7B5
330
17
100
AcDbEntity
  8
A-MASS
 62
7
420
9868950
100
AcDbHatch
 10
0.0
 20
0.0
 30
0.0
210
0.0
220
0.0
230
1.0
  2
SOLID
 70
1
 71
0
 91
1
 92
3
 72
0
 73
1
 93
4
 10
8.629852535598413
 20
3.3134518927378616
 10
8.633825808557713
 20
3.312705928512491
 10
8.633825808557713
 20
3.648822263477908
 10
8.629852535598413
 20
3.6495682277032784
 97
0
 75
0
 76
1
 98
0
  0
LWPOLYLINE
  5
7B6
330
17
100
AcDbEntity
  8
A-MASS
100
AcDbPolyline
 90
4
 70
1
 10
8.629852535598413
 20
3.3134518927378616
 10
8.633825808557713
 20
3.312705928512491
 10
8.633825808557713
 20
3.648822263477908
 10
8.629852535598413
 20
3.6495682277032784
  0
HATCH
  5
7B7
330
17
100
AcDbEntity
  8
A-MASS
 62
7
420
9868950
100
AcDbHatch
 10
0.0
 20
0.0
 30
0.0
210
0.0
220
0.0
230
1.0
  2
SOLID
 70
1
 71
0
 91
1
 92
3
 72
0
 73
1
 93
4
 10
8.633825808557713
 20
3.312705928512491
 10
8.637836879489884
 20
3.3120059666600628
 10
8.637836879489884
 20
3.6481223016254796
 10
8.633825808557713
 20
3.648822263477908
 97
0
 75
0
 76
1
 98
0
  0
LWPOLYLINE
  5
7B8
330
17
100
AcDbEntity
  8
A-MASS
100
AcDbPolyline
 90
4
 70
1
 10
8.633825808557713
 20
3.312705928512491
 10
8.637836879489884
 20
3.3120059666600628
 10
8.637836879489884
 20
3.6481223016254796
 10
8.633825808557713
 20
3.648822263477908
  0
HATCH
  5
7B9
330
17
100
AcDbEntity
  8
A-MASS
 62
7
420
11974326
100
AcDbHatch
 10
0.0
 20
0.0
 30
0.0
210
0.0
220
0.0
230
1.0
  2
SOLID
 70
1
 71
0
 91
1
 92
3
 72
0
 73
1
 93
4
 10
8.755313805441622
 20
3.312005966660063
 10
8.759324876373793
 20
3.312705928512491
 10
8.759324876373793
 20
3.648822263477908
 10
8.755313805441622
 20
3.64812230162548
 97
0
 75
0
 76
1
 98
0
  0
LWPOLYLINE
  5
7BA
330
17
100
AcDbEntity
  8
A-MASS
100
AcDbPolyline
 90
4
 70
1
 10
8.755313805441622
 20
3.312005966660063
 10
8.759324876373793
 20
3.312705928512491
 10
8.759324876373793
 20
3.648822263477908
 10
8.755313805441622
 20
3.64812230162548
  0
HATCH
  5
7BB
330
17
100
AcDbEntity
  8
A-MASS
 62
7
420
11974326
100
AcDbHatch
 10
0.0
 20
0.0
 30
0.0
210
0.0
220
0.0
230
1.0
  2
SOLID
 70
1
 71
0
 91
1
 92
3
 72
0
 73
1
 93
4
 10
8.751267352655727
 20
3.3113524288114244
 10
8.755313805441622
 20
3.312005966660063
 10
8.755313805441622
 20
3.64812230162548
 10
8.751267352655727
 20
3.6474687637768413
 97
0
 75
0
 76
1
 98
0
  0
LWPOLYLINE
  5
7BC
330
17
100
AcDbEntity
  8
A-MASS
100
AcDbPolyline
 90
4
 70
1
 10
8.751267352655727
 20
3.3113524288114244
 10
8.755313805441622
 20
3.312005966660063
 10
8.755313805441622
 20
3.64812230162548
 10
8.751267352655727
 20
3.6474687637768413
  0
HATCH
  5
7BD
330
17
100
AcDbEntity
  8
A-MASS
 62
7
420
9868950
100
AcDbHatch
 10
0.0
 20
0.0
 30
0.0
210
0.0
220
0.0
230
1.0
  2
SOLID
 70
1
 71
0
 91
1
 92
3
 72
0
 73
1
 93
4
 10
8.637836879489884
 20
3.3120059666600628
 10
8.641883332275778
 20
3.311352428811424
 10
8.641883332275778
 20
3.647468763776841
 10
8.637836879489884
 20
3.6481223016254796
 97
0
 75
0
 76
1
 98
0
  0
LWPOLYLINE
  5
7BE
330
17
100
AcDbEntity
  8
A-MASS
100
AcDbPolyline
 90
4
 70
1
 10
8.637836879489884
 20
3.3120059666600628
 10
8.641883332275778
 20
3.311352428811424
 10
8.641883332275778
 20
3.647468763776841
 10
8.637836879489884
 20
3.6481223016254796
  0
HATCH
  5
7BF
330
17
100
AcDbEntity
  8
A-MASS
 62
7
420
11974326
100
AcDbHatch
 10
0.0
 20
0.0
 30
0.0
210
0.0
220
0.0
230
1.0
  2
SOLID
 70
1
 71
0
 91
1
 92
3
 72
0
 73
1
 93
4
 10
8.747187955447961
 20
3.310745708633337
 10
8.751267352655727
 20
3.3113524288114244
 10
8.751267352655727
 20
3.6474687637768413
 10
8.747187955447961
 20
3.646862043598754
 97
0
 75
0
 76
1
 98
0
  0
LWPOLYLINE
  5
7C0
330
17
100
AcDbEntity
  8
A-MASS
100
AcDbPolyline
 90
4
 70
1
 10
8.747187955447961
 20
3.310745708633337
 10
8.751267352655727
 20
3.3113524288114244
 10
8.751267352655727
 20
3.6474687637768413
 10
8.747187955447961
 20
3.646862043598754
  0
HATCH
  5
7C1
330
17
100
AcDbEntity
  8
A-MASS
 62
7
420
9868950
100
AcDbHatch
 10
0.0
 20
0.0
 30
0.0
210
0.0
220
0.0
230
1.0
  2
SOLID
 70
1
 71
0
 91
1
 92
3
 72
0
 73
1
 93
4
 10
8.641883332275778
 20
3.311352428811424
 10
8.645962729483545
 20
3.3107457086333367
 10
8.645962729483545
 20
3.6468620435987535
 10
8.641883332275778
 20
3.647468763776841
 97
0
 75
0
 76
1
 98
0
  0
LWPOLYLINE
  5
7C2
330
17
100
AcDbEntity
  8
A-MASS
100
AcDbPolyline
 90
4
 70
1
 10
8.641883332275778
 20
3.311352428811424
 10
8.645962729483545
 20
3.3107457086333367
 10
8.645962729483545
 20
3.6468620435987535
 10
8.641883332275778
 20
3.647468763776841
  0
HATCH
  5
7C3
330
17
100
AcDbEntity
  8
A-MASS
 62
7
420
11974326
100
AcDbHatch
 10
0.0
 20
0.0
 30
0.0
210
0.0
220
0.0
230
1.0
  2
SOLID
 70
1
 71
0
 91
1
 92
3
 72
0
 73
1
 93
4
 10
8.743078071094661
 20
3.3101861715913508
 10
8.747187955447961
 20
3.310745708633337
 10
8.747187955447961
 20
3.646862043598754
 10
8.743078071094661
 20
3.646302506556767
 97
0
 75
0
 76
1
 98
0
  0
LWPOLYLINE
  5
7C4
330
17
100
AcDbEntity
  8
A-MASS
100
AcDbPolyline
 90
4
 70
1
 10
8.743078071094661
 20
3.3101861715913508
 10
8.747187955447961
 20
3.310745708633337
 10
8.747187955447961
 20
3.646862043598754
 10
8.743078071094661
 20
3.646302506556767
  0
HATCH
  5
7C5
330
17
100
AcDbEntity
  8
A-MASS
 62
7
420
9868950
100
AcDbHatch
 10
0.0
 20
0.0
 30
0.0
210
0.0
220
0.0
230
1.0
  2
SOLID
 70
1
 71
0
 91
1
 92
3
 72
0
 73
1
 93
4
 10
8.645962729483545
 20
3.3107457086333367
 10
8.650072613836844
 20
3.3101861715913503
 10
8.650072613836844
 20
3.646302506556767
 10
8.645962729483545
 20
3.6468620435987535
 97
0
 75
0
 76
1
 98
0
  0
LWPOLYLINE
  5
7C6
330
17
100
AcDbEntity
  8
A-MASS
100
AcDbPolyline
 90
4
 70
1
 10
8.645962729483545
 20
3.3107457086333367
 10
8.650072613836844
 20
3.3101861715913503
 10
8.650072613836844
 20
3.646302506556767
 10
8.645962729483545
 20
3.6468620435987535
  0
HATCH
  5
7C7
330
17
100
AcDbEntity
  8
A-MASS
 62
7
420
11974326
100
AcDbHatch
 10
0.0
 20
0.0
 30
0.0
210
0.0
220
0.0
230
1.0
  2
SOLID
 70
1
 71
0
 91
1
 92
3
 72
0
 73
1
 93
4
 10
8.738940175236486
 20
3.309674154729656
 10
8.743078071094661
 20
3.3101861715913508
 10
8.743078071094661
 20
3.646302506556767
 10
8.738940175236486
 20
3.645790489695073
 97
0
 75
0
 76
1
 98
0
  0
LWPOLYLINE
  5
7C8
330
17
100
AcDbEntity
  8
A-MASS
100
AcDbPolyline
 90
4
 70
1
 10
8.738940175236486
 20
3.309674154729656
 10
8.743078071094661
 20
3.3101861715913508
 10
8.743078071094661
 20
3.646302506556767
 10
8.738940175236486
 20
3.645790489695073
  0
HATCH
  5
7C9
330
17
100
AcDbEntity
  8
A-MASS
 62
7
420
9868950
100
AcDbHatch
 10
0.0
 20
0.0
 30
0.0
210
0.0
220
0.0
230
1.0
  2
SOLID
 70
1
 71
0
 91
1
 92
3
 72
0
 73
1
 93
4
 10
8.650072613836844
 20
3.3101861715913503
 10
8.65421050969502
 20
3.309674154729656
 10
8.65421050969502
 20
3.645790489695073
 10
8.650072613836844
 20
3.646302506556767
 97
0
 75
0
 76
1
 98
0
  0
LWPOLYLINE
  5
7CA
330
17
100
AcDbEntity
  8
A-MASS
100
AcDbPolyline
 90
4
 70
1
 10
8.650072613836844
 20
3.3101861715913503
 10
8.65421050969502
 20
3.309674154729656
 10
8.65421050969502
 20
3.645790489695073
 10
8.650072613836844
 20
3.646302506556767
  0
HATCH
  5
7CB
330
17
100
AcDbEntity
  8
A-MASS
 62
7
420
11974326
100
AcDbHatch
 10
0.0
 20
0.0
 30
0.0
210
0.0
220
0.0
230
1.0
  2
SOLID
 70
1
 71
0
 91
1
 92
3
 72
0
 73
1
 93
4
 10
8.73477676038717
 20
3.3092099664680656
 10
8.738940175236486
 20
3.309674154729656
 10
8.738940175236486
 20
3.645790489695073
 10
8.73477676038717
 20
3.645326301433482
 97
0
 75
0
 76
1
 98
0
  0
LWPOLYLINE
  5
7CC
330
17
100
AcDbEntity
  8
A-MASS
100
AcDbPolyline
 90
4
 70
1
 10
8.73477676038717
 20
3.3092099664680656
 10
8.738940175236486
 20
3.309674154729656
 10
8.738940175236486
 20
3.645790489695073
 10
8.73477676038717
 20
3.645326301433482
  0
HATCH
  5
7CD
330
17
100
AcDbEntity
  8
A-MASS
 62
7
420
9868950
100
AcDbHatch
 10
0.0
 20
0.0
 30
0.0
210
0.0
220
0.0
230
1.0
  2
SOLID
 70
1
 71
0
 91
1
 92
3
 72
0
 73
1
 93
4
 10
8.65421050969502
 20
3.309674154729656
 10
8.658373924544335
 20
3.309209966468065
 10
8.658373924544335
 20
3.645326301433482
 10
8.65421050969502
 20
3.645790489695073
 97
0
 75
0
 76
1
 98
0
  0
LWPOLYLINE
  5
7CE
330
17
100
AcDbEntity
  8
A-MASS
100
AcDbPolyline
 90
4
 70
1
 10
8.65421050969502
 20
3.309674154729656
 10
8.658373924544335
 20
3.309209966468065
 10
8.658373924544335
 20
3.645326301433482
 10
8.65421050969502
 20
3.645790489695073
  0
HATCH
  5
7CF
330
17
100
AcDbEntity
  8
A-MASS
 62
7
420
11974326
100
AcDbHatch
 10
0.0
 20
0.0
 30
0.0
210
0.0
220
0.0
230
1.0
  2
SOLID
 70
1
 71
0
 91
1
 92
3
 72
0
 73
1
 93
4
 10
8.730590334432144
 20
3.3087938864162303
 10
8.73477676038717
 20
3.3092099664680656
 10
8.73477676038717
 20
3.645326301433482
 10
8.730590334432144
 20
3.644910221381647
 97
0
 75
0
 76
1
 98
0
  0
LWPOLYLINE
  5
7D0
330
17
100
AcDbEntity
  8
A-MASS
100
AcDbPolyline
 90
4
 70
1
 10
8.730590334432144
 20
3.3087938864162303
 10
8.73477676038717
 20
3.3092099664680656
 10
8.73477676038717
 20
3.645326301433482
 10
8.730590334432144
 20
3.644910221381647
  0
HATCH
  5
7D1
330
17
100
AcDbEntity
  8
A-MASS
 62
7
420
9868950
100
AcDbHatch
 10
0.0
 20
0.0
 30
0.0
210
0.0
220
0.0
230
1.0
  2
SOLID
 70
1
 71
0
 91
1
 92
3
 72
0
 73
1
 93
4
 10
8.658373924544335
 20
3.309209966468065
 10
8.662560350499364
 20
3.3087938864162303
 10
8.662560350499364
 20
3.644910221381647
 10
8.658373924544335
 20
3.645326301433482
 97
0
 75
0
 76
1
 98
0
  0
LWPOLYLINE
  5
7D2
330
17
100
AcDbEntity
  8
A-MASS
100
AcDbPolyline
 90
4
 70
1
 10
8.658373924544335
 20
3.309209966468065
 10
8.662560350499364
 20
3.3087938864162303
 10
8.662560350499364
 20
3.644910221381647
 10
8.658373924544335
 20
3.645326301433482
  0
HATCH
  5
7D3
330
17
100
AcDbEntity
  8
A-MASS
 62
7
420
11974326
100
AcDbHatch
 10
0.0
 20
0.0
 30
0.0
210
0.0
220
0.0
230
1.0
  2
SOLID
 70
1
 71
0
 91
1
 92
3
 72
0
 73
1
 93
4
 10
8.726383419117857
 20
3.308426165205216
 10
8.730590334432144
 20
3.3087938864162303
 10
8.730590334432144
 20
3.644910221381647
 10
8.726383419117857
 20
3.644542500170633
 97
0
 75
0
 76
1
 98
0
  0
LWPOLYLINE
  5
7D4
330
17
100
AcDbEntity
  8
A-MASS
100
AcDbPolyline
 90
4
 70
1
 10
8.726383419117857
 20
3.308426165205216
 10
8.730590334432144
 20
3.3087938864162303
 10
8.730590334432144
 20
3.644910221381647
 10
8.726383419117857
 20
3.644542500170633
  0
HATCH
  5
7D5
330
17
100
AcDbEntity
  8
A-MASS
 62
7
420
9868950
100
AcDbHatch
 10
0.0
 20
0.0
 30
0.0
210
0.0
220
0.0
230
1.0
  2
SOLID
 70
1
 71
0
 91
1
 92
3
 72
0
 73
1
 93
4
 10
8.662560350499364
 20
3.3087938864162303
 10
8.666767265813649
 20
3.3084261652052165
 10
8.666767265813649
 20
3.644542500170633
 10
8.662560350499364
 20
3.644910221381647
 97
0
 75
0
 76
1
 98
0
  0
LWPOLYLINE
  5
7D6
330
17
100
AcDbEntity
  8
A-MASS
100
AcDbPolyline
 90
4
 70
1
 10
8.662560350499364
 20
3.3087938864162303
 10
8.666767265813649
 20
3.3084261652052165
 10
8.666767265813649
 20
3.644542500170633
 10
8.662560350499364
 20
3.644910221381647
  0
HATCH
  5
7D7
330
17
100
AcDbEntity
  8
A-MASS
 62
7
420
9868950
100
AcDbHatch
 10
0.0
 20
0.0
 30
0.0
210
0.0
220
0.0
230
1.0
  2
SOLID
 70
1
 71
0
 91
1
 92
3
 72
0
 73
1
 93
4
 10
8.666767265813649
 20
3.3084261652052165
 10
8.670992136398713
 20
3.3081070243365303
 10
8.670992136398713
 20
3.644223359301947
 10
8.666767265813649
 20
3.644542500170633
 97
0
 75
0
 76
1
 98
0
  0
LWPOLYLINE
  5
7D8
330
17
100
AcDbEntity
  8
A-MASS
100
AcDbPolyline
 90
4
 70
1
 10
8.666767265813649
 20
3.3084261652052165
 10
8.670992136398713
 20
3.3081070243365303
 10
8.670992136398713
 20
3.644223359301947
 10
8.666767265813649
 20
3.644542500170633
  0
HATCH
  5
7D9
330
17
100
AcDbEntity
  8
A-MASS
 62
7
420
11974326
100
AcDbHatch
 10
0.0
 20
0.0
 30
0.0
210
0.0
220
0.0
230
1.0
  2
SOLID
 70
1
 71
0
 91
1
 92
3
 72
0
 73
1
 93
4
 10
8.722158548532793
 20
3.30810702433653
 10
8.726383419117857
 20
3.308426165205216
 10
8.726383419117857
 20
3.644542500170633
 10
8.722158548532793
 20
3.6442233593019466
 97
0
 75
0
 76
1
 98
0
  0
LWPOLYLINE
  5
7DA
330
17
100
AcDbEntity
  8
A-MASS
100
AcDbPolyline
 90
4
 70
1
 10
8.722158548532793
 20
3.30810702433653
 10
8.726383419117857
 20
3.308426165205216
 10
8.726383419117857
 20
3.644542500170633
 10
8.722158548532793
 20
3.6442233593019466
  0
HATCH
  5
7DB
330
17
100
AcDbEntity
  8
A-MASS
 62
7
420
9868950
100
AcDbHatch
 10
0.0
 20
0.0
 30
0.0
210
0.0
220
0.0
230
1.0
  2
SOLID
 70
1
 71
0
 91
1
 92
3
 72
0
 73
1
 93
4
 10
8.670992136398713
 20
3.3081070243365303
 10
8.675232417350495
 20
3.307836656048698
 10
8.675232417350495
 20
3.643952991014115
 10
8.670992136398713
 20
3.644223359301947
 97
0
 75
0
 76
1
 98
0
  0
LWPOLYLINE
  5
7DC
330
17
100
AcDbEntity
  8
A-MASS
100
AcDbPolyline
 90
4
 70
1
 10
8.670992136398713
 20
3.3081070243365303
 10
8.675232417350495
 20
3.307836656048698
 10
8.675232417350495
 20
3.643952991014115
 10
8.670992136398713
 20
3.644223359301947
  0
HATCH
  5
7DD
330
17
100
AcDbEntity
  8
A-MASS
 62
7
420
11974326
100
AcDbHatch
 10
0.0
 20
0.0
 30
0.0
210
0.0
220
0.0
230
1.0
  2
SOLID
 70
1
 71
0
 91
1
 92
3
 72
0
 73
1
 93
4
 10
8.71791826758101
 20
3.307836656048698
 10
8.722158548532793
 20
3.30810702433653
 10
8.722158548532793
 20
3.6442233593019466
 10
8.71791826758101
 20
3.643952991014115
 97
0
 75
0
 76
1
 98
0
  0
LWPOLYLINE
  5
7DE
330
17
100
AcDbEntity
  8
A-MASS
100
AcDbPolyline
 90
4
 70
1
 10
8.71791826758101
 20
3.307836656048698
 10
8.722158548532793
 20
3.30810702433653
 10
8.722158548532793
 20
3.6442233593019466
 10
8.71791826758101
 20
3.643952991014115
  0
HATCH
  5
7DF
330
17
100
AcDbEntity
  8
A-MASS
 62
7
420
11974326
100
AcDbHatch
 10
0.0
 20
0.0
 30
0.0
210
0.0
220
0.0
230
1.0
  2
SOLID
 70
1
 71
0
 91
1
 92
3
 72
0
 73
1
 93
4
 10
8.713665130449202
 20
3.307615223201467
 10
8.71791826758101
 20
3.307836656048698
 10
8.71791826758101
 20
3.643952991014115
 10
8.713665130449202
 20
3.6437315581668837
 97
0
 75
0
 76
1
 98
0
  0
LWPOLYLINE
  5
7E0
330
17
100
AcDbEntity
  8
A-MASS
100
AcDbPolyline
 90
4
 70
1
 10
8.713665130449202
 20
3.307615223201467
 10
8.71791826758101
 20
3.307836656048698
 10
8.71791826758101
 20
3.643952991014115
 10
8.713665130449202
 20
3.6437315581668837
  0
HATCH
  5
7E1
330
17
100
AcDbEntity
  8
A-MASS
 62
7
420
9868950
100
AcDbHatch
 10
0.0
 20
0.0
 30
0.0
210
0.0
220
0.0
230
1.0
  2
SOLID
 70
1
 71
0
 91
1
 92
3
 72
0
 73
1
 93
4
 10
8.675232417350495
 20
3.307836656048698
 10
8.679485554482303
 20
3.307615223201467
 10
8.679485554482303
 20
3.6437315581668837
 10
8.675232417350495
 20
3.643952991014115
 97
0
 75
0
 76
1
 98
0
  0
LWPOLYLINE
  5
7E2
330
17
100
AcDbEntity
  8
A-MASS
100
AcDbPolyline
 90
4
 70
1
 10
8.675232417350495
 20
3.307836656048698
 10
8.679485554482303
 20
3.307615223201467
 10
8.679485554482303
 20
3.6437315581668837
 10
8.675232417350495
 20
3.643952991014115
  0
HATCH
  5
7E3
330
17
100
AcDbEntity
  8
A-MASS
 62
7
420
11974326
100
AcDbHatch
 10
0.0
 20
0.0
 30
0.0
210
0.0
220
0.0
230
1.0
  2
SOLID
 70
1
 71
0
 91
1
 92
3
 72
0
 73
1
 93
4
 10
8.709401699068142
 20
3.307442859177704
 10
8.713665130449202
 20
3.307615223201467
 10
8.713665130449202
 20
3.6437315581668837
 10
8.709401699068142
 20
3.643559194143121
 97
0
 75
0
 76
1
 98
0
  0
LWPOLYLINE
  5
7E4
330
17
100
AcDbEntity
  8
A-MASS
100
AcDbPolyline
 90
4
 70
1
 10
8.709401699068142
 20
3.307442859177704
 10
8.713665130449202
 20
3.307615223201467
 10
8.713665130449202
 20
3.6437315581668837
 10
8.709401699068142
 20
3.643559194143121
  0
HATCH
  5
7E5
330
17
100
AcDbEntity
  8
A-MASS
 62
7
420
9868950
100
AcDbHatch
 10
0.0
 20
0.0
 30
0.0
210
0.0
220
0.0
230
1.0
  2
SOLID
 70
1
 71
0
 91
1
 92
3
 72
0
 73
1
 93
4
 10
8.679485554482303
 20
3.307615223201467
 10
8.683748985863364
 20
3.307442859177704
 10
8.683748985863364
 20
3.6435591941431205
 10
8.679485554482303
 20
3.6437315581668837
 97
0
 75
0
 76
1
 98
0
  0
LWPOLYLINE
  5
7E6
330
17
100
AcDbEntity
  8
A-MASS
100
AcDbPolyline
 90
4
 70
1
 10
8.679485554482303
 20
3.307615223201467
 10
8.683748985863364
 20
3.307442859177704
 10
8.683748985863364
 20
3.6435591941431205
 10
8.679485554482303
 20
3.6437315581668837
  0
HATCH
  5
7E7
330
17
100
AcDbEntity
  8
A-MASS
 62
7
420
11974326
100
AcDbHatch
 10
0.0
 20
0.0
 30
0.0
210
0.0
220
0.0
230
1.0
  2
SOLID
 70
1
 71
0
 91
1
 92
3
 72
0
 73
1
 93
4
 10
8.705130541569472
 20
3.307319667803052
 10
8.709401699068142
 20
3.307442859177704
 10
8.709401699068142
 20
3.643559194143121
 10
8.705130541569472
 20
3.643436002768469
 97
0
 75
0
 76
1
 98
0
  0
LWPOLYLINE
  5
7E8
330
17
100
AcDbEntity
  8
A-MASS
100
AcDbPolyline
 90
4
 70
1
 10
8.705130541569472
 20
3.307319667803052
 10
8.709401699068142
 20
3.307442859177704
 10
8.709401699068142
 20
3.643559194143121
 10
8.705130541569472
 20
3.643436002768469
  0
HATCH
  5
7E9
330
17
100
AcDbEntity
  8
A-MASS
 62
7
420
9868950
100
AcDbHatch
 10
0.0
 20
0.0
 30
0.0
210
0.0
220
0.0
230
1.0
  2
SOLID
 70
1
 71
0
 91
1
 92
3
 72
0
 73
1
 93
4
 10
8.683748985863364
 20
3.307442859177704
 10
8.688020143362035
 20
3.307319667803052
 10
8.688020143362035
 20
3.643436002768469
 10
8.683748985863364
 20
3.6435591941431205
 97
0
 75
0
 76
1
 98
0
  0
LWPOLYLINE
  5
7EA
330
17
100
AcDbEntity
  8
A-MASS
100
AcDbPolyline
 90
4
 70
1
 10
8.683748985863364
 20
3.307442859177704
 10
8.688020143362035
 20
3.307319667803052
 10
8.688020143362035
 20
3.643436002768469
 10
8.683748985863364
 20
3.6435591941431205
  0
HATCH
  5
7EB
330
17
100
AcDbEntity
  8
A-MASS
 62
7
420
11974326
100
AcDbHatch
 10
0.0
 20
0.0
 30
0.0
210
0.0
220
0.0
230
1.0
  2
SOLID
 70
1
 71
0
 91
1
 92
3
 72
0
 73
1
 93
4
 10
8.700854230738761
 20
3.3072457232833887
 10
8.705130541569472
 20
3.307319667803052
 10
8.705130541569472
 20
3.643436002768469
 10
8.700854230738761
 20
3.6433620582488055
 97
0
 75
0
 76
1
 98
0
  0
LWPOLYLINE
  5
7EC
330
17
100
AcDbEntity
  8
A-MASS
100
AcDbPolyline
 90
4
 70
1
 10
8.700854230738761
 20
3.3072457232833887
 10
8.705130541569472
 20
3.307319667803052
 10
8.705130541569472
 20
3.643436002768469
 10
8.700854230738761
 20
3.6433620582488055
  0
HATCH
  5
7ED
330
17
100
AcDbEntity
  8
A-MASS
 62
7
420
9868950
100
AcDbHatch
 10
0.0
 20
0.0
 30
0.0
210
0.0
220
0.0
230
1.0
  2
SOLID
 70
1
 71
0
 91
1
 92
3
 72
0
 73
1
 93
4
 10
8.688020143362035
 20
3.307319667803052
 10
8.692296454192745
 20
3.3072457232833887
 10
8.692296454192745
 20
3.6433620582488055
 10
8.688020143362035
 20
3.643436002768469
 97
0
 75
0
 76
1
 98
0
  0
LWPOLYLINE
  5
7EE
330
17
100
AcDbEntity
  8
A-MASS
100
AcDbPolyline
 90
4
 70
1
 10
8.688020143362035
 20
3.307319667803052
 10
8.692296454192745
 20
3.3072457232833887
 10
8.692296454192745
 20
3.6433620582488055
 10
8.688020143362035
 20
3.643436002768469
  0
HATCH
  5
7EF
330
17
100
AcDbEntity
  8
A-MASS
 62
7
420
9868950
100
AcDbHatch
 10
0.0
 20
0.0
 30
0.0
210
0.0
220
0.0
230
1.0
  2
SOLID
 70
1
 71
0
 91
1
 92
3
 72
0
 73
1
 93
4
 10
8.692296454192745
 20
3.3072457232833887
 10
8.696575342465753
 20
3.307221070160128
 10
8.696575342465753
 20
3.643337405125545
 10
8.692296454192745
 20
3.6433620582488055
 97
0
 75
0
 76
1
 98
0
  0
LWPOLYLINE
  5
7F0
330
17
100
AcDbEntity
  8
A-MASS
100
AcDbPolyline
 90
4
 70
1
 10
8.692296454192745
 20
3.3072457232833887
 10
8.696575342465753
 20
3.307221070160128
 10
8.696575342465753
 20
3.643337405125545
 10
8.692296454192745
 20
3.6433620582488055
  0
HATCH
  5
7F1
330
17
100
AcDbEntity
  8
A-MASS
 62
7
420
11974326
100
AcDbHatch
 10
0.0
 20
0.0
 30
0.0
210
0.0
220
0.0
230
1.0
  2
SOLID
 70
1
 71
0
 91
1
 92
3
 72
0
 73
1
 93
4
 10
8.696575342465753
 20
3.307221070160128
 10
8.700854230738761
 20
3.3072457232833887
 10
8.700854230738761
 20
3.6433620582488055
 10
8.696575342465753
 20
3.643337405125545
 97
0
 75
0
 76
1
 98
0
  0
LWPOLYLINE
  5
7F2
330
17
100
AcDbEntity
  8
A-MASS
100
AcDbPolyline
 90
4
 70
1
 10
8.696575342465753
 20
3.307221070160128
 10
8.700854230738761
 20
3.3072457232833887
 10
8.700854230738761
 20
3.6433620582488055
 10
8.696575342465753
 20
3.643337405125545
  0
HATCH
  5
7F3
330
17
100
AcDbEntity
  8
A-MASS
 62
7
420
15000804
100
AcDbHatch
 10
0.0
 20
0.0
 30
0.0
210
0.0
220
0.0
230
1.0
  2
SOLID
 70
1
 71
0
 91
1
 92
3
 72
0
 73
1
 93
196
 10
8.576350434088225
 20
3.784475235836303
 10
8.573287671232876
 20
3.783072220553431
 10
8.570299172260658
 20
3.7816343404892883
 10
8.567386737331598
 20
3.78016246176906
 10
8.5645521207876
 20
3.7786574709974503
 10
8.561797030095674
 20
3.777120274724624
 10
8.559123124819433
 20
3.7755517989001373
 10
8.556532015619435
 20
3.773952988315177
 10
8.55402526328297
 20
3.772324806033456
 10
8.551604377783914
 20
3.7706682328111008
 10
8.54927081737317
 20
3.7689842665058753
 10
8.54702598770027
 20
3.7672739214761153
 10
8.544871240966671
 20
3.7655382279697123
 10
8.542807875111231
 20
3.7637782315035326
 10
8.540837133028392
 20
3.7619949922336375
 10
8.53896020181949
 20
3.760189584316684
 10
8.537178212077704
 20
3.758363095262892
 10
8.535492237207022
 20
3.75651662528097
 10
8.533903292775662
 20
3.7546512866153927
 10
8.532412335904334
 20
3.752768202876422
 10
8.531020264689712
 20
3.750868508363289
 10
8.529727917663436
 20
3.748953347380934
 10
8.528536073287036
 20
3.747023873550721
 10
8.527445449482993
 20
3.745081249115538
 10
8.52645670320231
 20
3.743126644239704
 10
8.525570430028775
 20
3.74116123630411
 10
8.524787163820207
 20
3.7391862091970043
 10
8.52410737638688
 20
3.737202752600866
 10
8.523531477207326
 20
3.7352120612757815
 10
8.523059813181678
 20
3.7332153343397687
 10
8.522692668422707
 20
3.7312137745464717
 10
8.522430264084687
 20
3.7292085875606666
 10
8.52227275823018
 20
3.7272009812320146
 10
8.522220245734824
 20
3.725192164867499
 10
8.52227275823018
 20
3.723183348502984
 10
8.522430264084687
 20
3.721175742174332
 10
8.522692668422707
 20
3.719170555188527
 10
8.523059813181678
 20
3.71716899539523
 10
8.523531477207328
 20
3.715172268459217
 10
8.52410737638688
 20
3.7131815771341325
 10
8.524787163820207
 20
3.7111981205379942
 10
8.525570430028775
 20
3.7092230934308885
 10
8.52645670320231
 20
3.7072576854952946
 10
8.527445449482993
 20
3.7053030806194607
 10
8.528536073287034
 20
3.703360456184277
 10
8.529727917663436
 20
3.701430982354064
 10
8.531020264689712
 20
3.6995158213717096
 10
8.532412335904334
 20
3.6976161268585765
 10
8.533903292775662
 20
3.695733043119606
 10
8.535492237207022
 20
3.693867704454028
 10
8.537178212077704
 20
3.6920212344721066
 10
8.53896020181949
 20
3.6901947454183146
 10
8.540837133028392
 20
3.6883893375013606
 10
8.542807875111231
 20
3.6866060982314655
 10
8.544871240966671
 20
3.6848461017652867
 10
8.54702598770027
 20
3.6831104082588837
 10
8.54927081737317
 20
3.6814000632291233
 10
8.551604377783914
 20
3.679716096923898
 10
8.55402526328297
 20
3.678059523701542
 10
8.556532015619435
 20
3.6764313414198218
 10
8.559123124819433
 20
3.6748325308348613
 10
8.561797030095674
 20
3.673264055010374
 10
8.5645521207876
 20
3.6717268587375482
 10
8.567386737331598
 20
3.6702218679659384
 10
8.570299172260658
 20
3.66874998924571
 10
8.573287671232876
 20
3.6673121091815677
 10
8.576350434088225
 20
3.665909093898695
 10
8.57948561593288
 20
3.664541788521038
 10
8.582691328250531
 20
3.663211016662228
 10
8.585965640039948
 20
3.6619175799294728
 10
8.589306578978144
 20
3.6606622574406953
 10
8.592712132608428
 20
3.6594458053552223
 10
8.596180249552633
 20
3.6582689564183055
 10
8.599708840746796
 20
3.6571324195197383
 10
8.603295780699522
 20
3.6560368792668503
 10
8.606938908772308
 20
3.6549829955721265
 10
8.610636030481029
 20
3.6539714032556954
 10
8.614384918817812
 20
3.6530027116629435
 10
8.618183315592502
 20
3.652077504297465
 10
8.622028932792915
 20
3.6511963384695805
 10
8.625919453963045
 20
3.6503597449606358
 10
8.629852535598413
 20
3.6495682277032784
 10
8.633825808557713
 20
3.648822263477908
 10
8.637836879489884
 20
3.6481223016254796
 10
8.641883332275778
 20
3.647468763776841
 10
8.645962729483545
 20
3.6468620435987535
 10
8.650072613836844
 20
3.646302506556767
 10
8.65421050969502
 20
3.645790489695073
 10
8.658373924544335
 20
3.645326301433482
 10
8.662560350499364
 20
3.644910221381647
 10
8.666767265813649
 20
3.644542500170633
 10
8.670992136398713
 20
3.644223359301947
 10
8.675232417350495
 20
3.643952991014115
 10
8.679485554482303
 20
3.6437315581668837
 10
8.683748985863364
 20
3.6435591941431205
 10
8.688020143362035
 20
3.643436002768469
 10
8.692296454192745
 20
3.6433620582488055
 10
8.696575342465753
 20
3.643337405125545
 10
8.700854230738761
 20
3.6433620582488055
 10
8.705130541569472
 20
3.643436002768469
 10
8.709401699068142
 20
3.643559194143121
 10
8.713665130449202
 20
3.6437315581668837
 10
8.71791826758101
 20
3.643952991014115
 10
8.722158548532793
 20
3.6442233593019466
 10
8.726383419117857
 20
3.644542500170633
 10
8.730590334432144
 20
3.644910221381647
 10
8.73477676038717
 20
3.645326301433482
 10
8.738940175236486
 20
3.645790489695073
 10
8.743078071094661
 20
3.646302506556767
 10
8.747187955447961
 20
3.646862043598754
 10
8.751267352655727
 20
3.6474687637768413
 10
8.755313805441622
 20
3.64812230162548
 10
8.759324876373793
 20
3.648822263477908
 10
8.763298149333092
 20
3.6495682277032784
 10
8.767231230968463
 20
3.6503597449606358
 10
8.77112175213859
 20
3.6511963384695805
 10
8.774967369339004
 20
3.6520775042974654
 10
8.778765766113693
 20
3.653002711662944
 10
8.782514654450477
 20
3.6539714032556954
 10
8.786211776159199
 20
3.6549829955721265
 10
8.789854904231985
 20
3.6560368792668507
 10
8.793441844184711
 20
3.6571324195197383
 10
8.796970435378872
 20
3.6582689564183055
 10
8.80043855232308
 20
3.659445805355223
 10
8.803844105953361
 20
3.6606622574406953
 10
8.807185044891558
 20
3.6619175799294728
 10
8.810459356680974
 20
3.6632110166622285
 10
8.813665068998628
 20
3.664541788521038
 10
8.816800250843283
 20
3.665909093898695
 10
8.81986301369863
 20
3.6673121091815672
 10
8.82285151267085
 20
3.66874998924571
 10
8.825763947599908
 20
3.6702218679659384
 10
8.828598564143906
 20
3.6717268587375482
 10
8.831353654835834
 20
3.6732640550103746
 10
8.834027560112073
 20
3.6748325308348613
 10
8.836618669312072
 20
3.6764313414198218
 10
8.839125421648536
 20
3.6780595237015423
 10
8.841546307147592
 20
3.679716096923898
 10
8.843879867558336
 20
3.6814000632291233
 10
8.846124697231236
 20
3.6831104082588833
 10
8.848279443964834
 20
3.6848461017652863
 10
8.850342809820274
 20
3.686606098231466
 10
8.852313551903114
 20
3.6883893375013606
 10
8.854190483112015
 20
3.6901947454183146
 10
8.855972472853802
 20
3.6920212344721066
 10
8.857658447724484
 20
3.693867704454028
 10
8.859247392155844
 20
3.695733043119606
 10
8.860738349027171
 20
3.6976161268585765
 10
8.862130420241796
 20
3.6995158213717096
 10
8.863422767268071
 20
3.7014309823540645
 10
8.864614611644472
 20
3.703360456184277
 10
8.865705235448512
 20
3.7053030806194607
 10
8.866693981729195
 20
3.7072576854952946
 10
8.86758025490273
 20
3.7092230934308885
 10
8.868363521111299
 20
3.711198120537994
 10
8.869043308544626
 20
3.7131815771341325
 10
8.86961920772418
 20
3.715172268459217
 10
8.870090871749827
 20
3.71716899539523
 10
8.870458016508799
 20
3.719170555188527
 10
8.870720420846819
 20
3.721175742174332
 10
8.870877926701326
 20
3.723183348502984
 10
8.870909194189812
 20
3.724379457012426
 10
8.717123287671232
 20
3.7965775668801482
 10
8.706724046169521
 20
3.801790183418885
 10
8.697544548298499
 20
3.807041340460176
 10
8.696575342465753
 20
3.807046924609454
 10
8.692296454192745
 20
3.807022271486193
 10
8.688020143362035
 20
3.8069483269665296
 10
8.683748985863364
 20
3.8068251355918776
 10
8.679485554482303
 20
3.806652771568115
 10
8.675232417350495
 20
3.8064313387208837
 10
8.670992136398713
 20
3.8061609704330515
 10
8.666767265813649
 20
3.8058418295643657
 10
8.662560350499362
 20
3.8054741083533514
 10
8.658373924544335
 20
3.8050580283015165
 10
8.65421050969502
 20
3.8045938400399257
 10
8.650072613836844
 20
3.804081823178231
 10
8.645962729483545
 20
3.8035222861362445
 10
8.641883332275778
 20
3.8029155659581577
 10
8.637836879489884
 20
3.8022620281095185
 10
8.633825808557713
 20
3.8015620662570906
 10
8.629852535598413
 20
3.8008161020317197
 10
8.625919453963045
 20
3.800024584774363
 10
8.622028932792915
 20
3.799187991265418
 10
8.618183315592503
 20
3.7983068254375336
 10
8.614384918817812
 20
3.7973816180720545
 10
8.610636030481029
 20
3.796412926479303
 10
8.606938908772307
 20
3.795401334162872
 10
8.603295780699522
 20
3.794347450468148
 10
8.599708840746796
 20
3.79325191021526
 10
8.596180249552633
 20
3.792115373316693
 10
8.592712132608428
 20
3.7909385243797757
 10
8.589306578978144
 20
3.7897220722943032
 10
8.585965640039948
 20
3.788466749805526
 10
8.582691328250531
 20
3.78717331307277
 10
8.57948561593288
 20
3.78584254121396
 97
0
 75
0
 76
1
 98
0
  0
LWPOLYLINE
  5
7F4
330
17
100
AcDbEntity
  8
A-MASS
100
AcDbPolyline
 90
196
 70
1
 10
8.576350434088225
 20
3.784475235836303
 10
8.573287671232876
 20
3.783072220553431
 10
8.570299172260658
 20
3.7816343404892883
 10
8.567386737331598
 20
3.78016246176906
 10
8.5645521207876
 20
3.7786574709974503
 10
8.561797030095674
 20
3.777120274724624
 10
8.559123124819433
 20
3.7755517989001373
 10
8.556532015619435
 20
3.773952988315177
 10
8.55402526328297
 20
3.772324806033456
 10
8.551604377783914
 20
3.7706682328111008
 10
8.54927081737317
 20
3.7689842665058753
 10
8.54702598770027
 20
3.7672739214761153
 10
8.544871240966671
 20
3.7655382279697123
 10
8.542807875111231
 20
3.7637782315035326
 10
8.540837133028392
 20
3.7619949922336375
 10
8.53896020181949
 20
3.760189584316684
 10
8.537178212077704
 20
3.758363095262892
 10
8.535492237207022
 20
3.75651662528097
 10
8.533903292775662
 20
3.7546512866153927
 10
8.532412335904334
 20
3.752768202876422
 10
8.531020264689712
 20
3.750868508363289
 10
8.529727917663436
 20
3.748953347380934
 10
8.528536073287036
 20
3.747023873550721
 10
8.527445449482993
 20
3.745081249115538
 10
8.52645670320231
 20
3.743126644239704
 10
8.525570430028775
 20
3.74116123630411
 10
8.524787163820207
 20
3.7391862091970043
 10
8.52410737638688
 20
3.737202752600866
 10
8.523531477207326
 20
3.7352120612757815
 10
8.523059813181678
 20
3.7332153343397687
 10
8.522692668422707
 20
3.7312137745464717
 10
8.522430264084687
 20
3.7292085875606666
 10
8.52227275823018
 20
3.7272009812320146
 10
8.522220245734824
 20
3.725192164867499
 10
8.52227275823018
 20
3.723183348502984
 10
8.522430264084687
 20
3.721175742174332
 10
8.522692668422707
 20
3.719170555188527
 10
8.523059813181678
 20
3.71716899539523
 10
8.523531477207328
 20
3.715172268459217
 10
8.52410737638688
 20
3.7131815771341325
 10
8.524787163820207
 20
3.7111981205379942
 10
8.525570430028775
 20
3.7092230934308885
 10
8.52645670320231
 20
3.7072576854952946
 10
8.527445449482993
 20
3.7053030806194607
 10
8.528536073287034
 20
3.703360456184277
 10
8.529727917663436
 20
3.701430982354064
 10
8.531020264689712
 20
3.6995158213717096
 10
8.532412335904334
 20
3.6976161268585765
 10
8.533903292775662
 20
3.695733043119606
 10
8.535492237207022
 20
3.693867704454028
 10
8.537178212077704
 20
3.6920212344721066
 10
8.53896020181949
 20
3.6901947454183146
 10
8.540837133028392
 20
3.6883893375013606
 10
8.542807875111231
 20
3.6866060982314655
 10
8.544871240966671
 20
3.6848461017652867
 10
8.54702598770027
 20
3.6831104082588837
 10
8.54927081737317
 20
3.6814000632291233
 10
8.551604377783914
 20
3.679716096923898
 10
8.55402526328297
 20
3.678059523701542
 10
8.556532015619435
 20
3.6764313414198218
 10
8.559123124819433
 20
3.6748325308348613
 10
8.561797030095674
 20
3.673264055010374
 10
8.5645521207876
 20
3.6717268587375482
 10
8.567386737331598
 20
3.6702218679659384
 10
8.570299172260658
 20
3.66874998924571
 10
8.573287671232876
 20
3.6673121091815677
 10
8.576350434088225
 20
3.665909093898695
 10
8.57948561593288
 20
3.664541788521038
 10
8.582691328250531
 20
3.663211016662228
 10
8.585965640039948
 20
3.6619175799294728
 10
8.589306578978144
 20
3.6606622574406953
 10
8.592712132608428
 20
3.6594458053552223
 10
8.596180249552633
 20
3.6582689564183055
 10
8.599708840746796
 20
3.6571324195197383
 10
8.603295780699522
 20
3.6560368792668503
 10
8.606938908772308
 20
3.6549829955721265
 10
8.610636030481029
 20
3.6539714032556954
 10
8.614384918817812
 20
3.6530027116629435
 10
8.618183315592502
 20
3.652077504297465
 10
8.622028932792915
 20
3.6511963384695805
 10
8.625919453963045
 20
3.6503597449606358
 10
8.629852535598413
 20
3.6495682277032784
 10
8.633825808557713
 20
3.648822263477908
 10
8.637836879489884
 20
3.6481223016254796
 10
8.641883332275778
 20
3.647468763776841
 10
8.645962729483545
 20
3.6468620435987535
 10
8.650072613836844
 20
3.646302506556767
 10
8.65421050969502
 20
3.645790489695073
 10
8.658373924544335
 20
3.645326301433482
 10
8.662560350499364
 20
3.644910221381647
 10
8.666767265813649
 20
3.644542500170633
 10
8.670992136398713
 20
3.644223359301947
 10
8.675232417350495
 20
3.643952991014115
 10
8.679485554482303
 20
3.6437315581668837
 10
8.683748985863364
 20
3.6435591941431205
 10
8.688020143362035
 20
3.643436002768469
 10
8.692296454192745
 20
3.6433620582488055
 10
8.696575342465753
 20
3.643337405125545
 10
8.700854230738761
 20
3.6433620582488055
 10
8.705130541569472
 20
3.643436002768469
 10
8.709401699068142
 20
3.643559194143121
 10
8.713665130449202
 20
3.6437315581668837
 10
8.71791826758101
 20
3.643952991014115
 10
8.722158548532793
 20
3.6442233593019466
 10
8.726383419117857
 20
3.644542500170633
 10
8.730590334432144
 20
3.644910221381647
 10
8.73477676038717
 20
3.645326301433482
 10
8.738940175236486
 20
3.645790489695073
 10
8.743078071094661
 20
3.646302506556767
 10
8.747187955447961
 20
3.646862043598754
 10
8.751267352655727
 20
3.6474687637768413
 10
8.755313805441622
 20
3.64812230162548
 10
8.759324876373793
 20
3.648822263477908
 10
8.763298149333092
 20
3.6495682277032784
 10
8.767231230968463
 20
3.6503597449606358
 10
8.77112175213859
 20
3.6511963384695805
 10
8.774967369339004
 20
3.6520775042974654
 10
8.778765766113693
 20
3.653002711662944
 10
8.782514654450477
 20
3.6539714032556954
 10
8.786211776159199
 20
3.6549829955721265
 10
8.789854904231985
 20
3.6560368792668507
 10
8.793441844184711
 20
3.6571324195197383
 10
8.796970435378872
 20
3.6582689564183055
 10
8.80043855232308
 20
3.659445805355223
 10
8.803844105953361
 20
3.6606622574406953
 10
8.807185044891558
 20
3.6619175799294728
 10
8.810459356680974
 20
3.6632110166622285
 10
8.813665068998628
 20
3.664541788521038
 10
8.816800250843283
 20
3.665909093898695
 10
8.81986301369863
 20
3.6673121091815672
 10
8.82285151267085
 20
3.66874998924571
 10
8.825763947599908
 20
3.6702218679659384
 10
8.828598564143906
 20
3.6717268587375482
 10
8.831353654835834
 20
3.6732640550103746
 10
8.834027560112073
 20
3.6748325308348613
 10
8.836618669312072
 20
3.6764313414198218
 10
8.839125421648536
 20
3.6780595237015423
 10
8.841546307147592
 20
3.679716096923898
 10
8.843879867558336
 20
3.6814000632291233
 10
8.846124697231236
 20
3.6831104082588833
 10
8.848279443964834
 20
3.6848461017652863
 10
8.850342809820274
 20
3.686606098231466
 10
8.852313551903114
 20
3.6883893375013606
 10
8.854190483112015
 20
3.6901947454183146
 10
8.855972472853802
 20
3.6920212344721066
 10
8.857658447724484
 20
3.693867704454028
 10
8.859247392155844
 20
3.695733043119606
 10
8.860738349027171
 20
3.6976161268585765
 10
8.862130420241796
 20
3.6995158213717096
 10
8.863422767268071
 20
3.7014309823540645
 10
8.864614611644472
 20
3.703360456184277
 10
8.865705235448512
 20
3.7053030806194607
 10
8.866693981729195
 20
3.7072576854952946
 10
8.86758025490273
 20
3.7092230934308885
 10
8.868363521111299
 20
3.711198120537994
 10
8.869043308544626
 20
3.7131815771341325
 10
8.86961920772418
 20
3.715172268459217
 10
8.870090871749827
 20
3.71716899539523
 10
8.870458016508799
 20
3.719170555188527
 10
8.870720420846819
 20
3.721175742174332
 10
8.870877926701326
 20
3.723183348502984
 10
8.870909194189812
 20
3.724379457012426
 10
8.717123287671232
 20
3.7965775668801482
 10
8.706724046169521
 20
3.801790183418885
 10
8.697544548298499
 20
3.807041340460176
 10
8.696575342465753
 20
3.807046924609454
 10
8.692296454192745
 20
3.807022271486193
 10
8.688020143362035
 20
3.8069483269665296
 10
8.683748985863364
 20
3.8068251355918776
 10
8.679485554482303
 20
3.806652771568115
 10
8.675232417350495
 20
3.8064313387208837
 10
8.670992136398713
 20
3.8061609704330515
 10
8.666767265813649
 20
3.8058418295643657
 10
8.662560350499362
 20
3.8054741083533514
 10
8.658373924544335
 20
3.8050580283015165
 10
8.65421050969502
 20
3.8045938400399257
 10
8.650072613836844
 20
3.804081823178231
 10
8.645962729483545
 20
3.8035222861362445
 10
8.641883332275778
 20
3.8029155659581577
 10
8.637836879489884
 20
3.8022620281095185
 10
8.633825808557713
 20
3.8015620662570906
 10
8.629852535598413
 20
3.8008161020317197
 10
8.625919453963045
 20
3.800024584774363
 10
8.622028932792915
 20
3.799187991265418
 10
8.618183315592503
 20
3.7983068254375336
 10
8.614384918817812
 20
3.7973816180720545
 10
8.610636030481029
 20
3.796412926479303
 10
8.606938908772307
 20
3.795401334162872
 10
8.603295780699522
 20
3.794347450468148
 10
8.599708840746796
 20
3.79325191021526
 10
8.596180249552633
 20
3.792115373316693
 10
8.592712132608428
 20
3.7909385243797757
 10
8.589306578978144
 20
3.7897220722943032
 10
8.585965640039948
 20
3.788466749805526
 10
8.582691328250531
 20
3.78717331307277
 10
8.57948561593288
 20
3.78584254121396
  0
HATCH
  5
7F5
330
17
100
AcDbEntity
  8
A-MASS
 62
7
420
15000804
100
AcDbHatch
 10
0.0
 20
0.0
 30
0.0
210
0.0
220
0.0
230
1.0
  2
SOLID
 70
1
 71
0
 91
1
 92
3
 72
0
 73
1
 93
4
 10
9.177397260273972
 20
3.40858519784593
 10
8.930821917808219
 20
3.5243453092177934
 10
8.684246575342465
 20
3.40858519784593
 10
8.930821917808219
 20
3.2928250864740667
 97
0
 75
0
 76
1
 98
0
  0
LWPOLYLINE
  5
7F6
330
17
100
AcDbEntity
  8
A-MASS
100
AcDbPolyline
 90
4
 70
1
 10
9.177397260273972
 20
3.40858519784593
 10
8.930821917808219
 20
3.5243453092177934
 10
8.684246575342465
 20
3.40858519784593
 10
8.930821917808219
 20
3.2928250864740667
  0
HATCH
  5
7F7
330
17
100
AcDbEntity
  8
A-MASS
 62
7
420
9868950
100
AcDbHatch
 10
0.0
 20
0.0
 30
0.0
210
0.0
220
0.0
230
1.0
  2
SOLID
 70
1
 71
0
 91
1
 92
3
 72
0
 73
1
 93
4
 10
8.684246575342465
 20
3.244375690687253
 10
8.930821917808219
 20
3.12861557931539
 10
8.930821917808219
 20
3.2928250864740667
 10
8.684246575342465
 20
3.40858519784593
 97
0
 75
0
 76
1
 98
0
  0
LWPOLYLINE
  5
7F8
330
17
100
AcDbEntity
  8
A-MASS
100
AcDbPolyline
 90
4
 70
1
 10
8.684246575342465
 20
3.244375690687253
 10
8.930821917808219
 20
3.12861557931539
 10
8.930821917808219
 20
3.2928250864740667
 10
8.684246575342465
 20
3.40858519784593
  0
HATCH
  5
7F9
330
17
100
AcDbEntity
  8
A-MASS
 62
7
420
11974326
100
AcDbHatch
 10
0.0
 20
0.0
 30
0.0
210
0.0
220
0.0
230
1.0
  2
SOLID
 70
1
 71
0
 91
1
 92
3
 72
0
 73
1
 93
4
 10
8.930821917808219
 20
3.12861557931539
 10
9.177397260273972
 20
3.244375690687253
 10
9.177397260273972
 20
3.40858519784593
 10
8.930821917808219
 20
3.2928250864740667
 97
0
 75
0
 76
1
 98
0
  0
LWPOLYLINE
  5
7FA
330
17
100
AcDbEntity
  8
A-MASS
100
AcDbPolyline
 90
4
 70
1
 10
8.930821917808219
 20
3.12861557931539
 10
9.177397260273972
 20
3.244375690687253
 10
9.177397260273972
 20
3.40858519784593
 10
8.930821917808219
 20
3.2928250864740667
  0
HATCH
  5
7FB
330
17
100
AcDbEntity
  8
A-MASS
 62
7
420
15000804
100
AcDbHatch
 10
0.0
 20
0.0
 30
0.0
210
0.0
220
0.0
230
1.0
  2
SOLID
 70
1
 71
0
 91
1
 92
3
 72
0
 73
1
 93
4
 10
9.851369863013698
 20
3.0921742267628365
 10
9.276027397260274
 20
3.3622811532971846
 10
9.02945205479452
 20
3.246521041925321
 10
9.604794520547944
 20
2.976414115390973
 97
0
 75
0
 76
1
 98
0
  0
LWPOLYLINE
  5
7FC
330
17
100
AcDbEntity
  8
A-MASS
100
AcDbPolyline
 90
4
 70
1
 10
9.851369863013698
 20
3.0921742267628365
 10
9.276027397260274
 20
3.3622811532971846
 10
9.02945205479452
 20
3.246521041925321
 10
9.604794520547944
 20
2.976414115390973
  0
HATCH
  5
7FD
330
17
100
AcDbEntity
  8
A-MASS
 62
7
420
9868950
100
AcDbHatch
 10
0.0
 20
0.0
 30
0.0
210
0.0
220
0.0
230
1.0
  2
SOLID
 70
1
 71
0
 91
1
 92
3
 72
0
 73
1
 93
4
 10
9.02945205479452
 20
3.082311534766644
 10
9.604794520547944
 20
2.812204608232296
 10
9.604794520547944
 20
2.976414115390973
 10
9.02945205479452
 20
3.246521041925321
 97
0
 75
0
 76
1
 98
0
  0
LWPOLYLINE
  5
7FE
330
17
100
AcDbEntity
  8
A-MASS
100
AcDbPolyline
 90
4
 70
1
 10
9.02945205479452
 20
3.082311534766644
 10
9.604794520547944
 20
2.812204608232296
 10
9.604794520547944
 20
2.976414115390973
 10
9.02945205479452
 20
3.246521041925321
  0
HATCH
  5
7FF
330
17
100
AcDbEntity
  8
A-MASS
 62
7
420
11974326
100
AcDbHatch
 10
0.0
 20
0.0
 30
0.0
210
0.0
220
0.0
230
1.0
  2
SOLID
 70
1
 71
0
 91
1
 92
3
 72
0
 73
1
 93
4
 10
9.604794520547944
 20
2.812204608232296
 10
9.851369863013698
 20
2.9279647196041596
 10
9.851369863013698
 20
3.0921742267628365
 10
9.604794520547944
 20
2.976414115390973
 97
0
 75
0
 76
1
 98
0
  0
LWPOLYLINE
  5
800
330
17
100
AcDbEntity
  8
A-MASS
100
AcDbPolyline
 90
4
 70
1
 10
9.604794520547944
 20
2.812204608232296
 10
9.851369863013698
 20
2.9279647196041596
 10
9.851369863013698
 20
3.0921742267628365
 10
9.604794520547944
 20
2.976414115390973
  0
HATCH
  5
801
330
17
100
AcDbEntity
  8
A-MASS
 62
7
420
1118481
100
AcDbHatch
 10
0.0
 20
0.0
 30
0.0
210
0.0
220
0.0
230
1.0
  2
SOLID
 70
1
 71
0
 91
1
 92
3
 72
0
 73
1
 93
4
 10
9.444520547945205
 20
2.8874486806240074
 10
9.493835616438355
 20
2.8642966583496348
 10
9.493835616438355
 20
2.946401411928973
 10
9.444520547945205
 20
2.9695534342033456
 97
0
 75
0
 76
1
 98
0
  0
LWPOLYLINE
  5
802
330
17
100
AcDbEntity
  8
A-MASS
100
AcDbPolyline
 90
4
 70
1
 10
9.444520547945205
 20
2.8874486806240074
 10
9.493835616438355
 20
2.8642966583496348
 10
9.493835616438355
 20
2.946401411928973
 10
9.444520547945205
 20
2.9695534342033456
  0
LINE
  5
803
330
17
100
AcDbEntity
  8
A-ANNO-TEXT
100
AcDbLine
 10
12.26293739711123
 20
2.4264944744580745
 30
0.0
 11
11.93706260288877
 21
2.2735055255419248
 31
0.0
  0
HATCH
  5
804
330
17
100
AcDbEntity
  8
A-ANNO-TEXT
 62
7
420
0
100
AcDbHatch
 10
0.0
 20
0.0
 30
0.0
210
0.0
220
0.0
230
1.0
  2
SOLID
 70
1
 71
0
 91
1
 92
3
 72
0
 73
1
 93
3
 10
11.93706260288877
 20
2.2735055255419248
 10
12.033332773926245
 20
2.259046819914689
 10
11.987436089251402
 20
2.356809258181428
 97
0
 75
0
 76
1
 98
0
  0
LWPOLYLINE
  5
805
330
17
100
AcDbEntity
  8
A-ANNO-TEXT
100
AcDbPolyline
 90
3
 70
1
 10
11.93706260288877
 20
2.2735055255419248
 10
12.033332773926245
 20
2.259046819914689
 10
11.987436089251402
 20
2.356809258181428
  0
TEXT
  5
806
330
17
100
AcDbEntity
  8
A-ANNO-TEXT
100
AcDbText
 10
11.83930016462203
 20
2.19760884086708
 30
0.0
 40
0.055
  1
N
  7
KS-BOLD
 72
1
 11
11.83930016462203
 21
2.19760884086708
 31
0.0
100
AcDbText
  0
TEXT
  5
807
330
17
100
AcDbEntity
  8
A-ANNO-VIEW
100
AcDbText
 10
8.45
 20
5.869999999999999
 30
0.0
 40
0.06799999999999999
  1
V4  AERIAL FROM NORTHWEST (SERVICE SIDE, S1)
  7
KS-BOLD
 11
8.45
 21
5.869999999999999
 31
0.0
100
AcDbText
  0
TEXT
  5
808
330
17
100
AcDbEntity
  8
A-ANNO-VIEW
100
AcDbText
 10
8.45
 20
5.75
 30
0.0
 40
0.04599999999999999
  1
axonometric · not to scale
  7
KS-REG
 11
8.45
 21
5.75
 31
0.0
100
AcDbText
  0
LINE
  5
809
330
17
100
AcDbEntity
  8
A-ANNO-TEXT
100
AcDbLine
 10
9.469178082191782
 20
2.9579774230661595
 30
0.0
 11
9.769178082191782
 21
2.6079774230661594
 31
0.0
  0
TEXT
  5
80A
330
17
100
AcDbEntity
  8
A-ANNO-TEXT
100
AcDbText
 10
9.799178082191782
 20
2.5779774230661596
 30
0.0
 40
0.044000000000000004
  1
S1 SERVICE / LOADING (D-034) on the storage annex (D-067)
  7
KS-REG
 11
9.799178082191782
 21
2.5779774230661596
 31
0.0
100
AcDbText
  0
LINE
  5
80B
330
17
100
AcDbEntity
  8
A-ANNO-TEXT
100
AcDbLine
 10
8.573287671232876
 20
3.6673121091815677
 30
0.0
 11
8.773287671232875
 21
3.9673121091815675
 31
0.0
  0
TEXT
  5
80C
330
17
100
AcDbEntity
  8
A-ANNO-TEXT
100
AcDbText
 10
8.803287671232875
 20
3.9373121091815677
 30
0.0
 40
0.041999999999999996
  1
ST-2 30' DRUM (D-082)
  7
KS-REG
 11
8.803287671232875
 21
3.9373121091815677
 31
0.0
100
AcDbText
  0
LINE
  5
80D
330
17
100
AcDbEntity
  8
A-ANNO-TEXT
100
AcDbLine
 10
8.807534246575342
 20
3.3507051421599985
 30
0.0
 11
8.407534246575342
 21
3.0507051421599987
 31
0.0
  0
TEXT
  5
80E
330
17
100
AcDbEntity
  8
A-ANNO-TEXT
100
AcDbText
 10
8.377534246575342
 20
3.020705142159999
 30
0.0
 40
0.041999999999999996
  1
MECH / ELEC BAY (D-081), 16' ASSUMED
  7
KS-REG
 72
2
 11
8.377534246575342
 21
3.020705142159999
 31
0.0
100
AcDbText
  0
HATCH
  5
80F
330
17
100
AcDbEntity
  8
C-SITE-DIAG
 62
7
420
14268314
100
AcDbHatch
 10
0.0
 20
0.0
 30
0.0
210
0.0
220
0.0
230
1.0
  2
SOLID
 70
1
 71
0
 91
1
 92
3
 72
0
 73
1
 93
10
 10
13.450341883646065
 20
7.238786976091413
 10
13.652934302791095
 20
7.256625718541721
 10
14.021622354074967
 20
7.011568008173278
 10
13.751499128548257
 20
6.987783018239534
 10
13.825236738805032
 20
6.9387714761658446
 10
14.095359964331742
 20
6.962556466099589
 10
14.169097574588514
 20
6.913544924025901
 10
13.696381929916772
 20
6.871921191641848
 10
13.47516909914645
 20
7.0189558178629134
 10
13.74529232467316
 20
7.042740807796658
 97
0
 75
0
 76
1
 98
0
  0
LWPOLYLINE
  5
810
330
17
100
AcDbEntity
  8
C-SITE-DIAG
100
AcDbPolyline
 90
10
 70
1
 10
13.450341883646065
 20
7.238786976091413
 10
13.652934302791095
 20
7.256625718541721
 10
14.021622354074967
 20
7.011568008173278
 10
13.751499128548257
 20
6.987783018239534
 10
13.825236738805032
 20
6.9387714761658446
 10
14.095359964331742
 20
6.962556466099589
 10
14.169097574588514
 20
6.913544924025901
 10
13.696381929916772
 20
6.871921191641848
 10
13.47516909914645
 20
7.0189558178629134
 10
13.74529232467316
 20
7.042740807796658
  0
HATCH
  5
811
330
17
100
AcDbEntity
  8
C-SITE-DIAG
 62
7
420
14268314
100
AcDbHatch
 10
0.0
 20
0.0
 30
0.0
210
0.0
220
0.0
230
1.0
  2
SOLID
 70
1
 71
0
 91
1
 92
3
 72
0
 73
1
 93
10
 10
15.095908452306709
 20
7.16166575746538
 10
15.36603167783342
 20
7.185450747399124
 10
15.58724450860374
 20
7.0384161211780585
 10
15.114528863931998
 20
6.996792388794006
 10
15.040791253675225
 20
7.045803930867694
 10
15.310914479201934
 20
7.069588920801439
 10
15.237176868945161
 20
7.118600462875127
 10
14.967053643418451
 20
7.0948154729413835
 10
14.59836559213458
 20
7.339873183309827
 10
14.800958011279613
 20
7.357711925760134
 97
0
 75
0
 76
1
 98
0
  0
LWPOLYLINE
  5
812
330
17
100
AcDbEntity
  8
C-SITE-DIAG
100
AcDbPolyline
 90
10
 70
1
 10
15.095908452306709
 20
7.16166575746538
 10
15.36603167783342
 20
7.185450747399124
 10
15.58724450860374
 20
7.0384161211780585
 10
15.114528863931998
 20
6.996792388794006
 10
15.040791253675225
 20
7.045803930867694
 10
15.310914479201934
 20
7.069588920801439
 10
15.237176868945161
 20
7.118600462875127
 10
14.967053643418451
 20
7.0948154729413835
 10
14.59836559213458
 20
7.339873183309827
 10
14.800958011279613
 20
7.357711925760134
  0
HATCH
  5
813
330
17
100
AcDbEntity
  8
C-SITE-DIAG
 62
7
420
11887946
100
AcDbHatch
 10
0.0
 20
0.0
 30
0.0
210
0.0
220
0.0
230
1.0
  2
SOLID
 70
1
 71
0
 91
1
 92
3
 72
0
 73
1
 93
4
 10
14.021622354074967
 20
7.011568008173278
 10
14.967053643418451
 20
7.0948154729413835
 10
14.59836559213458
 20
7.339873183309827
 10
13.652934302791095
 20
7.256625718541721
 97
0
 75
0
 76
1
 98
0
  0
LWPOLYLINE
  5
814
330
17
100
AcDbEntity
  8
C-SITE-DIAG
100
AcDbPolyline
 90
4
 70
1
 10
14.021622354074967
 20
7.011568008173278
 10
14.967053643418451
 20
7.0948154729413835
 10
14.59836559213458
 20
7.339873183309827
 10
13.652934302791095
 20
7.256625718541721
  0
HATCH
  5
815
330
17
100
AcDbEntity
  8
A-MASS
 62
7
420
13487565
100
AcDbHatch
 10
0.0
 20
0.0
 30
0.0
210
0.0
220
0.0
230
1.0
  2
SOLID
 70
1
 71
0
 91
1
 92
3
 72
0
 73
1
 93
4
 10
12.673737610256772
 20
7.170405130031898
 10
15.712623897432259
 20
7.437986266786522
 10
15.712623897432259
 20
8.57981652197942
 10
12.673737610256772
 20
8.312235385224795
 97
0
 75
0
 76
1
 98
0
  0
LWPOLYLINE
  5
816
330
17
100
AcDbEntity
  8
A-MASS
100
AcDbPolyline
 90
4
 70
1
 10
12.673737610256772
 20
7.170405130031898
 10
15.712623897432259
 20
7.437986266786522
 10
15.712623897432259
 20
8.57981652197942
 10
12.673737610256772
 20
8.312235385224795
  0
HATCH
  5
817
330
17
100
AcDbEntity
  8
A-MASS
 62
7
420
11974326
100
AcDbHatch
 10
0.0
 20
0.0
 30
0.0
210
0.0
220
0.0
230
1.0
  2
SOLID
 70
1
 71
0
 91
1
 92
3
 72
0
 73
1
 93
4
 10
12.6
 20
7.219416672105586
 10
12.673737610256772
 20
7.170405130031898
 10
12.673737610256772
 20
8.312235385224795
 10
12.6
 20
8.361246927298485
 97
0
 75
0
 76
1
 98
0
  0
LWPOLYLINE
  5
818
330
17
100
AcDbEntity
  8
A-MASS
100
AcDbPolyline
 90
4
 70
1
 10
12.6
 20
7.219416672105586
 10
12.673737610256772
 20
7.170405130031898
 10
12.673737610256772
 20
8.312235385224795
 10
12.6
 20
8.361246927298485
  0
HATCH
  5
819
330
17
100
AcDbEntity
  8
A-MASS
 62
7
420
15000804
100
AcDbHatch
 10
0.0
 20
0.0
 30
0.0
210
0.0
220
0.0
230
1.0
  2
SOLID
 70
1
 71
0
 91
1
 92
3
 72
0
 73
1
 93
4
 10
12.673737610256772
 20
8.312235385224795
 10
15.712623897432259
 20
8.57981652197942
 10
15.638886287175485
 20
8.62882806405311
 10
12.6
 20
8.361246927298485
 97
0
 75
0
 76
1
 98
0
  0
LWPOLYLINE
  5
81A
330
17
100
AcDbEntity
  8
A-MASS
100
AcDbPolyline
 90
4
 70
1
 10
12.673737610256772
 20
8.312235385224795
 10
15.712623897432259
 20
8.57981652197942
 10
15.638886287175485
 20
8.62882806405311
 10
12.6
 20
8.361246927298485
  0
HATCH
  5
81B
330
17
100
AcDbEntity
  8
A-MASS
 62
7
420
10007239
100
AcDbHatch
 10
0.0
 20
0.0
 30
0.0
210
0.0
220
0.0
230
1.0
  2
SOLID
 70
1
 71
0
 91
1
 92
3
 72
0
 73
1
 93
4
 10
13.25619081529874
 20
7.221691514576534
 10
14.995109079626936
 20
7.3748073872750135
 10
14.995109079626936
 20
7.653727754955721
 10
13.25619081529874
 20
7.5006118822572425
 97
0
 75
0
 76
1
 98
0
  0
LWPOLYLINE
  5
81C
330
17
100
AcDbEntity
  8
A-MASS
100
AcDbPolyline
 90
4
 70
1
 10
13.25619081529874
 20
7.221691514576534
 10
14.995109079626936
 20
7.3748073872750135
 10
14.995109079626936
 20
7.653727754955721
 10
13.25619081529874
 20
7.5006118822572425
  0
HATCH
  5
81D
330
17
100
AcDbEntity
  8
A-MASS
 62
7
420
14208176
100
AcDbHatch
 10
0.0
 20
0.0
 30
0.0
210
0.0
220
0.0
230
1.0
  2
SOLID
 70
1
 71
0
 91
1
 92
3
 72
0
 73
1
 93
4
 10
15.040791253675225
 20
8.78905622887212
 10
15.310914479201934
 20
8.812841218805865
 10
15.237176868945161
 20
8.861852760879552
 10
14.967053643418451
 20
8.838067770945809
 97
0
 75
0
 76
1
 98
0
  0
LWPOLYLINE
  5
81E
330
17
100
AcDbEntity
  8
A-MASS
100
AcDbPolyline
 90
4
 70
1
 10
15.040791253675225
 20
8.78905622887212
 10
15.310914479201934
 20
8.812841218805865
 10
15.237176868945161
 20
8.861852760879552
 10
14.967053643418451
 20
8.838067770945809
  0
HATCH
  5
81F
330
17
100
AcDbEntity
  8
A-MASS
 62
7
420
12761246
100
AcDbHatch
 10
0.0
 20
0.0
 30
0.0
210
0.0
220
0.0
230
1.0
  2
SOLID
 70
1
 71
0
 91
1
 92
3
 72
0
 73
1
 93
4
 10
15.040791253675225
 20
7.045803930867694
 10
15.310914479201934
 20
7.069588920801439
 10
15.310914479201934
 20
8.812841218805865
 10
15.040791253675225
 20
8.78905622887212
 97
0
 75
0
 76
1
 98
0
  0
LWPOLYLINE
  5
820
330
17
100
AcDbEntity
  8
A-MASS
100
AcDbPolyline
 90
4
 70
1
 10
15.040791253675225
 20
7.045803930867694
 10
15.310914479201934
 20
7.069588920801439
 10
15.310914479201934
 20
8.812841218805865
 10
15.040791253675225
 20
8.78905622887212
  0
HATCH
  5
821
330
17
100
AcDbEntity
  8
A-MASS
 62
7
420
11379597
100
AcDbHatch
 10
0.0
 20
0.0
 30
0.0
210
0.0
220
0.0
230
1.0
  2
SOLID
 70
1
 71
0
 91
1
 92
3
 72
0
 73
1
 93
4
 10
14.967053643418451
 20
7.0948154729413835
 10
15.040791253675225
 20
7.045803930867694
 10
15.040791253675225
 20
8.78905622887212
 10
14.967053643418451
 20
8.838067770945809
 97
0
 75
0
 76
1
 98
0
  0
LWPOLYLINE
  5
822
330
17
100
AcDbEntity
  8
A-MASS
100
AcDbPolyline
 90
4
 70
1
 10
14.967053643418451
 20
7.0948154729413835
 10
15.040791253675225
 20
7.045803930867694
 10
15.040791253675225
 20
8.78905622887212
 10
14.967053643418451
 20
8.838067770945809
  0
HATCH
  5
823
330
17
100
AcDbEntity
  8
A-MASS
 62
7
420
14208176
100
AcDbHatch
 10
0.0
 20
0.0
 30
0.0
210
0.0
220
0.0
230
1.0
  2
SOLID
 70
1
 71
0
 91
1
 92
3
 72
0
 73
1
 93
4
 10
14.095359964331742
 20
8.705808764104013
 10
15.040791253675225
 20
8.78905622887212
 10
14.967053643418451
 20
8.838067770945809
 10
14.021622354074967
 20
8.754820306177702
 97
0
 75
0
 76
1
 98
0
  0
LWPOLYLINE
  5
824
330
17
100
AcDbEntity
  8
A-MASS
100
AcDbPolyline
 90
4
 70
1
 10
14.095359964331742
 20
8.705808764104013
 10
15.040791253675225
 20
8.78905622887212
 10
14.967053643418451
 20
8.838067770945809
 10
14.021622354074967
 20
8.754820306177702
  0
HATCH
  5
825
330
17
100
AcDbEntity
  8
A-MASS
 62
7
420
12761246
100
AcDbHatch
 10
0.0
 20
0.0
 30
0.0
210
0.0
220
0.0
230
1.0
  2
SOLID
 70
1
 71
0
 91
1
 92
3
 72
0
 73
1
 93
59
 10
14.095359964331742
 20
7.733073981817545
 10
14.112242665927159
 20
7.844451136656639
 10
14.12912536752258
 20
7.890036584637562
 10
14.146008069117999
 20
7.924377055677301
 10
14.162890770713418
 20
7.952723337882844
 10
14.179773472308838
 20
7.977125599224797
 10
14.196656173904257
 20
7.998642484839863
 10
14.213538875499676
 20
8.01790653206477
 10
14.230421577095095
 20
8.03533182315148
 10
14.247304278690514
 20
8.051206997385357
 10
14.264186980285935
 20
8.065742670324763
 10
14.281069681881354
 20
8.079097941301699
 10
14.297952383476773
 20
8.091396273444518
 10
14.314835085072193
 20
8.102735535383163
 10
14.33171778666761
 20
8.1131946325256
 10
14.348600488263031
 20
8.122838044392132
 10
14.36548318985845
 20
8.131719022016417
 10
14.382365891453869
 20
8.139881897345772
 10
14.39924859304929
 20
8.147363786097921
 10
14.416131294644709
 20
8.154195865182981
 10
14.433013996240128
 20
8.160404344542329
 10
14.449896697835548
 20
8.166011214650917
 10
14.466779399430965
 20
8.17103482590001
 10
14.483662101026386
 20
8.175490339425014
 10
14.500544802621805
 20
8.179390077593624
 10
14.517427504217224
 20
8.18274379444967
 10
14.534310205812645
 20
8.185558880745035
 10
14.551192907408064
 20
8.187840514031452
 10
14.568075609003483
 20
8.189591761126652
 10
14.584958310598903
 20
8.19081363777317
 10
14.60184101219432
 20
8.19150512822847
 10
14.618723713789741
 20
8.191663165674825
 10
14.63560641538516
 20
8.191282572560496
 10
14.652489116980579
 20
8.190355958133605
 10
14.669371818576
 20
8.188873568350319
 10
14.686254520171417
 20
8.186823080842943
 10
14.703137221766838
 20
8.184189334476073
 10
14.720019923362258
 20
8.180953978858444
 10
14.736902624957676
 20
8.1770950235151
 10
14.753785326553096
 20
8.172586258504671
 10
14.770668028148515
 20
8.167396506917033
 10
14.787550729743934
 20
8.161488653034466
 10
14.804433431339355
 20
8.154818364909653
 10
14.821316132934772
 20
8.147332391508934
 10
14.838198834530193
 20
8.138966253312008
 10
14.855081536125612
 20
8.129641044910906
 10
14.87196423772103
 20
8.119258897675687
 10
14.888846939316451
 20
8.107696348478
 10
14.90572964091187
 20
8.09479429798584
 10
14.92261234250729
 20
8.080342130640851
 10
14.939495044102708
 20
8.064051207157659
 10
14.956377745698127
 20
8.045507445284313
 10
14.973260447293548
 20
8.024078307684077
 10
14.990143148888967
 20
7.998705149220252
 10
15.007025850484386
 20
7.9673378019222305
 10
15.023908552079806
 20
7.924725477683026
 10
15.040791253675225
 20
7.8163214465856505
 10
15.040791253675225
 20
8.78905622887212
 10
14.095359964331742
 20
8.705808764104013
 97
0
 75
0
 76
1
 98
0
  0
LWPOLYLINE
  5
826
330
17
100
AcDbEntity
  8
A-MASS
100
AcDbPolyline
 90
59
 70
1
 10
14.095359964331742
 20
7.733073981817545
 10
14.112242665927159
 20
7.844451136656639
 10
14.12912536752258
 20
7.890036584637562
 10
14.146008069117999
 20
7.924377055677301
 10
14.162890770713418
 20
7.952723337882844
 10
14.179773472308838
 20
7.977125599224797
 10
14.196656173904257
 20
7.998642484839863
 10
14.213538875499676
 20
8.01790653206477
 10
14.230421577095095
 20
8.03533182315148
 10
14.247304278690514
 20
8.051206997385357
 10
14.264186980285935
 20
8.065742670324763
 10
14.281069681881354
 20
8.079097941301699
 10
14.297952383476773
 20
8.091396273444518
 10
14.314835085072193
 20
8.102735535383163
 10
14.33171778666761
 20
8.1131946325256
 10
14.348600488263031
 20
8.122838044392132
 10
14.36548318985845
 20
8.131719022016417
 10
14.382365891453869
 20
8.139881897345772
 10
14.39924859304929
 20
8.147363786097921
 10
14.416131294644709
 20
8.154195865182981
 10
14.433013996240128
 20
8.160404344542329
 10
14.449896697835548
 20
8.166011214650917
 10
14.466779399430965
 20
8.17103482590001
 10
14.483662101026386
 20
8.175490339425014
 10
14.500544802621805
 20
8.179390077593624
 10
14.517427504217224
 20
8.18274379444967
 10
14.534310205812645
 20
8.185558880745035
 10
14.551192907408064
 20
8.187840514031452
 10
14.568075609003483
 20
8.189591761126652
 10
14.584958310598903
 20
8.19081363777317
 10
14.60184101219432
 20
8.19150512822847
 10
14.618723713789741
 20
8.191663165674825
 10
14.63560641538516
 20
8.191282572560496
 10
14.652489116980579
 20
8.190355958133605
 10
14.669371818576
 20
8.188873568350319
 10
14.686254520171417
 20
8.186823080842943
 10
14.703137221766838
 20
8.184189334476073
 10
14.720019923362258
 20
8.180953978858444
 10
14.736902624957676
 20
8.1770950235151
 10
14.753785326553096
 20
8.172586258504671
 10
14.770668028148515
 20
8.167396506917033
 10
14.787550729743934
 20
8.161488653034466
 10
14.804433431339355
 20
8.154818364909653
 10
14.821316132934772
 20
8.147332391508934
 10
14.838198834530193
 20
8.138966253312008
 10
14.855081536125612
 20
8.129641044910906
 10
14.87196423772103
 20
8.119258897675687
 10
14.888846939316451
 20
8.107696348478
 10
14.90572964091187
 20
8.09479429798584
 10
14.92261234250729
 20
8.080342130640851
 10
14.939495044102708
 20
8.064051207157659
 10
14.956377745698127
 20
8.045507445284313
 10
14.973260447293548
 20
8.024078307684077
 10
14.990143148888967
 20
7.998705149220252
 10
15.007025850484386
 20
7.9673378019222305
 10
15.023908552079806
 20
7.924725477683026
 10
15.040791253675225
 20
7.8163214465856505
 10
15.040791253675225
 20
8.78905622887212
 10
14.095359964331742
 20
8.705808764104013
  0
LWPOLYLINE
  5
827
330
17
100
AcDbEntity
  8
A-MASS
100
AcDbPolyline
 90
4
 70
1
 10
14.095359964331742
 20
7.733073981817545
 10
14.112242665927159
 20
7.844451136656639
 10
14.112242665927159
 20
7.844451136656639
 10
14.095359964331742
 20
7.733073981817545
  0
LWPOLYLINE
  5
828
330
17
100
AcDbEntity
  8
A-MASS
100
AcDbPolyline
 90
4
 70
1
 10
14.112242665927159
 20
7.844451136656639
 10
14.12912536752258
 20
7.890036584637562
 10
14.12912536752258
 20
7.890036584637562
 10
14.112242665927159
 20
7.844451136656639
  0
LWPOLYLINE
  5
829
330
17
100
AcDbEntity
  8
A-MASS
100
AcDbPolyline
 90
4
 70
1
 10
14.12912536752258
 20
7.890036584637562
 10
14.146008069117999
 20
7.924377055677301
 10
14.146008069117999
 20
7.924377055677301
 10
14.12912536752258
 20
7.890036584637562
  0
LWPOLYLINE
  5
82A
330
17
100
AcDbEntity
  8
A-MASS
100
AcDbPolyline
 90
4
 70
1
 10
14.146008069117999
 20
7.924377055677301
 10
14.162890770713418
 20
7.952723337882844
 10
14.162890770713418
 20
7.952723337882844
 10
14.146008069117999
 20
7.924377055677301
  0
LWPOLYLINE
  5
82B
330
17
100
AcDbEntity
  8
A-MASS
100
AcDbPolyline
 90
4
 70
1
 10
14.162890770713418
 20
7.952723337882844
 10
14.179773472308838
 20
7.977125599224797
 10
14.179773472308838
 20
7.977125599224797
 10
14.162890770713418
 20
7.952723337882844
  0
LWPOLYLINE
  5
82C
330
17
100
AcDbEntity
  8
A-MASS
100
AcDbPolyline
 90
4
 70
1
 10
14.179773472308838
 20
7.977125599224797
 10
14.196656173904257
 20
7.998642484839863
 10
14.196656173904257
 20
7.998642484839863
 10
14.179773472308838
 20
7.977125599224797
  0
LWPOLYLINE
  5
82D
330
17
100
AcDbEntity
  8
A-MASS
100
AcDbPolyline
 90
4
 70
1
 10
14.196656173904257
 20
7.998642484839863
 10
14.213538875499676
 20
8.01790653206477
 10
14.213538875499676
 20
8.01790653206477
 10
14.196656173904257
 20
7.998642484839863
  0
LWPOLYLINE
  5
82E
330
17
100
AcDbEntity
  8
A-MASS
100
AcDbPolyline
 90
4
 70
1
 10
14.213538875499676
 20
8.01790653206477
 10
14.230421577095095
 20
8.03533182315148
 10
14.230421577095095
 20
8.03533182315148
 10
14.213538875499676
 20
8.01790653206477
  0
LWPOLYLINE
  5
82F
330
17
100
AcDbEntity
  8
A-MASS
100
AcDbPolyline
 90
4
 70
1
 10
14.230421577095095
 20
8.03533182315148
 10
14.247304278690514
 20
8.051206997385357
 10
14.247304278690514
 20
8.051206997385357
 10
14.230421577095095
 20
8.03533182315148
  0
LWPOLYLINE
  5
830
330
17
100
AcDbEntity
  8
A-MASS
100
AcDbPolyline
 90
4
 70
1
 10
14.247304278690514
 20
8.051206997385357
 10
14.264186980285935
 20
8.065742670324763
 10
14.264186980285935
 20
8.065742670324763
 10
14.247304278690514
 20
8.051206997385357
  0
LWPOLYLINE
  5
831
330
17
100
AcDbEntity
  8
A-MASS
100
AcDbPolyline
 90
4
 70
1
 10
14.264186980285935
 20
8.065742670324763
 10
14.281069681881354
 20
8.079097941301699
 10
14.281069681881354
 20
8.079097941301699
 10
14.264186980285935
 20
8.065742670324763
  0
LWPOLYLINE
  5
832
330
17
100
AcDbEntity
  8
A-MASS
100
AcDbPolyline
 90
4
 70
1
 10
14.281069681881354
 20
8.079097941301699
 10
14.297952383476773
 20
8.091396273444518
 10
14.297952383476773
 20
8.091396273444518
 10
14.281069681881354
 20
8.079097941301699
  0
LWPOLYLINE
  5
833
330
17
100
AcDbEntity
  8
A-MASS
100
AcDbPolyline
 90
4
 70
1
 10
14.297952383476773
 20
8.091396273444518
 10
14.314835085072193
 20
8.102735535383163
 10
14.314835085072193
 20
8.102735535383163
 10
14.297952383476773
 20
8.091396273444518
  0
LWPOLYLINE
  5
834
330
17
100
AcDbEntity
  8
A-MASS
100
AcDbPolyline
 90
4
 70
1
 10
14.314835085072193
 20
8.102735535383163
 10
14.33171778666761
 20
8.1131946325256
 10
14.33171778666761
 20
8.1131946325256
 10
14.314835085072193
 20
8.102735535383163
  0
LWPOLYLINE
  5
835
330
17
100
AcDbEntity
  8
A-MASS
100
AcDbPolyline
 90
4
 70
1
 10
14.33171778666761
 20
8.1131946325256
 10
14.348600488263031
 20
8.122838044392132
 10
14.348600488263031
 20
8.122838044392132
 10
14.33171778666761
 20
8.1131946325256
  0
LWPOLYLINE
  5
836
330
17
100
AcDbEntity
  8
A-MASS
100
AcDbPolyline
 90
4
 70
1
 10
14.348600488263031
 20
8.122838044392132
 10
14.36548318985845
 20
8.131719022016417
 10
14.36548318985845
 20
8.131719022016417
 10
14.348600488263031
 20
8.122838044392132
  0
LWPOLYLINE
  5
837
330
17
100
AcDbEntity
  8
A-MASS
100
AcDbPolyline
 90
4
 70
1
 10
14.36548318985845
 20
8.131719022016417
 10
14.382365891453869
 20
8.139881897345772
 10
14.382365891453869
 20
8.139881897345772
 10
14.36548318985845
 20
8.131719022016417
  0
LWPOLYLINE
  5
838
330
17
100
AcDbEntity
  8
A-MASS
100
AcDbPolyline
 90
4
 70
1
 10
14.382365891453869
 20
8.139881897345772
 10
14.39924859304929
 20
8.147363786097921
 10
14.39924859304929
 20
8.147363786097921
 10
14.382365891453869
 20
8.139881897345772
  0
LWPOLYLINE
  5
839
330
17
100
AcDbEntity
  8
A-MASS
100
AcDbPolyline
 90
4
 70
1
 10
14.39924859304929
 20
8.147363786097921
 10
14.416131294644709
 20
8.154195865182981
 10
14.416131294644709
 20
8.154195865182981
 10
14.39924859304929
 20
8.147363786097921
  0
LWPOLYLINE
  5
83A
330
17
100
AcDbEntity
  8
A-MASS
100
AcDbPolyline
 90
4
 70
1
 10
14.416131294644709
 20
8.154195865182981
 10
14.433013996240128
 20
8.160404344542329
 10
14.433013996240128
 20
8.160404344542329
 10
14.416131294644709
 20
8.154195865182981
  0
LWPOLYLINE
  5
83B
330
17
100
AcDbEntity
  8
A-MASS
100
AcDbPolyline
 90
4
 70
1
 10
14.433013996240128
 20
8.160404344542329
 10
14.449896697835548
 20
8.166011214650917
 10
14.449896697835548
 20
8.166011214650917
 10
14.433013996240128
 20
8.160404344542329
  0
LWPOLYLINE
  5
83C
330
17
100
AcDbEntity
  8
A-MASS
100
AcDbPolyline
 90
4
 70
1
 10
14.449896697835548
 20
8.166011214650917
 10
14.466779399430965
 20
8.17103482590001
 10
14.466779399430965
 20
8.17103482590001
 10
14.449896697835548
 20
8.166011214650917
  0
LWPOLYLINE
  5
83D
330
17
100
AcDbEntity
  8
A-MASS
100
AcDbPolyline
 90
4
 70
1
 10
14.466779399430965
 20
8.17103482590001
 10
14.483662101026386
 20
8.175490339425014
 10
14.483662101026386
 20
8.175490339425014
 10
14.466779399430965
 20
8.17103482590001
  0
LWPOLYLINE
  5
83E
330
17
100
AcDbEntity
  8
A-MASS
100
AcDbPolyline
 90
4
 70
1
 10
14.483662101026386
 20
8.175490339425014
 10
14.500544802621805
 20
8.179390077593624
 10
14.500544802621805
 20
8.179390077593624
 10
14.483662101026386
 20
8.175490339425014
  0
LWPOLYLINE
  5
83F
330
17
100
AcDbEntity
  8
A-MASS
100
AcDbPolyline
 90
4
 70
1
 10
14.500544802621805
 20
8.179390077593624
 10
14.517427504217224
 20
8.18274379444967
 10
14.517427504217224
 20
8.18274379444967
 10
14.500544802621805
 20
8.179390077593624
  0
LWPOLYLINE
  5
840
330
17
100
AcDbEntity
  8
A-MASS
100
AcDbPolyline
 90
4
 70
1
 10
14.517427504217224
 20
8.18274379444967
 10
14.534310205812645
 20
8.185558880745035
 10
14.534310205812645
 20
8.185558880745035
 10
14.517427504217224
 20
8.18274379444967
  0
LWPOLYLINE
  5
841
330
17
100
AcDbEntity
  8
A-MASS
100
AcDbPolyline
 90
4
 70
1
 10
14.534310205812645
 20
8.185558880745035
 10
14.551192907408064
 20
8.187840514031452
 10
14.551192907408064
 20
8.187840514031452
 10
14.534310205812645
 20
8.185558880745035
  0
LWPOLYLINE
  5
842
330
17
100
AcDbEntity
  8
A-MASS
100
AcDbPolyline
 90
4
 70
1
 10
14.551192907408064
 20
8.187840514031452
 10
14.568075609003483
 20
8.189591761126652
 10
14.568075609003483
 20
8.189591761126652
 10
14.551192907408064
 20
8.187840514031452
  0
LWPOLYLINE
  5
843
330
17
100
AcDbEntity
  8
A-MASS
100
AcDbPolyline
 90
4
 70
1
 10
14.568075609003483
 20
8.189591761126652
 10
14.584958310598903
 20
8.19081363777317
 10
14.584958310598903
 20
8.19081363777317
 10
14.568075609003483
 20
8.189591761126652
  0
LWPOLYLINE
  5
844
330
17
100
AcDbEntity
  8
A-MASS
100
AcDbPolyline
 90
4
 70
1
 10
14.584958310598903
 20
8.19081363777317
 10
14.60184101219432
 20
8.19150512822847
 10
14.60184101219432
 20
8.19150512822847
 10
14.584958310598903
 20
8.19081363777317
  0
LWPOLYLINE
  5
845
330
17
100
AcDbEntity
  8
A-MASS
100
AcDbPolyline
 90
4
 70
1
 10
14.60184101219432
 20
8.19150512822847
 10
14.618723713789741
 20
8.191663165674825
 10
14.618723713789741
 20
8.191663165674825
 10
14.60184101219432
 20
8.19150512822847
  0
LWPOLYLINE
  5
846
330
17
100
AcDbEntity
  8
A-MASS
100
AcDbPolyline
 90
4
 70
1
 10
14.618723713789741
 20
8.191663165674825
 10
14.63560641538516
 20
8.191282572560496
 10
14.63560641538516
 20
8.191282572560496
 10
14.618723713789741
 20
8.191663165674825
  0
LWPOLYLINE
  5
847
330
17
100
AcDbEntity
  8
A-MASS
100
AcDbPolyline
 90
4
 70
1
 10
14.63560641538516
 20
8.191282572560496
 10
14.652489116980579
 20
8.190355958133605
 10
14.652489116980579
 20
8.190355958133605
 10
14.63560641538516
 20
8.191282572560496
  0
LWPOLYLINE
  5
848
330
17
100
AcDbEntity
  8
A-MASS
100
AcDbPolyline
 90
4
 70
1
 10
14.652489116980579
 20
8.190355958133605
 10
14.669371818576
 20
8.188873568350319
 10
14.669371818576
 20
8.188873568350319
 10
14.652489116980579
 20
8.190355958133605
  0
LWPOLYLINE
  5
849
330
17
100
AcDbEntity
  8
A-MASS
100
AcDbPolyline
 90
4
 70
1
 10
14.669371818576
 20
8.188873568350319
 10
14.686254520171417
 20
8.186823080842943
 10
14.686254520171417
 20
8.186823080842943
 10
14.669371818576
 20
8.188873568350319
  0
LWPOLYLINE
  5
84A
330
17
100
AcDbEntity
  8
A-MASS
100
AcDbPolyline
 90
4
 70
1
 10
14.686254520171417
 20
8.186823080842943
 10
14.703137221766838
 20
8.184189334476073
 10
14.703137221766838
 20
8.184189334476073
 10
14.686254520171417
 20
8.186823080842943
  0
LWPOLYLINE
  5
84B
330
17
100
AcDbEntity
  8
A-MASS
100
AcDbPolyline
 90
4
 70
1
 10
14.703137221766838
 20
8.184189334476073
 10
14.720019923362258
 20
8.180953978858444
 10
14.720019923362258
 20
8.180953978858444
 10
14.703137221766838
 20
8.184189334476073
  0
LWPOLYLINE
  5
84C
330
17
100
AcDbEntity
  8
A-MASS
100
AcDbPolyline
 90
4
 70
1
 10
14.720019923362258
 20
8.180953978858444
 10
14.736902624957676
 20
8.1770950235151
 10
14.736902624957676
 20
8.1770950235151
 10
14.720019923362258
 20
8.180953978858444
  0
LWPOLYLINE
  5
84D
330
17
100
AcDbEntity
  8
A-MASS
100
AcDbPolyline
 90
4
 70
1
 10
14.736902624957676
 20
8.1770950235151
 10
14.753785326553096
 20
8.172586258504671
 10
14.753785326553096
 20
8.172586258504671
 10
14.736902624957676
 20
8.1770950235151
  0
LWPOLYLINE
  5
84E
330
17
100
AcDbEntity
  8
A-MASS
100
AcDbPolyline
 90
4
 70
1
 10
14.753785326553096
 20
8.172586258504671
 10
14.770668028148515
 20
8.167396506917033
 10
14.770668028148515
 20
8.167396506917033
 10
14.753785326553096
 20
8.172586258504671
  0
LWPOLYLINE
  5
84F
330
17
100
AcDbEntity
  8
A-MASS
100
AcDbPolyline
 90
4
 70
1
 10
14.770668028148515
 20
8.167396506917033
 10
14.787550729743934
 20
8.161488653034466
 10
14.787550729743934
 20
8.161488653034466
 10
14.770668028148515
 20
8.167396506917033
  0
LWPOLYLINE
  5
850
330
17
100
AcDbEntity
  8
A-MASS
100
AcDbPolyline
 90
4
 70
1
 10
14.787550729743934
 20
8.161488653034466
 10
14.804433431339355
 20
8.154818364909653
 10
14.804433431339355
 20
8.154818364909653
 10
14.787550729743934
 20
8.161488653034466
  0
LWPOLYLINE
  5
851
330
17
100
AcDbEntity
  8
A-MASS
100
AcDbPolyline
 90
4
 70
1
 10
14.804433431339355
 20
8.154818364909653
 10
14.821316132934772
 20
8.147332391508934
 10
14.821316132934772
 20
8.147332391508934
 10
14.804433431339355
 20
8.154818364909653
  0
LWPOLYLINE
  5
852
330
17
100
AcDbEntity
  8
A-MASS
100
AcDbPolyline
 90
4
 70
1
 10
14.821316132934772
 20
8.147332391508934
 10
14.838198834530193
 20
8.138966253312008
 10
14.838198834530193
 20
8.138966253312008
 10
14.821316132934772
 20
8.147332391508934
  0
LWPOLYLINE
  5
853
330
17
100
AcDbEntity
  8
A-MASS
100
AcDbPolyline
 90
4
 70
1
 10
14.838198834530193
 20
8.138966253312008
 10
14.855081536125612
 20
8.129641044910906
 10
14.855081536125612
 20
8.129641044910906
 10
14.838198834530193
 20
8.138966253312008
  0
LWPOLYLINE
  5
854
330
17
100
AcDbEntity
  8
A-MASS
100
AcDbPolyline
 90
4
 70
1
 10
14.855081536125612
 20
8.129641044910906
 10
14.87196423772103
 20
8.119258897675687
 10
14.87196423772103
 20
8.119258897675687
 10
14.855081536125612
 20
8.129641044910906
  0
LWPOLYLINE
  5
855
330
17
100
AcDbEntity
  8
A-MASS
100
AcDbPolyline
 90
4
 70
1
 10
14.87196423772103
 20
8.119258897675687
 10
14.888846939316451
 20
8.107696348478
 10
14.888846939316451
 20
8.107696348478
 10
14.87196423772103
 20
8.119258897675687
  0
LWPOLYLINE
  5
856
330
17
100
AcDbEntity
  8
A-MASS
100
AcDbPolyline
 90
4
 70
1
 10
14.888846939316451
 20
8.107696348478
 10
14.90572964091187
 20
8.09479429798584
 10
14.90572964091187
 20
8.09479429798584
 10
14.888846939316451
 20
8.107696348478
  0
LWPOLYLINE
  5
857
330
17
100
AcDbEntity
  8
A-MASS
100
AcDbPolyline
 90
4
 70
1
 10
14.90572964091187
 20
8.09479429798584
 10
14.92261234250729
 20
8.080342130640851
 10
14.92261234250729
 20
8.080342130640851
 10
14.90572964091187
 20
8.09479429798584
  0
LWPOLYLINE
  5
858
330
17
100
AcDbEntity
  8
A-MASS
100
AcDbPolyline
 90
4
 70
1
 10
14.92261234250729
 20
8.080342130640851
 10
14.939495044102708
 20
8.064051207157659
 10
14.939495044102708
 20
8.064051207157659
 10
14.92261234250729
 20
8.080342130640851
  0
LWPOLYLINE
  5
859
330
17
100
AcDbEntity
  8
A-MASS
100
AcDbPolyline
 90
4
 70
1
 10
14.939495044102708
 20
8.064051207157659
 10
14.956377745698127
 20
8.045507445284313
 10
14.956377745698127
 20
8.045507445284313
 10
14.939495044102708
 20
8.064051207157659
  0
LWPOLYLINE
  5
85A
330
17
100
AcDbEntity
  8
A-MASS
100
AcDbPolyline
 90
4
 70
1
 10
14.956377745698127
 20
8.045507445284313
 10
14.973260447293548
 20
8.024078307684077
 10
14.973260447293548
 20
8.024078307684077
 10
14.956377745698127
 20
8.045507445284313
  0
LWPOLYLINE
  5
85B
330
17
100
AcDbEntity
  8
A-MASS
100
AcDbPolyline
 90
4
 70
1
 10
14.973260447293548
 20
8.024078307684077
 10
14.990143148888967
 20
7.998705149220252
 10
14.990143148888967
 20
7.998705149220252
 10
14.973260447293548
 20
8.024078307684077
  0
LWPOLYLINE
  5
85C
330
17
100
AcDbEntity
  8
A-MASS
100
AcDbPolyline
 90
4
 70
1
 10
14.990143148888967
 20
7.998705149220252
 10
15.007025850484386
 20
7.9673378019222305
 10
15.007025850484386
 20
7.9673378019222305
 10
14.990143148888967
 20
7.998705149220252
  0
LWPOLYLINE
  5
85D
330
17
100
AcDbEntity
  8
A-MASS
100
AcDbPolyline
 90
4
 70
1
 10
15.007025850484386
 20
7.9673378019222305
 10
15.023908552079806
 20
7.924725477683026
 10
15.023908552079806
 20
7.924725477683026
 10
15.007025850484386
 20
7.9673378019222305
  0
LWPOLYLINE
  5
85E
330
17
100
AcDbEntity
  8
A-MASS
100
AcDbPolyline
 90
4
 70
1
 10
15.023908552079806
 20
7.924725477683026
 10
15.040791253675225
 20
7.8163214465856505
 10
15.040791253675225
 20
7.8163214465856505
 10
15.023908552079806
 20
7.924725477683026
  0
HATCH
  5
85F
330
17
100
AcDbEntity
  8
A-MASS
 62
7
420
1513239
100
AcDbHatch
 10
0.0
 20
0.0
 30
0.0
210
0.0
220
0.0
230
1.0
  2
SOLID
 70
1
 71
0
 91
1
 92
3
 72
0
 73
1
 93
48
 10
14.753785326553096
 20
8.411647712870622
 10
14.752196554175228
 20
8.436537226998036
 10
14.747457421377502
 20
8.460721084294656
 10
14.739649016036022
 20
8.483785492257107
 10
14.72890494213108
 20
8.50533581247049
 10
14.71540903374601
 20
8.525003312981074
 10
14.699392209615052
 20
8.542451477402263
 10
14.681128522039792
 20
8.557381762803267
 10
14.66093046777829
 20
8.569538707861415
 10
14.63914364113892
 20
8.578714303876222
 10
14.616140820765931
 20
8.584751553855916
 10
14.592315591293495
 20
8.587547158779506
 10
14.568075609003483
 20
8.58705328507166
 10
14.54383562671347
 20
8.583278383048446
 10
14.520010397241034
 20
8.576287042330083
 10
14.497007576868045
 20
8.566198886694627
 10
14.475220750228676
 20
8.553186527281966
 10
14.455022695967173
 20
8.53747260916936
 10
14.436759008391913
 20
8.519326001852434
 10
14.420742184260956
 20
8.49905719881357
 10
14.407246275875885
 20
8.477013004892342
 10
14.396502201970943
 20
8.453570602358544
 10
14.388693796629465
 20
8.429131097218992
 10
14.383954663831737
 20
8.404112656182532
 10
14.382365891453869
 20
8.378943351711724
 10
14.383954663831737
 20
8.35405383758431
 10
14.388693796629465
 20
8.32986998028769
 10
14.396502201970943
 20
8.306805572325239
 10
14.407246275875885
 20
8.285255252111856
 10
14.420742184260956
 20
8.265587751601272
 10
14.436759008391913
 20
8.248139587180082
 10
14.455022695967173
 20
8.233209301779079
 10
14.475220750228676
 20
8.22105235672093
 10
14.497007576868045
 20
8.211876760706124
 10
14.520010397241034
 20
8.20583951072643
 10
14.54383562671347
 20
8.20304390580284
 10
14.568075609003483
 20
8.203537779510686
 10
14.592315591293495
 20
8.2073126815339
 10
14.616140820765931
 20
8.214304022252263
 10
14.639143641138919
 20
8.224392177887719
 10
14.66093046777829
 20
8.23740453730038
 10
14.681128522039792
 20
8.253118455412986
 10
14.699392209615052
 20
8.271265062729913
 10
14.71540903374601
 20
8.291533865768773
 10
14.72890494213108
 20
8.313578059690004
 10
14.739649016036022
 20
8.337020462223801
 10
14.747457421377502
 20
8.361459967363354
 10
14.752196554175228
 20
8.386478408399814
 97
0
 75
0
 76
1
 98
0
  0
LWPOLYLINE
  5
860
330
17
100
AcDbEntity
  8
A-MASS
100
AcDbPolyline
 90
48
 70
1
 10
14.753785326553096
 20
8.411647712870622
 10
14.752196554175228
 20
8.436537226998036
 10
14.747457421377502
 20
8.460721084294656
 10
14.739649016036022
 20
8.483785492257107
 10
14.72890494213108
 20
8.50533581247049
 10
14.71540903374601
 20
8.525003312981074
 10
14.699392209615052
 20
8.542451477402263
 10
14.681128522039792
 20
8.557381762803267
 10
14.66093046777829
 20
8.569538707861415
 10
14.63914364113892
 20
8.578714303876222
 10
14.616140820765931
 20
8.584751553855916
 10
14.592315591293495
 20
8.587547158779506
 10
14.568075609003483
 20
8.58705328507166
 10
14.54383562671347
 20
8.583278383048446
 10
14.520010397241034
 20
8.576287042330083
 10
14.497007576868045
 20
8.566198886694627
 10
14.475220750228676
 20
8.553186527281966
 10
14.455022695967173
 20
8.53747260916936
 10
14.436759008391913
 20
8.519326001852434
 10
14.420742184260956
 20
8.49905719881357
 10
14.407246275875885
 20
8.477013004892342
 10
14.396502201970943
 20
8.453570602358544
 10
14.388693796629465
 20
8.429131097218992
 10
14.383954663831737
 20
8.404112656182532
 10
14.382365891453869
 20
8.378943351711724
 10
14.383954663831737
 20
8.35405383758431
 10
14.388693796629465
 20
8.32986998028769
 10
14.396502201970943
 20
8.306805572325239
 10
14.407246275875885
 20
8.285255252111856
 10
14.420742184260956
 20
8.265587751601272
 10
14.436759008391913
 20
8.248139587180082
 10
14.455022695967173
 20
8.233209301779079
 10
14.475220750228676
 20
8.22105235672093
 10
14.497007576868045
 20
8.211876760706124
 10
14.520010397241034
 20
8.20583951072643
 10
14.54383562671347
 20
8.20304390580284
 10
14.568075609003483
 20
8.203537779510686
 10
14.592315591293495
 20
8.2073126815339
 10
14.616140820765931
 20
8.214304022252263
 10
14.639143641138919
 20
8.224392177887719
 10
14.66093046777829
 20
8.23740453730038
 10
14.681128522039792
 20
8.253118455412986
 10
14.699392209615052
 20
8.271265062729913
 10
14.71540903374601
 20
8.291533865768773
 10
14.72890494213108
 20
8.313578059690004
 10
14.739649016036022
 20
8.337020462223801
 10
14.747457421377502
 20
8.361459967363354
 10
14.752196554175228
 20
8.386478408399814
  0
HATCH
  5
861
330
17
100
AcDbEntity
  8
A-MASS
 62
7
420
14208176
100
AcDbHatch
 10
0.0
 20
0.0
 30
0.0
210
0.0
220
0.0
230
1.0
  2
SOLID
 70
1
 71
0
 91
1
 92
3
 72
0
 73
1
 93
4
 10
13.825236738805032
 20
8.68202377417027
 10
14.095359964331742
 20
8.705808764104013
 10
14.021622354074967
 20
8.754820306177702
 10
13.751499128548257
 20
8.731035316243958
 97
0
 75
0
 76
1
 98
0
  0
LWPOLYLINE
  5
862
330
17
100
AcDbEntity
  8
A-MASS
100
AcDbPolyline
 90
4
 70
1
 10
13.825236738805032
 20
8.68202377417027
 10
14.095359964331742
 20
8.705808764104013
 10
14.021622354074967
 20
8.754820306177702
 10
13.751499128548257
 20
8.731035316243958
  0
HATCH
  5
863
330
17
100
AcDbEntity
  8
A-MASS
 62
7
420
12761246
100
AcDbHatch
 10
0.0
 20
0.0
 30
0.0
210
0.0
220
0.0
230
1.0
  2
SOLID
 70
1
 71
0
 91
1
 92
3
 72
0
 73
1
 93
4
 10
13.825236738805032
 20
6.9387714761658446
 10
14.095359964331742
 20
6.962556466099589
 10
14.095359964331742
 20
8.705808764104013
 10
13.825236738805032
 20
8.68202377417027
 97
0
 75
0
 76
1
 98
0
  0
LWPOLYLINE
  5
864
330
17
100
AcDbEntity
  8
A-MASS
100
AcDbPolyline
 90
4
 70
1
 10
13.825236738805032
 20
6.9387714761658446
 10
14.095359964331742
 20
6.962556466099589
 10
14.095359964331742
 20
8.705808764104013
 10
13.825236738805032
 20
8.68202377417027
  0
HATCH
  5
865
330
17
100
AcDbEntity
  8
A-MASS
 62
7
420
11379597
100
AcDbHatch
 10
0.0
 20
0.0
 30
0.0
210
0.0
220
0.0
230
1.0
  2
SOLID
 70
1
 71
0
 91
1
 92
3
 72
0
 73
1
 93
4
 10
13.751499128548257
 20
6.987783018239534
 10
13.825236738805032
 20
6.9387714761658446
 10
13.825236738805032
 20
8.68202377417027
 10
13.751499128548257
 20
8.731035316243958
 97
0
 75
0
 76
1
 98
0
  0
LWPOLYLINE
  5
866
330
17
100
AcDbEntity
  8
A-MASS
100
AcDbPolyline
 90
4
 70
1
 10
13.751499128548257
 20
6.987783018239534
 10
13.825236738805032
 20
6.9387714761658446
 10
13.825236738805032
 20
8.68202377417027
 10
13.751499128548257
 20
8.731035316243958
  0
LINE
  5
867
330
17
100
AcDbEntity
  8
A-ANNO-TEXT
100
AcDbLine
 10
16.34990671297791
 20
6.550360763731556
 30
0.0
 11
16.05009328702209
 21
6.749639236268443
 31
0.0
  0
HATCH
  5
868
330
17
100
AcDbEntity
  8
A-ANNO-TEXT
 62
7
420
0
100
AcDbHatch
 10
0.0
 20
0.0
 30
0.0
210
0.0
220
0.0
230
1.0
  2
SOLID
 70
1
 71
0
 91
1
 92
3
 72
0
 73
1
 93
3
 10
16.05009328702209
 20
6.749639236268443
 10
16.08765953698162
 20
6.659829566054271
 10
16.147443078742683
 20
6.749773593841016
 97
0
 75
0
 76
1
 98
0
  0
LWPOLYLINE
  5
869
330
17
100
AcDbEntity
  8
A-ANNO-TEXT
100
AcDbPolyline
 90
3
 70
1
 10
16.05009328702209
 20
6.749639236268443
 10
16.08765953698162
 20
6.659829566054271
 10
16.147443078742683
 20
6.749773593841016
  0
TEXT
  5
86A
330
17
100
AcDbEntity
  8
A-ANNO-TEXT
100
AcDbText
 10
15.960149259235346
 20
6.7794227780295095
 30
0.0
 40
0.055
  1
N
  7
KS-BOLD
 72
1
 11
15.960149259235346
 21
6.7794227780295095
 31
0.0
100
AcDbText
  0
TEXT
  5
86B
330
17
100
AcDbEntity
  8
A-ANNO-VIEW
100
AcDbText
 10
12.6
 20
10.02
 30
0.0
 40
0.06799999999999999
  1
V5  PORTAL + CHAMPION WALK FROM SOUTH-SOUTHWEST
  7
KS-BOLD
 11
12.6
 21
10.02
 31
0.0
100
AcDbText
  0
TEXT
  5
86C
330
17
100
AcDbEntity
  8
A-ANNO-VIEW
100
AcDbText
 10
12.6
 20
9.9
 30
0.0
 40
0.04599999999999999
  1
axonometric · not to scale
  7
KS-REG
 11
12.6
 21
9.9
 31
0.0
100
AcDbText
  0
LINE
  5
86D
330
17
100
AcDbEntity
  8
A-ANNO-TEXT
100
AcDbLine
 10
14.568075609003483
 20
8.395295532291174
 30
0.0
 11
15.018075609003482
 21
8.645295532291174
 31
0.0
  0
TEXT
  5
86E
330
17
100
AcDbEntity
  8
A-ANNO-TEXT
100
AcDbText
 10
15.048075609003481
 20
8.615295532291174
 30
0.0
 40
0.044000000000000004
  1
official mark Ø 11' (D-041, D-047)
  7
KS-REG
 11
15.048075609003481
 21
8.615295532291174
 31
0.0
100
AcDbText
  0
LINE
  5
86F
330
17
100
AcDbEntity
  8
A-ANNO-TEXT
100
AcDbLine
 10
14.568075609003483
 20
8.747432496488067
 30
0.0
 11
14.918075609003482
 21
8.847432496488066
 31
0.0
  0
TEXT
  5
870
330
17
100
AcDbEntity
  8
A-ANNO-TEXT
100
AcDbText
 10
14.948075609003482
 20
8.817432496488067
 30
0.0
 40
0.044000000000000004
  1
50' max · crown 34' · springline 22.1' (D-050)
  7
KS-REG
 11
14.948075609003482
 21
8.817432496488067
 31
0.0
100
AcDbText
  0
LINE
  5
871
330
17
100
AcDbEntity
  8
A-ANNO-TEXT
100
AcDbLine
 10
15.023908552079806
 20
7.898510995019004
 30
0.0
 11
15.373908552079806
 21
7.778510995019004
 31
0.0
  0
TEXT
  5
872
330
17
100
AcDbEntity
  8
A-ANNO-TEXT
100
AcDbText
 10
15.403908552079805
 20
7.748510995019004
 30
0.0
 40
0.044000000000000004
  1
gold trim (D-045)
  7
KS-REG
 11
15.403908552079805
 21
7.748510995019004
 31
0.0
100
AcDbText
  0
LINE
  5
873
330
17
100
AcDbEntity
  8
A-ANNO-TEXT
100
AcDbLine
 10
14.309993973104774
 20
7.175720595741552
 30
0.0
 11
13.909993973104774
 21
6.8257205957415525
 31
0.0
  0
TEXT
  5
874
330
17
100
AcDbEntity
  8
A-ANNO-TEXT
100
AcDbText
 10
13.879993973104774
 20
6.795720595741552
 30
0.0
 40
0.044000000000000004
  1
40' walk: 6' bands pass outside both piers (D-066)
  7
KS-REG
 72
2
 11
13.879993973104774
 21
6.795720595741552
 31
0.0
100
AcDbText
  0
LINE
  5
875
330
17
100
AcDbEntity
  8
A-ANNO-TEXT
100
AcDbLine
 10
14.125649947462838
 20
7.577169818606482
 30
0.0
 11
14.625649947462838
 21
7.127169818606482
 31
0.0
  0
TEXT
  5
876
330
17
100
AcDbEntity
  8
A-ANNO-TEXT
100
AcDbText
 10
14.655649947462837
 20
7.097169818606481
 30
0.0
 40
0.044000000000000004
  1
E1 door bank, 30' behind the portal (D-046)
  7
KS-REG
 11
14.655649947462837
 21
7.097169818606481
 31
0.0
100
AcDbText
  0
LINE
  5
877
330
17
100
AcDbEntity
  8
A-ANNO-TEXT
100
AcDbLine
 10
12.48
 20
6.05
 30
0.0
 11
12.48
 21
1.9500000000000002
 31
0.0
  0
TEXT
  5
878
330
17
100
AcDbEntity
  8
A-ANNO-TEXT
100
AcDbText
 10
12.6
 20
5.8565000000000005
 30
0.0
 40
0.051
  1
MASSING ONLY. Volumes from the current schematic params; materials, openings, parapets, roof
  7
KS-REG
 11
12.6
 21
5.8565000000000005
 31
0.0
100
AcDbText
  0
TEXT
  5
879
330
17
100
AcDbEntity
  8
A-ANNO-TEXT
100
AcDbText
 10
12.6
 20
5.763000000000001
 30
0.0
 40
0.051
  1
equipment and structure are not designed. Every height not marked DECIDED is ASSUMED
  7
KS-REG
 11
12.6
 21
5.763000000000001
 31
0.0
100
AcDbText
  0
TEXT
  5
87A
330
17
100
AcDbEntity
  8
A-ANNO-TEXT
100
AcDbText
 10
12.6
 20
5.669500000000001
 30
0.0
 40
0.051
  1
(P2-A-201 Rev G). Not a rendering of a final design.
  7
KS-REG
 11
12.6
 21
5.669500000000001
 31
0.0
100
AcDbText
  0
TEXT
  5
87B
330
17
100
AcDbEntity
  8
A-ANNO-TEXT
100
AcDbText
 10
12.6
 20
5.436125000000001
 30
0.0
 40
0.06599999999999999
  1
HEIGHTS MODELLED
  7
KS-BOLD
 11
12.6
 21
5.436125000000001
 31
0.0
100
AcDbText
  0
LINE
  5
87C
330
17
100
AcDbEntity
  8
A-ANNO-TEXT
100
AcDbLine
 10
12.6
 20
5.3911250000000015
 30
0.0
 11
16.42
 21
5.3911250000000015
 31
0.0
  0
TEXT
  5
87D
330
17
100
AcDbEntity
  8
A-ANNO-TEXT
100
AcDbText
 10
12.6
 20
5.282625000000002
 30
0.0
 40
0.051
  1
L2 FF 17.75' DECIDED (D-061) · ring roof 32.75' ASSUMED · arena roof 42' ASSUMED (P2-A-201 Rev
  7
KS-REG
 11
12.6
 21
5.282625000000002
 31
0.0
100
AcDbText
  0
TEXT
  5
87E
330
17
100
AcDbEntity
  8
A-ANNO-TEXT
100
AcDbText
 10
12.6
 20
5.189125000000002
 30
0.0
 40
0.051
  1
G) · portal 50' max, crown 34', springline 22.1' (D-050) · tiers per P2-A-301 Rev D / A-302 Rev C.
  7
KS-REG
 11
12.6
 21
5.189125000000002
 31
0.0
100
AcDbText
  0
TEXT
  5
87F
330
17
100
AcDbEntity
  8
A-ANNO-TEXT
100
AcDbText
 10
12.6
 20
5.095625000000003
 30
0.0
 40
0.051
  1
Door symbols 6' x 8' ASSUMED.
  7
KS-REG
 11
12.6
 21
5.095625000000003
 31
0.0
100
AcDbText
  0
TEXT
  5
880
330
17
100
AcDbEntity
  8
A-ANNO-TEXT
100
AcDbText
 10
12.6
 20
4.862250000000003
 30
0.0
 40
0.06599999999999999
  1
DECISIONS MODELLED — SHANE 2026-10-04 + 2026-10-09 (D-072 .. D-087)
  7
KS-BOLD
 11
12.6
 21
4.862250000000003
 31
0.0
100
AcDbText
  0
LINE
  5
881
330
17
100
AcDbEntity
  8
A-ANNO-TEXT
100
AcDbLine
 10
12.6
 20
4.817250000000003
 30
0.0
 11
16.42
 21
4.817250000000003
 31
0.0
  0
TEXT
  5
882
330
17
100
AcDbEntity
  8
A-ANNO-TEXT
100
AcDbText
 10
12.6
 20
4.710583333333337
 30
0.0
 40
0.05
  1
·
  7
KS-REG
 11
12.6
 21
4.710583333333337
 31
0.0
100
AcDbText
  0
TEXT
  5
883
330
17
100
AcDbEntity
  8
A-ANNO-TEXT
100
AcDbText
 10
12.7
 20
4.710583333333337
 30
0.0
 40
0.05
  1
D-054 DECIDED: chairs-only floor is the design case — no stage / chairs modelled (layout TBD).
  7
KS-REG
 11
12.7
 21
4.710583333333337
 31
0.0
100
AcDbText
  0
TEXT
  5
884
330
17
100
AcDbEntity
  8
A-ANNO-TEXT
100
AcDbText
 10
12.6
 20
4.596000000000004
 30
0.0
 40
0.05
  1
·
  7
KS-REG
 11
12.6
 21
4.596000000000004
 31
0.0
100
AcDbText
  0
TEXT
  5
885
330
17
100
AcDbEntity
  8
A-ANNO-TEXT
100
AcDbText
 10
12.7
 20
4.596000000000004
 30
0.0
 40
0.05
  1
D-065 DECIDED: screening bay in the lobby's east side, shown as a floor zone in the cutaway.
  7
KS-REG
 11
12.7
 21
4.596000000000004
 31
0.0
100
AcDbText
  0
TEXT
  5
886
330
17
100
AcDbEntity
  8
A-ANNO-TEXT
100
AcDbText
 10
12.6
 20
4.481416666666671
 30
0.0
 40
0.05
  1
·
  7
KS-REG
 11
12.6
 21
4.481416666666671
 31
0.0
100
AcDbText
  0
TEXT
  5
887
330
17
100
AcDbEntity
  8
A-ANNO-TEXT
100
AcDbText
 10
12.7
 20
4.481416666666671
 30
0.0
 40
0.05
  1
D-066 DECIDED: 40 ft walk = 28 ft brick + 6 ft bands, around both portal piers.
  7
KS-REG
 11
12.7
 21
4.481416666666671
 31
0.0
100
AcDbText
  0
TEXT
  5
888
330
17
100
AcDbEntity
  8
A-ANNO-TEXT
100
AcDbText
 10
12.6
 20
4.366833333333338
 30
0.0
 40
0.05
  1
·
  7
KS-REG
 11
12.6
 21
4.366833333333338
 31
0.0
100
AcDbText
  0
TEXT
  5
889
330
17
100
AcDbEntity
  8
A-ANNO-TEXT
100
AcDbText
 10
12.7
 20
4.366833333333338
 30
0.0
 40
0.05
  1
D-067 DECIDED: storage annex 70 x 30 ft on the north wall, one storey (16 ft ASSUMED), S1 on
  7
KS-REG
 11
12.7
 21
4.366833333333338
 31
0.0
100
AcDbText
  0
TEXT
  5
88A
330
17
100
AcDbEntity
  8
A-ANNO-TEXT
100
AcDbText
 10
12.7
 20
4.275166666666671
 30
0.0
 40
0.05
  1
its north face.
  7
KS-REG
 11
12.7
 21
4.275166666666671
 31
0.0
100
AcDbText
  0
TEXT
  5
88B
330
17
100
AcDbEntity
  8
A-ANNO-TEXT
100
AcDbText
 10
12.6
 20
4.160583333333338
 30
0.0
 40
0.05
  1
·
  7
KS-REG
 11
12.6
 21
4.160583333333338
 31
0.0
100
AcDbText
  0
TEXT
  5
88C
330
17
100
AcDbEntity
  8
A-ANNO-TEXT
100
AcDbText
 10
12.7
 20
4.160583333333338
 30
0.0
 40
0.05
  1
D-069 DECIDED: restroom core 2 in a one-storey bump-out 30 x 56 ft on the east wall (16 ft
  7
KS-REG
 11
12.7
 21
4.160583333333338
 31
0.0
100
AcDbText
  0
TEXT
  5
88D
330
17
100
AcDbEntity
  8
A-ANNO-TEXT
100
AcDbText
 10
12.7
 20
4.068916666666671
 30
0.0
 40
0.05
  1
ASSUMED).
  7
KS-REG
 11
12.7
 21
4.068916666666671
 31
0.0
100
AcDbText
  0
TEXT
  5
88E
330
17
100
AcDbEntity
  8
A-ANNO-TEXT
100
AcDbText
 10
12.6
 20
3.954333333333338
 30
0.0
 40
0.05
  1
·
  7
KS-REG
 11
12.6
 21
3.954333333333338
 31
0.0
100
AcDbText
  0
TEXT
  5
88F
330
17
100
AcDbEntity
  8
A-ANNO-TEXT
100
AcDbText
 10
12.7
 20
3.954333333333338
 30
0.0
 40
0.05
  1
D-072 DECIDED: bump-out slid 42 ft south, entirely south of EXIT (E); public corridor (E) inside
  7
KS-REG
 11
12.7
 21
3.954333333333338
 31
0.0
100
AcDbText
  0
TEXT
  5
890
330
17
100
AcDbEntity
  8
A-ANNO-TEXT
100
AcDbText
 10
12.7
 20
3.862666666666671
 30
0.0
 40
0.05
  1
(not modelled); X7 back on the wall, X11 new.
  7
KS-REG
 11
12.7
 21
3.862666666666671
 31
0.0
100
AcDbText
  0
TEXT
  5
891
330
17
100
AcDbEntity
  8
A-ANNO-TEXT
100
AcDbText
 10
12.6
 20
3.7480833333333377
 30
0.0
 40
0.05
  1
·
  7
KS-REG
 11
12.6
 21
3.7480833333333377
 31
0.0
100
AcDbText
  0
TEXT
  5
892
330
17
100
AcDbEntity
  8
A-ANNO-TEXT
100
AcDbText
 10
12.7
 20
3.7480833333333377
 30
0.0
 40
0.05
  1
D-082 DECIDED: R 20 ft corners (D-077), 30 ft NE drum at ring-roof height, mech / elec bay
  7
KS-REG
 11
12.7
 21
3.7480833333333377
 31
0.0
100
AcDbText
  0
TEXT
  5
893
330
17
100
AcDbEntity
  8
A-ANNO-TEXT
100
AcDbText
 10
12.7
 20
3.656416666666671
 30
0.0
 40
0.05
  1
(D-081).
  7
KS-REG
 11
12.7
 21
3.656416666666671
 31
0.0
100
AcDbText
  0
TEXT
  5
894
330
17
100
AcDbEntity
  8
A-ANNO-TEXT
100
AcDbText
 10
12.6
 20
3.5418333333333374
 30
0.0
 40
0.05
  1
·
  7
KS-REG
 11
12.6
 21
3.5418333333333374
 31
0.0
100
AcDbText
  0
TEXT
  5
895
330
17
100
AcDbEntity
  8
A-ANNO-TEXT
100
AcDbText
 10
12.7
 20
3.5418333333333374
 30
0.0
 40
0.05
  1
D-087 DECIDED: bus loop cut; team bus + van drop-off curbside along the parking drive aisle
  7
KS-REG
 11
12.7
 21
3.5418333333333374
 31
0.0
100
AcDbText
  0
TEXT
  5
896
330
17
100
AcDbEntity
  8
A-ANNO-TEXT
100
AcDbText
 10
12.7
 20
3.4501666666666706
 30
0.0
 40
0.05
  1
(ASSUMED, TBD, D-006); service at S1.
  7
KS-REG
 11
12.7
 21
3.4501666666666706
 31
0.0
100
AcDbText
  0
TEXT
  5
897
330
17
100
AcDbEntity
  8
A-ANNO-TEXT
100
AcDbText
 10
12.6
 20
3.217250000000004
 30
0.0
 40
0.06599999999999999
  1
NOTES
  7
KS-BOLD
 11
12.6
 21
3.217250000000004
 31
0.0
100
AcDbText
  0
LINE
  5
898
330
17
100
AcDbEntity
  8
A-ANNO-TEXT
100
AcDbLine
 10
12.6
 20
3.172250000000004
 30
0.0
 11
16.42
 21
3.172250000000004
 31
0.0
  0
TEXT
  5
899
330
17
100
AcDbEntity
  8
A-ANNO-TEXT
100
AcDbText
 10
12.6
 20
3.065583333333337
 30
0.0
 40
0.05
  1
·
  7
KS-REG
 11
12.6
 21
3.065583333333337
 31
0.0
100
AcDbText
  0
TEXT
  5
89A
330
17
100
AcDbEntity
  8
A-ANNO-TEXT
100
AcDbText
 10
12.7
 20
3.065583333333337
 30
0.0
 40
0.05
  1
NOT MODELLED: parapets (TBD), rooftop units, structure, windows / cladding, grading,
  7
KS-REG
 11
12.7
 21
3.065583333333337
 31
0.0
100
AcDbText
  0
TEXT
  5
89B
330
17
100
AcDbEntity
  8
A-ANNO-TEXT
100
AcDbText
 10
12.7
 20
2.9739166666666703
 30
0.0
 40
0.05
  1
landscaping, lighting, parking (site TBD, D-006), signage content (signage zone TBD), interior
  7
KS-REG
 11
12.7
 21
2.9739166666666703
 31
0.0
100
AcDbText
  0
TEXT
  5
89C
330
17
100
AcDbEntity
  8
A-ANNO-TEXT
100
AcDbText
 10
12.7
 20
2.8822500000000035
 30
0.0
 40
0.05
  1
rooms.
  7
KS-REG
 11
12.7
 21
2.8822500000000035
 31
0.0
100
AcDbText
  0
TEXT
  5
89D
330
17
100
AcDbEntity
  8
A-ANNO-TEXT
100
AcDbText
 10
12.6
 20
2.76766666666667
 30
0.0
 40
0.05
  1
·
  7
KS-REG
 11
12.6
 21
2.76766666666667
 31
0.0
100
AcDbText
  0
TEXT
  5
89E
330
17
100
AcDbEntity
  8
A-ANNO-TEXT
100
AcDbText
 10
12.7
 20
2.76766666666667
 30
0.0
 40
0.05
  1
Colours: limestone / crimson / gold / brick / brand red + black from P2-A-201 Rev G finishes (hex
  7
KS-REG
 11
12.7
 21
2.76766666666667
 31
0.0
100
AcDbText
  0
TEXT
  5
89F
330
17
100
AcDbEntity
  8
A-ANNO-TEXT
100
AcDbText
 10
12.7
 20
2.6760000000000033
 30
0.0
 40
0.05
  1
ASSUMED swatches); greys = material TBD. Arch drawn as a 56-segment polyline; the crimson
  7
KS-REG
 11
12.7
 21
2.6760000000000033
 31
0.0
100
AcDbText
  0
TEXT
  5
8A0
330
17
100
AcDbEntity
  8
A-ANNO-TEXT
100
AcDbText
 10
12.7
 20
2.5843333333333365
 30
0.0
 40
0.05
  1
underside faces down and does not show in views from above.
  7
KS-REG
 11
12.7
 21
2.5843333333333365
 31
0.0
100
AcDbText
  0
TEXT
  5
8A1
330
17
100
AcDbEntity
  8
A-ANNO-TEXT
100
AcDbText
 10
12.6
 20
2.469750000000003
 30
0.0
 40
0.05
  1
·
  7
KS-REG
 11
12.6
 21
2.469750000000003
 31
0.0
100
AcDbText
  0
TEXT
  5
8A2
330
17
100
AcDbEntity
  8
A-ANNO-TEXT
100
AcDbText
 10
12.7
 20
2.469750000000003
 30
0.0
 40
0.05
  1
Model file: phase2/out/3d/P2-A-901_RevF_massing.obj + .mtl (feet, Y-up export; exterior, cutaway
  7
KS-REG
 11
12.7
 21
2.469750000000003
 31
0.0
100
AcDbText
  0
TEXT
  5
8A3
330
17
100
AcDbEntity
  8
A-ANNO-TEXT
100
AcDbText
 10
12.7
 20
2.378083333333336
 30
0.0
 40
0.05
  1
and portal sets).
  7
KS-REG
 11
12.7
 21
2.378083333333336
 31
0.0
100
AcDbText
  0
TEXT
  5
8A4
330
17
100
AcDbEntity
  8
A-ANNO-TEXT
100
AcDbText
 10
12.6
 20
2.269000000000003
 30
0.0
 40
0.047
  1
Sources: params/phase2_massing.yaml, phase2_massing_rev_d.yaml; phase2_plan_rev_j.yaml;
  7
KS-REG
 11
12.6
 21
2.269000000000003
 31
0.0
100
AcDbText
  0
TEXT
  5
8A5
330
17
100
AcDbEntity
  8
A-ANNO-TEXT
100
AcDbText
 10
12.6
 20
2.182833333333336
 30
0.0
 40
0.047
  1
phase2_elev_rev_g.yaml; phase2_elev.yaml; phase2_site.yaml + phase2_site_rev_h.yaml (rev_h);
  7
KS-REG
 11
12.6
 21
2.182833333333336
 31
0.0
100
AcDbText
  0
TEXT
  5
8A6
330
17
100
AcDbEntity
  8
A-ANNO-TEXT
100
AcDbText
 10
12.6
 20
2.0966666666666693
 30
0.0
 40
0.047
  1
p2_plan_rev_n_geom.py (A-101 Rev N); phase2_sect.yaml; D-034, D-043, D-045, D-046, D-050, D-054,
  7
KS-REG
 11
12.6
 21
2.0966666666666693
 31
0.0
100
AcDbText
  0
TEXT
  5
8A7
330
17
100
AcDbEntity
  8
A-ANNO-TEXT
100
AcDbText
 10
12.6
 20
2.0105000000000026
 30
0.0
 40
0.047
  1
D-061, D-065 to D-067, D-069, D-072, D-077, D-081, D-082, D-084, D-087; Shane 2026-10-04 evening +
  7
KS-REG
 11
12.6
 21
2.0105000000000026
 31
0.0
100
AcDbText
  0
TEXT
  5
8A8
330
17
100
AcDbEntity
  8
A-ANNO-TEXT
100
AcDbText
 10
12.6
 20
1.924333333333336
 30
0.0
 40
0.047
  1
2026-10-09 1:05 PM CT. P2-A-201 Rev I shows the annex + bump-out.
  7
KS-REG
 11
12.6
 21
1.924333333333336
 31
0.0
100
AcDbText
  0
ENDSEC
  0
SECTION
  2
OBJECTS
  0
DICTIONARY
  5
A
330
0
100
AcDbDictionary
281
1
  3
ACAD_COLOR
350
B
  3
ACAD_GROUP
350
C
  3
ACAD_LAYOUT
350
D
  3
ACAD_MATERIAL
350
E
  3
ACAD_MLEADERSTYLE
350
F
  3
ACAD_MLINESTYLE
350
10
  3
ACAD_PLOTSETTINGS
350
11
  3
ACAD_PLOTSTYLENAME
350
12
  3
ACAD_SCALELIST
350
14
  3
ACAD_TABLESTYLE
350
15
  3
ACAD_VISUALSTYLE
350
16
  3
EZDXF_META
350
2D
  0
DICTIONARY
  5
B
330
A
100
AcDbDictionary
281
1
  0
DICTIONARY
  5
C
330
A
100
AcDbDictionary
281
1
  0
DICTIONARY
  5
D
330
A
100
AcDbDictionary
281
1
  3
Model
350
1A
  3
Layout1
350
1E
  0
DICTIONARY
  5
E
330
A
100
AcDbDictionary
281
1
  3
ByBlock
350
1F
  3
ByLayer
350
20
  3
Global
350
21
  0
DICTIONARY
  5
F
330
A
100
AcDbDictionary
281
1
  3
Standard
350
2C
  0
DICTIONARY
  5
10
330
A
100
AcDbDictionary
281
1
  3
Standard
350
22
  0
DICTIONARY
  5
11
330
A
100
AcDbDictionary
281
1
  0
ACDBDICTIONARYWDFLT
  5
12
330
A
100
AcDbDictionary
281
1
  3
Normal
350
13
100
AcDbDictionaryWithDefault
340
13
  0
ACDBPLACEHOLDER
  5
13
330
12
  0
DICTIONARY
  5
14
330
A
100
AcDbDictionary
281
1
  0
DICTIONARY
  5
15
330
A
100
AcDbDictionary
281
1
  0
DICTIONARY
  5
16
330
A
100
AcDbDictionary
281
1
  0
LAYOUT
  5
1A
330
D
100
AcDbPlotSettings
  1

  4
A3
  6

 40
7.5
 41
20.0
 42
7.5
 43
20.0
 44
420.0
 45
297.0
 46
0.0
 47
0.0
 48
0.0
 49
0.0
140
0.0
141
0.0
142
1.0
143
1.0
 70
1024
 72
1
 73
0
 74
5
  7

 75
16
 76
0
 77
2
 78
300
147
1.0
148
0.0
149
0.0
100
AcDbLayout
  1
Model
 70
1
 71
0
 10
0.0
 20
0.0
 11
420.0
 21
297.0
 12
0.0
 22
0.0
 32
0.0
 14
1e+20
 24
1e+20
 34
1e+20
 15
-1e+20
 25
-1e+20
 35
-1e+20
146
0.0
 13
0.0
 23
0.0
 33
0.0
 16
1.0
 26
0.0
 36
0.0
 17
0.0
 27
1.0
 37
0.0
 76
1
330
17
  0
LAYOUT
  5
1E
330
D
100
AcDbPlotSettings
  1

  4
A3
  6

 40
7.5
 41
20.0
 42
7.5
 43
20.0
 44
420.0
 45
297.0
 46
0.0
 47
0.0
 48
0.0
 49
0.0
140
0.0
141
0.0
142
1.0
143
1.0
 70
0
 72
1
 73
0
 74
5
  7

 75
16
 76
0
 77
2
 78
300
147
1.0
148
0.0
149
0.0
100
AcDbLayout
  1
Layout1
 70
1
 71
1
 10
0.0
 20
0.0
 11
420.0
 21
297.0
 12
0.0
 22
0.0
 32
0.0
 14
1e+20
 24
1e+20
 34
1e+20
 15
-1e+20
 25
-1e+20
 35
-1e+20
146
0.0
 13
0.0
 23
0.0
 33
0.0
 16
1.0
 26
0.0
 36
0.0
 17
0.0
 27
1.0
 37
0.0
 76
1
330
1B
  0
MATERIAL
  5
1F
102
{ACAD_REACTORS
330
E
102
}
330
E
100
AcDbMaterial
  1
ByBlock
  2

 70
0
 40
1.0
 71
1
 41
1.0
 91
-1023410177
 42
1.0
 72
1
  3

 73
1
 74
1
 75
1
 44
0.5
 73
0
 45
1.0
 46
1.0
 77
1
  4

 78
1
 79
1
170
1
 48
1.0
171
1
  6

172
1
173
1
174
1
140
1.0
141
1.0
175
1
  7

176
1
177
1
178
1
143
1.0
179
1
  8

270
1
271
1
272
1
145
1.0
146
1.0
273
1
  9

274
1
275
1
276
1
 42
1.0
 72
1
  3

 73
1
 74
1
 75
1
 94
63
  0
MATERIAL
  5
20
102
{ACAD_REACTORS
330
E
102
}
330
E
100
AcDbMaterial
  1
ByLayer
  2

 70
0
 40
1.0
 71
1
 41
1.0
 91
-1023410177
 42
1.0
 72
1
  3

 73
1
 74
1
 75
1
 44
0.5
 73
0
 45
1.0
 46
1.0
 77
1
  4

 78
1
 79
1
170
1
 48
1.0
171
1
  6

172
1
173
1
174
1
140
1.0
141
1.0
175
1
  7

176
1
177
1
178
1
143
1.0
179
1
  8

270
1
271
1
272
1
145
1.0
146
1.0
273
1
  9

274
1
275
1
276
1
 42
1.0
 72
1
  3

 73
1
 74
1
 75
1
 94
63
  0
MATERIAL
  5
21
102
{ACAD_REACTORS
330
E
102
}
330
E
100
AcDbMaterial
  1
Global
  2

 70
0
 40
1.0
 71
1
 41
1.0
 91
-1023410177
 42
1.0
 72
1
  3

 73
1
 74
1
 75
1
 44
0.5
 73
0
 45
1.0
 46
1.0
 77
1
  4

 78
1
 79
1
170
1
 48
1.0
171
1
  6

172
1
173
1
174
1
140
1.0
141
1.0
175
1
  7

176
1
177
1
178
1
143
1.0
179
1
  8

270
1
271
1
272
1
145
1.0
146
1.0
273
1
  9

274
1
275
1
276
1
 42
1.0
 72
1
  3

 73
1
 74
1
 75
1
 94
63
  0
MLINESTYLE
  5
22
102
{ACAD_REACTORS
330
10
102
}
330
10
100
AcDbMlineStyle
  2
Standard
 70
0
  3

 62
256
 51
90.0
 52
90.0
 71
2
 49
0.5
 62
256
  6
BYLAYER
 49
-0.5
 62
256
  6
BYLAYER
  0
MLEADERSTYLE
  5
2C
102
{ACAD_REACTORS
330
F
102
}
330
F
100
AcDbMLeaderStyle
179
2
170
2
171
1
172
0
 90
2
 40
0.0
 41
0.0
173
1
 91
-1056964608
 92
-2
290
1
 42
2.0
291
1
 43
8.0
  3
Standard
 44
4.0
300

342
29
174
1
175
1
176
0
178
1
 93
-1056964608
 45
4.0
292
0
297
0
 46
4.0
 94
-1056964608
 47
1.0
 49
1.0
140
1.0
294
1
141
0.0
177
0
142
1.0
295
0
296
0
143
3.75
271
0
272
9
273
9
  0
DICTIONARY
  5
2D
330
A
100
AcDbDictionary
280
1
281
1
  3
CREATED_BY_EZDXF
350
2E
  3
WRITTEN_BY_EZDXF
350
8AB
  0
DICTIONARYVAR
  5
2E
330
2D
100
DictionaryVariables
280
0
  1
1.4.4 @ 2026-10-09T18:29:14.915092+00:00
  0
DICTIONARYVAR
  5
8AB
330
2D
100
DictionaryVariables
280
0
  1
1.4.4 @ 2026-10-09T18:29:14.984322+00:00
  0
ENDSEC
  0
EOF
