  0
SECTION
  2
HEADER
  9
$ACADVER
  1
AC1024
  9
$ACADMAINTVER
 70
6
  9
$DWGCODEPAGE
  3
ANSI_1252
  9
$LASTSAVEDBY
  1
ezdxf
  9
$INSBASE
 10
0.0
 20
0.0
 30
0.0
  9
$EXTMIN
 10
1e+20
 20
1e+20
 30
1e+20
  9
$EXTMAX
 10
-1e+20
 20
-1e+20
 30
-1e+20
  9
$LIMMIN
 10
0.0
 20
0.0
  9
$LIMMAX
 10
420.0
 20
297.0
  9
$ORTHOMODE
 70
0
  9
$REGENMODE
 70
1
  9
$FILLMODE
 70
1
  9
$QTEXTMODE
 70
0
  9
$MIRRTEXT
 70
1
  9
$LTSCALE
 40
1.0
  9
$ATTMODE
 70
1
  9
$TEXTSIZE
 40
2.5
  9
$TRACEWID
 40
1.0
  9
$TEXTSTYLE
  7
Standard
  9
$CLAYER
  8
0
  9
$CELTYPE
  6
ByLayer
  9
$CECOLOR
 62
256
  9
$CELTSCALE
 40
1.0
  9
$DISPSILH
 70
0
  9
$DIMSCALE
 40
1.0
  9
$DIMASZ
 40
2.5
  9
$DIMEXO
 40
0.625
  9
$DIMDLI
 40
3.75
  9
$DIMRND
 40
0.0
  9
$DIMDLE
 40
0.0
  9
$DIMEXE
 40
1.25
  9
$DIMTP
 40
0.0
  9
$DIMTM
 40
0.0
  9
$DIMTXT
 40
2.5
  9
$DIMCEN
 40
2.5
  9
$DIMTSZ
 40
0.0
  9
$DIMTOL
 70
0
  9
$DIMLIM
 70
0
  9
$DIMTIH
 70
0
  9
$DIMTOH
 70
0
  9
$DIMSE1
 70
0
  9
$DIMSE2
 70
0
  9
$DIMTAD
 70
1
  9
$DIMZIN
 70
8
  9
$DIMBLK
  1

  9
$DIMASO
 70
1
  9
$DIMSHO
 70
1
  9
$DIMPOST
  1

  9
$DIMAPOST
  1

  9
$DIMALT
 70
0
  9
$DIMALTD
 70
3
  9
$DIMALTF
 40
0.03937007874
  9
$DIMLFAC
 40
1.0
  9
$DIMTOFL
 70
1
  9
$DIMTVP
 40
0.0
  9
$DIMTIX
 70
0
  9
$DIMSOXD
 70
0
  9
$DIMSAH
 70
0
  9
$DIMBLK1
  1

  9
$DIMBLK2
  1

  9
$DIMSTYLE
  2
ISO-25
  9
$DIMCLRD
 70
0
  9
$DIMCLRE
 70
0
  9
$DIMCLRT
 70
0
  9
$DIMTFAC
 40
1.0
  9
$DIMGAP
 40
0.625
  9
$DIMJUST
 70
0
  9
$DIMSD1
 70
0
  9
$DIMSD2
 70
0
  9
$DIMTOLJ
 70
0
  9
$DIMTZIN
 70
8
  9
$DIMALTZ
 70
0
  9
$DIMALTTZ
 70
0
  9
$DIMUPT
 70
0
  9
$DIMDEC
 70
2
  9
$DIMTDEC
 70
2
  9
$DIMALTU
 70
2
  9
$DIMALTTD
 70
3
  9
$DIMTXSTY
  7
Standard
  9
$DIMAUNIT
 70
0
  9
$DIMADEC
 70
0
  9
$DIMALTRND
 40
0.0
  9
$DIMAZIN
 70
0
  9
$DIMDSEP
 70
44
  9
$DIMATFIT
 70
3
  9
$DIMFRAC
 70
0
  9
$DIMLDRBLK
  1

  9
$DIMLUNIT
 70
2
  9
$DIMLWD
 70
-2
  9
$DIMLWE
 70
-2
  9
$DIMTMOVE
 70
0
  9
$DIMFXL
 40
1.0
  9
$DIMFXLON
 70
0
  9
$DIMJOGANG
 40
0.785398163397
  9
$DIMTFILL
 70
0
  9
$DIMTFILLCLR
 70
0
  9
$DIMARCSYM
 70
0
  9
$DIMLTYPE
  6

  9
$DIMLTEX1
  6

  9
$DIMLTEX2
  6

  9
$DIMTXTDIRECTION
 70
0
  9
$LUNITS
 70
2
  9
$LUPREC
 70
4
  9
$SKETCHINC
 40
1.0
  9
$FILLETRAD
 40
10.0
  9
$AUNITS
 70
0
  9
$AUPREC
 70
2
  9
$MENU
  1
.
  9
$ELEVATION
 40
0.0
  9
$PELEVATION
 40
0.0
  9
$THICKNESS
 40
0.0
  9
$LIMCHECK
 70
0
  9
$CHAMFERA
 40
0.0
  9
$CHAMFERB
 40
0.0
  9
$CHAMFERC
 40
0.0
  9
$CHAMFERD
 40
0.0
  9
$SKPOLY
 70
0
  9
$TDCREATE
 40
2461318.8581597223
  9
$TDUCREATE
 40
2458532.153996898
  9
$TDUPDATE
 40
2461318.8581597223
  9
$TDUUPDATE
 40
2458532.1544311
  9
$TDINDWG
 40
0.0
  9
$TDUSRTIMER
 40
0.0
  9
$USRTIMER
 70
1
  9
$ANGBASE
 50
0.0
  9
$ANGDIR
 70
0
  9
$PDMODE
 70
0
  9
$PDSIZE
 40
0.0
  9
$PLINEWID
 40
0.0
  9
$SPLFRAME
 70
0
  9
$SPLINETYPE
 70
6
  9
$SPLINESEGS
 70
8
  9
$HANDSEED
  5
15A
  9
$SURFTAB1
 70
6
  9
$SURFTAB2
 70
6
  9
$SURFTYPE
 70
6
  9
$SURFU
 70
6
  9
$SURFV
 70
6
  9
$UCSBASE
  2

  9
$UCSNAME
  2

  9
$UCSORG
 10
0.0
 20
0.0
 30
0.0
  9
$UCSXDIR
 10
1.0
 20
0.0
 30
0.0
  9
$UCSYDIR
 10
0.0
 20
1.0
 30
0.0
  9
$UCSORTHOREF
  2

  9
$UCSORTHOVIEW
 70
0
  9
$UCSORGTOP
 10
0.0
 20
0.0
 30
0.0
  9
$UCSORGBOTTOM
 10
0.0
 20
0.0
 30
0.0
  9
$UCSORGLEFT
 10
0.0
 20
0.0
 30
0.0
  9
$UCSORGRIGHT
 10
0.0
 20
0.0
 30
0.0
  9
$UCSORGFRONT
 10
0.0
 20
0.0
 30
0.0
  9
$UCSORGBACK
 10
0.0
 20
0.0
 30
0.0
  9
$PUCSBASE
  2

  9
$PUCSNAME
  2

  9
$PUCSORG
 10
0.0
 20
0.0
 30
0.0
  9
$PUCSXDIR
 10
1.0
 20
0.0
 30
0.0
  9
$PUCSYDIR
 10
0.0
 20
1.0
 30
0.0
  9
$PUCSORTHOREF
  2

  9
$PUCSORTHOVIEW
 70
0
  9
$PUCSORGTOP
 10
0.0
 20
0.0
 30
0.0
  9
$PUCSORGBOTTOM
 10
0.0
 20
0.0
 30
0.0
  9
$PUCSORGLEFT
 10
0.0
 20
0.0
 30
0.0
  9
$PUCSORGRIGHT
 10
0.0
 20
0.0
 30
0.0
  9
$PUCSORGFRONT
 10
0.0
 20
0.0
 30
0.0
  9
$PUCSORGBACK
 10
0.0
 20
0.0
 30
0.0
  9
$USERI1
 70
0
  9
$USERI2
 70
0
  9
$USERI3
 70
0
  9
$USERI4
 70
0
  9
$USERI5
 70
0
  9
$USERR1
 40
0.0
  9
$USERR2
 40
0.0
  9
$USERR3
 40
0.0
  9
$USERR4
 40
0.0
  9
$USERR5
 40
0.0
  9
$WORLDVIEW
 70
1
  9
$SHADEDGE
 70
3
  9
$SHADEDIF
 70
70
  9
$TILEMODE
 70
1
  9
$MAXACTVP
 70
64
  9
$PINSBASE
 10
0.0
 20
0.0
 30
0.0
  9
$PLIMCHECK
 70
0
  9
$PEXTMIN
 10
1e+20
 20
1e+20
 30
1e+20
  9
$PEXTMAX
 10
-1e+20
 20
-1e+20
 30
-1e+20
  9
$PLIMMIN
 10
0.0
 20
0.0
  9
$PLIMMAX
 10
420.0
 20
297.0
  9
$UNITMODE
 70
0
  9
$VISRETAIN
 70
1
  9
$PLINEGEN
 70
0
  9
$PSLTSCALE
 70
1
  9
$TREEDEPTH
 70
3020
  9
$CMLSTYLE
  2
Standard
  9
$CMLJUST
 70
0
  9
$CMLSCALE
 40
20.0
  9
$PROXYGRAPHICS
 70
1
  9
$MEASUREMENT
 70
0
  9
$CELWEIGHT
370
-1
  9
$ENDCAPS
280
0
  9
$JOINSTYLE
280
0
  9
$LWDISPLAY
290
0
  9
$INSUNITS
 70
1
  9
$HYPERLINKBASE
  1

  9
$STYLESHEET
  1

  9
$XEDIT
290
1
  9
$CEPSNTYPE
380
0
  9
$PSTYLEMODE
290
1
  9
$FINGERPRINTGUID
  2
{DD161EAD-7AD0-424E-978E-E7424F992DD2}
  9
$VERSIONGUID
  2
{DBFEF741-1DC3-48E3-8CD1-7992149A968E}
  9
$EXTNAMES
290
1
  9
$PSVPSCALE
 40
0.0
  9
$OLESTARTUP
290
0
  9
$SORTENTS
280
127
  9
$INDEXCTL
280
0
  9
$HIDETEXT
280
1
  9
$XCLIPFRAME
280
1
  9
$HALOGAP
280
0
  9
$OBSCOLOR
 70
257
  9
$OBSLTYPE
280
0
  9
$INTERSECTIONDISPLAY
280
0
  9
$INTERSECTIONCOLOR
 70
257
  9
$DIMASSOC
280
2
  9
$PROJECTNAME
  1

  9
$CAMERADISPLAY
290
0
  9
$LENSLENGTH
 40
50.0
  9
$CAMERAHEIGHT
 40
0.0
  9
$STEPSPERSEC
 40
24.0
  9
$STEPSIZE
 40
100.0
  9
$3DDWFPREC
 40
2.0
  9
$PSOLWIDTH
 40
0.005
  9
$PSOLHEIGHT
 40
0.08
  9
$LOFTANG1
 40
1.570796326795
  9
$LOFTANG2
 40
1.570796326795
  9
$LOFTMAG1
 40
0.0
  9
$LOFTMAG2
 40
0.0
  9
$LOFTPARAM
 70
7
  9
$LOFTNORMALS
280
1
  9
$LATITUDE
 40
37.795
  9
$LONGITUDE
 40
-122.394
  9
$NORTHDIRECTION
 40
0.0
  9
$TIMEZONE
 70
-8000
  9
$LIGHTGLYPHDISPLAY
280
1
  9
$TILEMODELIGHTSYNCH
280
1
  9
$CMATERIAL
347
20
  9
$SOLIDHIST
280
0
  9
$SHOWHIST
280
1
  9
$DWFFRAME
280
2
  9
$DGNFRAME
280
2
  9
$REALWORLDSCALE
290
1
  9
$INTERFERECOLOR
 62
256
  9
$CSHADOW
280
0
  9
$SHADOWPLANELOCATION
 40
0.0
  0
ENDSEC
  0
SECTION
  2
CLASSES
  0
CLASS
  1
ACDBDICTIONARYWDFLT
  2
AcDbDictionaryWithDefault
  3
ObjectDBX Classes
 90
0
 91
0
280
0
281
0
  0
CLASS
  1
SUN
  2
AcDbSun
  3
SCENEOE
 90
1153
 91
0
280
0
281
0
  0
CLASS
  1
VISUALSTYLE
  2
AcDbVisualStyle
  3
ObjectDBX Classes
 90
4095
 91
0
280
0
281
0
  0
CLASS
  1
MATERIAL
  2
AcDbMaterial
  3
ObjectDBX Classes
 90
1153
 91
0
280
0
281
0
  0
CLASS
  1
SCALE
  2
AcDbScale
  3
ObjectDBX Classes
 90
1153
 91
0
280
0
281
0
  0
CLASS
  1
TABLESTYLE
  2
AcDbTableStyle
  3
ObjectDBX Classes
 90
4095
 91
0
280
0
281
0
  0
CLASS
  1
MLEADERSTYLE
  2
AcDbMLeaderStyle
  3
ACDB_MLEADERSTYLE_CLASS
 90
4095
 91
0
280
0
281
0
  0
CLASS
  1
DICTIONARYVAR
  2
AcDbDictionaryVar
  3
ObjectDBX Classes
 90
0
 91
0
280
0
281
0
  0
CLASS
  1
CELLSTYLEMAP
  2
AcDbCellStyleMap
  3
ObjectDBX Classes
 90
1152
 91
0
280
0
281
0
  0
CLASS
  1
MENTALRAYRENDERSETTINGS
  2
AcDbMentalRayRenderSettings
  3
SCENEOE
 90
1024
 91
0
280
0
281
0
  0
CLASS
  1
ACDBDETAILVIEWSTYLE
  2
AcDbDetailViewStyle
  3
ObjectDBX Classes
 90
1025
 91
0
280
0
281
0
  0
CLASS
  1
ACDBSECTIONVIEWSTYLE
  2
AcDbSectionViewStyle
  3
ObjectDBX Classes
 90
1025
 91
0
280
0
281
0
  0
CLASS
  1
RASTERVARIABLES
  2
AcDbRasterVariables
  3
ISM
 90
0
 91
0
280
0
281
0
  0
CLASS
  1
ACDBPLACEHOLDER
  2
AcDbPlaceHolder
  3
ObjectDBX Classes
 90
0
 91
0
280
0
281
0
  0
CLASS
  1
LAYOUT
  2
AcDbLayout
  3
ObjectDBX Classes
 90
0
 91
0
280
0
281
0
  0
ENDSEC
  0
SECTION
  2
TABLES
  0
TABLE
  2
VPORT
  5
8
330
0
100
AcDbSymbolTable
 70
1
  0
VPORT
  5
23
330
8
100
AcDbSymbolTableRecord
100
AcDbViewportTableRecord
  2
*Active
 70
0
 10
0.0
 20
0.0
 11
1.0
 21
1.0
 12
0.0
 22
0.0
 13
0.0
 23
0.0
 14
0.5
 24
0.5
 15
0.5
 25
0.5
 16
0.0
 26
0.0
 36
1.0
 17
0.0
 27
0.0
 37
0.0
 40
1000.0
 41
1.34
 42
50.0
 43
0.0
 44
0.0
 50
0.0
 51
0.0
 71
0
 72
1000
 73
1
 74
3
 75
0
 76
0
 77
0
 78
0
281
0
 65
0
146
0.0
  0
ENDTAB
  0
TABLE
  2
LTYPE
  5
2
330
0
100
AcDbSymbolTable
 70
3
  0
LTYPE
  5
24
330
2
100
AcDbSymbolTableRecord
100
AcDbLinetypeTableRecord
  2
ByBlock
 70
0
  3

 72
65
 73
0
 40
0.0
  0
LTYPE
  5
25
330
2
100
AcDbSymbolTableRecord
100
AcDbLinetypeTableRecord
  2
ByLayer
 70
0
  3

 72
65
 73
0
 40
0.0
  0
LTYPE
  5
26
330
2
100
AcDbSymbolTableRecord
100
AcDbLinetypeTableRecord
  2
Continuous
 70
0
  3

 72
65
 73
0
 40
0.0
  0
ENDTAB
  0
TABLE
  2
LAYER
  5
1
330
0
100
AcDbSymbolTable
 70
5
  0
LAYER
  5
27
330
1
100
AcDbSymbolTableRecord
100
AcDbLayerTableRecord
  2
0
 70
0
 62
7
  6
Continuous
370
-3
390
13
347
21
  0
LAYER
  5
28
330
1
100
AcDbSymbolTableRecord
100
AcDbLayerTableRecord
  2
Defpoints
 70
0
 62
7
  6
Continuous
290
0
370
-3
390
13
347
21
  0
LAYER
  5
31
330
1
100
AcDbSymbolTableRecord
100
AcDbLayerTableRecord
  2
G-ANNO-TTLB
 70
0
 62
7
  6
Continuous
370
-3
390
13
347
21
  0
LAYER
  5
32
330
1
100
AcDbSymbolTableRecord
100
AcDbLayerTableRecord
  2
A-ANNO-TEXT
 70
0
 62
7
  6
Continuous
370
-3
390
13
347
21
  0
LAYER
  5
33
330
1
100
AcDbSymbolTableRecord
100
AcDbLayerTableRecord
  2
G-ANNO-TABL
 70
0
 62
7
  6
Continuous
370
-3
390
13
347
21
  0
ENDTAB
  0
TABLE
  2
STYLE
  5
5
330
0
100
AcDbSymbolTable
 70
3
  0
STYLE
  5
29
330
5
100
AcDbSymbolTableRecord
100
AcDbTextStyleTableRecord
  2
Standard
 70
0
 40
0.0
 41
1.0
 50
0.0
 71
0
 42
2.5
  3
txt
  4

  0
STYLE
  5
2F
330
5
100
AcDbSymbolTableRecord
100
AcDbTextStyleTableRecord
  2
KS-REG
 70
0
 40
0.0
 41
1.0
 50
0.0
 71
0
 42
2.5
  3
DejaVuSans.ttf
  4

  0
STYLE
  5
30
330
5
100
AcDbSymbolTableRecord
100
AcDbTextStyleTableRecord
  2
KS-BOLD
 70
0
 40
0.0
 41
1.0
 50
0.0
 71
0
 42
2.5
  3
DejaVuSans-Bold.ttf
  4

  0
ENDTAB
  0
TABLE
  2
VIEW
  5
7
330
0
100
AcDbSymbolTable
 70
0
  0
ENDTAB
  0
TABLE
  2
UCS
  5
6
330
0
100
AcDbSymbolTable
 70
0
  0
ENDTAB
  0
TABLE
  2
APPID
  5
3
330
0
100
AcDbSymbolTable
 70
3
  0
APPID
  5
2A
330
3
100
AcDbSymbolTableRecord
100
AcDbRegAppTableRecord
  2
ACAD
 70
0
  0
APPID
  5
157
330
3
100
AcDbSymbolTableRecord
100
AcDbRegAppTableRecord
  2
HATCHBACKGROUNDCOLOR
 70
0
  0
APPID
  5
158
330
3
100
AcDbSymbolTableRecord
100
AcDbRegAppTableRecord
  2
EZDXF
 70
0
  0
ENDTAB
  0
TABLE
  2
DIMSTYLE
  5
4
330
0
100
AcDbSymbolTable
 70
1
100
AcDbDimStyleTable
  0
DIMSTYLE
105
2B
330
4
100
AcDbSymbolTableRecord
100
AcDbDimStyleTableRecord
  2
Standard
 70
0
 40
1.0
 41
2.5
 42
0.625
 43
3.75
 44
1.25
 45
0.0
 46
0.0
 47
0.0
 48
0.0
 49
2.5
140
2.5
141
2.5
142
0.0
143
0.03937007874
144
1.0
145
0.0
146
1.0
147
0.625
148
0.0
 69
0
 70
0
 71
0
 72
0
 73
0
 74
0
 75
0
 76
0
 77
1
 78
8
 79
3
170
0
171
3
172
1
173
0
174
0
175
0
176
0
177
0
178
0
179
2
271
2
272
2
273
2
274
3
275
0
276
0
277
2
278
44
279
0
280
0
281
0
282
0
283
0
284
8
285
0
286
0
288
0
289
3
290
0
371
-2
372
-2
  0
ENDTAB
  0
TABLE
  2
BLOCK_RECORD
  5
9
330
0
100
AcDbSymbolTable
 70
3
  0
BLOCK_RECORD
  5
17
330
9
100
AcDbSymbolTableRecord
100
AcDbBlockTableRecord
  2
*Model_Space
340
1A
 70
0
280
1
281
0
  0
BLOCK_RECORD
  5
1B
330
9
100
AcDbSymbolTableRecord
100
AcDbBlockTableRecord
  2
*Paper_Space
340
1E
 70
0
280
1
281
0
  0
BLOCK_RECORD
  5
54
330
9
100
AcDbSymbolTableRecord
100
AcDbBlockTableRecord
  2
THA_MARK
340
0
 70
0
280
1
281
0
  0
ENDTAB
  0
ENDSEC
  0
SECTION
  2
BLOCKS
  0
BLOCK
  5
18
330
17
100
AcDbEntity
  8
0
100
AcDbBlockBegin
  2
*Model_Space
 70
0
 10
0.0
 20
0.0
 30
0.0
  3
*Model_Space
  1

  0
ENDBLK
  5
19
330
17
100
AcDbEntity
  8
0
100
AcDbBlockEnd
  0
BLOCK
  5
1C
330
1B
100
AcDbEntity
  8
0
100
AcDbBlockBegin
  2
*Paper_Space
 70
0
 10
0.0
 20
0.0
 30
0.0
  3
*Paper_Space
  1

  0
ENDBLK
  5
1D
330
1B
100
AcDbEntity
  8
0
100
AcDbBlockEnd
  0
BLOCK
  5
55
330
54
100
AcDbEntity
  8
0
100
AcDbBlockBegin
  2
THA_MARK
 70
0
 10
0.0
 20
0.0
 30
0.0
  3
THA_MARK
  1

  0
HATCH
  5
57
330
54
100
AcDbEntity
  8
A-ANNO-TEXT
 62
7
420
13369344
100
AcDbHatch
 10
0.0
 20
0.0
 30
0.0
210
0.0
220
0.0
230
1.0
  2
SOLID
 70
1
 71
0
 91
30
 92
3
 72
0
 73
1
 93
567
 10
-0.02828136330674402
 20
-0.48578680203045693
 10
-0.03605137327773749
 20
-0.4850767936457578
 10
-0.044565808556925275
 20
-0.4841721809282089
 10
-0.053494946519216824
 20
-0.4831163037073967
 10
-0.06250906453952135
 20
-0.4819525018129079
 10
-0.07127843999274837
 20
-0.48072411507432933
 10
-0.07947335025380711
 20
-0.4794744833212473
 10
-0.08676407269760693
 20
-0.4782469463832488
 10
-0.09282088469905729
 20
-0.4770848440899203
 10
-0.11211900607324152
 20
-0.4727511443981146
 10
-0.13054523205221177
 20
-0.4679908448150836
 10
-0.14820663750906454
 20
-0.4627648545141406
 10
-0.1652102973168963
 20
-0.45703408266860046
 10
-0.1816632863488035
 20
-0.45075943845177674
 10
-0.19767267947788253
 20
-0.44390183103698333
 10
-0.2133455515772299
 20
-0.43642216959753444
 10
-0.22878897751994198
 20
-0.428281363306744
 10
-0.23762237128353883
 20
-0.42336682491841904
 10
-0.24517766497461926
 20
-0.41906839195068896
 10
-0.2518355692530819
 20
-0.4151455708393763
 10
-0.25797679477882524
 20
-0.4113578680203046
 10
-0.26398205221174764
 20
-0.4074647899292965
 10
-0.2702320522117476
 20
-0.40322584300217557
 10
-0.27710750543872376
 20
-0.3984005336747642
 10
-0.28498912255257436
 20
-0.39274836838288607
 10
-0.3052915665790428
 20
-0.3771713821156635
 10
-0.32510537527193617
 20
-0.36012848984771556
 10
-0.3442206478879623
 20
-0.34185338673857874
 10
-0.3624274836838289
 20
-0.3225797679477883
 10
-0.37951598191624364
 20
-0.3025413286348803
 10
-0.39527624184191446
 20
-0.281971763959391
 10
-0.40949836271754897
 20
-0.2611047690808557
 10
-0.421972443799855
 20
-0.24017403915881078
 10
-0.4296370784989123
 20
-0.22599639118020312
 10
-0.4363533357505439
 20
-0.21294302936910806
 10
-0.4422605828498913
 20
-0.20069017970449604
 10
-0.44749818709209577
 20
-0.18891406816533715
 10
-0.4522055157722988
 20
-0.17729092073060193
 10
-0.4565219361856418
 20
-0.16549696337926031
 10
-0.46058681562726617
 20
-0.1532084220902829
 10
-0.4645395213923133
 20
-0.14010152284263963
 10
-0.46774057854423495
 20
-0.12861009449782454
 10
-0.4705685732414793
 20
-0.11745943618564185
 10
-0.4730583473078318
 20
-0.10647363918600436
 10
-0.47524474256707755
 20
-0.09547679477882526
 10
-0.4771626008430022
 20
-0.08429299424401744
 10
-0.47884676395939085
 20
-0.07274632886149388
 10
-0.480332073740029
 20
-0.06066088991116751
 10
-0.481653372008702
 20
-0.047860768672951415
 10
-0.4821864802393038
 20
-0.03994161870014505
 10
-0.48258701957940536
 20
-0.029716959753444492
 10
-0.48285159082668605
 20
-0.01798815377991298
 10
-0.4829767947788252
 20
-0.005556562726613505
 10
-0.48295923223350257
 20
0.006776451459390863
 10
-0.4827955039883974
 20
0.01820952683103697
 10
-0.48248221084118925
 20
0.027941301441261817
 10
-0.4820159535895577
 20
0.03517041334300218
 10
-0.47991198898658455
 20
0.05406728720993471
 10
-0.4773397842639594
 20
0.07225457759245824
 10
-0.47427979400833936
 20
0.0898181143491661
 10
-0.4707124728063814
 20
0.10684372733865119
 10
-0.4666182752447426
 20
0.1234172464195069
 10
-0.46197765591007983
 20
0.1396245014503263
 10
-0.45677106938905004
 20
0.1555513222897027
 10
-0.45097897026831035
 20
0.17128353879622915
 10
-0.44824317893401017
 20
0.1783234284354605
 10
-0.44603426395939083
 20
0.18398409173313998
 10
-0.44429443890500364
 20
0.18840914498730965
 10
-0.4429659173313996
 20
0.19174220449601162
 10
-0.4419909127991298
 20
0.19412688655728788
 10
-0.44131163886874547
 20
0.1957068074691806
 10
-0.44087030910079766
 20
0.1966255835297317
 10
-0.4406091370558376
 20
0.19702683103698332
 10
-0.44011342005076143
 20
0.19712866547316898
 10
-0.4389548585931835
 20
0.19698490754169692
 10
-0.4370552710297317
 20
0.19657431222806382
 10
-0.43433647570703415
 20
0.19587563451776646
 10
-0.43072029097171866
 20
0.19486762939630167
 10
-0.4261285351704134
 20
0.19352905184916605
 10
-0.42048302664974624
 20
0.19183865686185642
 10
-0.4137055837563452
 20
0.18977519941986948
 10
-0.41108295753263235
 20
0.1889739791062364
 10
-0.4082249365482234
 20
0.18811072335025378
 10
-0.4052224494651922
 20
0.18721177596990574
 10
-0.4021664249456128
 20
0.18630348078317624
 10
-0.3991477916515591
 20
0.18541218160804931
 10
-0.39625747824510515
 20
0.1845642222625091
 10
-0.3935864133883249
 20
0.18378594656453953
 10
-0.3912255257432923
 20
0.18310369833212473
 10
-0.38894027034989126
 20
0.1824588413252357
 10
-0.3864859046410442
 20
0.18173835206671501
 10
-0.3839380608683829
 20
0.18096857437454678
 10
-0.38137237128353885
 20
0.18017585206671505
 10
-0.3788644681381436
 20
0.17938652896120377
 10
-0.37648998368382885
 20
0.17862694887599712
 10
-0.3743245501722262
 20
0.17792345562907905
 10
-0.3724437998549674
 20
0.17730239303843365
 10
-0.3707704008792604
 20
0.17672622824510517
 10
-0.3691998277737491
 20
0.17620105148658446
 10
-0.36776692236221903
 20
0.1757370603698332
 10
-0.36650652646845544
 20
0.1753444525018129
 10
-0.36545348191624366
 20
0.17503342548948514
 10
-0.3646426305293691
 20
0.17481417693981144
 10
-0.3641088141316171
 20
0.1746969044597534
 10
-0.36388687454677304
 20
0.17469180565627265
 10
-0.3640530105601886
 20
0.1748675727429296
 10
-0.3646312998549674
 20
0.17526853698332126
 10
-0.36557840260152286
 20
0.1758683545594634
 10
-0.3668509789702683
 20
0.17664068165337204
 10
-0.36840568913161714
 20
0.17755917444706307
 10
-0.3701991932559826
 20
0.17859748912255258
 10
-0.37218815151377815
 20
0.1797292818618564
 10
-0.374329224075417
 20
0.18092820884699057
 10
-0.37675951210116027
 20
0.1823024780184917
 10
-0.379576459390863
 20
0.18388664793328502
 10
-0.38267724007432924
 20
0.18562548155366207
 10
-0.3859590282813633
 20
0.18746374184191447
 10
-0.38931899814176946
 20
0.18934619176033357
 10
-0.3926543237853517
 20
0.19121759427121102
 10
-0.3958621793419145
 20
0.19302271233683826
 10
-0.3988397389412618
 20
0.19470630891950688
 10
-0.40182168917693983
 20
0.19637347602429295
 10
-0.40499229514140683
 20
0.198131571791153
 10
-0.40825467956852796
 20
0.19992875838469903
 10
-0.41151196519216826
 20
0.20171319796954312
 10
-0.4146672747461929
 20
0.20343305271029732
 10
-0.41762373096446703
 20
0.20503648477157357
 10
-0.4202844565808557
 20
0.206471656317984
 10
-0.4225525743292241
 20
0.20768672951414066
 10
-0.4245649021029732
 20
0.20876356848259606
 10
-0.4264412617839014
 20
0.20980216642494562
 10
-0.4281408629441624
 20
0.21077787912436546
 10
-0.4296229151559101
 20
0.2116660623640319
 10
-0.4308466279912981
 20
0.21244207192712108
 10
-0.43177121102248006
 20
0.21308126359680926
 10
-0.4323558738216099
 20
0.2135589931562726
 10
-0.4325598259608412
 20
0.21385061638868744
 10
-0.43229964534989124
 20
0.2147116060097897
 10
-0.43155252900652646
 20
0.2164147480058013
 10
-0.43036861516497465
 20
0.21886401491116753
 10
-0.42879804205946337
 20
0.22196337926033358
 10
-0.42689094792422044
 20
0.22561681358774474
 10
-0.42469747099347355
 20
0.2297282904278463
 10
-0.4222677495014503
 20
0.23420178231508343
 10
-0.4196519216823786
 20
0.23894126178390138
 10
-0.41210356802936915
 20
0.2520269160170413
 10
-0.40420254713560555
 20
0.26479219543147214
 10
-0.3959565072063089
 20
0.27722945182197245
 10
-0.38737309644670054
 20
0.28933103698332124
 10
-0.37845996306200147
 20
0.3010893027102973
 10
-0.3692247552574329
 20
0.3124966007976795
 10
-0.3596751212382161
 20
0.32354528304024655
 10
-0.34981870920957214
 20
0.33422770123277734
 10
-0.34670815581943437
 20
0.33742989145213925
 10
-0.343235587382161
 20
0.3408640772298767
 10
-0.3396236516497462
 20
0.34432715622733867
 10
-0.3360949963741842
 20
0.34761602610587383
 10
-0.33287226930746916
 20
0.350527584526831
 10
-0.33017811820159537
 20
0.35285872915155914
 10
-0.32823519080855695
 20
0.3544063576414068
 10
-0.3272661348803481
 20
0.354967367657723
 10
-0.3266881288524293
 20
0.3546833926305294
 10
-0.3255382070340827
 20
0.35386489303843366
 10
-0.3238767052664975
 20
0.35256200711566354
 10
-0.32176395939086294
 20
0.3508248730964467
 10
-0.3192603052483684
 20
0.3487036292150109
 10
-0.31642607868020306
 20
0.3462484137055838
 10
-0.3133216155275562
 20
0.3435093648023931
 10
-0.31000725163161713
 20
0.34053662073966645
 10
-0.3085103279097172
 20
0.33916419280275567
 10
-0.3068833846990573
 20
0.3376880891950689
 10
-0.30517995943618564
 20
0.3361541991479333
 10
-0.30345358955765045
 20
0.33460841189267587
 10
-0.3017578125
 20
0.3330966166606237
 10
-0.3001461656997825
 20
0.3316647026831037
 10
-0.29867218659354605
 20
0.3303585591914431
 10
-0.297389412617839
 20
0.32922407541696885
 10
-0.29600027193618567
 20
0.32798336656997823
 10
-0.29427121102248005
 20
0.3264231327048586
 10
-0.2922702139231327
 20
0.32460455946337924
 10
-0.290065264684554
 20
0.3225888324873097
 10
-0.2877243473531545
 20
0.32043713741841917
 10
-0.2853154459753445
 20
0.3182106598984772
 10
-0.28290654459753445
 20
0.31597058556925306
 10
-0.2805656272661349
 20
0.31377810007251633
 10
-0.27833334277556204
 20
0.3117116683284989
 10
-0.2762361765772298
 20
0.3097829042784626
 10
-0.2743208677030457
 20
0.30803429795141407
 10
-0.27263415518491657
 20
0.3065083393763597
 10
-0.2712227780547498
 20
0.30524751858230603
 10
-0.27013347534445253
 20
0.3042943255982596
 10
-0.26941298608593184
 20
0.303691250453227
 10
-0.269108049311095
 20
0.30348078317621463
 10
-0.2691386421319797
 20
0.3036353052483684
 10
-0.2693799854967368
 20
0.3040779097171864
 10
-0.2698116841914431
 20
0.30477715396120375
 10
-0.27041334300217545
 20
0.30570159535895575
 10
-0.2711645667150109
 20
0.3068197912889775
 10
-0.2720449601160261
 20
0.3081002991298042
 10
-0.27303412799129806
 20
0.309511676259971
 10
-0.27411167512690354
 20
0.31102248005801303
 10
-0.275435947697607
 20
0.3129091789793329
 10
-0.2771324329224075
 20
0.31534739847715737
 10
-0.2791314471537346
 20
0.3182360122824511
 10
-0.28136330674401744
 20
0.3214738941261784
 10
-0.2837583280456853
 20
0.3249599177393038
 10
-0.2862468274111675
 20
0.3285929568527919
 10
-0.2887591211928934
 20
0.332271885197607
 10
-0.29122552574329225
 20
0.3358955765047136
 10
-0.2936917886602611
 20
0.3395093534717186
 10
-0.2962030910079768
 20
0.34315967186366936
 10
-0.2986888993382886
 20
0.34674710501269035
 10
-0.3010786802030457
 20
0.3501722262509065
 10
-0.3033019001540972
 20
0.35333560891044236
 10
-0.3052880257432922
 20
0.35613782632342283
 10
-0.30696652352248005
 20
0.3584794518219725
 10
-0.30826686004350984
 20
0.3602610587382161
 10
-0.30935106395032635
 20
0.3617038784898477
 10
-0.3103596356055112
 20
0.36307446519216824
 10
-0.3112713299945613
 20
0.3643413762237128
 10
-0.31206490210297316
 20
0.3654731689630167
 10
-0.31271910691624366
 20
0.36643840078861495
 10
-0.3132126994198695
 20
0.3672056290790428
 10
-0.31352443459934737
 20
0.3677434112128354
 10
-0.31363306744017405
 20
0.3680203045685279
 10
-0.31234094565808557
 20
0.3696503637146483
 10
-0.30877560732414794
 20
0.37283470812182745
 10
-0.3034035929568528
 20
0.37721727134699057
 10
-0.2966914430746918
 20
0.3824419869470631
 10
-0.28910569819615667
 20
0.3881527884789703
 10
-0.28111289883973894
 20
0.39399360949963746
 10
-0.2731795855239304
 20
0.3996083835659899
 10
-0.26577229876722264
 20
0.4046410442349529
 10
-0.25628073445431476
 20
0.4107695227519942
 10
-0.2465928662073967
 20
0.4167127447425671
 10
-0.23682511670594633
 20
0.42240782496374185
 10
-0.22709390862944165
 20
0.4277918781725888
 10
-0.2175156646573604
 20
0.4328020191261784
 10
-0.20820680746918058
 20
0.4373753625815809
 10
-0.19928375974438003
 20
0.4414490232958666
 10
-0.19086294416243654
 20
0.4449601160261059
 10
-0.18862400290065265
 20
0.44584079269398114
 10
-0.18650743292240757
 20
0.44667558013052944
 10
-0.18456082306018853
 20
0.4474457827229877
 10
-0.182831762146483
 20
0.4481327048585932
 10
-0.1813678390137781
 20
0.44871765092458304
 10
-0.1802166424945613
 20
0.44918192530819434
 10
-0.17942576142131977
 20
0.4495068323966643
 10
-0.17904278462654097
 20
0.4496736765772299
 10
-0.17863388891406815
 20
0.44947114077229877
 10
-0.17794710841189265
 20
0.4485836656997824
 10
-0.1769764945159536
 20
0.4469993541515591
 10
-0.17571609862218995
 20
0.4447063089195069
 10
-0.17415997212654097
 20
0.441692632795504
 10
-0.17230216642494559
 20
0.4379464285714286
 10
-0.17013673291334303
 20
0.4334557990391588
 10
-0.16765772298767223
 20
0.4282088469905729
 10
-0.16659178979332848
 20
0.42587260356236406
 10
-0.16530320884699057
 20
0.42299333756345175
 10
-0.1637188972987672
 20
0.4194019386783902
 10
-0.16176577229876726
 20
0.41492929659173317
 10
-0.15937075099709935
 20
0.4094063009880348
 10
-0.15646075054387235
 20
0.4026638415518492
 10
-0.15296268808919508
 20
0.3945328079677302
 10
-0.1488034807831762
 20
0.3848440899202321
 10
-0.1478990096990573
 20
0.3827670356689631
 10
-0.14704722625090644
 20
0.38085909173314
 10
-0.14626682605148658
 20
0.379160198740029
 10
-0.14557650471356057
 20
0.37771029731689626
 10
-0.14499495784989122
 20
0.376549328091008
 10
-0.14454088107324148
 20
0.3757172316896302
 10
-0.14423296999637422
 20
0.375253948740029
 10
-0.14408992023205222
 20
0.37519941986947064
 10
-0.14409742680384338
 20
0.3762992034535895
 10
-0.14436752175489484
 20
0.3786405456852792
 10
-0.14486366366026107
 20
0.3820101466189268
 10
-0.14554931109499641
 20
0.3861947063089195
 10
-0.14638792263415518
 20
0.3909809248096447
 10
-0.1473429568527919
 20
0.3961555021754895
 10
-0.1483778723259609
 20
0.40150513846084124
 10
-0.1494561276287165
 20
0.406816533720087
 10
-0.15082572289702686
 20
0.4134107029550399
 10
-0.15236357868020306
 20
0.4208869651921683
 10
-0.15396601930746917
 20
0.4287337404822335
 10
-0.1555293691080493
 20
0.4364394488759971
 10
-0.15694995241116752
 20
0.44349251042422044
 10
-0.1581240935460479
 20
0.449381345177665
 10
-0.15894811684191443
 20
0.4535943731870921
 10
-0.1593183466279913
 20
0.4556200145032632
 10
-0.15935488805293693
 20
0.45612040541153015
 10
-0.15928435460478613
 20
0.4565502628716462
 10
-0.1590812522661349
 20
0.45693423110043513
 10
-0.1587200870195794
 20
0.4572969543147208
 10
-0.15817536484771574
 20
0.45766307673132706
 10
-0.15742159173313997
 20
0.45805724256707764
 10
-0.15643327365844814
 20
0.45850409603879627
 10
-0.1551849166062364
 20
0.45902828136330676
 10
-0.1502974302030457
 20
0.46084529663705587
 10
-0.14395848440899203
 20
0.46291810188542426
 10
-0.13649780184916607
 20
0.46515576844633794
 10
-0.12824510514865847
 20
0.467467367657723
 10
-0.11953011693255983
 20
0.46976197085750543
 10
-0.11068255982596086
 20
0.47194864938361136
 10
-0.10203215645395211
 20
0.4739364745739667
 10
-0.09390862944162437
 20
0.47563451776649746
 10
-0.08385010650833939
 20
0.4775239077229877
 10
-0.07397344089920231
 20
0.4791787527193619
 10
-0.06413416651559099
 20
0.48061604876722264
 10
-0.054187817258883185
 20
0.4818527918781726
 10
-0.04398992703045686
 20
0.48290597806381436
 10
-0.033396029731689564
 20
0.4837926033357505
 10
-0.022261659263959375
 20
0.4845296637055838
 10
-0.010442349528643929
 20
0.4851341551849166
 10
-0.0012327773749093876
 20
0.4854967367657723
 10
-0.0007976794778825401
 20
0.48245105148658446
 10
-0.0003137180474981871
 20
0.47763508996555476
 10
0.00028666606236398245
 20
0.4695941352429297
 10
0.0009499354151559266
 20
0.4592910113759971
 10
0.0016225525743291912
 20
0.4476885424220449
 10
0.002250980103335734
 20
0.4357495524383611
 10
0.0027816805656272663
 20
0.42443686548223347
 10
0.0031611165246555805
 20
0.41471330561095
 10
0.003335750543872388
 20
0.4075416968817984
 10
0.00336931766678756
 20
0.40582991524655554
 10
0.0034139321972444132
 20
0.404303390137781
 10
0.003467044733502571
 20
0.40299101477519944
 10
0.0035261058738216594
 20
0.4019216823785352
 10
0.0035885662164612205
 20
0.4011242861675127
 10
0.0036518763596809613
 20
0.4006277193618565
 10
0.0037134869017404247
 20
0.40046087518129075
 10
0.0037708484408992353
 20
0.40065264684554025
 10
0.0039049752991297715
 20
0.401340985315446
 10
0.0041368292240754004
 20
0.4025969905728789
 10
0.00445536280819436
 20
0.4043492793691081
 10
0.0048495286439448875
 20
0.40652646845540247
 10
0.005308279323785385
 20
0.4090571745830312
 10
0.005820567440174006
 20
0.41187001450326327
 10
0.006375345585569319
 20
0.41489360496736766
 10
0.006961566352429313
 20
0.4180565627266135
 10
0.007632908810732432
 20
0.4216701980601886
 10
0.00843002175489485
 20
0.42598576867295146
 10
0.009322312364031908
 20
0.43084181245467734
 10
0.010279187817258851
 20
0.43607686729514145
 10
0.011270055293691097
 20
0.44152947108411894
 10
0.012264321972443735
 20
0.4470381617113851
 10
0.013231395032632343
 20
0.45244147706671506
 10
0.01414068165337201
 20
0.45757795503988397
 10
0.015024332623277688
 20
0.46240751337019587
 10
0.01586634336475702
 20
0.4669812817258884
 10
0.016645468863306746
 20
0.4711930350344453
 10
0.017340464104423428
 20
0.47493654822335024
 10
0.017930084073604063
 20
0.478105596220087
 10
0.01839308375634521
 20
0.4805939539521393
 10
0.018708218138143617
 20
0.4822953963469906
 10
0.01885424220449601
 20
0.4831036983321248
 10
0.018997433602248055
 20
0.4835848270939086
 10
0.019197561638868696
 20
0.48394783357505444
 10
0.019518361357868053
 20
0.48420376518310365
 10
0.020023567802755587
 20
0.48436366932559827
 10
0.020776916017041337
 20
0.48443859341007983
 10
0.02184214104423492
 20
0.4844395848440899
 10
0.0232829779278463
 20
0.4843776910351705
 10
0.025163161711385097
 20
0.4842639593908629
 10
0.03947578634880355
 20
0.48321006503807107
 10
0.0540042603335751
 20
0.48169302936910807
 10
0.0686381095902828
 20
0.47973239779731686
 10
0.08326686004350975
 20
0.4773477157360407
 10
0.09778003761783904
 20
0.4745585285986222
 10
0.11206716823785359
 20
0.47138438179840464
 10
0.1260177778281364
 20
0.467844820748731
 10
0.1395213923132705
 20
0.46395939086294413
 10
0.1412678741388687
 20
0.4634384631073242
 10
0.1429965101522842
 20
0.4629192349528644
 10
0.14466226092277013
 20
0.46241700281000725
 10
0.14622008701957945
 20
0.4619470630891951
 10
0.14762494901196518
 20
0.46152471220087016
 10
0.1488318074691806
 20
0.461165246555475
 10
0.14979562296047866
 20
0.4608839625634518
 10
0.15047135605511242
 20
0.46069615663524294
 10
0.1560980273295867
 20
0.45885676327955044
 10
0.1636681925308194
 20
0.45606984227701236
 10
0.17235159649202322
 20
0.4526795628625816
 10
0.18131798404641047
 20
0.44903009427121104
 10
0.18973710002719363
 20
0.4454656057378535
 10
0.19677868926758524
 20
0.442330266497462
 10
0.20161249660079766
 20
0.43996824578498916
 10
0.2034082668600435
 20
0.43872371283538797
 10
0.20312627470087016
 20
0.43782887282451055
 10
0.20233525199419866
 20
0.43591597171863666
 10
0.20111762939630168
 20
0.43316346763959396
 10
0.19955583756345177
 20
0.4297498187092096
 10
0.1977323071519217
 20
0.4258534830493111
 10
0.1957294688179841
 20
0.4216529187817259
 10
0.19362975321791157
 20
0.4173265840282813
 10
0.19151559100797683
 20
0.41305293691080497
 10
0.19025165427846263
 20
0.4105294540881073
 10
0.18908629441624375
 20
0.4081614847715736
 10
0.18804330583756343
 20
0.406002566397752
 10
0.18714648295866565
 20
0.40410623640319077
 10
0.18641962019579408
 20
0.402526032224438
 10
0.18588651196519215
 20
0.40131549129804206
 10
0.1855709526831037
 20
0.4005281510605511
 10
0.18549673676577227
 20
0.4002175489485134
 10
0.18565281680565618
 20
0.40027179455221173
 10
0.18599755257432915
 20
0.4005291424945613
 10
0.18650884925670777
 20
0.4009683477610588
 10
0.1871646120377085
 20
0.4015681653372009
 10
0.18794274610224798
 20
0.4023073502084844
 10
0.18882115663524285
 20
0.4031646573604061
 10
0.1897777488216098
 20
0.40411884177846263
 10
0.19079042784626543
 20
0.4051486584481509
 10
0.19201371578136325
 20
0.40643582306018855
 10
0.193574374546773
 20
0.40807650471356055
 10
0.1954086690989848
 20
0.4100027193618564
 10
0.19745286439448878
 20
0.41214648295866574
 10
0.19964322538977522
 20
0.414439811457578
 10
0.20191601704133433
 20
0.4168147208121828
 10
0.20420750430565635
 20
0.4192032269760696
 10
0.20645395213923137
 20
0.4215373459028281
 10
0.21718636693255983
 20
0.43270485859318353
 10
0.22900652646845537
 20
0.42632342277012325
 10
0.2364601273567803
 20
0.4222503285895577
 10
0.24364349166062366
 20
0.41815853879622916
 10
0.25063310143219725
 20
0.4140021641588108
 10
0.2575054387237128
 20
0.40973531544597536
 10
0.2643369855873821
 20
0.40531210342639595
 10
0.2712042240754169
 20
0.4006866388687455
 10
0.278183636240029
 20
0.3958130325416969
 10
0.28535170413343003
 20
0.39064539521392316
 10
0.29013551486584493
 20
0.38704988895939085
 10
0.2952184554024656
 20
0.3831059644670051
 10
0.3003217911530094
 20
0.379043067893401
 10
0.3051667875271937
 20
0.3750906453952139
 10
0.3094747099347353
 20
0.37147814312907906
 10
0.31296682378535184
 20
0.3684350072516316
 10
0.31536439448876
 20
0.36619068391950693
 10
0.3163886874546773
 20
0.3649746192893401
 10
0.31616320703408257
 20
0.3645538263687455
 10
0.3154142494561276
 20
0.3635526196519217
 10
0.3141962019579405
 20
0.36203643378353884
 10
0.31256345177664985
 20
0.3600707034082669
 10
0.3105703861493836
 20
0.35772086317077595
 10
0.3082713923132704
 20
0.35505234771573607
 10
0.3057208575054387
 20
0.3521305916878173
 10
0.3029731689630167
 20
0.34902102973168964
 10
0.29732511104060905
 20
0.34262571383248736
 10
0.29127764684554025
 20
0.3356848259608412
 10
0.28518599302030456
 20
0.3286181676033358
 10
0.2794053662073968
 20
0.3218455402465555
 10
0.27429098304931104
 20
0.31578674537708484
 10
0.2701980601885425
 20
0.31086158448150836
 10
0.2674818142675852
 20
0.30748985904641046
 10
0.26649746192893403
 20
0.30609137055837565
 10
0.26669461566352426
 20
0.30614080062545324
 10
0.2672588832487309
 20
0.30648681109499637
 10
0.2681494742567078
 20
0.30709965894670055
 10
0.2693255982596085
 20
0.3079496011602611
 10
0.27074646482958664
 20
0.30900689471537346
 10
0.2723712835387962
 20
0.3102417965917332
 10
0.274159263959391
 20
0.3116245637690356
 10
0.27606961566352434
 20
0.3131254532269761
 10
0.2810580867023205
 20
0.316966126948876
 10
0.28621396845540237
 20
0.3208586385061639
 10
0.29150751790246565
 20
0.3247800432831762
 10
0.29690899202320525
 20
0.3287073966642495
 10
0.3023886477973168
 20
0.3326177540337201
 10
0.307916742204496
 20
0.33648817077592463
 10
0.31346353222443807
 20
0.34029570227519945
 10
0.3189992748368384
 20
0.3440174039158811
 10
0.33125453226976065
 20
0.3521392313270486
 10
0.3440899202320522
 20
0.33923132704858594
 10
0.35669784490572887
 20
0.326061400924583
 10
0.3685528462654099
 20
0.31265183103698335
 10
0.379778995195794
 20
0.29883095766860046
 10
0.39050036258158105
 20
0.28442712110224805
 10
0.4008410193074692
 20
0.2692686616207397
 10
0.4109250362581582
 20
0.25318391950688907
 10
0.4208764843183466
 20
0.2360012350435098
 10
0.4308194343727338
 20
0.21754894851341552
 10
0.43836198105511237
 20
0.202239507795504
 10
0.44542014140681657
 20
0.18621283538796232
 10
0.451971820612763
 20
0.16953351613488032
 10
0.45799492385786805
 20
0.1522661348803481
 10
0.46346735632704855
 20
0.13447527646845542
 10
0.46836702320522133
 20
0.11622552574329223
 10
0.4726718296773024
 20
0.09758146754894845
 10
0.4763596809282089
 20
0.07860768672951413
 10
0.4801901570431471
 20
0.05329453521573596
 10
0.4826516044234954
 20
0.028101205583756412
 10
0.48374147366751263
 20
0.0029503659807831434
 10
0.48345721537345904
 20
-0.022235315445975363
 10
0.48179628013959397
 20
-0.04753317054931111
 10
0.47875611856417705
 20
-0.07302053118201596
 10
0.47433418124546767
 20
-0.0987747291968819
 10
0.46852791878172584
 20
-0.12487309644670054
 10
0.4670256129894853
 20
-0.1305565627266135
 10
0.4651842367657722
 20
-0.13704224075416974
 10
0.46308622076686
 20
-0.14406499274836837
 10
0.4608139956490209
 20
-0.15135968092820878
 10
0.4584499920685279
 20
-0.15866116751269038
 10
0.4560766406816534
 20
-0.16570431472081212
 10
0.4537763721446699
 20
-0.17222398477157363
 10
0.4516316171138506
 20
-0.17795503988397388
 10
0.4490585625906454
 20
-0.18439171274474261
 10
0.4461124456127628
 20
-0.19132296954314723
 10
0.44285530162255254
 20
-0.1986179409898477
 10
0.43934916606236385
 20
-0.2061457577955039
 10
0.43565607437454673
 20
-0.21377555067077592
 10
0.4318380620014502
 20
-0.22137645032632347
 10
0.42795716438542414
 20
-0.2288175874728064
 10
0.42407541696881795
 20
-0.23596809282088468
 10
0.42152233275924583
 20
-0.240455748051124
 10
0.4183488941261784
 20
-0.24581784807831772
 10
0.41475735360768673
 20
-0.2517323184825961
 10
0.4109499637418418
 20
-0.2578770848440899
 10
0.40712897706671497
 20
-0.26393007274292973
 10
0.4034966461203771
 20
-0.2695692077592459
 10
0.4002552234408991
 20
-0.2744724154731689
 10
0.3976069615663524
 20
-0.2783176214648296
 10
0.3863707566624365
 20
-0.2935031329314722
 10
0.3745592367657722
 20
-0.30829518672951406
 10
0.3622225401105874
 20
-0.32264024542240755
 10
0.3494108049311096
 20
-0.33648477157360396
 10
0.3361741694615663
 20
-0.34977522774655545
 10
0.3225627719361857
 20
-0.3624580765047136
 10
0.30862675058919514
 20
-0.37447978041153
 10
0.29441624365482233
 20
-0.38578680203045684
 10
0.28770961747643226
 20
-0.39082371170232044
 10
0.28088741841914433
 20
-0.3958155819434372
 10
0.2740720177664975
 20
-0.40067658289521396
 10
0.26738578680203057
 20
-0.4053208846990573
 10
0.2609510968092821
 20
-0.4096626574963742
 10
0.2548903190717912
 20
-0.4136160714285715
 10
0.24932582487309646
 20
-0.4170952966370559
 10
0.24437998549673678
 20
-0.42001450326323425
 10
0.22563720880166782
 20
-0.43027726160261065
 10
0.2070057559825961
 20
-0.4395984408992023
 10
0.18842699079949238
 20
-0.44800183556925316
 10
0.16984227701232776
 20
-0.45551124002900645
 10
0.15119297838107323
 20
-0.46215044869470634
 10
0.1324204586656998
 20
-0.4679432559825961
 10
0.1134660816261784
 20
-0.4729134563089195
 10
0.09427121102248007
 20
-0.4770848440899203
 10
0.08729434825960841
 20
-0.4784363102791878
 10
0.08142222625090646
 20
-0.4795345358955767
 10
0.07631832396664252
 20
-0.4804322085750543
 10
0.07164612037708482
 20
-0.4811820159535897
 10
0.06706909445250181
 20
-0.4818366456671502
 10
0.06225072516316171
 20
-0.48244878535170416
 10
0.05685449147933285
 20
-0.4830711226432198
 10
0.05054387237128357
 20
-0.4837563451776649
 10
0.045320006571791124
 20
-0.4842958269126178
 10
0.040583076504713614
 20
-0.48472738397389403
 10
0.03601100775018129
 20
-0.48506546297135605
 10
0.03128172588832491
 20
-0.4853245105148659
 10
0.02607315649927487
 20
-0.48551897321428567
 10
0.02006322516316168
 20
-0.48566329767947786
 10
0.012929857460115993
 20
-0.48577193052030465
 10
0.00435097897026831
 20
-0.485859318346628
 10
-0.001551310959028265
 20
-0.48588297112944157
 10
-0.007202909717186334
 20
-0.48589897570703394
 10
-0.012468699011965192
 20
-0.4859064822788253
 10
-0.017213560551123972
 20
-0.4859046410442348
 10
-0.021302376042422046
 20
-0.4858926022026831
 10
-0.02460002719361855
 20
-0.4858695159535895
 10
-0.026971395712472774
 20
-0.4858345324963742
 10
-0.02828136330674402
 20
-0.48578680203045693
 97
0
 92
3
 72
0
 73
1
 93
1043
 10
0.0391588107324148
 20
-0.4625815808556926
 10
0.05094951051486583
 20
-0.46147457396664243
 10
0.061829224075417
 20
-0.4602383973894127
 10
0.07209708121827411
 20
-0.45881866388687453
 10
0.08205221174764321
 20
-0.45716098622189993
 10
0.09199374546773025
 20
-0.4552109771573605
 10
0.10222081218274111
 20
-0.45291424945612757
 10
0.11303254169688183
 20
-0.4502164158810733
 10
0.12472806381435823
 20
-0.44706308919506893
 10
0.13702425330855694
 20
-0.4434854287527195
 10
0.14892698513415514
 20
-0.4396800217548948
 10
0.16056627877991297
 20
-0.4355958801667875
 10
0.1720721537345903
 20
-0.4311820159535895
 10
0.18357462948694706
 20
-0.42638744108049315
 10
0.1952037255257433
 20
-0.4211611675126904
 10
0.2070894613397389
 20
-0.4154522072153734
 10
0.21936185641769398
 20
-0.40920957215373455
 10
0.2282068641225526
 20
-0.4044947369017403
 10
0.23634653734590283
 20
-0.3998946247280639
 10
0.24408850389775202
 20
-0.3952044336928935
 10
0.2517403915881074
 20
-0.39021936185641765
 10
0.2596098282269761
 20
-0.3847346072788252
 10
0.2680044416243655
 20
-0.3785453680203047
 10
0.27723185959028285
 20
-0.3714468421410443
 10
0.28759970993473527
 20
-0.36323422770123287
 10
0.2978647344089919
 20
-0.3548083133158085
 10
0.3075688905003626
 20
-0.34637984952864403
 10
0.3168923359318346
 20
-0.33776952841733143
 10
0.32601522842639596
 20
-0.32879804205946334
 10
0.335117725707034
 20
-0.31928608253263224
 10
0.3443799854967368
 20
-0.3090543419144307
 10
0.35398216551849154
 20
-0.2979235122824511
 10
0.3641044234952864
 20
-0.2857142857142857
 10
0.3755621430837564
 20
-0.2708288954858594
 10
0.3865992113850616
 20
-0.2548880529369109
 10
0.3971280989394489
 20
-0.23805322017766498
 10
0.4070612762871647
 20
-0.2204858593183467
 10
0.41631121396845533
 20
-0.20234743246918058
 10
0.4247903825235678
 20
-0.1837994017403916
 10
0.43241125249274837
 20
-0.16500322924220442
 10
0.4390862944162437
 20
-0.1461203770848441
 10
0.44419472897026824
 20
-0.12951838968455404
 10
0.4485995286439448
 20
-0.11303707396664246
 10
0.452317689448876
 20
-0.09657275426033357
 10
0.4553662073966641
 20
-0.08002175489485136
 10
0.45776207849891226
 20
-0.06328040019941987
 10
0.4595222987672227
 20
-0.04624501450326325
 10
0.46066386421319805
 20
-0.02881192213560548
 10
0.4612037708484409
 20
-0.010877447425670777
 10
0.46121368518854244
 20
0.002927421365119685
 10
0.46090237490935454
 20
0.01610428752719357
 10
0.4602477451957941
 20
0.02888174741660627
 10
0.4592277012327773
 20
0.0414883973894126
 10
0.4578201482052212
 20
0.054152833801667875
 10
0.45600299129804206
 20
0.06710365300942715
 10
0.4537541356961566
 20
0.0805694513687455
 10
0.4510514865844815
 20
0.09477882523567806
 10
0.4494409728517042
 20
0.10225395440536622
 10
0.44742680384336486
 20
0.11055339013778101
 10
0.44507441420413346
 20
0.11945448468092817
 10
0.4424492385786804
 20
0.12873459028281362
 10
0.43961671161167515
 20
0.13817105919144307
 10
0.4366422679477883
 20
0.14754124365482235
 10
0.4335913422316897
 20
0.15662249592095723
 10
0.43052936910804934
 20
0.16519216823785354
 10
0.42581580855692536
 20
0.17810007251631618
 10
0.4221174764321972
 20
0.17998549673676578
 10
0.41823672044960125
 20
0.1817353777646846
 10
0.4136149383611313
 20
0.18347421138506162
 10
0.4084220902828136
 20
0.18515695816715014
 10
0.40282813633067444
 20
0.18673857868020305
 10
0.3970030366207396
 20
0.18817403349347353
 10
0.3911167512690355
 20
0.18941828317621467
 10
0.3853392403915881
 20
0.19042628829767952
 10
0.37984046410442346
 20
0.19115300942712113
 10
0.37284490572878887
 20
0.19158881549129808
 10
0.36549583031182015
 20
0.19149859499637417
 10
0.357936004350979
 20
0.1909069921591733
 10
0.3503081943437274
 20
0.1898386511965192
 10
0.34275516678752715
 20
0.1883182163252357
 10
0.3354196881798405
 20
0.18637033176214648
 10
0.32844452501812904
 20
0.18401964172407545
 10
0.32197244379985496
 20
0.18129079042784627
 10
0.31871374184191437
 20
0.17961370898295867
 10
0.31478879622915157
 20
0.17739190536620741
 10
0.31040835750543866
 20
0.1747604978698332
 10
0.3057831762146483
 20
0.1718546047860769
 10
0.30112400290065267
 20
0.16880934440717912
 10
0.2966415881073241
 20
0.16575983502538072
 10
0.2925466823785352
 20
0.1628411949329224
 10
0.289050036258158
 20
0.16018854242204494
 10
0.28909762509064546
 20
0.15979225208484404
 10
0.28933556925308185
 20
0.1587586113125453
 10
0.28974347353154467
 20
0.15715730375271939
 10
0.29030094271211027
 20
0.15505801305293695
 10
0.29098758158085564
 20
0.15253042286076865
 10
0.29178299492385795
 20
0.14964421682378537
 10
0.2926667875271937
 20
0.14646907858955763
 10
0.2936185641769399
 20
0.1430746918056563
 10
0.2968213209300217
 20
0.1314672656816534
 10
0.29971560007251646
 20
0.12036122189992747
 10
0.3022648601794779
 20
0.10992482097534448
 10
0.30443255982596085
 20
0.10032632342277015
 10
0.30618215758701967
 20
0.09173398975707031
 10
0.30747711203770844
 20
0.08431608049311089
 10
0.30828088175308194
 20
0.07824085614575786
 10
0.30855692530819434
 20
0.07367657722987674
 10
0.30846613827955044
 20
0.07104828566896301
 10
0.30817054931109494
 20
0.06847693074691806
 10
0.30763531657904286
 20
0.06585628739122554
 10
0.30682559825960837
 20
0.06308013052936916
 10
0.3057065525290065
 20
0.0600422350888325
 10
0.30424333756345184
 20
0.05663637599709935
 10
0.3024011115391588
 20
0.05275632818165337
 10
0.3001450326323424
 20
0.048295866569978266
 10
0.2951414068165337
 20
0.03872371283538795
 10
0.2952139231327048
 20
0.02588832487309648
 10
0.2952714263052936
 20
0.02107477112037707
 10
0.295415609137056
 20
0.016055565627266136
 10
0.29568556245467725
 20
0.010278338016678754
 10
0.2961203770848442
 20
0.003190717911530078
 10
0.2967591438542421
 20
-0.005759665065264652
 10
0.2976409535895577
 20
-0.017125181290790444
 10
0.29880489711747643
 20
-0.03145820114213198
 10
0.3002900652646845
 20
-0.049311094996374184
 10
0.30141123549673665
 20
-0.06294062160079765
 10
0.30254260333575067
 20
-0.0763449510514866
 10
0.3036807695794053
 20
-0.0894960399292966
 10
0.3048223350253808
 20
-0.10236584481508341
 10
0.305963900471356
 20
-0.11492632228970269
 10
0.30710206671501095
 20
-0.12714942893401013
 10
0.30823343455402463
 20
-0.1390071213288615
 10
0.3093546047860768
 20
-0.15047135605511242
 10
0.3103446224619289
 20
-0.161165388188905
 10
0.3109522298767222
 20
-0.16977995830311818
 10
0.31114173540609136
 20
-0.17668303004894853
 10
0.3108774474256708
 20
-0.18224256707759254
 10
0.31012367431109494
 20
-0.18682653304024657
 10
0.3088447244379985
 20
-0.19080289158810734
 10
0.3070049061820159
 20
-0.19453960637237128
 10
0.30456852791878175
 20
-0.19840464104423497
 10
0.3034432503172589
 20
-0.1999941930293692
 10
0.3022423404641044
 20
-0.20149451595358955
 10
0.30080178684735315
 20
-0.20306112332306023
 10
0.2989575779550399
 20
-0.2048495286439448
 10
0.29654570227519944
 20
-0.20701524542240757
 10
0.2934021482958666
 20
-0.20971378716461203
 10
0.2893629045050761
 20
-0.21310066737672234
 10
0.28426395939086296
 20
-0.21733139956490213
 10
0.28156867521754897
 20
-0.21959342707577964
 10
0.27923540609137054
 20
-0.22166764865844815
 10
0.2771638755438724
 20
-0.22366538818890502
 10
0.275253807106599
 20
-0.2256979695431472
 10
0.273404924311095
 20
-0.2278767165971719
 10
0.271516950688905
 20
-0.23031295322697606
 10
0.2694896097715736
 20
-0.23311800330855692
 10
0.2672226250906454
 20
-0.23640319071791155
 10
0.26350488918600434
 20
-0.24157847625090645
 10
0.2599018763596809
 20
-0.24600253807106595
 10
0.25631755914612037
 20
-0.24974675942712105
 10
0.2526559100797679
 20
-0.2528825235678029
 10
0.2488209016950689
 20
-0.2554812137418419
 10
0.24471650652646842
 20
-0.25761421319796957
 10
0.24024669710841184
 20
-0.2593529051849166
 10
0.23531544597534446
 20
-0.260768672951414
 10
0.23348100978970268
 20
-0.26120816148477144
 10
0.23183013052936913
 20
-0.26155162255257436
 10
0.2302676305293691
 20
-0.2618050047588833
 10
0.22869833212472807
 20
-0.2619742567077593
 10
0.22702705765047138
 20
-0.2620653270032632
 10
0.22515862944162435
 20
-0.26208416424945613
 10
0.2229978698332124
 20
-0.2620367170503988
 10
0.22044960116026108
 20
-0.2619289340101523
 10
0.21478667172770116
 20
-0.26152046319796957
 10
0.2093693346627991
 20
-0.2608638506163887
 10
0.20434120626359684
 20
-0.25999648749093546
 10
0.19984590282813633
 20
-0.2589557650471355
 10
0.19602704065445975
 20
-0.2577790745105149
 10
0.19302823604060906
 20
-0.256503807106599
 10
0.19099310528462654
 20
-0.25516735406091373
 10
0.19006526468455404
 20
-0.25380710659898476
 10
0.1899678208846991
 20
-0.2531422792784628
 10
0.18984318346627996
 20
-0.2519012871646121
 10
0.18969815083393765
 20
-0.2501538139050036
 10
0.18953952139231328
 20
-0.24796954314720815
 10
0.1893740935460479
 20
-0.24541815853879623
 10
0.18920866569978248
 20
-0.2425693437273388
 10
0.1890500362581581
 20
-0.23949278236040614
 10
0.1889050036258158
 20
-0.23625815808556921
 10
0.18858477044053665
 20
-0.2298852202683103
 10
0.18826028825235677
 20
-0.2244334662799129
 10
0.1879069128444525
 20
-0.21968194796954316
 10
0.18749999999999992
 20
-0.2154097171863669
 10
0.1870149055021755
 20
-0.21139582577955038
 10
0.18642698513415523
 20
-0.20741932559825962
 10
0.1857115946791153
 20
-0.20325926849166062
 10
0.18484408992023205
 20
-0.1986947063089195
 10
0.1840711962926033
 20
-0.19512058670232052
 10
0.18301191986947057
 20
-0.19086407722987667
 10
0.18176058851522844
 20
-0.18624215350797682
 10
0.18041153009427133
 20
-0.1815717911530094
 10
0.17905907247099345
 20
-0.17716996578136332
 10
0.17779754350978969
 20
-0.17335365300942712
 10
0.17672127107505434
 20
-0.17043982845358965
 10
0.17592458303118202
 20
-0.16874546773023935
 10
0.17568224823241477
 20
-0.16862323808013058
 10
0.17544076323422775
 20
-0.16918169869470634
 10
0.17519417943255983
 20
-0.1705032802302393
 10
0.17493654822335022
 20
-0.17267041334300215
 10
0.1746619210025381
 20
-0.17576552868926762
 10
0.17436434916606233
 20
-0.17987105692530816
 10
0.17403788410986218
 20
-0.1850694287073967
 10
0.17367657722987673
 20
-0.19144307469180566
 10
0.17332716755801303
 20
-0.19824402873459027
 10
0.17309757976794782
 20
-0.20414929296591736
 10
0.1729920628625816
 20
-0.2092761398658448
 10
0.17301486584481515
 20
-0.21374184191443074
 10
0.17317023771754894
 20
-0.21766367159173314
 10
0.1734624274836839
 20
-0.22115890137781
 10
0.1738956841461203
 20
-0.2243448037527193
 10
0.17447425670775926
 20
-0.22733865119651922
 10
0.1752464421682379
 20
-0.231002991298042
 10
0.17582487309644676
 20
-0.23413705583756345
 10
0.1762129486947063
 20
-0.2367816352429297
 10
0.1764140681653371
 20
-0.23897751994198693
 10
0.17643163071065993
 20
-0.2407655003625816
 10
0.17626903553299497
 20
-0.24218636693255977
 10
0.17592968183466287
 20
-0.24328091007976796
 10
0.17541696881798405
 20
-0.24408992023205214
 10
0.1746253795775925
 20
-0.24481607482777362
 10
0.1735440083393764
 20
-0.24556177483683833
 10
0.17223659014684553
 20
-0.24629897684010157
 10
0.17076686004350977
 20
-0.2469996374184193
 10
0.1691985530728789
 20
-0.2476357131526468
 10
0.1675954042784627
 20
-0.24817916062364037
 10
0.16602114870377088
 20
-0.2486019364122553
 10
0.16453952139231326
 20
-0.2488759970993474
 10
0.16283467979514138
 20
-0.24900006798404659
 10
0.16085365300942717
 20
-0.24894398114575783
 10
0.1586465792693981
 20
-0.24871793419144314
 10
0.15626359680928215
 20
-0.24833212472806385
 10
0.15375484386330673
 20
-0.2477967503625816
 10
0.15117045866569984
 20
-0.24712200870195794
 10
0.14856057945068887
 20
-0.2463180973531545
 10
0.1459753444525018
 20
-0.24539521392313277
 10
0.14344902896120365
 20
-0.24429486380529372
 10
0.14058534263959382
 20
-0.24284694525018127
 10
0.13752280298223352
 20
-0.24113898771754896
 10
0.13439992748368382
 20
-0.23925852066715012
 10
0.13135523363850612
 20
-0.23729307355873822
 10
0.12852723894126183
 20
-0.23533017585206675
 10
0.12605446088651198
 20
-0.23345735700688902
 10
0.124075416968818
 20
-0.23176214648295868
 10
0.12264449442530814
 20
-0.23027825303662067
 10
0.12105805837563459
 20
-0.22838900471356052
 10
0.1193781442621465
 20
-0.2261853301758521
 10
0.11766678752719366
 20
-0.22375815808556926
 10
0.11598602361312547
 20
-0.2211984171047861
 10
0.11439788796229156
 20
-0.21859703589557652
 10
0.11296441601704132
 20
-0.2160449431200145
 10
0.11174764321972445
 20
-0.21363306744017407
 10
0.11100562567984044
 20
-0.21202694434372737
 10
0.11044801486584478
 20
-0.2106689630166787
 10
0.11004846695975344
 20
-0.20936536892675853
 10
0.10978063814358234
 20
-0.20792240754169683
 10
0.10961818459934737
 20
-0.20614632432922408
 10
0.10953476250906452
 20
-0.20384336475707035
 10
0.10950402805474979
 20
-0.20081977429296596
 10
0.10949963741841914
 20
-0.19688179840464104
 10
0.1095721537345903
 20
-0.18491660623640319
 10
0.11261783901377807
 20
-0.1767222625090646
 10
0.11326921115844807
 20
-0.17489476636149381
 10
0.11385854786076864
 20
-0.17312930565627263
 10
0.1143782009155185
 20
-0.17145392381254534
 10
0.11482052211747643
 20
-0.16989666424945615
 10
0.11517786326142129
 20
-0.16848557038614942
 10
0.11544257614213198
 20
-0.16724868564176937
 10
0.11560701255438721
 20
-0.16621405343546045
 10
0.11566352429296592
 20
-0.16540971718636696
 10
0.11546282972262516
 20
-0.16380586022480056
 10
0.1148873730964467
 20
-0.1617159173313996
 10
0.11397709504169687
 20
-0.15922486856417697
 10
0.11277193618564173
 20
-0.15641769398114572
 10
0.1113118371555475
 20
-0.1533793736403191
 10
0.10963673857868018
 20
-0.15019488759970992
 10
0.10778658108230602
 20
-0.14694921591733143
 10
0.10580130529369107
 20
-0.14372733865119655
 10
0.10364592775562002
 20
-0.14052543169869472
 10
0.10052347715736036
 20
-0.13608706490210298
 10
0.0965546251812908
 20
-0.13057624977338647
 10
0.09186004350978967
 20
-0.1241569978245105
 10
0.08656040382523567
 20
-0.1169933205674402
 10
0.08077637781000725
 20
-0.10924922951414062
 10
0.07462863714648299
 20
-0.10108873617657724
 10
0.06823785351704136
 20
-0.09267585206671498
 10
0.0630891950688905
 20
-0.08593183466279913
 10
0.049673676577229875
 20
-0.08593183466279913
 10
0.043764729876722266
 20
-0.08585549424401738
 10
0.03833846990572878
 20
-0.08562024111675128
 10
0.03332691261783905
 20
-0.08521672747461925
 10
0.028662073966642478
 20
-0.08463560551124001
 10
0.02427596990572879
 20
-0.08386752742023205
 10
0.020100616388687455
 20
-0.08290314539521389
 10
0.016068029369108117
 20
-0.08173311162980412
 10
0.012110224800580164
 20
-0.08034807831762143
 10
0.011796648386511966
 20
-0.08027102973168956
 10
0.011559554024655515
 20
-0.08041153009427117
 10
0.011393842911530061
 20
-0.08083756345177667
 10
0.011294416243654773
 20
-0.08161711385061644
 10
0.011256175217548983
 20
-0.08281816533720084
 10
0.01127402102973169
 20
-0.08450870195794047
 10
0.01134285487672223
 20
-0.08675670775924578
 10
0.011457577955039851
 20
-0.08963016678752721
 10
0.012307520168600369
 20
-0.10015494697244373
 10
0.013865346265409768
 20
-0.11064403553299493
 10
0.01611151083212473
 20
-0.12104134563089196
 10
0.019026468455402516
 20
-0.13129079042784625
 10
0.022590673721899896
 20
-0.14133628308556928
 10
0.02678458121827413
 20
-0.15112173676577223
 10
0.031588645531181986
 20
-0.16059106463016679
 10
0.03698332124728064
 20
-0.1696881798404641
 10
0.04114776899021028
 20
-0.17602018559644672
 10
0.04506322516316178
 20
-0.18160691624365477
 10
0.04883421523749092
 20
-0.18656649406272666
 10
0.05256526468455399
 20
-0.19101704133430017
 10
0.056360898975707036
 20
-0.1950766803390138
 10
0.06032564358230601
 20
-0.19886353335750545
 10
0.0645640239757071
 20
-0.20249572267041335
 10
0.06918056562726611
 20
-0.20609137055837567
 10
0.07304361743110949
 20
-0.20911906839195074
 10
0.07714716279912985
 20
-0.21256911711385063
 10
0.08135778304024656
 20
-0.2163131968364757
 10
0.08554205946337932
 20
-0.22022298767222626
 10
0.08956657337744742
 20
-0.22417016973350257
 10
0.09329790609137055
 20
-0.2280264231327049
 10
0.09660263891406813
 20
-0.23166342798223352
 10
0.09934735315445975
 20
-0.23495286439448876
 10
0.1051092843546048
 20
-0.2427373209753444
 10
0.11060777737490939
 20
-0.25099936548223345
 10
0.11586492703045687
 20
-0.2597814879441624
 10
0.12090282813633077
 20
-0.2691261783901378
 10
0.12574357550761422
 20
-0.27907592684916604
 10
0.13040926395939087
 20
-0.28967322335025375
 10
0.13492198830674407
 20
-0.3009605579224075
 10
0.1393038433647571
 20
-0.3129804205946337
 10
0.13994062726613488
 20
-0.3148193890500364
 10
0.14053662073966638
 20
-0.31655638143582304
 10
0.14107822697606962
 20
-0.3181506073241479
 10
0.1415518491660624
 20
-0.3195612762871646
 10
0.1419438905003626
 20
-0.3207475978970268
 10
0.14224075416968818
 20
-0.3216687817258883
 10
0.14242884336475703
 20
-0.32228403734590283
 10
0.14249456127628718
 20
-0.3225525743292241
 10
0.14121844407179115
 20
-0.3233782972262507
 10
0.13772434735315447
 20
-0.3248209753444524
 10
0.1325136534626541
 20
-0.32671574737128356
 10
0.1260877447425671
 20
-0.32889775199419885
 10
0.11894800353517042
 20
-0.3312021279006526
 10
0.11159581218274112
 20
-0.33346401377810003
 10
0.10453255302755621
 20
-0.3355185483139956
 10
0.09825960841189268
 20
-0.3372008701957941
 10
0.09041509925670779
 20
-0.3390823286802031
 10
0.08222217186366931
 20
-0.34089920232052207
 10
0.07384908674764322
 20
-0.34262089829586667
 10
0.06546410442349528
 20
-0.3442168237853517
 10
0.05723548540609137
 20
-0.34565638596809284
 10
0.049331490210297355
 20
-0.34690899202320524
 10
0.041920379350978955
 20
-0.34794404912980414
 10
0.03517041334300218
 20
-0.34873096446700513
 10
0.020050903054749852
 20
-0.34990326436729513
 10
0.004809871283538796
 20
-0.3503727791878173
 10
-0.010572227383973894
 20
-0.35013695952683105
 10
-0.026114938361131206
 20
-0.34919325598259604
 10
-0.04183780706127629
 20
-0.3475391191533721
 10
-0.057760378897751964
 20
-0.3451719996374184
 10
-0.07390219928390138
 20
-0.34208934803299496
 10
-0.09028281363306745
 20
-0.33828861493836115
 10
-0.10244232686729517
 20
-0.33495583869651924
 10
-0.11451686004350975
 20
-0.33109703589557654
 10
-0.12653020757795508
 20
-0.3267028587291516
 10
-0.1385061638868745
 20
-0.321763959390863
 10
-0.15046852338651198
 20
-0.31627099007432924
 10
-0.16244108049311098
 20
-0.310214602973169
 10
-0.17444762962291516
 20
-0.30358545028100076
 10
-0.18651196519216823
 20
-0.2963741841914431
 10
-0.20548347987672233
 20
-0.2836819876269037
 10
-0.22352701232777375
 20
-0.2697958212472807
 10
-0.2405847761058738
 20
-0.2547794200960841
 10
-0.2565989847715736
 20
-0.23869651921682372
 10
-0.2715118518854242
 20
-0.22161085365300948
 10
-0.2852655910079768
 20
-0.2035861584481508
 10
-0.29780241569978244
 20
-0.1846861686457578
 10
-0.3090645395213923
 20
-0.1649746192893401
 10
-0.31504203680203047
 20
-0.15294654187817264
 10
-0.32064902102973164
 20
-0.14024202320522122
 10
-0.3258345041696882
 20
-0.12701402737490936
 10
-0.3305474981870921
 20
-0.11341551849166069
 10
-0.3347370150471356
 20
-0.09959946065989848
 10
-0.3383520667150109
 20
-0.08571881798404637
 10
-0.3413416651559101
 20
-0.07192655456852788
 10
-0.34365482233502537
 20
-0.0583756345177665
 10
-0.34554010492204495
 20
-0.04387407088469907
 10
-0.3467854876722263
 20
-0.030144126178390154
 10
-0.3473833223803481
 20
-0.01689686820159536
 10
-0.34732596084118933
 20
-0.003843364757070308
 10
-0.34660575484952866
 20
0.009305316352429297
 10
-0.34521505620014503
 20
0.022838107324148
 10
-0.3431462166878173
 20
0.037043940355329937
 10
-0.3403915881073241
 20
0.05221174764321972
 10
-0.33694805452320525
 20
0.0678368892766498
 10
-0.3328442258883249
 20
0.08295979876722268
 10
-0.32803846197425673
 20
0.0976765035804931
 10
-0.32248912255257434
 20
0.11208303118201596
 10
-0.3161545673948513
 20
0.1262754090373459
 10
-0.3089931562726614
 20
0.1403496646120377
 10
-0.300963248957578
 20
0.1544018253716461
 10
-0.29202320522117475
 20
0.16852791878172588
 10
-0.2869234103063814
 20
0.17595772525380707
 10
-0.2814369561276287
 20
0.18338243292240758
 10
-0.2755171036530094
 20
0.1908581286258158
 10
-0.26911711385061643
 20
0.19844089920232055
 10
-0.26219024768854243
 20
0.20618683149021028
 10
-0.25468976613488037
 20
0.21415201232777376
 10
-0.246568930157723
 20
0.2223925285532995
 10
-0.23778100072516314
 20
0.23096446700507614
 10
-0.2324596911258158
 20
0.23577674605692528
 10
-0.2262928299492386
 20
0.24093659354604785
 10
-0.21945462631435825
 20
0.24631568958484412
 10
-0.21211928934010157
 20
0.2517857142857143
 10
-0.2044610281453952
 20
0.25721834776105873
 10
-0.1966540518491661
 20
0.26248527012327777
 10
-0.18887256957034085
 20
0.2674581614847716
 10
-0.18129079042784627
 20
0.2720087019579406
 10
-0.173587348168963
 20
0.2763391440808557
 10
-0.16608275924583035
 20
0.2803288161711385
 10
-0.15869034399927484
 20
0.2840176588560551
 10
-0.15132342277012328
 20
0.28744561276287167
 10
-0.14389531589920232
 20
0.29065261851885427
 10
-0.13631934372733864
 20
0.29367861675126905
 10
-0.12850882659535895
 20
0.29656354808738217
 10
-0.12037708484408992
 20
0.29934735315445976
 10
-0.10811941964285715
 20
0.3032150788614939
 10
-0.09658153553299495
 20
0.3064811457577955
 10
-0.08543625929115298
 20
0.30920334028281365
 10
-0.07435641769398116
 20
0.31143944887599706
 10
-0.06301483751812909
 20
0.3132472579767948
 10
-0.05108434554024656
 20
0.31468455402465556
 10
-0.038237768536983255
 20
0.3158091234590283
 10
-0.02414793328498909
 20
0.31667875271936186
 10
-0.01535306381435823
 20
0.31700606757614214
 10
-0.006748549673676479
 20
0.31705379804205946
 10
0.0018355692530819434
 20
0.3168074975072516
 10
0.01056925308194347
 20
0.31625271936185645
 10
0.019622461928934045
 20
0.3153750169960116
 10
0.02916515591007977
 20
0.31415994379985496
 10
0.039367295141406834
 20
0.3125930531635243
 10
0.05039883973894126
 20
0.31065989847715736
 10
0.05452858729151558
 20
0.3098731247733865
 10
0.059152918781725954
 20
0.3089206399564902
 10
0.06396420639956489
 20
0.30787467707577953
 10
0.06865482233502535
 20
0.3068074691805656
 10
0.07291713877810008
 20
0.30579124932015955
 10
0.07644352791878171
 20
0.3048982505438724
 10
0.07892636194706315
 20
0.3042007059010152
 10
0.0800580130529369
 20
0.3037708484408992
 10
0.08001679772480068
 20
0.3035980556562727
 10
0.0797962744742567
 20
0.30320431472081216
 10
0.07941428911348802
 20
0.3026134200507614
 10
0.07888868745467724
 20
0.30184916606236406
 10
0.07823731531000724
 20
0.30093534717186365
 10
0.07747801849166056
 20
0.299895757795504
 10
0.07662864281182016
 20
0.29875419234952866
 10
0.07570703408266859
 20
0.2975344452501813
 10
0.07296118677483689
 20
0.29359930203045687
 10
0.07038275018129084
 20
0.28930384336475706
 10
0.06797597330493109
 20
0.284654867657723
 10
0.06574510514865839
 20
0.27965917331399565
 10
0.06369439471537344
 20
0.2743235587382161
 10
0.06182809100797677
 20
0.2686548223350254
 10
0.060150443029369074
 20
0.26265976250906453
 10
0.058665699782451036
 20
0.2563451776649746
 10
0.058129475616388704
 20
0.2528880472715736
 10
0.05772072153734587
 20
0.24821315264684554
 10
0.05744453634880345
 20
0.24278873391044237
 10
0.05730601885424219
 20
0.23708303118201596
 10
0.05731026785714284
 20
0.23156428458121828
 10
0.057462382160986154
 20
0.2267007342277012
 10
0.057767460569253054
 20
0.22296062024111674
 10
0.05823060188542419
 20
0.22081218274111675
 10
0.05847307831762145
 20
0.22029861992385785
 10
0.05866116751269032
 20
0.2199669144307469
 10
0.05880166787527192
 20
0.2198357618745468
 10
0.058901377810007184
 20
0.21992385786802032
 10
0.05896709572153731
 20
0.22024989802393038
 10
0.05900562001450325
 20
0.2208325779550399
 10
0.05902374909354602
 20
0.2216905932741117
 10
0.05902828136330673
 20
0.22284263959390865
 10
0.05916424945612769
 20
0.22503611652465555
 10
0.05950416968817983
 20
0.22769103517041336
 10
0.06002764684554028
 20
0.23071136806562725
 10
0.060714285714285735
 20
0.23400108774474254
 10
0.061543691080493096
 20
0.23746416674220452
 10
0.06249546773023929
 20
0.2410045775924583
 10
0.06354922044960123
 20
0.24452629282994923
 10
0.06468455402465559
 20
0.24793328498912254
 10
0.06756226205583758
 20
0.2553830617748369
 10
0.07103653009427123
 20
0.26292036802030455
 10
0.07503767449238581
 20
0.2704355794506889
 10
0.07949601160261059
 20
0.277819071791153
 10
0.08434185777737495
 20
0.28496122076686003
 10
0.08950552936910798
 20
0.2917524021029732
 10
0.09491734273023925
 20
0.29808299152465556
 10
0.10050761421319798
 20
0.30384336475707036
 10
0.10818159671863664
 20
0.3108482709390863
 10
0.11595585569253086
 20
0.31717503625815807
 10
0.12396465962654098
 20
0.3229001427664975
 10
0.13234227701232779
 20
0.3281000725163162
 10
0.14122297634155187
 20
0.33285130755982595
 10
0.15074102610587387
 20
0.33723032994923857
 10
0.16103069479695437
 20
0.34131362173676577
 10
0.17222625090645396
 20
0.3451776649746193
 10
0.1760418555112401
 20
0.346328294960116
 10
0.18060188542422043
 20
0.347597897026831
 10
0.1855290291878173
 20
0.3488946927121102
 10
0.1904459753444525
 20
0.35012690355329956
 10
0.19497541243654823
 20
0.35120275108774474
 10
0.1987400290065265
 20
0.3520304568527919
 10
0.20136251359680934
 20
0.3525182423857868
 10
0.20246555474981875
 20
0.35257432922407544
 10
0.2025620071156636
 20
0.3515789294778825
 10
0.2024893491660624
 20
0.3491932559825961
 10
0.20227562432015952
 20
0.34574703136330676
 10
0.20194887599709932
 20
0.34156997824510515
 10
0.20153714761602615
 20
0.33699181925308197
 10
0.20106848259608412
 20
0.33234227701232777
 10
0.2005709243564177
 20
0.3279510741479333
 10
0.20007251631617112
 20
0.32414793328498914
 10
0.1992473599528644
 20
0.31925874728063813
 10
0.1980805837563452
 20
0.31351976069615667
 10
0.19665886738578678
 20
0.30727089376359684
 10
0.19506889050036266
 20
0.3008520667150109
 10
0.1933973327592458
 20
0.2946031997824511
 10
0.1917308738216099
 20
0.28886421319796957
 10
0.19015619334662795
 20
0.28397502719361856
 10
0.1887599709934735
 20
0.2802755620014503
 10
0.18328569728970268
 20
0.26811109159717184
 10
0.17757093002175495
 20
0.25706240935460484
 10
0.17160632138324872
 20
0.24711676826504714
 10
0.16538252356780275
 20
0.23826142131979697
 10
0.15889018876903552
 20
0.23048362151015228
 10
0.15211996918056564
 20
0.22377062182741117
 10
0.14506251699601158
 20
0.21810967526287162
 10
0.137708484408992
 20
0.21348803480783174
 10
0.13662428050217548
 20
0.2128749036892676
 10
0.1356157088469905
 20
0.21229491479332854
 10
0.13470401445794053
 20
0.21176081512871645
 10
0.1339104423495286
 20
0.21128535170413348
 10
0.13325623753625815
 20
0.21088127152828134
 10
0.13276264503263233
 20
0.2105613216098622
 10
0.13245090985315447
 20
0.21033824895757794
 10
0.13234227701232779
 20
0.21022480058013052
 10
0.13291235156816533
 20
0.21025100276468453
 10
0.13446904459753442
 20
0.2107063542422045
 10
0.13678206014321975
 20
0.2115033255529369
 10
0.13962110224800584
 20
0.21255438723712836
 10
0.14275587495467731
 20
0.21377200983502537
 10
0.14595608230601886
 20
0.21506866388687454
 10
0.14899142834481505
 20
0.21635681993292238
 10
0.15163161711385065
 20
0.21754894851341552
 10
0.15304823468092824
 20
0.2182212824057288
 10
0.15454813270485862
 20
0.21897094815083396
 10
0.1560854219543147
 20
0.2197733015319072
 10
0.15761421319796948
 20
0.22060369833212476
 10
0.15908861720449602
 20
0.2214374943346628
 10
0.1604627447425671
 20
0.22225004532269763
 10
0.16169070658085574
 20
0.22301670707940538
 10
0.1627266134880348
 20
0.2237128353879623
 10
0.1649576232777375
 20
0.2252818505257433
 10
0.16758973894126175
 20
0.22725027193618566
 10
0.1704869923857868
 20
0.22950762554387236
 10
0.17351341551849173
 20
0.23194343727338648
 10
0.17653304024655547
 20
0.2344472330493111
 10
0.17940989847715735
 20
0.23690853879622914
 10
0.18200802211747646
 20
0.2392168804387237
 10
0.18419144307469182
 20
0.2412617839013778
 10
0.18788977519941988
 20
0.24474256707759245
 10
0.19579405366207397
 20
0.23843364757070343
 10
0.19770624660079766
 20
0.236881345177665
 10
0.20006458484408995
 20
0.23483955765047138
 10
0.20277813972987668
 20
0.23239666424945615
 10
0.20575598259608419
 20
0.22964104423495288
 10
0.20890718478063816
 20
0.22666107686729517
 10
0.2121408176214648
 20
0.22354514140681656
 10
0.21536595245649015
 20
0.22038161711385063
 10
0.21849166062364028
 20
0.217258883248731
 10
0.22359471310732412
 20
0.21203416764865848
 10
0.22812499999999994
 20
0.20727769216823785
 10
0.23231196745830315
 20
0.20272346922588833
 10
0.23638506163886877
 20
0.198105511240029
 10
0.2405737286983321
 20
0.19315783062907907
 10
0.24510741479332865
 20
0.18761443981145756
 10
0.25021556608049306
 20
0.18120935120558376
 10
0.2561276287164612
 20
0.17367657722987673
 10
0.25789875475888346
 20
0.17138339036439448
 10
0.25959594815083403
 20
0.16921342458303118
 10
0.2611792682650471
 20
0.16721511851885423
 10
0.26260877447425657
 20
0.16543691080493106
 10
0.2638445261511966
 20
0.16392724007432924
 10
0.26484658266860045
 20
0.16273454496011597
 10
0.26557500339920226
 20
0.16190726409535894
 10
0.265989847715736
 20
0.16149383611312546
 10
0.26633670798585934
 20
0.16128648477157362
 10
0.2667524021029732
 20
0.16122189992748368
 10
0.267278570295504
 20
0.16132047679477882
 10
0.2679568527918782
 20
0.16160261058738218
 10
0.2688288898205221
 20
0.1620886965192168
 10
0.26993632160986225
 20
0.16279912980420594
 10
0.2713207883883249
 20
0.16375430565627266
 10
0.2730239303843365
 20
0.1649746192893401
 10
0.274251325688905
 20
0.165930928208847
 10
0.27536484771573594
 20
0.16683284989122557
 10
0.2763458008520668
 20
0.1676667875271936
 10
0.27717548948513426
 20
0.16841914430746924
 10
0.2778352180021755
 20
0.16907632342277013
 10
0.278306290790428
 20
0.16962472806381437
 10
0.2785700122371284
 20
0.1700507614213198
 10
0.2786076867295142
 20
0.17034082668600434
 10
0.27802160759608424
 20
0.1713441579042784
 10
0.27674718999274844
 20
0.17328226976069616
 10
0.2749390976250906
 20
0.1759342141044235
 10
0.2727519941986947
 20
0.17907904278462658
 10
0.2703405434191444
 20
0.18249580765047135
 10
0.2678594089920232
 20
0.18596356055112404
 10
0.26546325462291526
 20
0.18926135333575056
 10
0.26330674401740384
 20
0.19216823785351705
 10
0.25721126608955747
 20
0.19985057673132706
 10
0.2502889321972444
 20
0.20794166968817984
 10
0.24269865504894855
 20
0.21627920481327048
 10
0.2345993473531545
 20
0.22470087019579407
 10
0.22614992181834664
 20
0.23304435392494563
 10
0.21750929115300952
 20
0.24114734408992025
 10
0.20883636806562728
 20
0.24884752877991298
 10
0.2002900652646846
 20
0.25598259608411894
 10
0.19893250883792615
 20
0.25704442190899207
 10
0.19796841007976798
 20
0.2579235406091371
 10
0.19741051599891224
 20
0.2588315525290065
 10
0.19727157360406086
 20
0.25998005801305296
 10
0.19756432990391593
 20
0.2615806574057288
 10
0.19830153190717914
 20
0.2638449510514866
 10
0.19949592662255258
 20
0.26698453929477883
 10
0.20116026105873822
 20
0.271211022480058
 10
0.20284116660623647
 20
0.2756073241479333
 10
0.2044914793328499
 20
0.28019398114575783
 10
0.20608060641769396
 20
0.2848758158085569
 10
0.207577955039884
 20
0.28955765047135607
 10
0.20895293237853516
 20
0.2941443074691806
 10
0.21017494561276284
 20
0.2985406091370558
 10
0.21121340192168245
 20
0.3026513778100072
 10
0.21203770848440898
 20
0.3063814358230602
 10
0.2131088821156635
 20
0.3121215554749819
 10
0.2141350163161711
 20
0.31847353154459757
 10
0.21509826527374912
 20
0.3252877991298042
 10
0.21598078317621472
 20
0.33241479332849894
 10
0.21676472421138504
 20
0.3397049492385787
 10
0.21743224256707758
 20
0.3470087019579406
 10
0.21796549243110946
 20
0.35417648658448153
 10
0.21834662799129806
 20
0.36105873821609863
 10
0.21885424220449598
 20
0.37164612037708483
 10
0.216751269035533
 20
0.37128353879622916
 10
0.21613034807831766
 20
0.3711757557559826
 10
0.21516950688904996
 20
0.3710195340826686
 10
0.21391633430021756
 20
0.3708208223803481
 10
0.21241841914430745
 20
0.37058556925308195
 10
0.2107233502538071
 20
0.3703197233049311
 10
0.20887871646120382
 20
0.3700292331399565
 10
0.20693210659898478
 20
0.36972004736221903
 10
0.20493110949963744
 20
0.36939811457577953
 10
0.20111876246374177
 20
0.3687596310732415
 10
0.19704382704858597
 20
0.36800217548948516
 10
0.19281762713016679
 20
0.3671495422407542
 10
0.18855148658448154
 20
0.36622552574329226
 10
0.18435672928752722
 20
0.365253920413343
 10
0.18034467911530094
 20
0.36425852066715014
 10
0.1766266599437999
 20
0.36326312092095725
 10
0.17331399564902103
 20
0.36229151559100803
 10
0.16608275924583035
 20
0.3598962110224801
 10
0.15855239303843371
 20
0.3571201957940537
 10
0.15092005076142131
 20
0.35405184916606236
 10
0.14338288614938363
 20
0.3507795503988398
 10
0.1361380529369108
 20
0.34739167875271937
 10
0.1293827048585932
 20
0.3439766134880348
 10
0.123313995649021
 20
0.34062273386511965
 10
0.11812907904278461
 20
0.3374184191443075
 10
0.11659009019216826
 20
0.3364343500725163
 10
0.11499501450326324
 20
0.3354060913705584
 10
0.11338974120739663
 20
0.33436423585931835
 10
0.11182015953589552
 20
0.3333393763596809
 10
0.110332158720087
 20
0.33236210569253083
 10
0.10897162799129798
 20
0.3314630166787527
 10
0.1077844565808557
 20
0.33067270213923133
 10
0.106816533720087
 20
0.33002175489485136
 10
0.10589138415518487
 20
0.329394602066715
 10
0.10482686729514139
 20
0.3286212835387962
 10
0.10366037436548226
 20
0.3277323921319797
 10
0.10242929659173322
 20
0.3267585206671501
 10
0.10117102519941984
 20
0.32573026196519217
 10
0.0999229514140682
 20
0.32467820884699056
 10
0.09872246646120375
 20
0.32363295413343
 10
0.09760696156635244
 20
0.3226250906453952
 10
0.09253081943437275
 20
0.3179115300942712
 10
0.08614938361131251
 20
0.3197969543147208
 10
0.08186568052030445
 20
0.3209029697697607
 10
0.07610927302393038
 20
0.32225457759245835
 10
0.06932460682559827
 20
0.32375744991841915
 10
0.06195612762871646
 20
0.32531725888324875
 10
0.05444828113669323
 20
0.3268396766225526
 10
0.04724551305293688
 20
0.3282303752719362
 10
0.040792269080855675
 20
0.3293950269670051
 10
0.03553299492385787
 20
0.33023930384336475
 10
0.029766814720812166
 20
0.33103939108955766
 10
0.02418419144307471
 20
0.33170436004350984
 10
0.018655955402465556
 20
0.3322418589104424
 10
0.01305293691080493
 20
0.3326595358955765
 10
0.00724596627991298
 20
0.33296503920413345
 10
0.0011058738216099282
 20
0.3331660170413343
 10
-0.005496510152284247
 20
0.33327011761240033
 10
-0.012690355329949238
 20
0.3332849891225526
 10
-0.02178605420594634
 20
0.33322578634880345
 10
-0.029980964467005076
 20
0.33302891588107325
 10
-0.03759801033357506
 20
0.3326654844996374
 10
-0.044960116026105876
 20
0.3321065989847716
 10
-0.05239020576504714
 20
0.3313233661167513
 10
-0.060211203770848445
 20
0.3302868926758521
 10
-0.0687460342639594
 20
0.3289682854423495
 10
-0.0783176214648296
 20
0.3273386511965192
 10
-0.09934197108411895
 20
0.3229069411711385
 10
-0.1200077048585932
 20
0.31713424583031186
 10
-0.14025533674764323
 20
0.31004605919144307
 10
-0.16002538071065986
 20
0.30166787527193617
 10
-0.17925835070703408
 20
0.2920251880891951
 10
-0.1978947606961566
 20
0.28114349166062363
 10
-0.21587512463741845
 20
0.26904828000362585
 10
-0.2331399564902103
 20
0.2557650471356055
 10
-0.24365581376903553
 20
0.24682953566896298
 10
-0.2537289249456128
 20
0.23763483502538071
 10
-0.2633720370286439
 20
0.22816649859499638
 10
-0.27259789702683107
 20
0.2184100797679478
 10
-0.281419251948876
 20
0.20835113193437274
 10
-0.28984884880348083
 20
0.197975208484409
 10
-0.29789943459934737
 20
0.18726786280819435
 10
-0.30558375634517765
 20
0.17621464829586658
 10
-0.3093667852610587
 20
0.17045682446519214
 10
-0.31278779912980426
 20
0.16508226069615664
 10
-0.31594707441986947
 20
0.15990994946519219
 10
-0.31894488759970996
 20
0.154758883248731
 10
-0.321881515137781
 20
0.14944805452320523
 10
-0.3248572335025381
 20
0.14379645576504715
 10
-0.3279723191624366
 20
0.1376230794506889
 10
-0.3313270485859318
 20
0.13074691805656274
 10
-0.3369265262418419
 20
0.11852494447969542
 10
-0.3419404912980421
 20
0.10621714104423499
 10
-0.34639528757251636
 20
0.09373087948694707
 10
-0.3503172588832487
 20
0.08097353154459755
 10
-0.3537327490482233
 20
0.06785246895395211
 10
-0.3566681018854242
 20
0.054275063451776635
 10
-0.35914966121283537
 20
0.04014868677483687
 10
-0.3612037708484409
 20
0.025380710659898477
 10
-0.3617940989847716
 20
0.018973497552574263
 10
-0.3622552574329224
 20
0.010752810007251631
 10
-0.3625804477882524
 20
0.0013118088288615103
 10
-0.36276287164612037
 20
-0.008756345177664925
 10
-0.36279573060188547
 20
-0.018858491207396664
 10
-0.36267222625090645
 20
-0.02840146845540245
 10
-0.3623855601885424
 20
-0.03679211611675127
 10
-0.3619289340101523
 20
-0.04343727338651195
 10
-0.3607661235496737
 20
-0.053826652012327794
 10
-0.3592888868745468
 20
-0.06417014140681655
 10
-0.3574955243836113
 20
-0.07447623957577953
 10
-0.35538433647570705
 20
-0.08475344452501814
 10
-0.3529536235496737
 20
-0.09501025426033356
 10
-0.35020168600435103
 20
-0.10525516678752721
 10
-0.3471268242385787
 20
-0.11549668011240032
 10
-0.34372733865119653
 20
-0.12574329224075415
 10
-0.34140157609680927
 20
-0.13204753784445253
 10
-0.3386636602610587
 20
-0.13888120920957214
 10
-0.33559092299673676
 20
-0.14607349641950693
 10
-0.3322606961566352
 20
-0.15345358955765054
 10
-0.32875031159354606
 20
-0.16085067870739667
 10
-0.32513710116026107
 20
-0.16809395395213927
 10
-0.32149839670957214
 20
-0.175012605375272
 10
-0.3179115300942712
 20
-0.18143582306018857
 10
-0.30790017109318346
 20
-0.19790396686910808
 10
-0.29727950507614215
 20
-0.2135435551124003
 10
-0.285963702184554
 20
-0.22845061525562
 10
-0.27386693255982597
 20
-0.24272117476432187
 10
-0.26090336634336475
 20
-0.25645126110406097
 10
-0.24698717367657722
 20
-0.26973690174039155
 10
-0.2320325247008702
 20
-0.2826741241388688
 10
-0.21595358955765048
 20
-0.2953589557650471
 10
-0.20606474347353157
 20
-0.30245762327773745
 10
-0.1952819071791153
 20
-0.3094951051486583
 10
-0.18378523839738944
 20
-0.31637622371283547
 10
-0.17175489485134154
 20
-0.32300580130529366
 10
-0.1593710342639594
 20
-0.32928866026105874
 10
-0.14681381435823063
 20
-0.3351296229151561
 10
-0.1342633928571429
 20
-0.34043351160261065
 10
-0.12189992748368385
 20
-0.3451051486584482
 10
-0.0991031771211023
 20
-0.3524886409989123
 10
-0.07633701957940542
 20
-0.35837903372008695
 10
-0.05359125725163162
 20
-0.3627788762237129
 10
-0.030855692530819403
 20
-0.36569071791153
 10
-0.00812012781000727
 20
-0.36711710818527926
 10
0.014625634517766531
 20
-0.3670605964467005
 10
0.03739179205946341
 20
-0.3655237320975345
 10
0.06018854242204496
 20
-0.3625090645395215
 10
0.07462198037527196
 20
-0.3599105159989122
 10
0.08844611131254534
 20
-0.3569762962291516
 10
0.10182664634699058
 20
-0.35365626699601166
 10
0.11492929659173311
 20
-0.34990029006526474
 10
0.12791977315989847
 20
-0.3456582272026832
 10
0.14096378716461197
 20
-0.3408799401740393
 10
0.1542270497189993
 20
-0.33551529074510517
 10
0.16787527193618565
 20
-0.32951414068165347
 10
0.18804684667331406
 20
-0.3195862037708484
 10
0.20790994379985492
 20
-0.3084617476432198
 10
0.22734644103517043
 20
-0.2962291515591008
 10
0.2462382160986222
 20
-0.2829767947788252
 10
0.26446714670957217
 20
-0.2687930565627265
 10
0.2819151105873823
 20
-0.25376631617113843
 10
0.2984639854514141
 20
-0.23798495286439447
 10
0.3139956490210297
 20
-0.22153734590282814
 10
0.3210567836747643
 20
-0.2135628172588832
 10
0.32742363125453233
 20
-0.20617295141406816
 10
0.3332245116479333
 20
-0.19920458665699783
 10
0.3385877447425672
 20
-0.1924945612762871
 10
0.34364165042603334
 20
-0.18587971356055114
 10
0.34851454858593184
 20
-0.17919688179840462
 10
0.3533347591098623
 20
-0.17228290427846266
 10
0.3582306018854242
 20
-0.1649746192893401
 10
0.3651806959300219
 20
-0.15410071269941988
 10
0.37174922951414074
 20
-0.14319366388687452
 10
0.3780509257160986
 20
-0.1320299752991298
 10
0.3842005076142132
 20
-0.12038614938361127
 10
0.39031269828680204
 20
-0.10803868858774475
 10
0.3965022208121827
 20
-0.09476409535895577
 10
0.4028837982686729
 20
-0.08033887214467002
 10
0.40957215373459027
 20
-0.06453952139231327
 10
0.4108737649564902
 20
-0.06104414997280643
 10
0.4126155728788976
 20
-0.0559248096446701
 10
0.4146531114031907
 20
-0.04964464172407542
 10
0.4168419144307468
 20
-0.04266678752719369
 10
0.41903751586294413
 20
-0.035454388370195794
 10
0.42109544960116024
 20
-0.02847058556925305
 10
0.4228712495467731
 20
-0.02217852044053659
 10
0.4242204496011603
 20
-0.01704133430021755
 10
0.4254573343455402
 20
-0.012079065445975378
 10
0.426419733502538
 20
-0.008248730964467006
 10
0.4271458880982596
 20
-0.005410963560551157
 10
0.42767403915881064
 20
-0.003426395939086311
 10
0.4280424277102973
 20
-0.0021556608049311094
 10
0.4282892947788253
 20
-0.0014593908629441953
 10
0.4284528813905004
 20
-0.0011982188179840464
 10
0.4285714285714286
 20
-0.0012327773749093876
 10
0.4285939482868021
 20
-0.0025843851976069783
 10
0.42837087563451764
 20
-0.005954269398114576
 10
0.4279557480511241
 20
-0.010804506209209572
 10
0.42740210297316883
 20
-0.016597171863669276
 10
0.42676347783720087
 20
-0.022794342594271245
 10
0.426093410079768
 20
-0.02885809463379262
 10
0.42544543713741845
 20
-0.03425050421501088
 10
0.42487309644670057
 20
-0.03843364757070341
 10
0.4233016735406092
 20
-0.047822386013415555
 10
0.4212892041334301
 20
-0.05779663705583758
 10
0.41889092526287164
 20
-0.06815329835931835
 10
0.4161620739666424
 20
-0.07868926758520671
 10
0.4131578872824511
 20
-0.08920144239485134
 10
0.4099336022480059
 20
-0.09948672044960119
 10
0.4065444559010151
 20
-0.10934199941080495
 10
0.40304568527918777
 20
-0.11856417693981146
 10
0.4005546365119651
 20
-0.1246010186276287
 10
0.3976250906453951
 20
-0.13133044778825234
 10
0.39438281816533716
 20
-0.13848647684010149
 10
0.39095358955765047
 20
-0.14580311820159536
 10
0.3874631753081943
 20
-0.15301438429115302
 10
0.38403734590282806
 20
-0.1598542875271936
 10
0.38080187182741104
 20
-0.1660568403281363
 10
0.3778825235678027
 20
-0.17135605511240026
 10
0.37555166220993474
 20
-0.1752954473350254
 10
0.3724381345177666
 20
-0.18028689267585202
 10
0.36873144602066715
 20
-0.18604315853879627
 10
0.3646211022480058
 20
-0.19227701232777375
 10
0.3602966087291515
 20
-0.1987012214467005
 10
0.35594747099347357
 20
-0.2050285532994924
 10
0.3517631945703408
 20
-0.21097177529006528
 10
0.3479332849891225
 20
-0.21624365482233507
 10
0.3408965112853516
 20
-0.22528510809463384
 10
0.3325382976794779
 20
-0.23513982052211757
 10
0.3231416277646846
 20
-0.24551970970812176
 10
0.3129894851341553
 20
-0.25613669325598265
 10
0.3023648533810732
 20
-0.2667026887690356
 10
0.29155071609862226
 20
-0.2769296138506164
 10
0.2808300568799855
 20
-0.2865293861040609
 10
0.2704858593183466
 20
-0.2952139231327048
 10
0.25877872325960855
 20
-0.3044447403009427
 10
0.2476953408266859
 20
-0.3127696700507613
 10
0.23698926985134156
 20
-0.3203433760877448
 10
0.22641406816533713
 20
-0.3273205221174764
 10
0.2157232936004351
 20
-0.3338557718455402
 10
0.20467050398839734
 20
-0.3401037889775199
 10
0.1930092571609863
 20
-0.34621923721899933
 10
0.18049311094996373
 20
-0.35235678027556205
 10
0.16641191533720093
 20
-0.3587935947697607
 10
0.152714829586657
 20
-0.3645429205946339
 10
0.1392284943799855
 20
-0.36965829518672955
 10
0.12577955039883978
 20
-0.3741932559825961
 10
0.11219463832487309
 20
-0.3782013404187818
 10
0.09830039883973901
 20
-0.38173608593183467
 10
0.08392347262509064
 20
-0.38485102995830317
 10
0.06889050036258158
 20
-0.3875997099347353
 10
0.05982610247461934
 20
-0.3890557015953591
 10
0.05165994379985492
 20
-0.39023295866569974
 10
0.04405295390681654
 20
-0.39115867476432203
 10
0.03666606236403191
 20
-0.3918600435097897
 10
0.02916019874002901
 20
-0.39236425852066714
 10
0.021196292603335717
 20
-0.3926985134155185
 10
0.01243527352248009
 20
-0.39289000181290784
 10
0.002538071065989848
 20
-0.39296591733139963
 10
-0.008215730375271953
 20
-0.3929235689358229
 10
-0.017806154822335028
 20
-0.3927223078317622
 10
-0.026572272706671486
 20
-0.39233239099891226
 10
-0.03485315445975345
 20
-0.39172407541696885
 10
-0.04298787051305294
 20
-0.39086761806562736
 10
-0.051315491298042075
 20
-0.38973327592458307
 10
-0.060175087246192895
 20
-0.3882913059735316
 10
-0.06990572878897751
 20
-0.38651196519216824
 10
-0.09300033425489487
 20
-0.3814652828136331
 10
-0.11532247099347355
 20
-0.3752628716461204
 10
-0.13699705968999276
 20
-0.3678503444525018
 10
-0.1581490210297317
 20
-0.359173313995649
 10
-0.17890327569796954
 20
-0.34917739303843365
 10
-0.1993847443799855
 20
-0.33780819434372744
 10
-0.21971834776105875
 20
-0.32501133067440174
 10
-0.24002900652646847
 20
-0.3107324147933285
 10
-0.24765653326686005
 20
-0.3048410306381436
 10
-0.2557718455402465
 20
-0.2980692530819434
 10
-0.2641692916062364
 20
-0.2906176350616389
 10
-0.272643219724438
 20
-0.2826867295141407
 10
-0.28098797815445975
 20
-0.2744770893763597
 10
-0.2889979151559101
 20
-0.2661892675852067
 10
-0.2964673789883974
 20
-0.2580238170775924
 10
-0.3031907179115301
 20
-0.25018129079042783
 10
-0.315963645531182
 20
-0.23371470494923857
 10
-0.32795390681653375
 20
-0.21635922770123278
 10
-0.3390722727066715
 20
-0.19829331716823784
 10
-0.3492295141406817
 20
-0.1796954314720812
 10
-0.3583364020576505
 20
-0.1607440287345903
 10
-0.36630370739666424
 20
-0.14161756707759243
 10
-0.3730422010968093
 20
-0.12249450462291507
 10
-0.37846265409717184
 20
-0.10355329949238576
 10
-0.3813524009699057
 20
-0.09138047271573596
 10
-0.38378240572878897
 20
-0.07970222987672224
 10
-0.3857756129894851
 20
-0.06833331444887597
 10
-0.38735496736765773
 20
-0.05708846990572881
 10
-0.38854341347897026
 20
-0.045782439720812154
 10
-0.38936389593908627
 20
-0.034229967367657724
 10
-0.3898393593636693
 20
-0.022245796319796923
 10
-0.3899927483683829
 20
-0.00964467005076139
 10
-0.3899927483683829
 20
0.010514865844815084
 10
-0.3918781725888325
 20
0.010514865844815084
 10
-0.3924119889865845
 20
0.010498578000362581
 10
-0.39322538977519944
 20
0.01045254713560551
 10
-0.39427843432741116
 20
0.010381022253444526
 10
-0.3955311820159536
 20
0.010288252356780277
 10
-0.3969436922135606
 20
0.010178486448513416
 10
-0.39847602429296597
 20
0.010055973531544598
 10
-0.40008823762690354
 20
0.009924962608774474
 10
-0.4017403915881073
 20
0.0097897026831037
 10
-0.40845494923857867
 20
0.008886506299855034
 10
-0.4154550398839739
 20
0.007458982958665733
 10
-0.4226046954314721
 20
0.005553871691443058
 10
-0.42976794778825234
 20
0.0032179115300942714
 10
-0.43680882886149386
 20
0.0004978415065264685
 10
-0.4435913705583756
 20
-0.002559599347353171
 10
-0.4499796047860769
 20
-0.005907671999637468
 10
-0.4558375634517767
 20
-0.00949963741841916
 10
-0.4610587382160986
 20
-0.012980420594633776
 10
-0.4606236403190718
 20
-0.0263959390862944
 10
-0.4602461872280639
 20
-0.03452555633611306
 10
-0.4596707306018854
 20
-0.04313701051486583
 10
-0.4589168158538796
 20
-0.05205949170594634
 10
-0.4580039883973894
 20
-0.06112218999274847
 10
-0.45695179364575783
 20
-0.07015429545866568
 10
-0.4557797770123278
 20
-0.07898499818709212
 10
-0.4545074839104423
 20
-0.0874434882614213
 10
-0.45315445975344454
 20
-0.09535895576504713
 10
-0.45157000657179114
 20
-0.10315318505257438
 10
-0.44943913161711385
 20
-0.11206830130529374
 10
-0.4468612615572879
 20
-0.12177713129985497
 10
-0.44393582306018853
 20
-0.13195250181290796
 10
-0.4407622427936911
 20
-0.14226723962110224
 10
-0.43743994742567077
 20
-0.15239417150108772
 10
-0.43406836362400286
 20
-0.1620061242295141
 10
-0.43074691805656273
 20
-0.17077592458303117
 10
-0.427063599075417
 20
-0.17968608366569988
 10
-0.42287209934735315
 20
-0.18911122189992746
 10
-0.41826249773386515
 20
-0.19887288116388688
 10
-0.4133248730964467
 20
-0.2087926033357505
 10
-0.40814930429659174
 20
-0.21869193029369108
 10
-0.4028258701957941
 20
-0.2283924039158811
 10
-0.3974446496555475
 20
-0.23771556608049307
 10
-0.39209572153734595
 20
-0.24648295866569986
 10
-0.383743314902103
 20
-0.25915532655003626
 10
-0.3744425308194344
 20
-0.27219565808556934
 10
-0.36441431744017405
 20
-0.2853396652918782
 10
-0.3538796229151559
 20
-0.2983230601885425
 10
-0.3430593953952139
 20
-0.31088155479514146
 10
-0.332174583031182
 20
-0.3227508611312547
 10
-0.32144613397389415
 20
-0.33366669121646114
 10
-0.3110949963741842
 20
-0.3433647570703408
 10
-0.29695190695250184
 20
-0.3555943788524292
 10
-0.2828351613488035
 20
-0.3669903462654096
 10
-0.2686283368836113
 20
-0.377629991162074
 10
-0.2542150108774474
 20
-0.38759064539521393
 10
-0.23947876065083396
 20
-0.39694964081762146
 10
-0.22430316352429294
 20
-0.4057843092820884
 10
-0.20857179681834664
 20
-0.4141719826414069
 10
-0.19216823785351705
 20
-0.42218999274836844
 10
-0.1816569128444525
 20
-0.4268337280184918
 10
-0.16982074873096445
 20
-0.4315887871646121
 10
-0.15708209640137782
 20
-0.43631495309100804
 10
-0.1438633067440174
 20
-0.44087200870195786
 10
-0.13058673064720813
 20
-0.44511973690174045
 10
-0.11767471899927484
 20
-0.4489179205946339
 10
-0.10554962268854239
 20
-0.45212634268491664
 10
-0.09463379260333575
 20
-0.4546047860768674
 10
-0.07870088152646851
 20
-0.4574846186094996
 10
-0.06198105511240034
 20
-0.45985881979695437
 10
-0.04475474755257433
 20
-0.4617112434282089
 10
-0.027302393038433716
 20
-0.4630257432922408
 10
-0.00990442576142132
 20
-0.4637861731780276
 10
0.007158720087019612
 20
-0.4639763868745469
 10
0.02360661031544601
 20
-0.463580238170776
 10
0.0391588107324148
 20
-0.4625815808556926
 97
0
 92
3
 72
0
 73
1
 93
73
 10
-0.025670775924583014
 20
-0.4477157360406092
 10
-0.027767658856055095
 20
-0.4475801928480783
 10
-0.029732822697606864
 20
-0.447447199057288
 10
-0.03152292761965194
 20
-0.4473193040699783
 10
-0.03309463379260337
 20
-0.44719905728788995
 10
-0.03440460138687453
 20
-0.447089008112763
 10
-0.035409490572878885
 20
-0.4469917059463381
 10
-0.036065961521029796
 20
-0.4469097001903554
 10
-0.03633067440174041
 20
-0.44684554024655554
 10
-0.03637174809644672
 20
-0.4466179353245106
 10
-0.03638732777374911
 20
-0.4460172679477884
 10
-0.03637911303480786
 20
-0.4450851783448151
 10
-0.036348803480783176
 20
-0.44386330674401747
 10
-0.0362980987128354
 20
-0.44239329337382166
 10
-0.03622869833212475
 20
-0.44071677846265406
 10
-0.03614230193981147
 20
-0.4388754022389412
 10
-0.036040609137055875
 20
-0.4369108049311095
 10
-0.03553299492385787
 20
-0.4271211022480058
 10
-0.02929659173313994
 20
-0.4269035532994924
 10
-0.023060188542422012
 20
-0.42668600435097903
 10
-0.023422770123277706
 20
-0.4321972443799855
 10
-0.023785351704133397
 20
-0.4376359680928209
 10
-0.021319796954314706
 20
-0.4376359680928209
 10
-0.020719696111312514
 20
-0.4376457407994924
 10
-0.019972579767947838
 20
-0.43767335931834667
 10
-0.019108190944525
 20
-0.43771627424764314
 10
-0.018156272661348737
 20
-0.4377719361856418
 10
-0.017146567938723697
 20
-0.4378377957306019
 10
-0.016108819796954284
 20
-0.43791130348078305
 10
-0.015072771256345145
 20
-0.4379899100344453
 10
-0.014068165337200855
 20
-0.4380710659898477
 10
-0.009282088469905697
 20
-0.4385786802030457
 10
-0.008629441624365465
 20
-0.4241479332849892
 10
-0.007976794778825236
 20
-0.40971718636693255
 10
0.004713560551124003
 20
-0.4096446700507615
 10
0.007405728788977503
 20
-0.40960784535895584
 10
0.010206671501087696
 20
-0.4095540246555476
 10
0.013034807831762163
 20
-0.40948660714285706
 10
0.015808556925308245
 20
-0.40940899202320524
 10
0.018446337926033358
 20
-0.40932457849891235
 10
0.02086656997824517
 20
-0.40923676577229884
 10
0.02298767222625094
 20
-0.4091489530456854
 10
0.02472806381435825
 20
-0.40906453952139227
 10
0.027519233819796988
 20
-0.4088787164612038
 10
0.02959912073966646
 20
-0.408815264684554
 10
0.0310722500453227
 20
-0.4089625634517766
 10
0.032043147208121826
 20
-0.40940899202320524
 10
0.032616337699419885
 20
-0.41024292965917325
 10
0.032896346990572915
 20
-0.41155275562001453
 10
0.03298770055293695
 20
-0.4134268491660623
 10
0.03299492385786802
 20
-0.41595358955765044
 10
0.03299492385786802
 20
-0.42001450326323425
 10
0.027773749093546015
 20
-0.42044960116026103
 10
0.026502872325960825
 20
-0.42056446587200863
 10
0.024908221537345853
 20
-0.42068867839013785
 10
0.023053531771211055
 20
-0.4208179897117476
 10
0.021002538071065974
 20
-0.4209481508339376
 10
0.018818975480420563
 20
-0.4210749127538071
 10
0.016566579042784694
 20
-0.42119402646845533
 10
0.01430908380166791
 20
-0.4213012429749819
 10
0.012110224800580164
 20
-0.4213923132704858
 10
0.0018129079042784628
 20
-0.4218999274836838
 10
0.0018129079042784628
 20
-0.4351704133430021
 10
0.0018129079042784628
 20
-0.44851341551849166
 10
-0.006744017403915848
 20
-0.4484408992023206
 10
-0.008654794008339394
 20
-0.44840081694162454
 10
-0.010853653009427137
 20
-0.44833779006526453
 10
-0.01326156295322696
 20
-0.4482560675761422
 10
-0.015799492385786738
 20
-0.44815989847715726
 10
-0.018388409853154427
 20
-0.4480535317712111
 10
-0.020949283901377746
 20
-0.4479412164612038
 10
-0.023403083076504648
 20
-0.44782720155003625
 10
-0.025670775924583014
 20
-0.4477157360406092
 97
0
 92
3
 72
0
 73
1
 93
105
 10
0.018926758520667167
 20
-0.4478607686729514
 10
0.018862881843727388
 20
-0.44757877651377825
 10
0.018782858955765015
 20
-0.44692372189992746
 10
0.018690938859680945
 20
-0.44593724505982596
 10
0.018591370558375668
 20
-0.4446609862218999
 10
0.018488403054749837
 20
-0.44313658561457575
 10
0.018386285351704102
 20
-0.44140568346628006
 10
0.018289266452139283
 20
-0.4395099200054387
 10
0.018201595358955783
 20
-0.43749093546047857
 10
0.01797724800580137
 20
-0.4337988352066714
 10
0.01786167512690357
 20
-0.4310959028281362
 10
0.017956852791878208
 20
-0.4292155774111676
 10
0.018364757070340777
 20
-0.4279912980420595
 10
0.019187364031907198
 20
-0.42725650380710656
 10
0.02052664974619296
 20
-0.4268446337926034
 10
0.02248459028281365
 20
-0.42658912708484414
 10
0.025163161711385097
 20
-0.42632342277012336
 10
0.03009427121102248
 20
-0.4258883248730964
 10
0.03009427121102248
 20
-0.4279912980420595
 10
0.03010404391769393
 20
-0.42850783516134894
 10
0.030131662436548176
 20
-0.42911870014503267
 10
0.03017457736584483
 20
-0.4298026479786078
 10
0.030230239303843366
 20
-0.4305384336475706
 10
0.030296098848803483
 20
-0.43130481213741845
 10
0.030369606598984807
 20
-0.4320805384336477
 10
0.03044821315264688
 20
-0.4328443675217549
 10
0.030529369108049327
 20
-0.4335750543872372
 10
0.031036983321247248
 20
-0.43698332124728057
 10
0.03654822335025379
 20
-0.43654822335025384
 10
0.03768893899564904
 20
-0.4364364745739666
 10
0.03880755982596084
 20
-0.43632047679477876
 10
0.039875192621464814
 20
-0.43620277941443075
 10
0.040862944162436486
 20
-0.4360859318346626
 10
0.041741921229151546
 20
-0.4359724834572154
 10
0.04248323060188536
 20
-0.43586498368382887
 10
0.04305797906091371
 20
-0.4357659819162436
 10
0.04343727338651195
 20
-0.4356780275562001
 10
0.04391316171138513
 20
-0.43552322221718626
 10
0.04425308194343726
 20
-0.43520100616388696
 10
0.04445703408266859
 20
-0.4344351942077592
 10
0.04452501812907895
 20
-0.432949601160261
 10
0.04445703408266859
 20
-0.43046804183284987
 10
0.04425308194343726
 20
-0.4267143310369834
 10
0.04391316171138505
 20
-0.42141228358411886
 10
0.04343727338651195
 20
-0.41428571428571426
 10
0.04292965917331403
 20
-0.40717911530094275
 10
0.04575779550398842
 20
-0.40717911530094275
 10
0.04791189834118932
 20
-0.40708577887055836
 10
0.050903054749818794
 20
-0.40682673132704855
 10
0.054500968772661335
 20
-0.4064334152918782
 10
0.05847534445250185
 20
-0.4059372733865119
 10
0.06259588583212475
 20
-0.4053697482324148
 10
0.06663229695431469
 20
-0.40476228245105145
 10
0.07035428186185642
 20
-0.40414631866388684
 10
0.07353154459753443
 20
-0.4035532994923858
 10
0.0749266338832488
 20
-0.40326195952683114
 10
0.07626223712835387
 20
-0.4029901649746193
 10
0.07750606191080493
 20
-0.40274386443981147
 10
0.07862581580855689
 20
-0.40252900652646856
 10
0.07958920639956489
 20
-0.4023515398386512
 10
0.08036394126178388
 20
-0.4022174129804207
 10
0.08091772797316903
 20
-0.4021325745558376
 10
0.08121827411167513
 20
-0.40210297316896304
 10
0.08163269352791876
 20
-0.4025377877991298
 10
0.0820862037708485
 20
-0.40369153372008715
 10
0.08253631481145755
 20
-0.40533816397751987
 10
0.08294053662073966
 20
-0.407251631617114
 10
0.08325637916968819
 20
-0.409205889684554
 10
0.08344135242929657
 20
-0.4109748912255258
 10
0.08345296637055828
 20
-0.41233258928571426
 10
0.08324873096446697
 20
-0.41305293691080486
 10
0.08234369334662796
 20
-0.4133641055565626
 10
0.08030502175489479
 20
-0.41382908810732427
 10
0.0774131503807107
 20
-0.41439774632886145
 10
0.07394851341551852
 20
-0.41501994198694725
 10
0.07019154505076139
 20
-0.4156455368473531
 10
0.06642267947788258
 20
-0.4162243926758521
 10
0.06292235088832497
 20
-0.416706371238216
 10
0.05997099347353158
 20
-0.4170413343002175
 10
0.05906340645395211
 20
-0.41715619901196527
 10
0.05820340826686
 20
-0.4172804115300941
 10
0.057411394126178406
 20
-0.4174097228517042
 10
0.05670775924583026
 20
-0.4175398839738941
 10
0.056112898839738974
 20
-0.41766664589376357
 10
0.05564720812182738
 20
-0.41778575960841197
 10
0.05533108230601889
 20
-0.41789297611493836
 10
0.05518491660623642
 20
-0.4179840464104424
 10
0.05512826323422772
 20
-0.4187383860587381
 10
0.05516678752719365
 20
-0.4205243836113126
 10
0.05528689267585209
 20
-0.42311599211385054
 10
0.05547498187092096
 20
-0.42628716461203764
 10
0.05571745830311822
 20
-0.4298118541515592
 10
0.05600072516316173
 20
-0.43346401377809995
 10
0.056311185641769436
 20
-0.4370175965373458
 10
0.05663524292965919
 20
-0.4402465554749818
 10
0.057070340826686036
 20
-0.44467005076142135
 10
0.05322697606961565
 20
-0.44510514865844814
 10
0.04685148885061634
 20
-0.4458094917059462
 10
0.04068845177664966
 20
-0.4464433013052939
 10
0.03492991977882525
 20
-0.44699043124546767
 10
0.029767947788252324
 20
-0.44743473531544603
 10
0.025394590736040595
 20
-0.4477600673042059
 10
0.022001903553299527
 20
-0.4479502810007252
 10
0.019781941171138507
 20
-0.4479892301939812
 10
0.018926758520667167
 20
-0.4478607686729514
 97
0
 92
3
 72
0
 73
1
 93
153
 10
-0.06272661348803481
 20
-0.4440899202320523
 10
-0.07186366932559828
 20
-0.44255078974800577
 10
-0.07898839738941259
 20
-0.44132183647570705
 10
-0.08434554024655548
 20
-0.4403461237762872
 10
-0.08817984046410444
 20
-0.4395667150108774
 10
-0.09073604060913706
 20
-0.4389266735406092
 10
-0.09225888324873098
 20
-0.43836906272661347
 10
-0.09299311094996371
 20
-0.4378369459300218
 10
-0.09318346627991299
 20
-0.4372733865119652
 10
-0.09314423381979695
 20
-0.43679778145395226
 10
-0.0930327683103698
 20
-0.4359975525743293
 10
-0.09285841755801305
 20
-0.434915189902103
 10
-0.09263052936910803
 20
-0.43359318346628006
 10
-0.09235845155003626
 20
-0.4320740232958666
 10
-0.0920515319071791
 20
-0.4304001994198694
 10
-0.09171911824691803
 20
-0.4286142018672951
 10
-0.09137055837563451
 20
-0.42675852066715014
 10
-0.0910011783901378
 20
-0.42492904165155904
 10
-0.0906589920232052
 20
-0.4232176849166063
 10
-0.09035079767947789
 20
-0.42166099188723716
 10
-0.09008339376359682
 20
-0.4202955039883975
 10
-0.08986357868020305
 20
-0.4191577626450326
 10
-0.08969815083393766
 20
-0.41828430928208854
 10
-0.0895939086294416
 20
-0.41771168532451053
 10
-0.08955765047135605
 20
-0.41747643219724445
 10
-0.08904238805293693
 20
-0.41738366230058016
 10
-0.08767902465554747
 20
-0.41741411348803487
 10
-0.08574119606598989
 20
-0.41754144194162446
 10
-0.08350253807106597
 20
-0.4177393038433648
 10
-0.08123668645757796
 20
-0.417981355375272
 10
-0.0792172770123278
 20
-0.4182412527193619
 10
-0.07771794552211744
 20
-0.4184926520576505
 10
-0.07701232777374913
 20
-0.4187092095721538
 10
-0.0769303220177665
 20
-0.4189227927846267
 10
-0.07690015409717188
 20
-0.41933013052936907
 10
-0.07691927461022482
 20
-0.41990742839013784
 10
-0.07698513415518493
 20
-0.42063089195068887
 10
-0.07709518333031186
 20
-0.4214767267947789
 10
-0.07724687273386512
 20
-0.42242113850616403
 10
-0.07743765296410444
 20
-0.42344033266860054
 10
-0.07766497461928935
 20
-0.4245105148658449
 10
-0.07797784286620744
 20
-0.42595262645032633
 10
-0.07820998005801305
 20
-0.42714149746192914
 10
-0.07836223599528644
 20
-0.4281026219180566
 10
-0.07843546047860762
 20
-0.4288614938361132
 10
-0.07843050330855694
 20
-0.4294436072335026
 10
-0.07834821428571426
 20
-0.4298744561276287
 10
-0.0781894432106599
 20
-0.43017953453589564
 10
-0.0779550398839739
 20
-0.43038433647570706
 10
-0.07710198173495288
 20
-0.4307049945612765
 10
-0.07548155366207393
 20
-0.43114122552574335
 10
-0.07335974324691806
 20
-0.43163864213197967
 10
-0.071002538071066
 20
-0.4321428571428571
 10
-0.06867592571609862
 20
-0.4325994833212473
 10
-0.06664589376359682
 20
-0.43295413343002165
 10
-0.06517842979514138
 20
-0.4331524202320521
 10
-0.06453952139231327
 20
-0.43313995649021025
 10
-0.06429888619470636
 20
-0.4324691805656271
 10
-0.06387894307469186
 20
-0.43091461203770853
 10
-0.06332473146301666
 20
-0.42867340464104425
 10
-0.06268129079042785
 20
-0.42594271211022483
 10
-0.06199366048767223
 20
-0.42291968817984044
 10
-0.06130687998549671
 20
-0.4198014865844815
 10
-0.06066598871464826
 20
-0.41678526105873825
 10
-0.060116026105873806
 20
-0.41406816533720087
 10
-0.05986575983502535
 20
-0.4127335535261058
 10
-0.05960954496011604
 20
-0.4114677755620015
 10
-0.05935502968636693
 20
-0.4102988748640318
 10
-0.05910986221899931
 20
-0.40925489485134153
 10
-0.05888169076323421
 20
-0.4083638789430747
 10
-0.058678163524292934
 20
-0.4076538705583756
 10
-0.05850692870739668
 20
-0.4071529131163887
 10
-0.0583756345177665
 20
-0.4068890500362581
 10
-0.0580954835931834
 20
-0.4067972715736041
 10
-0.057548495286439454
 20
-0.40673948513415514
 10
-0.056766962019579426
 20
-0.4067156907179116
 10
-0.055783176214648345
 20
-0.4067258883248731
 10
-0.054629430293691085
 20
-0.40677007795503983
 10
-0.05333801667875274
 20
-0.4068482596084119
 10
-0.051941227791878174
 20
-0.4069604332849891
 10
-0.05047135605511242
 20
-0.40710659898477164
 10
-0.048793424809644756
 20
-0.4072724517313269
 10
-0.04685120558375628
 20
-0.407440853879623
 10
-0.04471353222443803
 20
-0.40760755642675855
 10
-0.04244923857868022
 20
-0.40776831036983324
 10
-0.04012715849347355
 20
-0.4079188667059464
 10
-0.03781612581580856
 20
-0.4080549764321973
 10
-0.03558497439267587
 20
-0.4081723905456854
 10
-0.033502538071066026
 20
-0.4082668600435098
 10
-0.03154289793328497
 20
-0.4083754928843366
 10
-0.029613850616388673
 20
-0.4084832759245831
 10
-0.02776638415518495
 20
-0.40858935936366925
 10
-0.026051486584481476
 20
-0.40869289340101533
 10
-0.02452014593908633
 20
-0.40879302823604063
 10
-0.023223350253807173
 20
-0.4088889140681653
 10
-0.02221208756345176
 20
-0.40897970109680937
 10
-0.02153734590282817
 20
-0.40906453952139227
 10
-0.020771392313270454
 20
-0.409192292875272
 10
-0.02019579405366209
 20
-0.4093387418419143
 10
-0.019783357505438724
 20
-0.40955657405728785
 10
-0.019506889050036242
 20
-0.4098984771573603
 10
-0.019339195068890532
 20
-0.41041713877810004
 10
-0.01925308194343724
 20
-0.4111652465554749
 10
-0.019221356055112417
 20
-0.41219548812545315
 10
-0.019216823785351705
 20
-0.41356055112400286
 10
-0.019221780955402466
 20
-0.41610839489666407
 10
-0.019310868382886183
 20
-0.4179942440174039
 10
-0.019595409943799838
 20
-0.41931072674945613
 10
-0.020186729514140665
 20
-0.42015047135605516
 10
-0.02119615096990573
 20
-0.4206061061004351
 10
-0.022734998187092098
 20
-0.42077025924583034
 10
-0.024914595041696835
 20
-0.420735559055475
 10
-0.027846265409717172
 20
-0.42059463379260337
 10
-0.02952887055837562
 20
-0.4205001642947789
 10
-0.031381435823060175
 20
-0.4203827501812907
 10
-0.033342775562001416
 20
-0.42024664045503995
 10
-0.03535170413343002
 20
-0.4200960841189268
 10
-0.03734703589557649
 20
-0.4199353301758521
 10
-0.039267585206671486
 20
-0.41976862762871653
 10
-0.0410521664249456
 20
-0.41960022548042064
 10
-0.04263959390862941
 20
-0.4194343727338652
 10
-0.04409969293872371
 20
-0.4192818335297318
 10
-0.045468863306743955
 20
-0.41915223894126175
 10
-0.046717361992385804
 20
-0.4190481383701958
 10
-0.047815445975344456
 20
-0.418972081218274
 10
-0.04873337223531542
 20
-0.4189266168872372
 10
-0.0494413977519942
 20
-0.4189142947788252
 10
-0.04990977950507616
 20
-0.4189376642947788
 10
-0.050108774474256726
 20
-0.41899927483683824
 10
-0.0504132863488035
 20
-0.4198080017222625
 10
-0.05085886511965191
 20
-0.4216211928934008
 10
-0.051396222353154476
 20
-0.42417201096809287
 10
-0.05197606961566349
 20
-0.42719361856417687
 10
-0.05254911847353156
 20
-0.4304191782994924
 10
-0.05306608049311097
 20
-0.43358185279187816
 10
-0.053477667240754236
 20
-0.43641480465917337
 10
-0.05373459028281365
 20
-0.4386511965192169
 10
-0.05384648069253092
 20
-0.43970084186910807
 10
-0.05396346990572878
 20
-0.4407122461928934
 10
-0.05408385832124726
 20
-0.44166076527374903
 10
-0.05420594633792603
 20
-0.4425217548948513
 10
-0.0543280343546048
 20
-0.44327057083937643
 10
-0.05444842277012321
 20
-0.44388256889050026
 10
-0.05456541198332123
 20
-0.4443331048313996
 10
-0.05467730239303842
 20
-0.44459753444525013
 10
-0.054889327637781
 20
-0.4447571553208847
 10
-0.05531295322697604
 20
-0.4448547407541694
 10
-0.05595582736584482
 20
-0.4448894409445251
 10
-0.05682559825960838
 20
-0.44486040609137045
 10
-0.05792991411348802
 20
-0.44476678639412615
 10
-0.05927642313270486
 20
-0.44460773205221177
 10
-0.06087277352248003
 20
-0.4443823932650472
 10
-0.06272661348803481
 20
-0.4440899202320523
 97
0
 92
3
 72
0
 73
1
 93
117
 10
0.0732414793328499
 20
-0.439738941261784
 10
0.07255229106236406
 20
-0.4358573354786076
 10
0.07195658085569252
 20
-0.4323445431472083
 10
0.07145944751631615
 20
-0.42924305429659165
 10
0.07106598984771566
 20
-0.4265953589557651
 10
0.07078130665337201
 20
-0.4244439471537347
 10
0.07061049673676581
 20
-0.4228313089195068
 10
0.07055865890137787
 20
-0.4217999342820885
 10
0.07063089195068889
 20
-0.4213923132704858
 10
0.07109601613488037
 20
-0.4212542206762146
 10
0.07212200870195791
 20
-0.4210218002175489
 10
0.07356270395213922
 20
-0.420723095313633
 10
0.07527193618564174
 20
-0.4203861493836114
 10
0.07710353970268309
 20
-0.42003900584662796
 10
0.07891134880348072
 20
-0.41970970812182734
 10
0.08054919778825233
 20
-0.41942629962835387
 10
0.08187092095721536
 20
-0.41921682378535163
 10
0.0820227519941987
 20
-0.419322199057288
 10
0.08220177664974615
 20
-0.4196247280638143
 10
0.08240119651921685
 20
-0.42010401559100796
 10
0.08261421319796951
 20
-0.4207396664249455
 10
0.0828340282813633
 20
-0.42151128535170407
 10
0.08305384336475707
 20
-0.4223984771573604
 10
0.08326686004350982
 20
-0.42338084662799125
 10
0.08346627991298045
 20
-0.4244379985496737
 10
0.08365592707577953
 20
-0.42552560165881076
 10
0.08384132523567803
 20
-0.42654437092095715
 10
0.08401822538977523
 20
-0.4274730613216099
 10
0.0841823785351704
 20
-0.42829042784626536
 10
0.08432953566896303
 20
-0.42897522548042055
 10
0.08445544778825233
 20
-0.42950620920957217
 10
0.08455586589013778
 20
-0.4298621340192169
 10
0.08462654097171868
 20
-0.43002175489485134
 10
0.08537889775199425
 20
-0.43006537799129796
 10
0.08700145032632345
 20
-0.4298132704858594
 10
0.08919506889050037
 20
-0.42934361403190713
 10
0.09166062364031906
 20
-0.4287345902828136
 10
0.09409898477157363
 20
-0.4280643808919507
 10
0.09621102248005799
 20
-0.42741116751269026
 10
0.09769760696156637
 20
-0.42685313179840456
 10
0.09825960841189268
 20
-0.4264684554024655
 10
0.0982137191805656
 20
-0.4260288252356779
 10
0.09808284989122555
 20
-0.4251269035532995
 10
0.09787719815083394
 20
-0.42381707759245824
 10
0.09760696156635244
 20
-0.4221537345902829
 10
0.09728233774474257
 20
-0.4201912617839013
 10
0.09691352429296589
 20
-0.4179840464104423
 10
0.09651071881798406
 20
-0.4155864757070341
 10
0.09608411892675853
 20
-0.41305293691080486
 10
0.09563995649021025
 20
-0.4105295957215373
 10
0.0952365844815083
 20
-0.40816261783901364
 10
0.09488080130529372
 20
-0.4060063905003626
 10
0.09457940536620736
 20
-0.40411530094271203
 10
0.0943391950688905
 20
-0.4025437364031907
 10
0.09416696881798409
 20
-0.40134608411892675
 10
0.09406952501812914
 20
-0.40057673132704846
 10
0.09405366207396668
 20
-0.4002900652646846
 10
0.09574136602610588
 20
-0.3997341540518492
 10
0.09992748368382884
 20
-0.3984941533720087
 10
0.10578600888324874
 20
-0.39680375838469906
 10
0.11249093546047853
 20
-0.39489666424945613
 10
0.11921625725163165
 20
-0.3930065661258158
 10
0.12513596809282088
 20
-0.391367159173314
 10
0.1294240618201595
 20
-0.3902121385514866
 10
0.1312545322697607
 20
-0.3897751994198695
 10
0.13162377062182742
 20
-0.3901101624818709
 10
0.13210093364757067
 20
-0.3910136421319796
 10
0.13263758271392315
 20
-0.3923335240663525
 10
0.13318527918781728
 20
-0.3939176939811457
 10
0.13369558443618565
 20
-0.39561403757251634
 10
0.13412005982596087
 20
-0.39727044053662075
 10
0.13441026672407538
 20
-0.3987347885696157
 10
0.13451776649746194
 20
-0.3998549673676578
 10
0.13427642313270483
 20
-0.40019743700145033
 10
0.13352519941986948
 20
-0.4006367839013779
 10
0.1322233049311095
 20
-0.40118830447788245
 10
0.1303299492385787
 20
-0.4018672951414068
 10
0.12780434191443074
 20
-0.4026890523023931
 10
0.1246056925308194
 20
-0.4036688723712835
 10
0.12069321065989849
 20
-0.40482205175852076
 10
0.11602610587382162
 20
-0.40616388687454674
 10
0.11413954858593184
 20
-0.4066957204042786
 10
0.11236856417693987
 20
-0.4071961113125452
 10
0.11075394307469177
 20
-0.40765401219180575
 10
0.10933647570703407
 20
-0.4080583756345177
 10
0.10815695250181291
 20
-0.4083981542331399
 10
0.10725616388687455
 20
-0.4086623005801305
 10
0.10667490029006524
 20
-0.4088397672679478
 10
0.1064539521392313
 20
-0.4089195068890501
 10
0.10646301667875273
 20
-0.40912090962654096
 10
0.1065400652646846
 20
-0.4096469361856418
 10
0.10667829949238579
 20
-0.41046189494198704
 10
0.10687092095721545
 20
-0.411530094271211
 10
0.10711113125453224
 20
-0.4128158425489486
 10
0.10739213197969544
 20
-0.41428344815083396
 10
0.10770712472806385
 20
-0.41589721945250185
 10
0.10804931109499638
 20
-0.41762146482958673
 10
0.10840466937092091
 20
-0.41944117113850615
 10
0.10875747824510515
 20
-0.42132886149383614
 10
0.10909838991116753
 20
-0.4232301486584482
 10
0.10941805656272664
 20
-0.42509064539521396
 10
0.10970713039340102
 20
-0.42685596446700513
 10
0.10995626359680932
 20
-0.4284717186366934
 10
0.11015610836656999
 20
-0.42988352066715013
 10
0.11029731689630169
 20
-0.43103698332124735
 10
0.11073241479332853
 20
-0.4358955765047135
 10
0.10688905003625815
 20
-0.43676577229876723
 10
0.1034875815808557
 20
-0.43745651853698325
 10
0.09962382160986231
 20
-0.43819910261058753
 10
0.09550852066715008
 20
-0.4389569830946337
 10
0.09135242929659175
 20
-0.439693618564177
 10
0.08736629804205945
 20
-0.4403724675942712
 10
0.08376087744742569
 20
-0.4409569887599711
 10
0.08074691805656266
 20
-0.4414106406363307
 10
0.07853517041334297
 20
-0.4416968817984046
 10
0.07367657722987674
 20
-0.4421319796954315
 10
0.0732414793328499
 20
-0.439738941261784
 97
0
 92
3
 72
0
 73
1
 93
119
 10
-0.1171138506163887
 20
-0.4343002175489486
 10
-0.1206396732233502
 20
-0.43325779550398846
 10
-0.12442213560551124
 20
-0.4321201957940535
 10
-0.1283031748549674
 20
-0.4309350072516317
 10
-0.1321247280638143
 20
-0.4297498187092094
 10
-0.13572873232414795
 20
-0.42861221899927493
 10
-0.13895712472806382
 20
-0.4275697969543148
 10
-0.14165184236765774
 20
-0.4266701414068165
 10
-0.1436548223350254
 20
-0.42596084118926764
 10
-0.14735315445975344
 20
-0.42458303118201596
 10
-0.14437998549673678
 20
-0.41406816533720087
 10
-0.14361658130891952
 20
-0.4113886024746193
 10
-0.14295005438723715
 20
-0.4091517857142858
 10
-0.1423685075235678
 20
-0.4073313712382161
 10
-0.1418600435097897
 20
-0.40590101522842637
 10
-0.14141276513778103
 20
-0.40483437386693255
 10
-0.14101477519941988
 20
-0.4041051033357505
 10
-0.14065417648658446
 20
-0.4036868598168964
 10
-0.14031907179115302
 20
-0.4035532994923858
 10
-0.13952649111675128
 20
-0.40366051599891234
 10
-0.13828861493836117
 20
-0.40394874002900666
 10
-0.1367652057650471
 20
-0.4043678333484409
 10
-0.13511602610587387
 20
-0.40486765772298766
 10
-0.13350083846990574
 20
-0.40539807491841917
 10
-0.13207940536620738
 20
-0.40590894670050753
 10
-0.13101148930384335
 20
-0.4063501348350253
 10
-0.13045685279187816
 20
-0.40667150108774475
 10
-0.13039892471899922
 20
-0.40685789068165334
 10
-0.13038773567802756
 20
-0.40723803480783155
 10
-0.1304224358683829
 20
-0.40778813905003625
 10
-0.13050217548948517
 20
-0.4084844089920232
 10
-0.13062610474075415
 20
-0.4093030502175489
 10
-0.13079337382160985
 20
-0.4102202683103698
 10
-0.1310031329314721
 20
-0.41121226885424217
 10
-0.1312545322697607
 20
-0.4122552574329224
 10
-0.13150564834118925
 20
-0.4133432854423495
 10
-0.13171342458303117
 20
-0.41436502900652644
 10
-0.13187531159354604
 20
-0.4153017925126904
 10
-0.13198875997099346
 20
-0.4161348803480783
 10
-0.13205122031363306
 20
-0.4168455968999275
 10
-0.13206014321972442
 20
-0.4174152465554749
 10
-0.1320129792875272
 20
-0.4178251337019579
 10
-0.13190717911530092
 20
-0.4180565627266135
 10
-0.13110864983683826
 20
-0.41841560347171847
 10
-0.129407632342277
 20
-0.4189981417693982
 10
-0.12711175444162437
 20
-0.41971494855873825
 10
-0.12452864394488762
 20
-0.4204767947788253
 10
-0.12196592866207395
 20
-0.4211944513687455
 10
-0.11973123640319072
 20
-0.4217786892675852
 10
-0.1181321949782451
 20
-0.42214027941443083
 10
-0.11747643219724438
 20
-0.42218999274836844
 10
-0.11714699283901374
 20
-0.4214542070794054
 10
-0.1165813089195069
 20
-0.41982528100072525
 10
-0.11584226568165339
 20
-0.41751821405910083
 10
-0.11499274836838293
 20
-0.41474800580130533
 10
-0.1140956422226251
 20
-0.41172965577411175
 10
-0.11321383248730968
 20
-0.40867816352429304
 10
-0.11241020440536621
 20
-0.40580852859862226
 10
-0.11174764321972445
 20
-0.40333575054387244
 10
-0.11139242657722992
 20
-0.4018961883611313
 10
-0.11104060913705584
 20
-0.40053480783176204
 10
-0.1107023885061639
 20
-0.3992822017766498
 10
-0.11038796229151561
 20
-0.3981689630166788
 10
-0.11010752810007253
 20
-0.3972256843727339
 10
-0.10987128353879627
 20
-0.39648295866569977
 10
-0.1096894262146483
 20
-0.39597137871646126
 10
-0.1095721537345903
 20
-0.3957215373459029
 10
-0.10924328091007977
 20
-0.3956961849619291
 10
-0.10850480420594631
 20
-0.3957770576504715
 10
-0.10740261285351707
 20
-0.3959548076051486
 10
-0.105982596084119
 20
-0.3962200870195793
 10
-0.10429064312907907
 20
-0.3965635480873822
 10
-0.10237264321972445
 20
-0.3969758430021755
 10
-0.10027448558738213
 20
-0.39744762395757793
 10
-0.0980420594633793
 20
-0.3979695431472081
 10
-0.09566941624365484
 20
-0.3985308364303844
 10
-0.09312001450326325
 20
-0.3991150743292241
 10
-0.09047543509789703
 20
-0.3997044110315446
 10
-0.08781725888324866
 20
-0.40028100072516315
 10
-0.08522706671501083
 20
-0.40082699759789703
 10
-0.08278643944887594
 20
-0.4013245558375635
 10
-0.08057695794053664
 20
-0.40175582963197976
 10
-0.07868020304568528
 20
-0.40210297316896304
 10
-0.07026831036983319
 20
-0.4036983321247281
 10
-0.07106598984771574
 20
-0.4088469905728789
 10
-0.07186366932559828
 20
-0.41406816533720087
 10
-0.07541696881798404
 20
-0.4138506163886875
 10
-0.07745734001087742
 20
-0.41361507999456126
 10
-0.080644941986947
 20
-0.41312205402465574
 10
-0.08457696927121106
 20
-0.4124471707306019
 10
-0.08885061638868744
 20
-0.4116660623640319
 10
-0.0930630778643945
 20
-0.41085436117657725
 10
-0.09681154822335022
 20
-0.4100876994198696
 10
-0.0996932219905729
 20
-0.40944170934554025
 10
-0.10130529369108053
 20
-0.4089920232052212
 10
-0.10175016429477883
 20
-0.40911694389050046
 10
-0.10228086475707045
 20
-0.40985542059463376
 10
-0.10291524089013775
 20
-0.41126354015591016
 10
-0.10367113850616395
 20
-0.4133973894126179
 10
-0.10456640341733144
 20
-0.4163130552030457
 10
-0.10561888143582307
 20
-0.4200666243654822
 10
-0.10684641837382162
 20
-0.42471418373821607
 10
-0.10826686004350976
 20
-0.43031182015953595
 10
-0.1085443199329224
 20
-0.4314023975707033
 10
-0.1088277284263959
 20
-0.4324283901377811
 10
-0.10910943731870922
 20
-0.43336600344452497
 10
-0.10938179840464103
 20
-0.4341914430746918
 10
-0.10963716347897023
 20
-0.43488091461203776
 10
-0.10986788433647571
 20
-0.4354106236403191
 10
-0.11006631277193615
 20
-0.4357567757432922
 10
-0.11022480058013054
 20
-0.4358955765047135
 10
-0.11050594293872372
 20
-0.43588651196519207
 10
-0.11100548404641046
 20
-0.43580946337926035
 10
-0.11169708008520668
 20
-0.4356712291515592
 10
-0.11255438723712834
 20
-0.4354786076867296
 10
-0.11355106168419145
 20
-0.43523839738941256
 10
-0.11466075960841189
 20
-0.43495739666424954
 10
-0.11585713719180568
 20
-0.4346424039158811
 10
-0.1171138506163887
 20
-0.4343002175489486
 97
0
 92
3
 72
0
 73
1
 93
147
 10
0.12697606961566354
 20
-0.4283538796229152
 10
0.12662198604060915
 20
-0.42731216574510533
 10
0.1260061638868745
 20
-0.4251053752719361
 10
0.12522718002175492
 20
-0.42213206467548947
 10
0.12438361131254531
 20
-0.41879079042784617
 10
0.12357403462654099
 20
-0.4154801090010878
 10
0.12289702683103701
 20
-0.4125985768672952
 10
0.12245116479332853
 20
-0.41054475049854977
 10
0.1223350253807107
 20
-0.40971718636693255
 10
0.1228062398023931
 20
-0.40952484816896295
 10
0.12387486403190723
 20
-0.4091982414793328
 10
0.12534969293872375
 20
-0.4087866547316896
 10
0.12703952139231328
 20
-0.4083393763596809
 10
0.1287531442621465
 20
-0.4079056947969543
 10
0.13029935641769402
 20
-0.4075348984771573
 10
0.13148695272842645
 20
-0.4072762758339376
 10
0.1321247280638144
 20
-0.40717911530094275
 10
0.1323071519216824
 20
-0.40727769216823784
 10
0.13252356780275562
 20
-0.4075598259608413
 10
0.13276717730239304
 20
-0.40800512146482953
 10
0.13303118201595354
 20
-0.40859318346627993
 10
0.13330878353879627
 20
-0.40930361675126903
 10
0.13359318346627994
 20
-0.4101160261058738
 10
0.1338775833937636
 20
-0.41101001631617123
 10
0.13415518491660625
 20
-0.4119651921682378
 10
0.1346126608955765
 20
-0.4137453827501814
 10
0.13500045322697615
 20
-0.41503013959390855
 10
0.13547322561638867
 20
-0.4158543045232052
 10
0.13618564176939818
 20
-0.4162527193618563
 10
0.13729236539158812
 20
-0.41626022593364753
 10
0.13894806018854242
 20
-0.415911666062364
 10
0.1413073898658448
 20
-0.4152418815717911
 10
0.144525018129079
 20
-0.41428571428571426
 10
0.14570709073604055
 20
-0.41393276377809995
 10
0.14674809644670045
 20
-0.41358321247280655
 10
0.14764293645757795
 20
-0.4132404595721537
 10
0.14838651196519217
 20
-0.41290790427846275
 10
0.14897372416606233
 20
-0.41258894579405364
 10
0.14939947425670777
 20
-0.41228698332124714
 10
0.1496586634336476
 20
-0.412005416062364
 10
0.14974619289340102
 20
-0.4117476432197244
 10
0.14965342299673676
 20
-0.410898409173314
 10
0.14939834118926762
 20
-0.4096310732414793
 10
0.14901578929477882
 20
-0.4080714059100798
 10
0.14854060913705583
 20
-0.4063451776649746
 10
0.14800764253988397
 20
-0.4045781589920232
 10
0.14745173132704859
 20
-0.40289612037708483
 10
0.14690771732233507
 20
-0.4014248323060188
 10
0.14641044234952863
 20
-0.4002900652646846
 10
0.14619133543328505
 20
-0.39971758294053655
 10
0.14592209028281364
 20
-0.39894624728063827
 10
0.14561375430565626
 20
-0.3980083507070341
 10
0.14527737490935466
 20
-0.3969361856417694
 10
0.14492399950145032
 20
-0.39576204450688907
 10
0.1445646754894851
 20
-0.39451821972443807
 10
0.14421045028100074
 20
-0.39323700371646114
 10
0.14387237128353877
 20
-0.3919506889050036
 10
0.1434639004713561
 20
-0.39024513914068154
 10
0.14316080493110944
 20
-0.3888574147933285
 10
0.14295968546047866
 20
-0.38775182423857874
 10
0.14285714285714293
 20
-0.38689267585206677
 10
0.1428497779187817
 20
-0.3862442780094271
 10
0.14293419144307473
 20
-0.3857709390862945
 10
0.14310698422770127
 20
-0.38543696745830314
 10
0.14336475707034085
 20
-0.3852066715010878
 10
0.1456024236312546
 20
-0.38414484567621493
 10
0.1499263506163887
 20
-0.38234114394488755
 10
0.15560825892857147
 20
-0.38007345109680923
 10
0.16191986947063092
 20
-0.3776196519216822
 10
0.16813290314539525
 20
-0.37525763120920963
 10
0.1735190808556925
 20
-0.3732652737490935
 10
0.1773501235043511
 20
-0.3719204643310369
 10
0.17889775199419874
 20
-0.37150108774474255
 10
0.17903244538614946
 20
-0.3717115550217547
 10
0.1792138778100073
 20
-0.3721106780275562
 10
0.1794344010605511
 20
-0.3726763619470631
 10
0.17968636693255977
 20
-0.37338651196519224
 10
0.17996212722081223
 20
-0.37421903326686
 10
0.18025403372008703
 20
-0.37515183103698324
 10
0.1805544382251632
 20
-0.3761628104604786
 10
0.18085569253081943
 20
-0.37722987672226255
 10
0.18223350253807105
 20
-0.38245105148658454
 10
0.17708484408992026
 20
-0.3846265409717187
 10
0.17586339738941262
 20
-0.3851059701323422
 10
0.17441080493110953
 20
-0.38566103154459763
 10
0.17278145395213923
 20
-0.38627217979514133
 10
0.17102973168963018
 20
-0.3869198694706309
 10
0.1692100253807107
 20
-0.38758455515772305
 10
0.16737672226250908
 20
-0.3882466914430748
 10
0.16558420957215378
 20
-0.38888673291334297
 10
0.16388687454677303
 20
-0.3894851341551849
 10
0.16228500045322697
 20
-0.3900265987581581
 10
0.16076640681653379
 20
-0.3905536167512689
 10
0.1593667852610587
 20
-0.3910517415246556
 10
0.15812182741116756
 20
-0.3915065264684553
 10
0.15706722489122554
 20
-0.39190352497280634
 10
0.15623866932559827
 20
-0.3922282904278463
 10
0.1556718523386511
 20
-0.39246637622371283
 10
0.1554024655547498
 20
-0.39260333575054396
 10
0.15521593432741104
 20
-0.3931885650833938
 10
0.1552291062364032
 20
-0.3942802755620015
 10
0.15540374025562
 20
-0.39569830946337925
 10
0.15570159535895584
 20
-0.3972625090645396
 10
0.15608443052030455
 20
-0.39879271664249466
 10
0.15651400471356058
 20
-0.40010877447425675
 10
0.15695207691261787
 20
-0.4010305248368384
 10
0.15736040609137056
 20
-0.40137781000725165
 10
0.15758007954133435
 20
-0.4015142030003625
 10
0.15785329042784627
 20
-0.4019114847715735
 10
0.15817239054568527
 20
-0.402551809508702
 10
0.15852973168963014
 20
-0.4034173313995649
 10
0.15891766565445975
 20
-0.4044902046319797
 10
0.15932854423495282
 20
-0.4057525833937637
 10
0.15975471922588833
 20
-0.40718662187273397
 10
0.16018854242204494
 20
-0.4087744742567078
 10
0.16059163116388683
 20
-0.41030524836838284
 10
0.16097942349528638
 20
-0.41177483683828886
 10
0.16134342141044236
 20
-0.4131492476432197
 10
0.16167512690355335
 20
-0.41439448875997104
 10
0.16196604196881798
 20
-0.41547656816533723
 10
0.16220766860043515
 20
-0.4163614938361131
 10
0.16239150879260328
 20
-0.41701527374909364
 10
0.1625090645395214
 20
-0.4174039158810732
 10
0.16251685437817254
 20
-0.4177571496555475
 10
0.1622994470630892
 20
-0.41812228063814344
 10
0.16182200077048584
 20
-0.41851800444162446
 10
0.16104967367657722
 20
-0.41896301667875274
 10
0.15994762395757797
 20
-0.4194760129622915
 10
0.1584810097897027
 20
-0.42007568890500363
 10
0.156614989349166
 20
-0.42078074011965194
 10
0.15431472081218273
 20
-0.4216098622189994
 10
0.15117895667150097
 20
-0.42265327569796957
 10
0.14740754169688178
 20
-0.4238250090645396
 10
0.1432962064902103
 20
-0.42504263166243655
 10
0.139140681653372
 20
-0.426223712835388
 10
0.13523669778825234
 20
-0.42728582192712117
 10
0.13187998549673674
 20
-0.4281465282813633
 10
0.12936627538071066
 20
-0.428723401241842
 10
0.12799129804205947
 20
-0.4289340101522843
 10
0.12785249728063816
 20
-0.4289209798767222
 10
0.12771029731689626
 20
-0.4288841551849165
 10
0.12756809735315447
 20
-0.42882693527918786
 10
0.12742929659173316
 20
-0.42875271936185644
 10
0.12729729423495287
 20
-0.4286649066352429
 10
0.12717548948513416
 20
-0.42856689630166794
 10
0.1270672815445975
 20
-0.42846208756345183
 10
0.12697606961566354
 20
-0.4283538796229152
 97
0
 92
3
 72
0
 73
1
 93
155
 10
-0.16823785351704135
 20
-0.41551849166062366
 10
-0.16923226182922405
 20
-0.41501753421863663
 10
-0.17070000906453953
 20
-0.41429817802755625
 10
-0.17257056177483684
 20
-0.4133935653100072
 10
-0.1747733865119652
 20
-0.4123368382886149
 10
-0.17723794982777374
 20
-0.4111611391860044
 10
-0.17989371827411166
 20
-0.40989961022480065
 10
-0.18267015840282813
 20
-0.40858539362762875
 10
-0.1854967367657723
 20
-0.4072516316171138
 10
-0.1990572878897752
 20
-0.4007251631617113
 10
-0.1976794778825236
 20
-0.3972443799854967
 10
-0.19736590146845542
 20
-0.3964350865663524
 10
-0.19697924220449603
 20
-0.39544733502538076
 10
-0.19653479650108774
 20
-0.3943202161892676
 10
-0.19604786076867298
 20
-0.3930928208846991
 10
-0.195533731417694
 20
-0.3918042399383611
 10
-0.19500770485859317
 20
-0.39049356417693976
 10
-0.1944850775018129
 20
-0.38919988442712117
 10
-0.19398114575779551
 20
-0.38796229151559103
 10
-0.1935143219724438
 20
-0.38678375974437984
 10
-0.19304749818709208
 20
-0.38565876540971716
 10
-0.19259427121102246
 20
-0.3846136523295866
 10
-0.19216823785351705
 20
-0.38367476432197234
 10
-0.19178299492385786
 20
-0.38286844520485863
 10
-0.19145213923132703
 20
-0.38222103879622904
 10
-0.19118926758520666
 20
-0.3817588889140681
 10
-0.19100797679477882
 20
-0.38150833937635964
 10
-0.190599081082306
 20
-0.38141273681109494
 10
-0.18978992929659172
 20
-0.3815457306018854
 10
-0.18863575847534444
 20
-0.38188437613306736
 10
-0.18719180565627266
 20
-0.3824057287889776
 10
-0.18551330787708484
 20
-0.3830868439539521
 10
-0.18365550217548945
 20
-0.3839047770123277
 10
-0.18167362558919506
 20
-0.3848365833484409
 10
-0.17962291515591008
 20
-0.38585931834662796
 10
-0.17961130121464833
 20
-0.38599188723712824
 10
-0.17967956852791883
 20
-0.38632160986221914
 10
-0.17981921908992024
 20
-0.3868280910079767
 10
-0.18002175489485134
 20
-0.3874909354604787
 10
-0.1802786779369108
 20
-0.38828974800580124
 10
-0.18058149021029735
 20
-0.38920413343002186
 10
-0.1809216937092096
 20
-0.3902136965192168
 10
-0.18129079042784627
 20
-0.39129804205946334
 10
-0.18166017041334298
 20
-0.3923683658901377
 10
-0.18200235678027557
 20
-0.3933885514865844
 10
-0.1823105511240029
 20
-0.39433565423314
 10
-0.18257795503988397
 20
-0.39518672951414074
 10
-0.18279777012327775
 20
-0.3959188327139231
 10
-0.18296319796954313
 20
-0.39650901921682385
 10
-0.18306744017403914
 20
-0.39693434440717906
 10
-0.18310369833212473
 20
-0.39717186366932566
 10
-0.18287326074147933
 20
-0.39756602950507625
 10
-0.18223916787527195
 20
-0.39806812001450337
 10
-0.18128724959209572
 20
-0.3986364949691806
 10
-0.18010333575054388
 20
-0.3992295141406816
 10
-0.17877325620920959
 20
-0.39980553730058016
 10
-0.17738284082668598
 20
-0.40032292422044957
 10
-0.17601791946156636
 20
-0.4007400346718636
 10
-0.1747643219724438
 20
-0.401015228426396
 10
-0.1741552982233503
 20
-0.40112697720268314
 10
-0.17353607686729514
 20
-0.401242974981871
 10
-0.17292365391588108
 20
-0.40136067236221906
 10
-0.17233502538071066
 20
-0.40147751994198716
 10
-0.17178718727338652
 20
-0.40159096831943436
 10
-0.17129713560551124
 20
-0.40169846809282095
 10
-0.17088186638868744
 20
-0.40179746986040615
 10
-0.17055837563451776
 20
-0.40188542422044965
 10
-0.17005897616026106
 20
-0.4019542580674402
 10
-0.16959526831036983
 20
-0.401783448150834
 10
-0.1690873708303118
 20
-0.40121493156272664
 10
-0.16845540246555477
 20
-0.4000906453952139
 10
-0.16761948196156634
 20
-0.39825252674039163
 10
-0.16649972806381436
 20
-0.39554251269035534
 10
-0.16501625951776644
 20
-0.3918025403372009
 10
-0.1630891950688905
 20
-0.38687454677302396
 10
-0.1623951912617839
 20
-0.385045209390863
 10
-0.16173857868020305
 20
-0.3833348440899203
 10
-0.16113635333575055
 20
-0.3817808420957215
 10
-0.16060551124002903
 20
-0.3804205946337926
 10
-0.16016304840464105
 20
-0.3792914929296592
 10
-0.15982596084118925
 20
-0.37843092820884705
 10
-0.15961124456127632
 20
-0.37787629169688186
 10
-0.15953589557650472
 20
-0.37766497461928933
 10
-0.1593935539793328
 20
-0.3776634166515591
 10
-0.159036212835388
 20
-0.37776128535170395
 10
-0.15848681676033358
 20
-0.3779492329133431
 10
-0.15776831036983321
 20
-0.3782179115300941
 10
-0.1569036382795504
 20
-0.3785579733955765
 10
-0.15591574510514866
 20
-0.37896007070340826
 10
-0.1548275754622915
 20
-0.3794148556472081
 10
-0.15366207396664247
 20
-0.37991298042059474
 10
-0.1522379498277737
 20
-0.3804827717095721
 10
-0.15035918237853516
 20
-0.38119447969543163
 10
-0.1481082022751994
 20
-0.3820200609590283
 10
-0.14556744017403916
 20
-0.3829314720812183
 10
-0.14281932673132702
 20
-0.38390066964285724
 10
-0.13994629260333574
 20
-0.38489961022480057
 10
-0.1370307684463379
 20
-0.38590025040790427
 10
-0.13415518491660625
 20
-0.38687454677302396
 10
-0.13138795096084122
 20
-0.38780295390681657
 10
-0.12878217911530093
 20
-0.3886727248005803
 10
-0.1263973554205946
 20
-0.3894660136421319
 10
-0.12429296591733147
 20
-0.39016497461928945
 10
-0.12252849664612038
 20
-0.3907517619198695
 10
-0.12116343364757072
 20
-0.3912085297316896
 10
-0.12025726296229156
 20
-0.3915174322425671
 10
-0.11986947063089193
 20
-0.391660623640319
 10
-0.11982712223531547
 20
-0.39218778326686027
 10
-0.1199929749818709
 20
-0.3934032813633067
 10
-0.12031689063633068
 20
-0.39508447017766496
 10
-0.12074873096446705
 20
-0.39700870195794047
 10
-0.12123835773205219
 20
-0.3989533289521392
 10
-0.12173563270485861
 20
-0.4006957034082667
 10
-0.12219041764865844
 20
-0.4020131775743292
 10
-0.12255257432922408
 20
-0.4026831036983321
 10
-0.12329034286620735
 20
-0.4027723327592458
 10
-0.12490595540246553
 20
-0.40252674039158803
 10
-0.12723710002719363
 20
-0.4019922158266861
 10
-0.13012146482958667
 20
-0.4012146482958665
 10
-0.13339673789883974
 20
-0.40023992703045685
 10
-0.13690060732414794
 20
-0.39911394126178407
 10
-0.14047076119470628
 20
-0.39788258022117473
 10
-0.14394488759970994
 20
-0.39659173313995655
 10
-0.14562805928208847
 20
-0.39592775562001453
 10
-0.14722625090645394
 20
-0.3953045685279188
 10
-0.14870207124728063
 20
-0.39473576867295146
 10
-0.1500181290790428
 20
-0.3942349528643946
 10
-0.15113703317621466
 20
-0.3938157179115302
 10
-0.15202139231327047
 20
-0.3934916606236403
 10
-0.15263381526468453
 20
-0.39327637781000724
 10
-0.1529369108049311
 20
-0.393183466279913
 10
-0.15314383724619288
 20
-0.39339974052755633
 10
-0.15353177121102252
 20
-0.39407065808556935
 10
-0.15407776808375634
 20
-0.39514778032088477
 10
-0.154758883248731
 20
-0.3965826686004351
 10
-0.1555521720902828
 20
-0.39832688429115304
 10
-0.15643468999274837
 20
-0.4003319887599711
 10
-0.1573834923404641
 20
-0.4025495433738217
 10
-0.15837563451776648
 20
-0.4049311094996375
 10
-0.1593680599619289
 20
-0.4073431268129078
 10
-0.16031884517766495
 20
-0.4095970812182742
 10
-0.16120674515047137
 20
-0.4116436842820884
 10
-0.16201051486584483
 20
-0.41343364757070344
 10
-0.16270890930928208
 20
-0.4149176826504714
 10
-0.1632806834662799
 20
-0.4160465010877448
 10
-0.16370459232233506
 20
-0.4167708144488759
 10
-0.16395939086294417
 20
-0.4170413343002175
 10
-0.16416702547135603
 20
-0.41705620581036995
 10
-0.1645055293691081
 20
-0.4169971446700506
 10
-0.16495620694343727
 20
-0.4168717990844815
 10
-0.16550036258158088
 20
-0.4166878172588832
 10
-0.16611930067077593
 20
-0.4164528473984771
 10
-0.16679432559825963
 20
-0.41617453770848434
 10
-0.16750674175126903
 20
-0.4158605363941262
 10
-0.16823785351704135
 20
-0.41551849166062366
 97
0
 92
3
 72
0
 73
1
 93
137
 10
0.17454677302393043
 20
-0.4034082668600435
 10
0.1732848191624366
 20
-0.39936364099891214
 10
0.17239167875271927
 20
-0.3963549220449601
 10
0.1718826482052212
 20
-0.3942011024746193
 10
0.17177302393038427
 20
-0.392721174764322
 10
0.17207810233865123
 20
-0.39173413139050034
 10
0.17281317984046415
 20
-0.3910589648295867
 10
0.17399355284626547
 20
-0.3905146675580132
 10
0.1756345177664975
 20
-0.38992023205221177
 10
0.17650131435823063
 20
-0.38962237694887614
 10
0.1773477157360406
 20
-0.38933217005076154
 10
0.17815332668600434
 20
-0.3890572595630892
 10
0.17889775199419866
 20
-0.3888052936910804
 10
0.17956059644670055
 20
-0.38858392063995656
 10
0.18012146482958669
 20
-0.3884007886149383
 10
0.180559961928934
 20
-0.3882635458212472
 10
0.18085569253081943
 20
-0.3881798404641044
 10
0.18110411756707762
 20
-0.38820037731145757
 10
0.18136104060913694
 20
-0.38837132886149356
 10
0.18162816125815812
 20
-0.3886935449147934
 10
0.18190717911530088
 20
-0.38916787527193614
 10
0.18219979378172588
 20
-0.38979516973350253
 10
0.18250770485859313
 20
-0.3905762781000725
 10
0.18283261194706307
 20
-0.39151205017222634
 10
0.1831762146482959
 20
-0.39260333575054396
 10
0.183443901831037
 20
-0.39353471718636696
 10
0.18369969180565626
 20
-0.39441171138506176
 10
0.183938485768673
 20
-0.39521392313270487
 10
0.18415518491660618
 20
-0.39592095721537357
 10
0.18434469044597537
 20
-0.39651241841914436
 10
0.1845019035532995
 20
-0.3969679115300943
 10
0.18462172543509797
 20
-0.39726704133430035
 10
0.18469905728788982
 20
-0.397389412617839
 10
0.18528612785533
 20
-0.3972576935279188
 10
0.1867034535895577
 20
-0.3967707577955041
 10
0.18867994810551122
 20
-0.396035680293691
 10
0.19094452501812909
 20
-0.3951595358955765
 10
0.19322609794234957
 20
-0.39424939947425675
 10
0.1952535804931109
 20
-0.39341234590282814
 10
0.19675588628535168
 20
-0.39275545005438717
 10
0.19746192893401013
 20
-0.3923857868020304
 10
0.1975093761330674
 20
-0.39187165745105157
 10
0.19728403734590283
 20
-0.39080175852066706
 10
0.1968054579858593
 20
-0.38923217684916606
 10
0.19609318346627994
 20
-0.3872189992748368
 10
0.19516675920050758
 20
-0.38481831263596805
 10
0.1940457306018854
 20
-0.3820862037708484
 10
0.19274964308375628
 20
-0.37907875951776643
 10
0.19129804205946335
 20
-0.37585206671501087
 10
0.1905291141678752
 20
-0.37411776536439445
 10
0.1898103245105148
 20
-0.372474392675852
 10
0.18915781929840464
 20
-0.37095849007432924
 10
0.1885877447425671
 20
-0.3696065989847716
 10
0.18811624705402463
 20
-0.3684552608321247
 10
0.18775947244379987
 20
-0.3675410170413343
 10
0.1875335671229152
 20
-0.366900409037346
 10
0.18745467730239304
 20
-0.3665699782451052
 10
0.1876290280547498
 20
-0.3663490300942712
 10
0.18812885242929658
 20
-0.3659717186366934
 10
0.18891930860224798
 20
-0.3654584390862944
 10
0.1899655547498187
 20
-0.36482958665699794
 10
0.19123274904822335
 20
-0.36410555656272664
 10
0.19268604967367656
 20
-0.3633067440174039
 10
0.19429061480239304
 20
-0.36245354423495285
 10
0.19601160261058737
 20
-0.3615663524292965
 10
0.19787634835025367
 20
-0.3606273227882523
 10
0.19994334662799135
 20
-0.3595744198694707
 10
0.20214291379622912
 20
-0.35844333529731687
 10
0.20440536620739674
 20
-0.3572697606961566
 10
0.2066610202139231
 20
-0.35608938769035525
 10
0.20884019216823788
 20
-0.3549379079042784
 10
0.2108731984227701
 20
-0.3538510129622916
 10
0.2126903553299492
 20
-0.3528643944887599
 10
0.21433981825598253
 20
-0.351966438542422
 10
0.21589240391588102
 20
-0.35113306744017414
 10
0.2173124206852792
 20
-0.35038127719361856
 10
0.21856417693981145
 20
-0.3497280638143583
 10
0.21961198105511237
 20
-0.3491904233139956
 10
0.22042014140681648
 20
-0.3487853517041334
 10
0.22095296637055842
 20
-0.34852984499637424
 10
0.22117476432197244
 20
-0.3484408992023205
 10
0.22128169756163887
 20
-0.3485328192984047
 10
0.22148635786802032
 20
-0.348795549311095
 10
0.22177769783357507
 20
-0.34920954382704855
 10
0.2221446700507615
 20
-0.3497552574329224
 10
0.22257622711203773
 20
-0.3504131447153735
 10
0.22306132160986222
 20
-0.3511636602610586
 10
0.22358890613669327
 20
-0.35198725865663527
 10
0.22414793328498914
 20
-0.3528643944887599
 10
0.22523794416243653
 20
-0.3546254645576504
 10
0.22594724437998556
 20
-0.35595313633067444
 10
0.22610587382160985
 20
-0.35703266633430014
 10
0.22554387237128354
 20
-0.3580493110949964
 10
0.22409127991298045
 20
-0.35918832713923127
 10
0.22157813633067439
 20
-0.3606349709934735
 10
0.21783448150833934
 20
-0.36257449918419143
 10
0.2126903553299492
 20
-0.36519216823785344
 10
0.21038668759064535
 20
-0.36639137848984776
 10
0.20823853335750547
 20
-0.36752515409717174
 10
0.20629263166243655
 20
-0.3685688508430022
 10
0.20459572153734595
 20
-0.3694978245105148
 10
0.20319454201414067
 20
-0.37028743088288607
 10
0.20213583212472805
 20
-0.37091302574329227
 10
0.20146633090101526
 20
-0.3713499648749094
 10
0.20123277737490936
 20
-0.3715736040609138
 10
0.20131492476432197
 20
-0.37186721016134877
 10
0.2015500362581581
 20
-0.372453997461929
 10
0.2019211158448151
 20
-0.3733008237400291
 10
0.20241116751269037
 20
-0.37437454677302395
 10
0.2030031952501813
 20
-0.3756420243382887
 10
0.2036802030456853
 20
-0.37707011421319814
 10
0.20442519488759972
 20
-0.37862567417512694
 10
0.20522117476432197
 20
-0.3802755620014504
 10
0.20702402669506892
 20
-0.38395661484771565
 10
0.2085218002175489
 20
-0.38712608774474255
 10
0.20972214353698335
 20
-0.38980267630529375
 10
0.21063270485859317
 20
-0.39200507614213204
 10
0.21126113238759972
 20
-0.3937519828680204
 10
0.2116150743292241
 20
-0.39506209209572163
 10
0.2117021788886875
 20
-0.3959540994379987
 10
0.21153009427121106
 20
-0.39644670050761427
 10
0.20969211724981882
 20
-0.3975633384699058
 10
0.20590894670050758
 20
-0.3994244017403917
 10
0.2008187828589558
 20
-0.4017545549311095
 10
0.19505982596084115
 20
-0.40427846265409717
 10
0.18927027624184195
 20
-0.40672078952139235
 10
0.1840883339376359
 20
-0.4088062001450327
 10
0.18015219928390136
 20
-0.4102593591370559
 10
0.17810007251631618
 20
-0.41080493110949967
 10
0.17773026763052935
 20
-0.4107250498549675
 10
0.17737151015228433
 20
-0.4104650108774474
 10
0.17700765387055842
 20
-0.40999422135605507
 10
0.17662255257432932
 20
-0.40928208846990566
 10
0.17620006005257435
 20
-0.4082980193981146
 10
0.17572403009427126
 20
-0.40701142131979695
 10
0.17517831648839746
 20
-0.40539170141406816
 10
0.17454677302393043
 20
-0.4034082668600435
 97
0
 92
3
 72
0
 73
1
 93
107
 10
-0.22081218274111675
 20
-0.38963016678752715
 10
-0.22699094112581578
 20
-0.38597772389412627
 10
-0.23206240935460482
 20
-0.3829677302393038
 10
-0.23614301010696157
 20
-0.3805288025743292
 10
-0.23934916606236403
 20
-0.37858955765047125
 10
-0.24179729990029009
 20
-0.37707861221899924
 10
-0.24360383430021756
 20
-0.3759245830311821
 10
-0.2448851919416244
 20
-0.3750560868382886
 10
-0.24575779550398838
 20
-0.3744017403915881
 10
-0.2477882523567803
 20
-0.37266134880348084
 10
-0.2438723712835388
 20
-0.3665699782451052
 10
-0.24305330515772303
 20
-0.36528068913161704
 10
-0.2422418872371284
 20
-0.3639922498187092
 10
-0.24145936253625816
 20
-0.3627395021301668
 10
-0.24072697606961566
 20
-0.3615572878897751
 10
-0.24006597285170414
 20
-0.3604804489213198
 10
-0.23949759789702682
 20
-0.3595438270485859
 10
-0.23904309622008701
 20
-0.35878226409535896
 10
-0.23872371283538796
 20
-0.3582306018854242
 10
-0.23791229491479335
 20
-0.35673226182922424
 10
-0.2372631889050036
 20
-0.3556528734590283
 10
-0.23668036734046413
 20
-0.3549762905638144
 10
-0.23606780275562
 20
-0.3546863669325598
 10
-0.2353294676849166
 20
-0.3547669563542422
 10
-0.23436933466279913
 20
-0.3552019126178392
 10
-0.23309137622371287
 20
-0.35597508951232776
 10
-0.231399564902103
 20
-0.3570703408266861
 10
-0.23044438905003625
 20
-0.35771052393038444
 10
-0.22955039883973896
 20
-0.35831671501087753
 10
-0.22873798948513416
 20
-0.3588753172588832
 10
-0.22802755620014503
 20
-0.3593727338651197
 10
-0.22743949419869472
 20
-0.35979536802030465
 10
-0.2269941986947063
 20
-0.360129622915156
 10
-0.226712064902103
 20
-0.3603619017403917
 10
-0.22661348803480783
 20
-0.36047860768672946
 10
-0.22666603403734592
 20
-0.36062491501994215
 10
-0.226816307106599
 20
-0.36094203226976074
 10
-0.2270532598350254
 20
-0.36141041402284263
 10
-0.22736584481508343
 20
-0.36201051486584473
 10
-0.22774301463923133
 20
-0.3627227893854242
 10
-0.2281737218999275
 20
-0.3635276921682379
 10
-0.22864691918963018
 20
-0.3644056778009426
 10
-0.22915155910079768
 20
-0.3653372008701958
 10
-0.22965619901196518
 20
-0.36627509744379994
 10
-0.23012939630166787
 20
-0.3671705039883974
 10
-0.23056010356236403
 20
-0.368001325688905
 10
-0.23093727338651196
 20
-0.3687454677302393
 10
-0.23124985836656997
 20
-0.36938083529731686
 10
-0.23148681109499636
 20
-0.3698853335750545
 10
-0.23163708416424947
 20
-0.3702368677483684
 10
-0.23168963016678754
 20
-0.3704133430021755
 10
-0.23155805271029734
 20
-0.37058429455221165
 10
-0.23118088288614938
 20
-0.37086996918056564
 10
-0.2305844645123278
 20
-0.3712559202773749
 10
-0.22979514140681653
 20
-0.37172770123277754
 10
-0.22883925738759972
 20
-0.3722708654369108
 10
-0.22774315627266137
 20
-0.37287096627991306
 10
-0.22653318187998547
 20
-0.3735135571519217
 10
-0.22523567802755623
 20
-0.3741841914430747
 10
-0.21870920957215376
 20
-0.37744742567077594
 10
-0.21240029006526467
 20
-0.36555474981870917
 10
-0.2060188542422045
 20
-0.35366207396664257
 10
-0.1873821609862219
 20
-0.3631617113850616
 10
-0.1687454677302393
 20
-0.37273386511965195
 10
-0.17012327773749095
 20
-0.37621464829586654
 10
-0.1704345880166788
 20
-0.3769722455130528
 10
-0.17076459390862941
 20
-0.3777612853517043
 10
-0.17110479740754173
 20
-0.3785588231961566
 10
-0.17144670050761418
 20
-0.3793419144307469
 10
-0.1717818052030457
 20
-0.3800876144398114
 10
-0.17210161348803482
 20
-0.3807729786076867
 10
-0.17239762735678027
 20
-0.3813750623187092
 10
-0.1726613488034808
 20
-0.3818709209572153
 10
-0.1737490935460479
 20
-0.3839738941261784
 10
-0.18745467730239304
 20
-0.37708484408992027
 10
-0.1902492465101523
 20
-0.37569216257251625
 10
-0.19288320340826684
 20
-0.3744142041334301
 10
-0.19529791175670777
 20
-0.37327731259064534
 10
-0.19743473531544597
 20
-0.3723078317621466
 10
-0.1992350378444525
 20
-0.37153210546591736
 10
-0.20064018310369836
 20
-0.37097647751994195
 10
-0.20159153485315448
 20
-0.37066729174220453
 10
-0.2020304568527919
 20
-0.3706308919506888
 10
-0.20229828566896305
 20
-0.37096288071065986
 10
-0.20275901921682377
 20
-0.3717095721537347
 10
-0.20338801327955042
 20
-0.3728233774474256
 10
-0.20416062364031906
 20
-0.37425670775924597
 10
-0.20505220608230604
 20
-0.3759619742567077
 10
-0.20603811638868744
 20
-0.37789158810732415
 10
-0.20709371034263965
 20
-0.3799979604786078
 10
-0.20819434372733867
 20
-0.38223350253807103
 10
-0.20926764186004357
 20
-0.3844829246736766
 10
-0.21029505076142135
 20
-0.3865776831036982
 10
-0.21125107641406815
 20
-0.38847188859680937
 10
-0.21211022480058014
 20
-0.3901196519216823
 10
-0.21284700190355332
 20
-0.39147508384699053
 10
-0.21343591370558376
 20
-0.3924922951414069
 10
-0.21385146618926762
 20
-0.3931253965736041
 10
-0.21406816533720086
 20
-0.39332849891225535
 10
-0.2143014355964467
 20
-0.3932528666606237
 10
-0.2147650018129079
 20
-0.3930361675126904
 10
-0.21543082056744017
 20
-0.39269369787889774
 10
-0.21627084844089925
 20
-0.39224075416968807
 10
-0.21725704201414067
 20
-0.3916926327955041
 10
-0.21836135786802033
 20
-0.3910646301667874
 10
-0.21955575258339377
 20
-0.390372042693981
 10
-0.22081218274111675
 20
-0.38963016678752715
 97
0
 92
3
 72
0
 73
1
 93
125
 10
0.2229876722262509
 20
-0.37991298042059474
 10
0.22195743065627263
 20
-0.37831634676395925
 10
0.2211362400290065
 20
-0.3769704042784626
 10
0.2205020055293691
 20
-0.37581991592639596
 10
0.220032632342277
 20
-0.37480964467005073
 10
0.21970602565264685
 20
-0.3738843534717187
 10
0.2195000906453952
 20
-0.3729888052936911
 10
0.21939273250543873
 20
-0.37206776309825956
 10
0.21936185641769398
 20
-0.37106598984771577
 10
0.21937148749093546
 20
-0.36995898295866575
 10
0.21942530819434372
 20
-0.3691035170413344
 10
0.21956070975344458
 20
-0.36844520485859317
 10
0.2198150833937636
 20
-0.367929659173314
 10
0.2202258203408267
 20
-0.36750249274836844
 10
0.22083031182015952
 20
-0.3671093183466281
 10
0.22166594905728795
 20
-0.36669574873096455
 10
0.22277012327773754
 20
-0.36620739666424945
 10
0.22346766792059475
 20
-0.36591265749637425
 10
0.22413546954314725
 20
-0.36563066533720096
 10
0.22475738193437275
 20
-0.36536736879079046
 10
0.22531725888324872
 20
-0.365128716461204
 10
0.22579895417875276
 20
-0.3649206569525018
 10
0.22618632160986227
 20
-0.3647491388687455
 10
0.2264632149655548
 20
-0.3646201108139957
 10
0.22661348803480783
 20
-0.3645395213923133
 10
0.22672764457940534
 20
-0.3645916424945614
 10
0.22690128716461205
 20
-0.3647933284989122
 10
0.22712591778462654
 20
-0.3651309825960841
 10
0.22739303843364753
 20
-0.36559100797679484
 10
0.22769415110587382
 20
-0.36615980783176216
 10
0.22802075779550396
 20
-0.36682378535170407
 10
0.22836436049673678
 20
-0.3675693437273386
 10
0.22871646120377084
 20
-0.36838288614938364
 10
0.229075360315446
 20
-0.3691788660261059
 10
0.2294393582306019
 20
-0.3699238578680203
 10
0.22979995694343727
 20
-0.3706008656635243
 10
0.23014865844815083
 20
-0.37119289340101524
 10
0.23047696473894125
 20
-0.3716829450688905
 10
0.23077637781000734
 20
-0.3720540246555475
 10
0.2310383996555475
 20
-0.37228913614938364
 10
0.2312545322697607
 20
-0.3723712835387962
 10
0.23205306154822333
 20
-0.37214537821791155
 10
0.23334617476432196
 20
-0.371543011240029
 10
0.23494861539158812
 20
-0.3706772060823061
 10
0.2366751269035533
 20
-0.36966098622189997
 10
0.23834045277374907
 20
-0.3686073751359681
 10
0.23975933647570702
 20
-0.3676293963016679
 10
0.24074652148295864
 20
-0.36684007319615675
 10
0.24111675126903553
 20
-0.3663524292965918
 10
0.24100174492385787
 20
-0.365962654097172
 10
0.24067258883248735
 20
-0.3651513778100073
 10
0.24015307741116748
 20
-0.36396618926758517
 10
0.23946700507614216
 20
-0.3624546773023929
 10
0.23863816624365483
 20
-0.3606644307469181
 10
0.23769035532994923
 20
-0.35864303843364753
 10
0.236647366751269
 20
-0.35643808919506875
 10
0.23553299492385785
 20
-0.3540971718636693
 10
0.23436947629622912
 20
-0.3516554115300941
 10
0.23333597715736037
 20
-0.3494108049311096
 10
0.23244694411711386
 20
-0.3473973440899202
 10
0.23171682378535172
 20
-0.3456490210297318
 10
0.23116006277193615
 20
-0.3441998277737491
 10
0.23079110768672947
 20
-0.3430837563451776
 10
0.23062440513959395
 20
-0.34233479876722256
 10
0.2306744017403916
 20
-0.34198694706308913
 10
0.2320213356598984
 20
-0.3410170413343001
 10
0.2351001631617114
 20
-0.3388506163886875
 10
0.23936531227338656
 20
-0.33586838288614934
 10
0.2442712110224801
 20
-0.33245105148658455
 10
0.24927228743654817
 20
-0.32897933284989117
 10
0.25382296954314715
 20
-0.32583393763596796
 10
0.25737768536983324
 20
-0.32339557650471346
 10
0.25939086294416247
 20
-0.32204496011602607
 10
0.261276287164612
 20
-0.32081218274111684
 10
0.2642494561276288
 20
-0.32516316171138515
 10
0.2648560721084119
 20
-0.3260502118836113
 10
0.2654176486584483
 20
-0.3269024202320523
 10
0.2659231383701958
 20
-0.32769854174220453
 10
0.26636149383611313
 20
-0.32841733139956497
 10
0.2667216676486585
 20
-0.3290375441896302
 10
0.26699261240029004
 20
-0.3295379350978972
 10
0.26716328068346623
 20
-0.3298972591098623
 10
0.2672226250906454
 20
-0.3300942712110225
 10
0.2667946088651196
 20
-0.33070626926214663
 10
0.2656068709209573
 20
-0.3317678118201595
 10
0.26380387735678024
 20
-0.3331777726160261
 10
0.2615300942712111
 20
-0.33483502538071064
 10
0.2589299877628716
 20
-0.3366384438451777
 10
0.2561480239303844
 20
-0.3384869017403916
 10
0.2533286688723712
 20
-0.3402792727973169
 10
0.2506163886874546
 20
-0.3419144307469181
 10
0.24856780275561993
 20
-0.34308177347715746
 10
0.24700870195794056
 20
-0.3440060732414794
 10
0.24588469905728794
 20
-0.34473661847353154
 10
0.2451414068165337
 20
-0.34532269760696144
 10
0.2447244379985497
 20
-0.345813599075417
 10
0.2445794053662074
 20
-0.34625861131254526
 10
0.24465192168237862
 20
-0.3467070227519941
 10
0.2448875997099348
 20
-0.3472081218274111
 10
0.245162085297317
 20
-0.3477208348440899
 10
0.24564222262509058
 20
-0.3485768672951414
 10
0.2463025176758521
 20
-0.34973202955039884
 10
0.24711747643219714
 20
-0.35114213197969535
 10
0.2480616048767223
 20
-0.35276298495286434
 10
0.24910940899202313
 20
-0.3545503988397391
 10
0.2502353947606963
 20
-0.3564601840101523
 10
0.25141406816533723
 20
-0.3584481508339376
 10
0.2525523760424222
 20
-0.36038895372552576
 10
0.2536133520667149
 20
-0.362213333937636
 10
0.2545740516225526
 20
-0.3638796512418419
 10
0.2554115300942713
 20
-0.3653462654097172
 10
0.25610284286620744
 20
-0.3665715362128354
 10
0.2566250453226976
 20
-0.36751382342277
 10
0.2569551928480783
 20
-0.36813148681109503
 10
0.257070340826686
 20
-0.36838288614938364
 10
0.25634970993473544
 20
-0.3691576210116026
 10
0.25437817258883244
 20
-0.3705561094996373
 10
0.25144126178390136
 20
-0.3724134903009428
 10
0.24782451051486584
 20
-0.3745649021029731
 10
0.24381345177664976
 20
-0.3768454835931835
 10
0.23969361856417695
 20
-0.3790903734590283
 10
0.23575054387237124
 20
-0.3811347103879623
 10
0.2322697606961566
 20
-0.38281363306744026
 10
0.226686004350979
 20
-0.3853517041334301
 10
0.2229876722262509
 20
-0.37991298042059474
 97
0
 92
3
 72
0
 73
1
 93
125
 10
-0.2655547498187092
 20
-0.3605511240029007
 10
-0.2663505880620014
 20
-0.359882897480058
 10
-0.26755687998549676
 20
-0.3588900471356056
 10
-0.26911498934916606
 20
-0.3576218614031907
 10
-0.27096627991298045
 20
-0.3561276287164613
 10
-0.2730521154369108
 20
-0.3544566375090646
 10
-0.2753138596809282
 20
-0.3526581762146483
 10
-0.2776928764050036
 20
-0.35078153326686
 10
-0.28013052936910804
 20
-0.3488759970993473
 10
-0.2827074079949239
 20
-0.3468189131617113
 10
-0.284986856417694
 20
-0.3449555837563451
 10
-0.2869501790246556
 20
-0.3433030048948514
 10
-0.28857868020304567
 20
-0.3418781725888327
 10
-0.2898536643401015
 20
-0.34069808284989134
 10
-0.2907564358230602
 20
-0.3397797316896302
 10
-0.29126829903915885
 20
-0.33914011511965203
 10
-0.2913705583756345
 20
-0.33879622915155916
 10
-0.2904849245377085
 20
-0.33748512848984785
 10
-0.28886761240029013
 20
-0.3353369742567078
 10
-0.28677271233683826
 20
-0.33266364326504716
 10
-0.2844543147208122
 20
-0.3297770123277736
 10
-0.28216650992567077
 20
-0.32698895825779556
 10
-0.2801633883248731
 20
-0.32461135786802026
 10
-0.2786990402918782
 20
-0.32295608797135605
 10
-0.278027556200145
 20
-0.3223350253807107
 10
-0.2773757591551849
 20
-0.32265115119651916
 10
-0.2761987853517041
 20
-0.3234907541696882
 10
-0.27468529051849166
 20
-0.32469067258883244
 10
-0.2730239303843365
 20
-0.3260877447425671
 10
-0.27140336067802756
 20
-0.3275188089195069
 10
-0.27001223712835387
 20
-0.3288207034082668
 10
-0.2690392154641044
 20
-0.32983026649746194
 10
-0.26867295141406816
 20
-0.330384336475707
 10
-0.26873215418781726
 20
-0.330592112717549
 10
-0.26890183103698334
 20
-0.3309316080493111
 10
-0.2691700847534445
 20
-0.33138497665881067
 10
-0.2695250181290791
 20
-0.3319343727338651
 10
-0.2699547339557651
 20
-0.3325619504622915
 10
-0.2704473350253807
 20
-0.33324986403190704
 10
-0.27099092412980424
 20
-0.33398026763052935
 10
-0.2715736040609137
 20
-0.3347353154459753
 10
-0.2721562839920232
 20
-0.33549036326142123
 10
-0.2726998730964467
 20
-0.33622076686004354
 10
-0.27319247416606235
 20
-0.3369086804296591
 10
-0.27362218999274834
 20
-0.33753625815808563
 10
-0.27397712336838287
 20
-0.3380856542331399
 10
-0.2742453770848441
 20
-0.3385390228426395
 10
-0.27441505393401017
 20
-0.33887851817440173
 10
-0.27447425670775927
 20
-0.3390862944162436
 10
-0.274042699646483
 20
-0.3395924922951414
 10
-0.27289815989847716
 20
-0.34056608049311093
 10
-0.27126583461747644
 20
-0.341842197697607
 10
-0.2693709209572154
 20
-0.3432559825960841
 10
-0.2674386160714286
 20
-0.34464257387599706
 10
-0.2656941171138506
 20
-0.34583711022480057
 10
-0.26436262123821613
 20
-0.3466747303299492
 10
-0.2636693255982596
 20
-0.3469905728788978
 10
-0.2634269907994924
 20
-0.34676693369289335
 10
-0.2628863759970994
 20
-0.3461260424220449
 10
-0.2620823230148659
 20
-0.3451129384970994
 10
-0.2610496736765772
 20
-0.34377266134880347
 10
-0.2598232698060189
 20
-0.3421502504079043
 10
-0.2584379532269761
 20
-0.3402907451051488
 10
-0.25692856576323425
 20
-0.3382391848712835
 10
-0.2553299492385787
 20
-0.3360406091370559
 10
-0.24749818709209573
 20
-0.32516316171138515
 10
-0.24445250181290792
 20
-0.32762871646120373
 10
-0.24270644488759974
 20
-0.32894392449238574
 10
-0.23981145757795505
 20
-0.3309984590282813
 10
-0.23610066171138505
 20
-0.3335662731145759
 10
-0.23190717911530093
 20
-0.3364213197969543
 10
-0.22756413161711386
 20
-0.3393375521211024
 10
-0.22340464104423496
 20
-0.34208892313270495
 10
-0.21976182922407544
 20
-0.3444493858774475
 10
-0.2169688179840464
 20
-0.3461928934010153
 10
-0.21612666560913704
 20
-0.3467316669688181
 10
-0.2154935641769398
 20
-0.3471718636693256
 10
-0.21505421727701235
 20
-0.3475440763234228
 10
-0.2147933284989123
 20
-0.34787889775199415
 10
-0.21469560143219724
 20
-0.34820692077592463
 10
-0.21474573966642493
 20
-0.34855873821609873
 10
-0.214928446791153
 20
-0.348964942893401
 10
-0.2152284263959391
 20
-0.34945612762871653
 10
-0.21548775720630894
 20
-0.3498293317168237
 10
-0.21582102066715014
 20
-0.3503342548948514
 10
-0.2162137701686004
 20
-0.35094625294597537
 10
-0.21665155910079767
 20
-0.35164068165337214
 10
-0.21711994085387964
 20
-0.3523928968002176
 10
-0.21760446881798406
 20
-0.35317825416968823
 10
-0.21809069638324874
 20
-0.35397210954496017
 10
-0.21856417693981145
 20
-0.35474981870920963
 10
-0.22088469905728791
 20
-0.35859318346627994
 10
-0.22610587382160988
 20
-0.3551124002900653
 10
-0.2298702071247281
 20
-0.3526350899655548
 10
-0.23352746555474985
 20
-0.350304795141407
 10
-0.23696377583393763
 20
-0.3481869504622915
 10
-0.24006526468455405
 20
-0.3463469905728789
 10
-0.24271805882886152
 20
-0.34485035011783904
 10
-0.24480828498912255
 20
-0.343762463741842
 10
-0.24622206988759973
 20
-0.34314876608955763
 10
-0.24684554024655547
 20
-0.3430746918056562
 10
-0.24703617884336476
 20
-0.34332849891225514
 10
-0.2473780819434373
 20
-0.3437998549673676
 10
-0.24785255393401015
 20
-0.34446156635242936
 10
-0.24844089920232054
 20
-0.34528643944887605
 10
-0.2491244221356055
 20
-0.34624728063814353
 10
-0.24988442712110226
 20
-0.3473168963016679
 10
-0.25070221854604785
 20
-0.34846809282088465
 10
-0.25155910079767946
 20
-0.3496736765772299
 10
-0.2535814845449601
 20
-0.35255492544416256
 10
-0.2554466551849166
 20
-0.35514299311095
 10
-0.2571333677030457
 20
-0.3574098361584482
 10
-0.25862037708484414
 20
-0.35932741116751254
 10
-0.25988643831580854
 20
-0.36086767471899933
 10
-0.26091030638143586
 20
-0.36200258339376357
 10
-0.26167073626722265
 20
-0.3627040937726614
 10
-0.2621464829586657
 20
-0.36294416243654826
 10
-0.2623583665699783
 20
-0.3628948740029006
 10
-0.2626586294416244
 20
-0.36275380710659894
 10
-0.263033674764322
 20
-0.36253115935460484
 10
-0.263469905728789
 20
-0.3622371283538797
 10
-0.2639537255257433
 20
-0.36188191171138506
 10
-0.2644715373459028
 20
-0.3614757070340826
 10
-0.2650097443799855
 20
-0.36102871192893415
 10
-0.2655547498187092
 20
-0.3605511240029007
 97
0
 92
3
 72
0
 73
1
 93
113
 10
0.2686004350978971
 20
-0.3555474981870921
 10
0.26817907564358223
 20
-0.3549614190536618
 10
0.26763619470630895
 20
-0.3542036802030456
 10
0.26699303730058016
 20
-0.35330657405728794
 10
0.2662708484408992
 20
-0.35230239303843386
 10
0.26549087314176945
 20
-0.3512234295685279
 10
0.26467435641769405
 20
-0.35010197606961574
 10
0.26384254328317625
 20
-0.3489703249637419
 10
0.2630166787527194
 20
-0.34786076867295146
 10
0.2590282813633068
 20
-0.34256707759245836
 10
0.2611312545322697
 20
-0.34039158810732423
 10
0.2615941125815807
 20
-0.3399145667150109
 10
0.26210116026105873
 20
-0.33941715010877455
 10
0.26263540155910076
 20
-0.3389129350978971
 10
0.2631798404641046
 20
-0.3384155184916606
 10
0.26371748096446695
 20
-0.3379384970993474
 10
0.26423132704858593
 20
-0.3374954677302393
 10
0.2647043827048586
 20
-0.33710002719361865
 10
0.2651196519216823
 20
-0.3367657722987673
 10
0.2670775924583031
 20
-0.3353879622915156
 10
0.2697606961566352
 20
-0.3393763596809282
 10
0.2703535736947065
 20
-0.3401832453317621
 10
0.27092775562001453
 20
-0.3409093999274837
 10
0.27147134472443807
 20
-0.34154207645939083
 10
0.27197244379985497
 20
-0.3420685279187816
 10
0.2724191556381436
 20
-0.3424760072969543
 10
0.2727995830311822
 20
-0.3427517675852066
 10
0.27310182877084843
 20
-0.34288306177483674
 10
0.2733139956490211
 20
-0.34285714285714286
 10
0.2744353075145033
 20
-0.3421658300852067
 10
0.2758124093546049
 20
-0.34124252175489483
 10
0.2773203804840464
 20
-0.3401815457306019
 10
0.278834300217549
 20
-0.33907722987672234
 10
0.2802292478698333
 20
-0.3380239020576504
 10
0.28138030275562004
 20
-0.33711589013778104
 10
0.2821625441896302
 20
-0.3364475219815083
 10
0.2824510514865845
 20
-0.33611312545322697
 10
0.2821039079496012
 20
-0.3353957521301668
 10
0.2811559554024655
 20
-0.3338685188542421
 10
0.27974741094089917
 20
-0.3317345279641044
 10
0.27801849166062353
 20
-0.32919688179840456
 10
0.27610941465736044
 20
-0.3264586826957941
 10
0.2741603970268309
 20
-0.3237230329949239
 10
0.27231165586475703
 20
-0.3211930350344452
 10
0.27070340826686
 20
-0.31907179115300943
 10
0.2700188938995648
 20
-0.3182184497371284
 10
0.26938791696881803
 20
-0.3174118473531545
 10
0.26882322448332124
 20
-0.31667152941443083
 10
0.2683375634517768
 20
-0.31601704133430014
 10
0.2679436808828861
 20
-0.3154679285261059
 10
0.26765432378535176
 20
-0.3150437364031907
 10
0.26748223916787517
 20
-0.3147640103788978
 10
0.26744017403915876
 20
-0.31464829586657006
 10
0.26768774927483674
 20
-0.31444037799129804
 10
0.268346627991298
 20
-0.3138959390862944
 10
0.26937262055837563
 20
-0.31305237037708483
 10
0.2707215373459029
 20
-0.31194706308919506
 10
0.27234918872371283
 20
-0.3106174084481509
 10
0.2742113850616389
 20
-0.3091007976794779
 10
0.2762639367295141
 20
-0.3074346220087019
 10
0.27846265409717186
 20
-0.3056562726613488
 10
0.28071405910079766
 20
-0.30382863488034806
 10
0.2829178752719362
 20
-0.30202139231327046
 10
0.285019715373459
 20
-0.3002821337926033
 10
0.2869651921682378
 20
-0.29865844815083387
 10
0.28869991841914433
 20
-0.2971979242204496
 10
0.29016950688905
 20
-0.2959481508339376
 10
0.2913195703408267
 20
-0.2949567168237853
 10
0.29209572153734586
 20
-0.29427121102248005
 10
0.29265786462110227
 20
-0.29377294461566344
 10
0.2931936638868746
 20
-0.29331716823785353
 10
0.29369037232596085
 20
-0.2929123798948513
 10
0.29413524292965915
 20
-0.29256707759245837
 10
0.29451552868926756
 20
-0.29228975933647566
 10
0.2948184825960841
 20
-0.29208892313270496
 10
0.29503135764140687
 20
-0.2919730669869471
 10
0.2951414068165337
 20
-0.2919506889050036
 10
0.29567692281544594
 20
-0.2926218897298767
 10
0.2965022208121828
 20
-0.29371714104423485
 10
0.29750597693074693
 20
-0.2950826289430747
 10
0.2985768672951414
 20
-0.2965645395213922
 10
0.2996035680293691
 20
-0.2980090588741841
 10
0.3004747552574329
 20
-0.29926237309644665
 10
0.3010791051033358
 20
-0.30017066828317607
 10
0.3013052936910805
 20
-0.3005801305293691
 10
0.30104907881617127
 20
-0.30097656250000004
 10
0.3003025290065265
 20
-0.3017664521392313
 10
0.29909878648477156
 20
-0.3029217560279189
 10
0.29747099347353145
 20
-0.304414430746918
 10
0.29545229219543145
 20
-0.30621643287708483
 10
0.2930758248730964
 20
-0.3082997189992749
 10
0.29037473372915157
 20
-0.3106362456943437
 10
0.2873821609862219
 20
-0.31319796954314727
 10
0.28252356780275556
 20
-0.31725888324873097
 10
0.28941261783901373
 20
-0.3268310369833213
 10
0.2907849041424947
 20
-0.32874818709209574
 10
0.2920560641769398
 20
-0.33055656272661355
 10
0.29319975412436544
 20
-0.3322153734590283
 10
0.2941896301667875
 20
-0.3336838288614939
 10
0.294999348486222
 20
-0.3349211385061638
 10
0.2956025652646847
 20
-0.3358865119651922
 10
0.29597293668419145
 20
-0.3365391588107325
 10
0.2960841189267585
 20
-0.33683828861493836
 10
0.2951517460569254
 20
-0.337851817440174
 10
0.29296251812907903
 20
-0.33983411892675847
 10
0.28985720517585206
 20
-0.34250305928208846
 10
0.2861765772298766
 20
-0.3455765047135604
 10
0.2822614043237855
 20
-0.34877232142857145
 10
0.2784524564902104
 20
-0.3518083756345177
 10
0.2750905037617839
 20
-0.3544025335387962
 10
0.2725163161711385
 20
-0.3562726613488035
 10
0.27026831036983323
 20
-0.35786802030456855
 10
0.2686004350978971
 20
-0.3555474981870921
 97
0
 92
3
 72
0
 73
1
 93
87
 10
-0.2719361856417694
 20
-0.32153734590282823
 10
-0.27361156748549675
 20
-0.3201503297226251
 10
-0.27529119833212473
 20
-0.31873527012327796
 10
-0.27693173835206675
 20
-0.31733210773205217
 10
-0.27848984771573604
 20
-0.3159807831762148
 10
-0.27992218659354606
 20
-0.31472123708303124
 10
-0.28118541515591006
 20
-0.31359341007976793
 10
-0.2822361935732415
 20
-0.3126372427936911
 10
-0.2830311820159536
 20
-0.31189267585206665
 10
-0.2860768672951414
 20
-0.3089920232052211
 10
-0.29535895576504717
 20
-0.31812907904278465
 10
-0.30456852791878175
 20
-0.3273386511965193
 10
-0.31725888324873097
 20
-0.3152284263959391
 10
-0.31983576187454676
 20
-0.31277717662255267
 10
-0.32230556562726614
 20
-0.3104117567077592
 10
-0.32460880846627993
 20
-0.3081908028915881
 10
-0.326686004350979
 20
-0.30617295141406825
 10
-0.32847766724075417
 20
-0.3044168385152285
 10
-0.32992431109499637
 20
-0.30298110043509785
 10
-0.3309664498730964
 20
-0.30192437341370554
 10
-0.33154459753444526
 20
-0.3013052936910805
 10
-0.3331399564902103
 20
-0.2993473531544597
 10
-0.32487309644670054
 20
-0.2920232052211748
 10
-0.323196581535533
 20
-0.2905394534082669
 10
-0.3216177936910805
 20
-0.2891542784626542
 10
-0.3201732743382886
 20
-0.28789827320522116
 10
-0.31889956490210297
 20
-0.2868020304568528
 10
-0.3178332068074692
 20
-0.2858961430384337
 10
-0.31701074147933284
 20
-0.2852112037708485
 10
-0.3164687103426396
 20
-0.28477780547498194
 10
-0.3162436548223351
 20
-0.28462654097171863
 10
-0.3160964976885424
 20
-0.2847086883611313
 10
-0.31582781907179114
 20
-0.2849437998549674
 10
-0.31545206558194344
 20
-0.28531487944162437
 10
-0.3149836838288615
 20
-0.28580493110949967
 10
-0.31443712042240757
 20
-0.28639695884699057
 10
-0.31382682197244377
 20
-0.28707396664249457
 10
-0.3131672350888325
 20
-0.287818958484409
 10
-0.3124728063814358
 20
-0.2886149383611313
 10
-0.3090645395213923
 20
-0.292675852066715
 10
-0.3124002900652647
 20
-0.2960841189267585
 10
-0.31308806200145034
 20
-0.2967883203408266
 10
-0.3137282451051487
 20
-0.2974755257432922
 10
-0.3143072425670776
 20
-0.2981287391225525
 10
-0.31481145757795503
 20
-0.29873096446700514
 10
-0.3152272933284989
 20
-0.2992652057650471
 10
-0.31554115300942714
 20
-0.2997144670050762
 10
-0.3157394398114576
 20
-0.30006175217548947
 10
-0.3158085569253082
 20
-0.3002900652646845
 10
-0.31570006571791154
 20
-0.30053070046229163
 10
-0.3153893219724438
 20
-0.30096424039158803
 10
-0.3148984205039884
 20
-0.3015660408357505
 10
-0.3142494561276287
 20
-0.3023114575779549
 10
-0.3134645236584482
 20
-0.30317584640137774
 10
-0.3125657179115301
 20
-0.30413456308919506
 10
-0.31157513370195794
 20
-0.305162963424583
 10
-0.3105148658448151
 20
-0.3062364031907179
 10
-0.305221174764322
 20
-0.31145757795503987
 10
-0.29572153734590284
 20
-0.3018129079042785
 10
-0.2861493836113126
 20
-0.29216823785351714
 10
-0.28013052936910804
 20
-0.29789702683103697
 10
-0.2787331739485135
 20
-0.299193114349166
 10
-0.2770825779550399
 20
-0.3007059010152283
 10
-0.2752382274292966
 20
-0.3023801497915156
 10
-0.2732596084118926
 20
-0.3041606236403191
 10
-0.2712062069434373
 20
-0.30599208552393053
 10
-0.26913750906453954
 20
-0.307819298404641
 10
-0.2671130008158085
 20
-0.30958702524474263
 10
-0.2651921682378535
 20
-0.31124002900652653
 10
-0.26341707645939083
 20
-0.3127846831943439
 10
-0.2617601069615664
 20
-0.31424265772298754
 10
-0.2602578011693256
 20
-0.3155816601704134
 10
-0.2589467005076142
 20
-0.31676939811457583
 10
-0.2578633464013778
 20
-0.3177735791334301
 10
-0.25704428027556203
 20
-0.3185619108049311
 10
-0.25652604355511244
 20
-0.3191021007070341
 10
-0.2563451776649746
 20
-0.31936185641769405
 10
-0.2564478619017404
 20
-0.3195285589648296
 10
-0.2566907632342277
 20
-0.31985247461928945
 10
-0.2570577354514141
 20
-0.3203140579677302
 10
-0.2575326323422771
 20
-0.32089376359680916
 10
-0.25809930769579403
 20
-0.32157204609318335
 10
-0.2587416153009427
 20
-0.3223293600435098
 10
-0.25944340894670054
 20
-0.3231461600344452
 10
-0.260188542422045
 20
-0.3240029006526468
 10
-0.26403190717911534
 20
-0.32820884699057284
 10
-0.2719361856417694
 20
-0.32153734590282823
 97
0
 92
3
 72
0
 73
1
 93
105
 10
0.30072516316171144
 20
-0.31834662799129804
 10
0.2939811457577956
 20
-0.3116026105873822
 10
0.2971718636693256
 20
-0.3097171863669325
 10
0.29783499138868735
 20
-0.3092942689448876
 10
0.2985066171138506
 20
-0.30884925670775915
 10
0.2991680452320522
 20
-0.30839404686366934
 10
0.2998005801305295
 20
-0.30794053662073956
 10
0.3003855261965192
 20
-0.30750062318709204
 10
0.300904187817259
 20
-0.30708620377084844
 10
0.3013378693799855
 20
-0.3067091755801304
 10
0.30166787527193617
 20
-0.3063814358230602
 10
0.30212860881979703
 20
-0.30590852180021755
 10
0.30251201051486604
 20
-0.3055894216823786
 10
0.3028699181925308
 20
-0.30544198128172584
 10
0.30325416968818003
 20
-0.3054840464104424
 10
0.30371660283720087
 20
-0.3057334628807107
 10
0.30430905547498194
 20
-0.30620807650471354
 10
0.30508336543691084
 20
-0.3069257330946339
 10
0.3060913705583756
 20
-0.30790427846265406
 10
0.3092095721537347
 20
-0.3109499637418419
 10
0.3127628716461204
 20
-0.3079767947788253
 10
0.3147382330946337
 20
-0.30631585954496005
 10
0.31615187635968095
 20
-0.30503648477157363
 10
0.3170063508430021
 20
-0.3039831569525018
 10
0.31730420594633796
 20
-0.3030003625815809
 10
0.31704799107142856
 20
-0.30193258815264673
 10
0.3162402556200144
 20
-0.30062432015953583
 10
0.31488354899383597
 20
-0.298920045096084
 10
0.3129804205946337
 20
-0.29666424945612757
 10
0.3118813451776649
 20
-0.29537467707577947
 10
0.31072788252356787
 20
-0.2940842548948513
 10
0.3095540246555475
 20
-0.2928261251359682
 10
0.30839376359680937
 20
-0.291633430021755
 10
0.3072810913705583
 20
-0.2905393117748368
 10
0.30624999999999997
 20
-0.28957691261783913
 10
0.3053344815083395
 20
-0.2887793747733865
 10
0.30456852791878175
 20
-0.2881798404641045
 10
0.30390780796773026
 20
-0.2876955957668601
 10
0.30329382704858593
 20
-0.28722919688179854
 10
0.3027393321700508
 20
-0.28679169121646114
 10
0.3022570703408267
 20
-0.28639412617839016
 10
0.30185978856961565
 20
-0.286047549175127
 10
0.30156023386511965
 20
-0.28576300761421325
 10
0.30137115323604063
 20
-0.2855515489031907
 10
0.3013052936910805
 20
-0.2854242204496011
 10
0.3013745524383612
 20
-0.2853011409989122
 10
0.3015738306744017
 20
-0.2850514412617839
 10
0.30189038139050034
 20
-0.2846912674492385
 10
0.3023114575779549
 20
-0.28423676577229884
 10
0.30282431222806383
 20
-0.2837040824419869
 10
0.30341619833212463
 20
-0.2831093636693255
 10
0.3040743688814358
 20
-0.2824687556653372
 10
0.30478607686729514
 20
-0.28179840464104416
 10
0.305657972262509
 20
-0.28092296841007974
 10
0.30682559825960837
 20
-0.27974415337200875
 10
0.3082379668237854
 20
-0.2783120977610587
 10
0.30984408992023194
 20
-0.2766769398114577
 10
0.31159297951414067
 20
-0.27488881775743285
 10
0.31343364757070336
 20
-0.27299786983321245
 10
0.31531510605511237
 20
-0.271054234273024
 10
0.3171863669325599
 20
-0.26910804931109494
 10
0.326178390137781
 20
-0.25982596084118925
 10
0.32987672226250914
 20
-0.2635242929659174
 10
0.3335750543872371
 20
-0.2672226250906454
 10
0.32813633067440173
 20
-0.2728063814358231
 10
0.32463586045141407
 20
-0.2764600990300944
 10
0.32195544778825236
 20
-0.2792886602610587
 10
0.3199973656182016
 20
-0.28141188701051495
 10
0.3186638868745468
 20
-0.2829496011602611
 10
0.3178572844905729
 20
-0.2840216245920958
 10
0.3174798313995649
 20
-0.2847477791878174
 10
0.31743380053480785
 20
-0.28524788682922403
 10
0.31762146482958664
 20
-0.28564176939811464
 10
0.3179089806925308
 20
-0.2860098746827411
 10
0.3184259427121102
 20
-0.2866558647570704
 10
0.3191434576686004
 20
-0.2875448977973169
 10
0.3200326323422769
 20
-0.28864213197969535
 10
0.32106457351341555
 20
-0.2899127254804205
 10
0.3222103879622915
 20
-0.291321836475707
 10
0.3234411824691806
 20
-0.29283462314176945
 10
0.3247280638143582
 20
-0.29441624365482233
 10
0.326029108502538
 20
-0.2959737864847715
 10
0.32725027193618567
 20
-0.2974675942712109
 10
0.328366060097897
 20
-0.29886112558919514
 10
0.32935097897026827
 20
-0.3001178390137781
 10
0.33017953453589555
 20
-0.30120119312001453
 10
0.33082623277737483
 20
-0.3020746464829586
 10
0.3312655796773024
 20
-0.302701657677665
 10
0.33147208121827404
 20
-0.3030456852791879
 10
0.33068587404822347
 20
-0.304400550670776
 10
0.3282824963741841
 20
-0.3071133973894125
 10
0.32476587994017414
 20
-0.31070663750906463
 10
0.32063995649021027
 20
-0.31470268310369826
 10
0.3164086577683103
 20
-0.3186239462472807
 10
0.3125759155184916
 20
-0.3219928390137781
 10
0.3096456614847715
 20
-0.3243317734771574
 10
0.3081218274111676
 20
-0.32516316171138515
 10
0.307851590826686
 20
-0.3250011330674402
 10
0.30733321247280637
 20
-0.3245875634517767
 10
0.3065972851704134
 20
-0.32394964648295865
 10
0.3056744017403917
 20
-0.3231145757795503
 10
0.3045951550036259
 20
-0.32210954496011596
 10
0.3033901377810007
 20
-0.3209617476432196
 10
0.302089942893401
 20
-0.3196983774474257
 10
0.30072516316171144
 20
-0.31834662799129804
 97
0
 92
3
 72
0
 73
1
 93
133
 10
-0.3131979695431472
 20
-0.28179840464104416
 10
-0.3231327048585932
 20
-0.2709934735315446
 10
-0.3326323422770123
 20
-0.27889775199419864
 10
-0.33454963401921683
 20
-0.28048659581218277
 10
-0.33635900108774475
 20
-0.28196836475707027
 10
-0.33802050285533
 20
-0.2833107664068165
 10
-0.3394941986947063
 20
-0.28448150833937635
 10
-0.3407401479786077
 20
-0.2854482981327048
 10
-0.34171841007976794
 20
-0.2861788433647571
 10
-0.342389044370921
 20
-0.28664085161348796
 10
-0.3427121102248006
 20
-0.2868020304568528
 10
-0.3439073547407542
 20
-0.28578651876359684
 10
-0.34633226069615664
 20
-0.28304251269035546
 10
-0.34963246124909353
 20
-0.279023805746918
 10
-0.3534535895576505
 20
-0.2741841914430748
 10
-0.357441278779913
 20
-0.26897746328861494
 10
-0.36124116207396667
 20
-0.2638574147933285
 10
-0.36449887259789704
 20
-0.25927783946700506
 10
-0.3668600435097897
 20
-0.2556925308194343
 10
-0.36680976364213197
 20
-0.25548489621102244
 10
-0.3665121918056563
 20
-0.25514639231327046
 10
-0.3659919722171864
 20
-0.25469571473894115
 10
-0.36527374909354604
 20
-0.2541515591007978
 10
-0.3643821666515591
 20
-0.25353262101160273
 10
-0.36334186910804933
 20
-0.25285759608411906
 10
-0.3621775006798405
 20
-0.25214517993110963
 10
-0.36091370558375635
 20
-0.25141406816533723
 10
-0.35956025652646845
 20
-0.25062616139412613
 10
-0.358189811457578
 20
-0.24980171319796954
 10
-0.3568397616026106
 20
-0.24896536779369108
 10
-0.35554749818709214
 20
-0.24814176939811458
 10
-0.35435041243654825
 20
-0.24735556222806385
 10
-0.3532858955765047
 20
-0.24663139050036273
 10
-0.35239133883248736
 20
-0.24599389843183467
 10
-0.35170413343002177
 20
-0.24546773023930385
 10
-0.35114524791515594
 20
-0.2450411303480784
 10
-0.350618654822335
 20
-0.24463832487309647
 10
-0.35013625135968096
 20
-0.2442695114213198
 10
-0.3497099347353155
 20
-0.24394488759971
 10
-0.34935160215736044
 20
-0.24367465101522842
 10
-0.34907315083393764
 20
-0.24346899927483692
 10
-0.34888647797316896
 20
-0.24333812998549678
 10
-0.34880348078317625
 20
-0.2432922407541697
 10
-0.34838254622915155
 20
-0.24369547112944173
 10
-0.34754350978970266
 20
-0.2447640953589557
 10
-0.34643253716461203
 20
-0.24628651309825958
 10
-0.3451957940536621
 20
-0.24805112400290066
 10
-0.3439794461566352
 20
-0.2498463277284264
 10
-0.34292965917331397
 20
-0.25146052393038426
 10
-0.3421925988034808
 20
-0.2526821122643219
 10
-0.3419144307469181
 20
-0.25329949238578675
 10
-0.34199657813633066
 20
-0.25348743994742573
 10
-0.3422316896301668
 20
-0.253769715373459
 10
-0.3426027692168238
 20
-0.2541318720540247
 10
-0.34309282088469906
 20
-0.2545594633792603
 10
-0.34368484862219
 20
-0.25503804273930397
 10
-0.344361856417694
 20
-0.255553163524293
 10
-0.3451068482596084
 20
-0.2560903791243656
 10
-0.34590282813633066
 20
-0.2566352429296592
 10
-0.346698808013053
 20
-0.2571735915971719
 10
-0.3474437998549674
 20
-0.25769239485134166
 10
-0.3481208076504714
 20
-0.2581789056834664
 10
-0.3487128353879623
 20
-0.25862037708484414
 10
-0.3492028870558376
 20
-0.25900406204677295
 10
-0.34957396664249457
 20
-0.259317213560551
 10
-0.34980907813633066
 20
-0.2595470846174764
 10
-0.3498912255257433
 20
-0.2596809282088469
 10
-0.3498089365029007
 20
-0.2598803480783176
 10
-0.3495728335750544
 20
-0.2602973168963017
 10
-0.34919906295322695
 20
-0.2609046410442349
 10
-0.3487037708484409
 20
-0.26167512690355327
 10
-0.34810310347171863
 20
-0.2625815808556925
 10
-0.3474132070340827
 20
-0.26359680928208845
 10
-0.3466502277465555
 20
-0.264693618564177
 10
-0.34583031182015955
 20
-0.2658448150833937
 10
-0.34491366026105874
 20
-0.2671042195431472
 10
-0.34407179115300945
 20
-0.26821065989847714
 10
-0.34331150290065265
 20
-0.26915393854242203
 10
-0.34263959390862947
 20
-0.26992385786802026
 10
-0.34206286258158086
 20
-0.2705102202683103
 10
-0.34158810732414796
 20
-0.27090282813633054
 10
-0.3412221265409717
 20
-0.2710914838651196
 10
-0.34097171863669323
 20
-0.27106598984771574
 10
-0.34011908538796226
 20
-0.2705086623005801
 10
-0.3387735678027556
 20
-0.26954428027556193
 10
-0.3370405411530094
 20
-0.268255274428934
 10
-0.3350253807106599
 20
-0.26672407541696885
 10
-0.3328334617476432
 20
-0.2650331138959391
 10
-0.3305701595358956
 20
-0.26326482052211747
 10
-0.32834084934735314
 20
-0.2615016259517766
 10
-0.3262509064539521
 20
-0.25982596084118925
 10
-0.3252110338107324
 20
-0.25897899292965915
 10
-0.3242272480058013
 20
-0.25818981145757786
 10
-0.3233216438542422
 20
-0.25747541243654826
 10
-0.3225163161711385
 20
-0.25685279187817245
 10
-0.3218333597715736
 20
-0.25633894579405364
 10
-0.3212948694706309
 20
-0.25595087019579404
 10
-0.3209229400833938
 20
-0.2557055610949964
 10
-0.3207396664249456
 20
-0.2556200145032632
 10
-0.320566307106599
 20
-0.255735162481871
 10
-0.32022298767222623
 20
-0.2560653100072517
 10
-0.3197301033357505
 20
-0.25658751246374184
 10
-0.319108049311095
 20
-0.25727882523567797
 10
-0.3183772208121828
 20
-0.2581163037073967
 10
-0.31755801305293696
 20
-0.2590770032632343
 10
-0.31667082124728063
 20
-0.2601379792875271
 10
-0.31573604060913707
 20
-0.261276287164612
 10
-0.31463030842095724
 20
-0.26257478245105154
 10
-0.3132534898477157
 20
-0.26414521392313267
 10
-0.31166082192712113
 20
-0.26592639593908635
 10
-0.30990754169688184
 20
-0.26785714285714285
 10
-0.30804888619470633
 20
-0.26987626903553297
 10
-0.30614009245830315
 20
-0.2719225888324874
 10
-0.30423639752538073
 20
-0.27393491660623637
 10
-0.30239303843364757
 20
-0.27585206671501095
 10
-0.29369108049311093
 20
-0.28477157360406097
 10
-0.29804205946337925
 20
-0.28868745467730234
 10
-0.298925852066715
 20
-0.28948031861856416
 10
-0.29976885424220445
 20
-0.2902170957215373
 10
-0.3005506707759246
 20
-0.29088248957577956
 10
-0.30125090645395214
 20
-0.29146120377084844
 10
-0.30184916606236406
 20
-0.2919379418963016
 10
-0.3023250543872371
 20
-0.29229740754169686
 10
-0.3026581762146483
 20
-0.29252430429659165
 10
-0.3028281363306744
 20
-0.29260333575054387
 10
-0.3031131027918782
 20
-0.2923829541334301
 10
-0.3037753807106599
 20
-0.29175126903553306
 10
-0.3047707804568528
 20
-0.29075247008701954
 10
-0.3060551124002901
 20
-0.2894307469180566
 10
-0.3075841869108049
 20
-0.28783028915881076
 10
-0.3093138143582306
 20
-0.28599528643944877
 10
-0.3111998051124003
 20
-0.28396992839013785
 10
-0.3131979695431472
 20
-0.28179840464104416
 97
0
 92
3
 72
0
 73
1
 93
85
 10
0.3343002175489485
 20
-0.28535170413343003
 10
0.32777374909354606
 20
-0.2788252356780276
 10
0.3316171138506164
 20
-0.27505438723712833
 10
0.3353879622915156
 20
-0.2712835387962291
 10
0.33850616388687454
 20
-0.27432922407541693
 10
0.34162436548223346
 20
-0.2773749093546048
 10
0.34539521392313266
 20
-0.2735315445975345
 10
0.34616102587926023
 20
-0.27275284399927496
 10
0.3468716007976795
 20
-0.27200643582306017
 10
0.3475124920685279
 20
-0.27131101568165333
 10
0.3480692530819436
 20
-0.27068527918781715
 10
0.3485274372280638
 20
-0.2701479219543146
 10
0.3488725978970269
 20
-0.2697176395939086
 10
0.3490902884789703
 20
-0.2694131277193618
 10
0.3491660623640319
 20
-0.2692530819434372
 10
0.34888647797316896
 20
-0.26877860995286434
 10
0.348098712835388
 20
-0.2678911348803481
 10
0.3468792490029007
 20
-0.26666034037345904
 10
0.3453045685279189
 20
-0.265155910079768
 10
0.3434511534626541
 20
-0.2634475276468457
 10
0.3413954858593185
 20
-0.2616048767222626
 10
0.3392140477701233
 20
-0.25969764095358955
 10
0.3369833212472807
 20
-0.2577955039883974
 10
0.33608224936548237
 20
-0.25701326255438717
 10
0.335240663524293
 20
-0.2562556653372008
 10
0.3344772593364757
 20
-0.25554055814902105
 10
0.3338107324147932
 20
-0.25488578680203045
 10
0.33325977837200876
 20
-0.2543091971084119
 10
0.33284309282088465
 20
-0.253828634880348
 10
0.3325793713741842
 20
-0.2534619459300218
 10
0.33248730964467005
 20
-0.2532269760696157
 10
0.3327576878625815
 20
-0.252518100752357
 10
0.33353539702683105
 20
-0.25119991841914424
 10
0.33477029890319077
 20
-0.24934296251812904
 10
0.336412255257433
 20
-0.2470177664974618
 10
0.33841112785532995
 20
-0.24429486380529372
 10
0.34071677846265414
 20
-0.24124478788977524
 10
0.34327906884517767
 20
-0.23793807219905722
 10
0.346047860768673
 20
-0.23444525018129075
 10
0.35293691080493117
 20
-0.22588832487309646
 10
0.35649021029731687
 20
-0.22893401015228432
 10
0.35720177664974634
 20
-0.22955379804205955
 10
0.3578589557650471
 20
-0.23015319071791154
 10
0.3584481508339376
 20
-0.23071859137055842
 10
0.3589557650471356
 20
-0.23123640319071792
 10
0.3593682015953589
 20
-0.2316930293691081
 10
0.35967186366932574
 20
-0.23207487309644678
 10
0.3598531544597534
 20
-0.23236833756345188
 10
0.3598984771573604
 20
-0.23255982596084124
 10
0.35970273975707023
 20
-0.23285229899383617
 10
0.35924356417693976
 20
-0.23348554205946348
 10
0.3585498436366933
 20
-0.23441961453045687
 10
0.35765047135605516
 20
-0.23561457577955042
 10
0.3565743405547498
 20
-0.23703048517947792
 10
0.3553503444525017
 20
-0.2386274021029732
 10
0.3540073762690355
 20
-0.24036538592277013
 10
0.35257432922407544
 20
-0.24220449601160263
 10
0.34539521392313266
 20
-0.25126903553299496
 10
0.35257432922407544
 20
-0.25910079767947786
 10
0.3540236641134881
 20
-0.26068581739485114
 10
0.35541266316171144
 20
-0.2622088016678753
 10
0.3567081841461204
 20
-0.26363490867476436
 10
0.3578770848440898
 20
-0.2649292965917332
 10
0.35888622303299494
 20
-0.26605712359499634
 10
0.35970245649021027
 20
-0.2669835478607686
 10
0.3602926429931108
 20
-0.2676737275652647
 10
0.3606236403190718
 20
-0.2680928208846991
 10
0.3608411892675851
 20
-0.26849421002538076
 10
0.3608683828861494
 20
-0.26897887962291517
 10
0.3606644307469181
 20
-0.2696097149202321
 10
0.360188542422045
 20
-0.2704496011602611
 10
0.3593999274836838
 20
-0.2715614235859319
 10
0.35825779550398834
 20
-0.27300806744017414
 10
0.35672135605511246
 20
-0.27485241796591736
 10
0.35474981870920963
 20
-0.2771573604060914
 10
0.3532987842186369
 20
-0.2787913852882523
 10
0.35180271029731686
 20
-0.28045345358955764
 10
0.3503049367748368
 20
-0.2820968262781001
 10
0.3488488034807832
 20
-0.2836747643219725
 10
0.3474776502447426
 20
-0.2851405286892675
 10
0.34623481689630153
 20
-0.2864473803480783
 10
0.3451636432650471
 20
-0.28754858026649743
 10
0.3443074691805656
 20
-0.2883973894126179
 10
0.3407541696881799
 20
-0.2918781725888325
 10
0.3343002175489485
 20
-0.28535170413343003
 97
0
 92
3
 72
0
 73
1
 93
83
 10
0.36272661348803487
 20
-0.24931109499637416
 10
0.3556200145032633
 20
-0.24394488759971
 10
0.35902828136330667
 20
-0.2399564902102973
 10
0.36243654822335025
 20
-0.23604060913705585
 10
0.36555474981870917
 20
-0.23857868020304568
 10
0.3661742544416243
 20
-0.23908332011421318
 10
0.366771664249456
 20
-0.23955651740391593
 10
0.3673316828317622
 20
-0.23998722466461203
 10
0.3678390137781001
 20
-0.24036439448875996
 10
0.3682783606780275
 20
-0.240676979468818
 10
0.3686344271211022
 20
-0.24091393219724436
 10
0.3688919166968818
 20
-0.2410642052664975
 10
0.3690355329949239
 20
-0.24111675126903553
 10
0.36942842412980414
 20
-0.24075402805474985
 10
0.3701935279187818
 20
-0.23979219543147207
 10
0.37119997507251634
 20
-0.23842075892857142
 10
0.37231689630166787
 20
-0.23682922407541696
 10
0.3734134223168964
 20
-0.23520709640137782
 10
0.37435868382886145
 20
-0.2337438814358231
 10
0.3750218115482234
 20
-0.23262908470812182
 10
0.3752719361856418
 20
-0.23205221174764323
 10
0.3751655694796955
 20
-0.23174982437454678
 10
0.3748153100072516
 20
-0.23130552030456852
 10
0.37417441873640317
 20
-0.23067935891044236
 10
0.3731961566352428
 20
-0.2298313995649022
 10
0.3718337846718637
 20
-0.22872170164068165
 10
0.3700405638143581
 20
-0.22731032451051486
 10
0.36776975503081943
 20
-0.2255573275471356
 10
0.36497461928934005
 20
-0.22342277012327777
 10
0.35786802030456855
 20
-0.21805656272661353
 10
0.3630166787527193
 20
-0.21015228426395938
 10
0.36569397548042076
 20
-0.20617847511783896
 10
0.3681596718636694
 20
-0.2026049220449601
 10
0.37038572448332124
 20
-0.19947156567258884
 10
0.372344089920232
 20
-0.19681834662799133
 10
0.37400672475525737
 20
-0.19468520553843363
 10
0.37534558556925307
 20
-0.19311208303118205
 10
0.37633262894307457
 20
-0.19213891973350253
 10
0.37693981145757793
 20
-0.19180565627266136
 10
0.3771712404822333
 20
-0.19185154550398845
 10
0.3775267403915881
 20
-0.19198241479332848
 10
0.37798761557287897
 20
-0.1921880665337201
 10
0.378535170413343
 20
-0.19245830311820158
 10
0.37915070930021755
 20
-0.19278292693981147
 10
0.3798155366207397
 20
-0.19315174039158814
 10
0.38051095676214647
 20
-0.19355454586656998
 10
0.3812182741116752
 20
-0.19398114575779551
 10
0.3845540246555475
 20
-0.1960841189267585
 10
0.37795503988397394
 20
-0.2060188542422045
 10
0.37128353879622916
 20
-0.21595358955765045
 10
0.37338651196519224
 20
-0.21747643219724436
 10
0.3753436027012329
 20
-0.21892038501631608
 10
0.37748594996374196
 20
-0.22057083937635966
 10
0.3796860836656998
 20
-0.22232157020485863
 10
0.38181653372008695
 20
-0.22406635242929673
 10
0.38374983003988405
 20
-0.22569896097715736
 10
0.3853585025380712
 20
-0.22711317077592466
 10
0.38651508112762867
 20
-0.2282027567530819
 10
0.3870920957215373
 20
-0.22886149383611315
 10
0.3872119176033355
 20
-0.2292470200326324
 10
0.3871804749818711
 20
-0.22977021392313277
 10
0.38698247144670045
 20
-0.23045996872733865
 10
0.3866026105873823
 20
-0.23134517766497453
 10
0.3860255959934735
 20
-0.23245473395576507
 10
0.3852361312545322
 20
-0.2338175308194344
 10
0.38421891996011603
 20
-0.2354624614757071
 10
0.3829586656997824
 20
-0.23741841914430745
 10
0.3808548427302394
 20
-0.24060517131979703
 10
0.3787323241479334
 20
-0.24372733865119647
 10
0.3766743904097171
 20
-0.24667274746192902
 10
0.37476432197244397
 20
-0.24932922407541702
 10
0.37308539929296586
 20
-0.25158459481508344
 10
0.3717209028281364
 20
-0.25332668600435104
 10
0.37075411303480776
 20
-0.25444332396664243
 10
0.37026831036983315
 20
-0.25482233502538076
 10
0.3700424050489485
 20
-0.25468665019942005
 10
0.3695488125453226
 20
-0.254348712835388
 10
0.36881897548042064
 20
-0.25383061774836835
 10
0.36788433647570706
 20
-0.25315445975344447
 10
0.36677633815264676
 20
-0.25234233366569986
 10
0.3655264231327048
 20
-0.25141633430021754
 10
0.3641660340373458
 20
-0.25039855647208126
 10
0.36272661348803487
 20
-0.24931109499637416
 97
0
 92
3
 72
0
 73
1
 93
123
 10
-0.33959390862944167
 20
-0.24822335025380707
 10
-0.34025802778281367
 20
-0.24729650108774467
 10
-0.3410861584481509
 20
-0.2461249093546048
 10
-0.3420451584028281
 20
-0.24475616388687452
 10
-0.3431018854242205
 20
-0.2432378535170413
 10
-0.3442231972897027
 20
-0.24161756707759244
 10
-0.34537595177664976
 20
-0.23994289340101524
 10
-0.3465270066624366
 20
-0.23826142131979697
 10
-0.347643219724438
 20
-0.2366207396664249
 10
-0.3486830923676577
 20
-0.23503501178390138
 10
-0.34966687817258885
 20
-0.23356145757795502
 10
-0.35057248232414795
 20
-0.23223066986947064
 10
-0.35137781000725166
 20
-0.23107324147933284
 10
-0.35206076640681655
 20
-0.23011976522842637
 10
-0.35259925670775927
 20
-0.22940083393763597
 10
-0.3529711860949964
 20
-0.22894704042784625
 10
-0.35315445975344456
 20
-0.22878897751994198
 10
-0.3534419756163887
 20
-0.2289303276831037
 10
-0.35416288977519944
 20
-0.22933511602610585
 10
-0.3552679137962292
 20
-0.2299744493292241
 10
-0.3567077592458303
 20
-0.23081943437273383
 10
-0.35843313769035534
 20
-0.2318411779369108
 10
-0.36039476069615667
 20
-0.23301078680203044
 10
-0.36254333982958664
 20
-0.23429936774836835
 10
-0.36482958665699783
 20
-0.23567802755620015
 10
-0.36714628467186367
 20
-0.23704365708846992
 10
-0.3693312635968093
 20
-0.2382954133430022
 10
-0.37133438519760703
 20
-0.23940780230239309
 10
-0.37310551124002905
 20
-0.2403553299492386
 10
-0.37459450348984774
 20
-0.2411125022661349
 10
-0.3757512237128354
 20
-0.24165382523567805
 10
-0.3765255336747643
 20
-0.2419538048404642
 10
-0.3768672951414069
 20
-0.24198694706308924
 10
-0.37833745014503267
 20
-0.24000563701051486
 10
-0.3807695794053662
 20
-0.2362117023205222
 10
-0.38380676667875274
 20
-0.2312195488125453
 10
-0.3870920957215373
 20
-0.22564358230601889
 10
-0.3902686502900653
 20
-0.22009820862037713
 10
-0.3929795141406817
 20
-0.2151978335750544
 10
-0.3948677710297317
 20
-0.21155686298948512
 10
-0.39557650471356054
 20
-0.20978970268310368
 10
-0.3947703272298767
 20
-0.209193142675852
 10
-0.3926350616388688
 20
-0.20798132704858593
 10
-0.3895956082306019
 20
-0.2063684055474982
 10
-0.3860768672951414
 20
-0.20456852791878175
 10
-0.3825037391225526
 20
-0.20279584390862943
 10
-0.37930112400290067
 20
-0.20126450326323428
 10
-0.37689392222625095
 20
-0.20018865572878897
 10
-0.37570703408266864
 20
-0.1997824510514866
 10
-0.3753556415427846
 20
-0.2001457407994924
 10
-0.37474505982596085
 20
-0.20111153915881078
 10
-0.37396961679659174
 20
-0.20249373980239302
 10
-0.3731236403190718
 20
-0.2041062364031907
 10
-0.37230145825779554
 20
-0.2057629226341552
 10
-0.37159739847715734
 20
-0.20727769216823785
 10
-0.3711057888415519
 20
-0.20846443867839018
 10
-0.3709209572153735
 20
-0.20913705583756345
 10
-0.3710031046047861
 20
-0.2093183466279913
 10
-0.3712382160986222
 20
-0.20958121827411164
 10
-0.3716092956852792
 20
-0.2099120739666425
 10
-0.3720993473531545
 20
-0.21029731689630168
 10
-0.3726913750906454
 20
-0.2107233502538071
 10
-0.3733683828861494
 20
-0.2111765772298767
 10
-0.37411337472806383
 20
-0.21164340101522847
 10
-0.3749093546047861
 20
-0.21211022480058014
 10
-0.37570533448150834
 20
-0.21257364938361134
 10
-0.3764503263234228
 20
-0.2130302755620015
 10
-0.3771273341189268
 20
-0.21346650652646842
 10
-0.3777193618564177
 20
-0.2138687454677303
 10
-0.378209413524293
 20
-0.21422339557650472
 10
-0.37858049311095
 20
-0.2145168600435098
 10
-0.3788156046047861
 20
-0.21473554205946335
 10
-0.37889775199419873
 20
-0.21486584481508336
 10
-0.3786351636149383
 20
-0.21563080697063083
 10
-0.3779391769398115
 20
-0.21715124184191437
 10
-0.37694745966279913
 20
-0.21916286144851344
 10
-0.37579767947788256
 20
-0.22140137781000727
 10
-0.3746275040790428
 20
-0.2236025029459753
 10
-0.37357460116026103
 20
-0.22550194887599712
 10
-0.3727766384155185
 20
-0.22683542761965195
 10
-0.3723712835387962
 20
-0.22733865119651922
 10
-0.3718570125543873
 20
-0.22712124388143584
 10
-0.3706365572878898
 20
-0.22649678208846988
 10
-0.36878554999093544
 20
-0.2255069060460479
 10
-0.3663796229151559
 20
-0.2241932559825961
 10
-0.36349440831218277
 20
-0.222597472126541
 10
-0.36020553843364755
 20
-0.22076119470630892
 10
-0.356588645531182
 20
-0.2187260639503263
 10
-0.35271936185641767
 20
-0.2165337200870196
 10
-0.34865844815083397
 20
-0.2142857142857143
 10
-0.3454677302393038
 20
-0.2191443074691806
 10
-0.3446730250634518
 20
-0.22033714421682385
 10
-0.3436242295141407
 20
-0.2218614031907179
 10
-0.34236638302211747
 20
-0.22365419914793325
 10
-0.3409445250181291
 20
-0.22565264684554023
 10
-0.3394036949329224
 20
-0.22779386104060917
 10
-0.33778893219724443
 20
-0.23001495649021028
 10
-0.33614527624184193
 20
-0.23225304795141397
 10
-0.33451776649746195
 20
-0.23444525018129075
 10
-0.33293203861493836
 20
-0.23654213311276276
 10
-0.33145848440899206
 20
-0.2385072969543147
 10
-0.3301276967005076
 20
-0.2402974018763597
 10
-0.32897026831036985
 20
-0.2418691080493111
 10
-0.3280167920594634
 20
-0.2431790756435823
 10
-0.32729786076867295
 20
-0.24418396482958662
 10
-0.32684406725888326
 20
-0.24484043577773745
 10
-0.326686004350979
 20
-0.24510514865844815
 10
-0.3270796036530095
 20
-0.24550526309825962
 10
-0.32812160079767944
 20
-0.246334526831037
 10
-0.32960379464285716
 20
-0.24744422475525743
 10
-0.33131798404641044
 20
-0.2486856417693981
 10
-0.3330559678662074
 20
-0.2499100627719362
 10
-0.3346095449601161
 20
-0.2509687726613488
 10
-0.33577051418600434
 20
-0.25171305633611313
 10
-0.3363306744017404
 20
-0.2519941986947063
 10
-0.3364917116116751
 20
-0.25191545050761427
 10
-0.3367487762871646
 20
-0.25169053662073965
 10
-0.3370891214195069
 20
-0.25133645304568525
 10
-0.33749999999999997
 20
-0.25087019579405356
 10
-0.337968665019942
 20
-0.2503087608774474
 10
-0.3384823694706309
 20
-0.24966914430746906
 10
-0.33902836634336475
 20
-0.24896834209572152
 10
-0.33959390862944167
 20
-0.24822335025380707
 97
0
 92
3
 72
0
 73
1
 93
227
 10
0.38796229151559103
 20
-0.21058738216098621
 10
0.3867870173132704
 20
-0.20970344792422047
 10
0.38567122915155916
 20
-0.2088594543147208
 10
0.3846404210478607
 20
-0.20807494674583035
 10
0.3837200870195793
 20
-0.20736947063089195
 10
0.38293572108411894
 20
-0.20676257138324872
 10
0.3823128172588832
 20
-0.2062737944162437
 10
0.38187686956127614
 20
-0.2059226851432198
 10
0.3816533720087019
 20
-0.20572878897751998
 10
0.3816040835750545
 20
-0.20553815038071083
 10
0.3816669688179842
 20
-0.2051962472806381
 10
0.38183183013052935
 20
-0.2047217752900653
 10
0.3820884699057287
 20
-0.20413343002175482
 10
0.3824266905366207
 20
-0.20344990708846994
 10
0.3828362944162437
 20
-0.20268990210297316
 10
0.3833070839376359
 20
-0.2018721106780276
 10
0.3838288614938361
 20
-0.20101522842639596
 10
0.3865844815083393
 20
-0.19688179840464104
 10
0.3894851341551849
 20
-0.1990572878897752
 10
0.39083886647933286
 20
-0.2000821473894126
 10
0.39187137418419127
 20
-0.20078408266860046
 10
0.39268973214285724
 20
-0.2011121056925308
 10
0.3934010152284264
 20
-0.2010152284263959
 10
0.3941122983139956
 20
-0.20044246283538797
 10
0.3949306562726614
 20
-0.19934282088469904
 10
0.39596316397751996
 20
-0.1976653145395214
 10
0.39731689630166794
 20
-0.19535895576504714
 10
0.3992023205221175
 20
-0.19195068890500366
 10
0.39057287889775194
 20
-0.18672951414068165
 10
0.3879130030819434
 20
-0.18512197470993466
 10
0.3858683828861494
 20
-0.18384925670775928
 10
0.3843676350616389
 20
-0.18285187409354606
 10
0.38333937635968096
 20
-0.18207034082668605
 10
0.38271222353154455
 20
-0.18144517086656997
 10
0.38241479332849887
 20
-0.18091687817258884
 10
0.3823757025018129
 20
-0.18042597670413346
 10
0.38252356780275565
 20
-0.17991298042059464
 10
0.38340438610406097
 20
-0.1779401683738216
 10
0.3852327320522118
 20
-0.17413773567802754
 10
0.3876848316261784
 20
-0.16915068097353156
 10
0.39043691080493104
 20
-0.16362400290065268
 10
0.3931651955674402
 20
-0.15820270009970996
 10
0.3955459118926759
 20
-0.15353177121102246
 10
0.3972552857596085
 20
-0.15025621487490934
 10
0.3979695431472081
 20
-0.14902102973168962
 10
0.39817505325416963
 20
-0.14907357573422766
 10
0.3986618473531545
 20
-0.1492238488034808
 10
0.39939848282269763
 20
-0.1494608015319072
 10
0.4003535170413344
 20
-0.1497733865119652
 10
0.4014955073875997
 20
-0.15015055633611313
 10
0.402793011240029
 20
-0.15058126359680926
 10
0.4042145859771574
 20
-0.15105446088651198
 10
0.40572878897751996
 20
-0.15155910079767948
 10
0.4072560222534446
 20
-0.15206374070884698
 10
0.40871442168237854
 20
-0.1525369379985497
 10
0.41006914544053663
 20
-0.15296764525924583
 10
0.41128535170413355
 20
-0.15334481508339376
 10
0.41232819864938364
 20
-0.15365740006345177
 10
0.4131628444525019
 20
-0.15389435279187816
 10
0.4137544472897027
 20
-0.1540446258611313
 10
0.41406816533720087
 20
-0.15409717186366934
 10
0.414655519171501
 20
-0.1532674832306019
 10
0.41570771392313266
 20
-0.1510628172588832
 10
0.41705733887781005
 20
-0.14790977383973897
 10
0.4185369833212472
 20
-0.14423495286439447
 10
0.4199792365391588
 20
-0.14046495422407543
 10
0.42121668781725885
 20
-0.13702637781000726
 10
0.42208192644126175
 20
-0.13434582351341556
 10
0.4224075416968818
 20
-0.1328498912255258
 10
0.4220381617113852
 20
-0.13242244153372015
 10
0.4210433284989122
 20
-0.13183692893401017
 10
0.41959300217548956
 20
-0.1311596378716461
 10
0.4178571428571428
 20
-0.13045685279187816
 10
0.4160057106598985
 20
-0.12979485813995653
 10
0.4142086656997824
 20
-0.12923993836113123
 10
0.41263596809282094
 20
-0.12885837790065266
 10
0.41145757795503995
 20
-0.12871646120377087
 10
0.41051231644307473
 20
-0.12862241660623638
 10
0.4098644851341552
 20
-0.12829042784626543
 10
0.4095327796410443
 20
-0.12756413161711389
 10
0.4095358955765047
 20
-0.1262871646120377
 10
0.40989252855329955
 20
-0.12430316352429296
 10
0.4106213741841915
 20
-0.12145576504713558
 10
0.41174112808194346
 20
-0.11758860587382171
 10
0.4132704858593184
 20
-0.112545322697607
 10
0.41420498323060184
 20
-0.10949637984952874
 10
0.415090192168238
 20
-0.10664544053662081
 10
0.4159040178571428
 20
-0.10405454020123278
 10
0.4166243654822336
 20
-0.10178571428571434
 10
0.4172291402284265
 20
-0.09990099823241483
 10
0.41769624728063814
 20
-0.09846242748368385
 10
0.4180035918237853
 20
-0.09753203748187099
 10
0.41812907904278457
 20
-0.0971718636693256
 10
0.41830824533176225
 20
-0.09714736108593178
 10
0.41871940717911516
 20
-0.09717979514140679
 10
0.41933622076686006
 20
-0.09726491683284991
 10
0.4201323422770123
 20
-0.09739847715736041
 10
0.42108142789158803
 20
-0.09757622711203771
 10
0.4221571337926033
 20
-0.09779391769398116
 10
0.423333116162074
 20
-0.09804729990029004
 10
0.42458303118201596
 20
-0.09833212472806384
 10
0.4258428605420595
 20
-0.09859952864394489
 10
0.4270474528643945
 20
-0.09885333575054389
 10
0.4281687647298767
 20
-0.09908674764321973
 10
0.42917875271936196
 20
-0.09929296591733137
 10
0.4300493734137056
 20
-0.09946519216823788
 10
0.4307525833937636
 20
-0.09959662799129805
 10
0.4312603392403916
 20
-0.09968047498187094
 10
0.4315445975344452
 20
-0.09970993473531545
 10
0.4317270213923133
 20
-0.09959804432559827
 10
0.4319434372733866
 20
-0.099277102973169
 10
0.432187046773024
 20
-0.09876920549311094
 10
0.4324510514865846
 20
-0.0980964467005076
 10
0.4327286530094271
 20
-0.09728092141044235
 10
0.43301305293691084
 20
-0.09634472443799855
 10
0.4332974528643946
 20
-0.09530995059825964
 10
0.4335750543872372
 20
-0.0941986947063089
 10
0.43488034807831766
 20
-0.0886149383611313
 10
0.4385786802030457
 20
-0.08905003625815805
 10
0.4393032768310369
 20
-0.08916178503444526
 10
0.4399972806381437
 20
-0.0892777828136331
 10
0.44064369561276284
 20
-0.08939548019398115
 10
0.4412255257432921
 20
-0.08951232777374918
 10
0.44172577501812904
 20
-0.08962577615119649
 10
0.4421274474256707
 20
-0.08973327592458304
 10
0.4424135469543147
 20
-0.08983227769216827
 10
0.4425670775924583
 20
-0.08992023205221175
 10
0.44252982800036267
 20
-0.09085118858774473
 10
0.44220109680928205
 20
-0.09308488941261787
 10
0.44166331467548947
 20
-0.09619048563270483
 10
0.44099891225525734
 20
-0.09973712835387964
 10
0.4402903202048586
 20
-0.10329396868201596
 10
0.43961996918056573
 20
-0.10643015772298765
 10
0.43907028983865115
 20
-0.10871484658266856
 10
0.43872371283538797
 20
-0.10971718636693253
 10
0.43851834436185644
 20
-0.10977865527556192
 10
0.4380325416968818
 20
-0.10980103335750542
 10
0.43729859726250914
 20
-0.10978602021392316
 10
0.43634880348078314
 20
-0.10973531544597538
 10
0.4352154527737491
 20
-0.1096506186548223
 10
0.4339308375634518
 20
-0.10953362944162437
 10
0.4325272502719362
 20
-0.10938604740754168
 10
0.43103698332124735
 20
-0.10920957215373461
 10
0.4295467163705585
 20
-0.1090537753807106
 10
0.4281431290790428
 20
-0.10891497461928935
 10
0.42685851386874546
 20
-0.10879656907179112
 10
0.4257251631617113
 20
-0.10870195794053661
 10
0.42477536937998556
 20
-0.10863454042784629
 10
0.42404142494561275
 20
-0.10859771573604063
 10
0.42355562228063814
 20
-0.10859488306744011
 10
0.42335025380710656
 20
-0.10862944162436546
 10
0.42311216801124
 20
-0.1092082974528643
 10
0.42271007070340827
 20
-0.11047294234952858
 10
0.4222042977248006
 20
-0.11220497756526465
 10
0.4216551849166063
 20
-0.11418600435097896
 10
0.4211230681200145
 20
-0.11619762395757792
 10
0.4206682831762147
 20
-0.11802143763596808
 10
0.42035116592639593
 20
-0.11943904663705578
 10
0.42023205221174764
 20
-0.12023205221174761
 10
0.4203589557650473
 20
-0.12044860972625082
 10
0.4207306018854242
 20
-0.12071360587382159
 10
0.4213333937635968
 20
-0.12102109205039886
 10
0.4221537345902827
 20
-0.12136511965192173
 10
0.42317802755620015
 20
-0.1217397400743292
 10
0.4243926758520667
 20
-0.12213900471356055
 10
0.42578408266860046
 20
-0.12255696496555472
 10
0.4273386511965192
 20
-0.12298767222625093
 10
0.4296186661530095
 20
-0.12359329677302391
 10
0.4313429115300942
 20
-0.12407994923857872
 10
0.43258786937998556
 20
-0.12449181925308196
 10
0.4334300217548949
 20
-0.12487309644670054
 10
0.43394585070703406
 20
-0.12526797044960117
 10
0.434211838288615
 20
-0.12572063089195076
 10
0.43430446655184923
 20
-0.12627526740391593
 10
0.4343002175489486
 20
-0.12697606961566354
 10
0.43389344633792604
 20
-0.12874818709209568
 10
0.43288161711385087
 20
-0.1320431472081219
 10
0.4314142947788252
 20
-0.1364394488759971
 10
0.429641044234953
 20
-0.1415155910079767
 10
0.42771143038433657
 20
-0.14685007251631618
 10
0.42577501812907903
 20
-0.15202139231327053
 10
0.42398137237128347
 20
-0.15660804931109507
 10
0.4224800580130529
 20
-0.16018854242204494
 10
0.42023205221174764
 20
-0.1651196519216824
 10
0.4168237853517041
 20
-0.16461203770848443
 10
0.4155388868745468
 20
-0.1643786258158085
 10
0.4139276649746192
 20
-0.164022842639594
 10
0.41209209572153743
 20
-0.16357188179840462
 10
0.41013415518491664
 20
-0.16305293691080494
 10
0.40815581943437274
 20
-0.16249320159535896
 10
0.40625906453952143
 20
-0.16191986947063092
 10
0.4045458665699783
 20
-0.1613601341551849
 10
0.40311820159535905
 20
-0.16084118926758517
 10
0.4027457056744018
 20
-0.160827025924583
 10
0.40231372371283547
 20
-0.16109499637418417
 10
0.40178996328861494
 20
-0.16170288705583757
 10
0.4011421319796954
 20
-0.16270848440899202
 10
0.400337937364032
 20
-0.1641695748730964
 10
0.3993450870195795
 20
-0.16614394488759968
 10
0.398131288524293
 20
-0.16868938089195076
 10
0.39666424945612766
 20
-0.17186366932559827
 10
0.3942712110224801
 20
-0.1772298767222625
 10
0.4026831036983321
 20
-0.18172588832487313
 10
0.40438681222806366
 20
-0.1826334753444525
 10
0.40599279369108054
 20
-0.18349347353154455
 10
0.40746450666243655
 20
-0.1842854876722263
 10
0.4087654097171864
 20
-0.18498912255257435
 10
0.4098589614303843
 20
-0.1855839829586657
 10
0.41070862037708483
 20
-0.18604967367657724
 10
0.41127784513234233
 20
-0.18636579949238588
 10
0.411530094271211
 20
-0.18651196519216828
 10
0.4110506651105874
 20
-0.1879237672226252
 10
0.40932627810007255
 20
-0.19123912255257441
 10
0.40674359250362585
 20
-0.19581218274111675
 10
0.4036892675852067
 20
-0.20099709934735313
 10
0.4005499626087745
 20
-0.20614802393038437
 10
0.3977123368382886
 20
-0.21061910804931103
 10
0.3955630495377085
 20
-0.21376450326323423
 10
0.3944887599709935
 20
-0.21493836113125453
 10
0.39423509449782457
 20
-0.21484955697063093
 10
0.39376472987672234
 20
-0.21459504169688184
 10
0.39310570952683105
 20
-0.21419266112219
 10
0.3922860768672952
 20
-0.21366026105873825
 10
0.3913338753172589
 20
-0.2130156873187092
 10
0.3902771482958666
 20
-0.21227678571428568
 10
0.3891439392222626
 20
-0.21146140205765052
 10
0.38796229151559103
 20
-0.21058738216098621
 97
0
 92
3
 72
0
 73
1
 93
75
 10
0.2580130529369108
 20
-0.210442349528644
 10
0.2610265874274836
 20
-0.2091684984590283
 10
0.263847217186367
 20
-0.20764820522117475
 10
0.26644519919325593
 20
-0.20590696383248733
 10
0.26879079042784637
 20
-0.20397026831036982
 10
0.2708542478698332
 20
-0.2018636126722263
 10
0.27260582849891235
 20
-0.1996124909354605
 10
0.2740157892947787
 20
-0.1972423971174764
 10
0.27505438723712833
 20
-0.19477882523567805
 10
0.2754318403281363
 20
-0.19336673993836115
 10
0.27569457034082684
 20
-0.19169461566352428
 10
0.27584342707577947
 20
-0.18985593047498192
 10
0.27587926033357507
 20
-0.18794416243654827
 10
0.2758029199147933
 20
-0.18605278961203772
 10
0.2756152556200145
 20
-0.18427529006526472
 10
0.27531711724981867
 20
-0.18270514186004355
 10
0.274909354604786
 20
-0.18143582306018857
 10
0.2743326232777375
 20
-0.18026947176395944
 10
0.2735587382160986
 20
-0.17913456308919504
 10
0.2726352882523568
 20
-0.17806933806200145
 10
0.27160986221899924
 20
-0.17711203770848438
 10
0.27053004894851335
 20
-0.17630090305474985
 10
0.26944343727338654
 20
-0.1756741751269036
 10
0.26839761602610585
 20
-0.17527009495105145
 10
0.26744017403915876
 20
-0.1751269035532995
 10
0.2669975695703408
 20
-0.17516316171138505
 10
0.26649632886149377
 20
-0.17526740391588108
 10
0.2659525981236404
 20
-0.1754328317621465
 10
0.26538252356780284
 20
-0.17565264684554027
 10
0.2648022514050036
 20
-0.17592005076142134
 10
0.26422792784626553
 20
-0.17622824510514862
 10
0.2636756991026105
 20
-0.17657043147208124
 10
0.2631617113850617
 20
-0.17693981145757795
 10
0.26243881435823047
 20
-0.1775094611131254
 10
0.26189267585206677
 20
-0.1779890319071791
 10
0.26150969905728794
 20
-0.17841081626178387
 10
0.26127628716461215
 20
-0.17880710659898472
 10
0.26117884336475716
 20
-0.1792101953408267
 10
0.26120377084844093
 20
-0.17965237490935454
 10
0.26133747280638153
 20
-0.1801659377266134
 10
0.26156635242929666
 20
-0.18078317621464826
 10
0.2617256900380713
 20
-0.18129801373277735
 10
0.261875679840464
 20
-0.18200575598259608
 10
0.2620137724347354
 20
-0.1828749603426396
 10
0.2621374184191443
 20
-0.18387418419144308
 10
0.26224406839195075
 20
-0.18497198490754166
 10
0.2623311729514141
 20
-0.1861369198694706
 10
0.2623961826957941
 20
-0.1873375464557651
 10
0.26243654822335033
 20
-0.18854242204496013
 10
0.26244419642857153
 20
-0.1902821054659173
 10
0.26240255620014497
 20
-0.1917456036983321
 10
0.2622963311276288
 20
-0.19301024859499638
 10
0.26211022480058
 20
-0.19415337200870192
 10
0.26182894080855684
 20
-0.19525230579224076
 10
0.2614371827411167
 20
-0.19638438179840462
 10
0.2609196541878173
 20
-0.19762693187998548
 10
0.26026105873821614
 20
-0.1990572878897752
 10
0.25929851794778835
 20
-0.200858865119652
 10
0.2582170050761421
 20
-0.20260605511240026
 10
0.25703351613488035
 20
-0.20427846265409721
 10
0.2557650471356054
 20
-0.20585569253081945
 10
0.2544285940899203
 20
-0.20731734952864395
 10
0.2530411530094271
 20
-0.20864303843364757
 10
0.2516197199057288
 20
-0.20981236403190723
 10
0.25018129079042783
 20
-0.2108049311094997
 10
0.2480058013052937
 20
-0.21211022480058014
 10
0.25068890500362584
 20
-0.21211022480058014
 10
0.25131591619833227
 20
-0.21207424990935467
 10
0.2520882432922408
 20
-0.21197199057287885
 10
0.2529744436638868
 20
-0.21181194479695437
 10
0.25394307469180566
 20
-0.21160261058738214
 10
0.2549626937545323
 20
-0.21135248594996375
 10
0.25600185823060184
 20
-0.21107006889050042
 10
0.25702912549854956
 20
-0.21076385741479337
 10
0.2580130529369108
 20
-0.210442349528644
 97
0
 92
3
 72
0
 73
1
 93
123
 10
-0.3723712835387962
 20
-0.19688179840464104
 10
-0.37372968976613485
 20
-0.1943949986403191
 10
-0.3750124637418419
 20
-0.19207985859318344
 10
-0.376191562046773
 20
-0.1899856666968818
 10
-0.3772389412617839
 20
-0.18816171138506166
 10
-0.37812655796773026
 20
-0.18665728109137056
 10
-0.3788263687454677
 20
-0.18552166424945615
 10
-0.3793103301758521
 20
-0.1848041492929659
 10
-0.37955039883973896
 20
-0.18455402465554752
 10
-0.37989570114213195
 20
-0.18465911666062365
 10
-0.38068120014503265
 20
-0.18495966279912984
 10
-0.3818576074147933
 20
-0.1854335682559826
 10
-0.38337563451776646
 20
-0.18605873821609867
 10
-0.38518599302030454
 20
-0.1868130778643945
 10
-0.38723939448875994
 20
-0.18767449238578682
 10
-0.38948655048948516
 20
-0.18862088696519222
 10
-0.3918781725888325
 20
-0.1896301667875272
 10
-0.39426625385242936
 20
-0.1906570091551849
 10
-0.3965022208121827
 20
-0.19160397026831041
 10
-0.39853593523386516
 20
-0.19245235451414067
 10
-0.40031725888324876
 20
-0.19318346627991298
 10
-0.40179605352610587
 20
-0.1937786099528644
 10
-0.4029221809282089
 20
-0.19421908992023207
 10
-0.4036455028553299
 20
-0.19448621056925305
 10
-0.4039158810732415
 20
-0.19456127628716458
 10
-0.4052339217730239
 20
-0.1923261591279913
 10
-0.40734907541696885
 20
-0.18800648114575777
 10
-0.40995031499274837
 20
-0.1823254226341552
 10
-0.4127266134880348
 20
-0.17600616388687454
 10
-0.4153669438905004
 20
-0.16977188519760694
 10
-0.41756027918781724
 20
-0.1643457668600435
 10
-0.4189955923676577
 20
-0.16045098916787523
 10
-0.41936185641769397
 20
-0.15881073241479332
 10
-0.41828317621464833
 20
-0.1583383849256708
 10
-0.41588560551124004
 20
-0.1575473622189993
 10
-0.41261104060913706
 20
-0.15656088537889776
 10
-0.40890137781000724
 20
-0.15550217548948514
 10
-0.4051985134155185
 20
-0.15449445363488035
 10
-0.40194434372733867
 20
-0.15366094089920232
 10
-0.39958076504713563
 20
-0.15312485836656997
 10
-0.39854967367657723
 20
-0.15300942712110224
 10
-0.39809092299673676
 20
-0.1535666130348078
 10
-0.39751744923857874
 20
-0.1546795685279188
 10
-0.3968912878444525
 20
-0.15616303707396662
 10
-0.39627447425670775
 20
-0.15783176214648295
 10
-0.39572904391769403
 20
-0.1595004872189993
 10
-0.39531703226976067
 20
-0.1609839557650471
 10
-0.3951004747552575
 20
-0.16209691125815803
 10
-0.3951414068165337
 20
-0.16265409717186363
 10
-0.3953351613488035
 20
-0.1627887905638143
 10
-0.39568527918781726
 20
-0.16297022298767222
 10
-0.39617136511965195
 20
-0.1631907462382161
 10
-0.3967730239303843
 20
-0.16344271211022485
 10
-0.3974698604060914
 20
-0.16371847239847712
 10
-0.39824147933284987
 20
-0.16401037889775202
 10
-0.39906748549673676
 20
-0.16431078340282812
 10
-0.39992748368382885
 20
-0.16461203770848443
 10
-0.4041334300217549
 20
-0.1660623640319072
 10
-0.4013052936910805
 20
-0.17295141406816533
 10
-0.40071921455765047
 20
-0.1743303571428572
 10
-0.4001654278462654
 20
-0.17562092095721535
 10
-0.3996558307650472
 20
-0.17679591189267588
 10
-0.3992023205221175
 20
-0.17782813633067443
 10
-0.39881679432559825
 20
-0.17869040065264685
 10
-0.3985111493836113
 20
-0.17935551124002905
 10
-0.39829728290427846
 20
-0.17979627447425678
 10
-0.39818709209572156
 20
-0.1799854967367658
 10
-0.39791657224437993
 20
-0.17993139276649747
 10
-0.3971922588832487
 20
-0.17967503625815803
 10
-0.39606344044597536
 20
-0.17923852202683105
 10
-0.3945794053662074
 20
-0.17864394488759966
 10
-0.3927894420775925
 20
-0.17791339965554753
 10
-0.39074283901377815
 20
-0.1770689811457578
 10
-0.3884888846084119
 20
-0.17613278417331402
 10
-0.3860768672951414
 20
-0.1751269035532995
 10
-0.38367561412255263
 20
-0.17409680361675128
 10
-0.38140183103698333
 20
-0.17314063633067436
 10
-0.3793082056744017
 20
-0.1722779471084119
 10
-0.37744742567077594
 20
-0.17152828136330678
 10
-0.37587217866207395
 20
-0.17091118450870196
 10
-0.37463515228426403
 20
-0.17044620195794055
 10
-0.373789034173314
 20
-0.17015287912436544
 10
-0.3733865119651922
 20
-0.1700507614213198
 10
-0.37316485564720814
 20
-0.17019862672226255
 10
-0.3728369742567078
 20
-0.17062182741116752
 10
-0.3724190140047136
 20
-0.1712897706671501
 10
-0.37192712110224807
 20
-0.17217186366932558
 10
-0.37137744176033355
 20
-0.17323751359680928
 10
-0.37078612218999274
 20
-0.1744561276287165
 10
-0.370169308602248
 20
-0.17579711294416245
 10
-0.36954314720812187
 20
-0.1772298767222625
 10
-0.368821666515591
 20
-0.17888061434916605
 10
-0.3679319253081943
 20
-0.18079563995649017
 10
-0.3669096152102973
 20
-0.18290611969724438
 10
-0.3657904278462654
 20
-0.185143219724438
 10
-0.3646100548404641
 20
-0.18743810619108048
 10
-0.36340418781725886
 20
-0.18972194525018127
 10
-0.36220851840101526
 20
-0.19192590305474985
 10
-0.36105873821609863
 20
-0.19398114575779551
 10
-0.35997481757614214
 20
-0.19591869108049312
 10
-0.35896822878897755
 20
-0.1977338651196519
 10
-0.3580619164702683
 20
-0.19938587744742567
 10
-0.35727882523567805
 20
-0.20083393763596805
 10
-0.3566418997008702
 20
-0.20203725525743294
 10
-0.35617408448150834
 20
-0.2029550398839739
 10
-0.35589832419325595
 20
-0.20354650108774472
 10
-0.35583756345177664
 20
-0.2037708484408992
 10
-0.3563797362218999
 20
-0.20415028439992752
 10
-0.35749637418419145
 20
-0.20483479876722266
 10
-0.3589937228063814
 20
-0.2057147672679478
 10
-0.36067802755620015
 20
-0.20668056562726617
 10
-0.3623555339013778
 20
-0.20762256957034084
 10
-0.3638324873096447
 20
-0.20843115482233507
 10
-0.364915133248731
 20
-0.20899669710841193
 10
-0.36540971718636694
 20
-0.2092095721537346
 10
-0.36560177211747646
 20
-0.2089594475163162
 10
-0.3660487672226251
 20
-0.20824193255982595
 10
-0.3667201096809282
 20
-0.20710631571791155
 10
-0.3675852066715011
 20
-0.20560188542422045
 10
-0.368613465373459
 20
-0.2037779301124003
 10
-0.36977429296591735
 20
-0.20168373821609867
 10
-0.37103709662799134
 20
-0.19936859816896302
 10
-0.3723712835387962
 20
-0.19688179840464104
 97
0
 92
3
 72
0
 73
1
 93
131
 10
-0.3897751994198695
 20
-0.16178390137781004
 10
-0.3899829756617114
 20
-0.16120150471356057
 10
-0.39032247099347356
 20
-0.16019760696156637
 10
-0.3907758396029732
 20
-0.1588265953589558
 10
-0.3913252356780276
 20
-0.15714285714285717
 10
-0.39195281340645394
 20
-0.15520077955039885
 10
-0.39264072697606966
 20
-0.1530547498187092
 10
-0.39337113057469186
 20
-0.15075915518491653
 10
-0.3941261783901378
 20
-0.1483683828861494
 10
-0.3948875997099347
 20
-0.14601372711203772
 10
-0.39563542422044956
 20
-0.14382138324873103
 10
-0.3963492567077592
 20
-0.14183809032813632
 10
-0.3970087019579406
 20
-0.14011058738216106
 10
-0.39759336475707036
 20
-0.13868561344271213
 10
-0.3980828498912255
 20
-0.1376099075416969
 10
-0.39845676214648296
 20
-0.13693020871102246
 10
-0.3986947063089195
 20
-0.1366932559825961
 10
-0.39901253172588835
 20
-0.13673602927846268
 10
-0.3995649021029732
 20
-0.1368586838288615
 10
-0.4003212246192894
 20
-0.1370527216279913
 10
-0.40125090645395217
 20
-0.1373096446700507
 10
-0.40232335478607684
 20
-0.1376209549492386
 10
-0.40350797679477884
 20
-0.1379781544597534
 10
-0.40477417965917334
 20
-0.13837274519579404
 10
-0.40609137055837563
 20
-0.1387962291515591
 10
-0.409622150335388
 20
-0.13987476772117483
 10
-0.412936230964467
 20
-0.14081648839738944
 10
-0.41596647819978244
 20
-0.14160694457034081
 10
-0.418645757795504
 20
-0.14223168963016683
 10
-0.4209069355058013
 20
-0.14267627696700505
 10
-0.42268287708484414
 20
-0.14292625997099354
 10
-0.423906448286802
 20
-0.1429671920322698
 10
-0.4245105148658448
 20
-0.1427846265409717
 10
-0.4252206648839739
 20
-0.14104990029006526
 10
-0.42637101160261065
 20
-0.13721446700507606
 10
-0.4277966937092096
 20
-0.1319445703408267
 10
-0.4293328498912255
 20
-0.12590645395213923
 10
-0.4308146188361131
 20
-0.1197663614938361
 10
-0.43207713923132707
 20
-0.11419053662073966
 10
-0.43295554976432205
 20
-0.10984522298767223
 10
-0.4332849891225526
 20
-0.10739666424945615
 10
-0.43249977338651197
 20
-0.10708691193799855
 10
-0.43041606236403196
 20
-0.10649587563451779
 10
-0.4274417603335751
 20
-0.10572298200688905
 10
-0.42398477157360404
 20
-0.10486765772298764
 10
-0.4204530003625816
 20
-0.10402932945068892
 10
-0.41725435097897023
 20
-0.10330742385786802
 10
-0.4147967277012328
 20
-0.10280136761240032
 10
-0.4134880348078318
 20
-0.10261058738216099
 10
-0.41293580606417696
 20
-0.10298903190717905
 10
-0.4123470358955765
 20
-0.10399292965917331
 10
-0.41177356213741845
 20
-0.10542512690355332
 10
-0.4112672226250907
 20
-0.10708846990572884
 10
-0.4108798551939812
 20
-0.10878580493110951
 10
-0.4106632976794779
 20
-0.11031997824510517
 10
-0.41066938791696883
 20
-0.11149383611312545
 10
-0.41094996374184195
 20
-0.11211022480058015
 10
-0.4111947063089195
 20
-0.1122318879169688
 10
-0.41158901377810003
 20
-0.11237649564902097
 10
-0.4121124909354605
 20
-0.11253979899383612
 10
-0.41274474256707755
 20
-0.11271754894851342
 10
-0.41346537345902834
 20
-0.1129054965101523
 10
-0.4142539883973894
 20
-0.11309939267585203
 10
-0.41509019216823784
 20
-0.11329498844271205
 10
-0.4159535895576505
 20
-0.11348803480783176
 10
-0.41694941420413345
 20
-0.11371195726069613
 10
-0.4178152193618564
 20
-0.11394692712110217
 10
-0.4185501552302393
 20
-0.11419039498730968
 10
-0.419153372008702
 20
-0.11443981145757788
 10
-0.41962401989666426
 20
-0.11469262713016679
 10
-0.41996124909354604
 20
-0.11494629260333572
 10
-0.4201642097987672
 20
-0.11519825847534446
 10
-0.42023205221174764
 20
-0.11544597534445254
 10
-0.42010316579042783
 20
-0.11650879260333583
 10
-0.4197584300217549
 20
-0.11827864394488763
 10
-0.4192607301486585
 20
-0.12050398839738938
 10
-0.4186729514140682
 20
-0.12293328498912254
 10
-0.41805797906091374
 20
-0.1253149927483684
 10
-0.41747869833212475
 20
-0.12739757070340826
 10
-0.41699799447063085
 20
-0.1289294778825235
 10
-0.4166787527193619
 20
-0.12965917331399562
 10
-0.4164946292603336
 20
-0.12974117906997826
 10
-0.4161711385061639
 20
-0.12977134699057286
 10
-0.4157252764684554
 20
-0.12975222647751994
 10
-0.41517403915881074
 20
-0.1296863669325598
 10
-0.4145344225888325
 20
-0.1295763177574329
 10
-0.4138234227701233
 20
-0.12942462835387963
 10
-0.41305803571428573
 20
-0.1292338481236403
 10
-0.4122552574329224
 20
-0.1290065264684554
 10
-0.4112717548948513
 20
-0.1287200020395214
 10
-0.40998912255257436
 20
-0.12835954496011603
 10
-0.4084617476432197
 20
-0.12793960184010153
 10
-0.40674401740391586
 20
-0.12747461928934004
 10
-0.4048903190717912
 20
-0.12697904391769396
 10
-0.40295503988397385
 20
-0.1264673223350254
 10
-0.40099256707759245
 20
-0.12595390115119653
 10
-0.3990572878897752
 20
-0.12545322697606962
 10
-0.3897751994198695
 20
-0.12306018854242208
 10
-0.3889775199419869
 20
-0.1260333575054387
 10
-0.3882643956218274
 20
-0.12876546637055836
 10
-0.38756911711385067
 20
-0.13127492748368377
 10
-0.38685514299311097
 20
-0.13367901332487309
 10
-0.38608593183466283
 20
-0.13609499637418415
 10
-0.3852249422135606
 20
-0.1386401491116751
 10
-0.3842356327048586
 20
-0.14143174401740388
 10
-0.38308146188361136
 20
-0.14458705357142862
 10
-0.3817258883248731
 20
-0.1482233502538071
 10
-0.3808549843636694
 20
-0.150462008248731
 10
-0.3800478154459754
 20
-0.1525765953589557
 10
-0.37932052778281367
 20
-0.15451782315083396
 10
-0.37868926758520666
 20
-0.15623640319071794
 10
-0.37817018106417694
 20
-0.1576830470449601
 10
-0.377779414430747
 20
-0.15880846627991302
 10
-0.3775331138959391
 20
-0.15956337246192898
 10
-0.37744742567077594
 20
-0.1598984771573604
 10
-0.37786467775562
 20
-0.16017919461566354
 10
-0.3789770667150109
 20
-0.1606485678027556
 10
-0.38057554160623636
 20
-0.161236913071066
 10
-0.3824510514865845
 20
-0.16187454677302396
 10
-0.384394545413343
 20
-0.16249178526105873
 10
-0.38619697244379986
 20
-0.16301894488759974
 10
-0.3876492816352429
 20
-0.16338634200507612
 10
-0.3885424220449601
 20
-0.16352429296591733
 10
-0.38866380189448874
 20
-0.1634881764412618
 10
-0.3888064267585207
 20
-0.1633849256707759
 10
-0.38896434803299496
 20
-0.16322218885968096
 10
-0.3891316171138506
 20
-0.16300761421319798
 10
-0.3893022853970268
 20
-0.16274884993654823
 10
-0.38947040427846263
 20
-0.16245354423495287
 10
-0.38963002515409717
 20
-0.16212934531363304
 10
-0.3897751994198695
 20
-0.16178390137781004
 97
0
 92
3
 72
0
 73
1
 93
75
 10
0.16018854242204494
 20
-0.15155910079767948
 10
0.16291002877991298
 20
-0.14865193301305288
 10
0.16620173132704855
 20
-0.14620875634517763
 10
0.1699336305746918
 20
-0.14426526241841917
 10
0.1739757070340826
 20
-0.14285714285714285
 10
0.17819794121646118
 20
-0.1420200892857143
 10
0.1824703136330675
 20
-0.14178979332849895
 10
0.18666280479514144
 20
-0.14220194660986218
 10
0.19064539521392312
 20
-0.14329224075416971
 10
0.19300288365663532
 20
-0.14426412935097893
 10
0.19532383067440173
 20
-0.1454246736765773
 10
0.1975784932469181
 20
-0.14675177891588106
 10
0.19973712835387972
 20
-0.148223350253807
 10
0.20176999297498185
 20
-0.14981729287527196
 10
0.20364734408992022
 20
-0.15151151196519222
 10
0.20533943867839013
 20
-0.1532839127084845
 10
0.20681653372008707
 20
-0.15511240029006526
 10
0.2078718444071792
 20
-0.15652292761965203
 10
0.208664566715011
 20
-0.15755869289340094
 10
0.20922444366388687
 20
-0.15823924152465554
 10
0.20958121827411172
 20
-0.15858411892675853
 10
0.2097646335659899
 20
-0.15861287051305292
 10
0.20980443255982598
 20
-0.15834504169688182
 10
0.2097303582759246
 20
-0.15780017789158812
 10
0.2095721537345903
 20
-0.15699782451051486
 10
0.2091141112218999
 20
-0.15519369787889778
 10
0.2084232233502538
 20
-0.15321111312545327
 10
0.20754537935097897
 20
-0.1511367499093546
 10
0.20652646845540243
 20
-0.14905728788977518
 10
0.20541237989485134
 20
-0.14705940672588833
 10
0.20424900290065262
 20
-0.1452297860768674
 10
0.20308222670413342
 20
-0.14365510560188546
 10
0.20195794053662075
 20
-0.142422044960116
 10
0.20129736221899924
 20
-0.14182010288252356
 10
0.20048042059463386
 20
-0.14116887237128353
 10
0.19954110768672947
 20
-0.1404870490391588
 10
0.19851341551849166
 20
-0.13979332849891224
 10
0.19743133611312547
 20
-0.13910640636330673
 10
0.19632886149383608
 20
-0.13844497824510513
 10
0.19523998368382878
 20
-0.13782773975707036
 10
0.1941986947063089
 20
-0.13727338651196516
 10
0.19262160646301665
 20
-0.13652513710116024
 10
0.19129011058738207
 20
-0.13595109680928208
 10
0.1900826855964467
 20
-0.13552832102066714
 10
0.18887781000725162
 20
-0.13523386511965196
 10
0.18755396233683827
 20
-0.13504478449057286
 10
0.18598962110224798
 20
-0.13493813451776648
 10
0.18406326482052213
 20
-0.13489097058556926
 10
0.18165337200870196
 20
-0.1348803480783176
 10
0.17934304749818716
 20
-0.13489309508701958
 10
0.17746102248005793
 20
-0.13494153372008696
 10
0.17591211928934014
 20
-0.13504096038796232
 10
0.17460116026105874
 20
-0.1352066715010877
 10
0.1734329677302393
 20
-0.13545396346990574
 10
0.17231236403190717
 20
-0.1357981327048586
 10
0.17114417150108774
 20
-0.1362544756163887
 10
0.16983321247280642
 20
-0.1368382886149384
 10
0.16635384563089203
 20
-0.13872951980601897
 10
0.1633180746918057
 20
-0.14091393219724446
 10
0.16073439766134884
 20
-0.14337877877991298
 10
0.1586113125453227
 20
-0.14611131254532267
 10
0.15695731734952867
 20
-0.14909878648477162
 10
0.15578091007976802
 20
-0.1523284535895576
 10
0.15509058874184187
 20
-0.15578756685097897
 10
0.15489485134155187
 20
-0.15946337926033358
 10
0.15489485134155187
 20
-0.16316171138506164
 10
0.15656272661348802
 20
-0.15866569978245101
 10
0.15694457034082673
 20
-0.15769112015047135
 10
0.15737400290065262
 20
-0.15668849709934732
 10
0.15783742748368382
 20
-0.1556841744470631
 10
0.15832124728063818
 20
-0.1547044960116026
 10
0.1588118654822335
 20
-0.15377580561094994
 10
0.15929568527918786
 20
-0.1529244470630892
 10
0.15975910986221897
 20
-0.15217676418600432
 10
0.16018854242204494
 20
-0.15155910079767948
 97
0
 92
3
 72
0
 73
1
 93
131
 10
-0.40536620739666424
 20
-0.11334300217548945
 10
-0.4057561242295141
 20
-0.11173163864213194
 10
-0.40637803662073974
 20
-0.10873255076142127
 10
-0.4071444151105874
 20
-0.10481397865300944
 10
-0.4079677302393038
 20
-0.10044416243654826
 10
-0.4087604525471356
 20
-0.0960913422316896
 10
-0.4094350525743292
 20
-0.0922237581580856
 10
-0.4099040008611313
 20
-0.089309650335388
 10
-0.4100797679477883
 20
-0.08781725888324875
 10
-0.41009279822335026
 20
-0.08744122212654099
 10
-0.4101296229151559
 20
-0.08707963197969547
 10
-0.4101868428208847
 20
-0.0867401366479333
 10
-0.4102610587382161
 20
-0.08643038433647571
 10
-0.4103488714648296
 20
-0.08615802325054389
 10
-0.41044688179840466
 20
-0.08593070159535897
 10
-0.4105516905366208
 20
-0.08575606757614217
 10
-0.41065989847715734
 20
-0.08564176939811459
 10
-0.41104103403734593
 20
-0.08563383792603332
 10
-0.4119278009427121
 20
-0.08571428571428574
 10
-0.41326156295322697
 20
-0.0858763143582306
 10
-0.4149836838288615
 20
-0.08611312545322698
 10
-0.41703552732958665
 20
-0.08641792059463381
 10
-0.4193584572153735
 20
-0.08678390137780997
 10
-0.4218938372461929
 20
-0.08720426939811461
 10
-0.42458303118201596
 20
-0.08767222625090644
 10
-0.4272896460297317
 20
-0.08814641497461934
 10
-0.42982460116026106
 20
-0.08858321247280639
 10
-0.43213180973531545
 20
-0.08897242113850615
 10
-0.43415518491660626
 20
-0.08930384336475714
 10
-0.4358386398658448
 20
-0.08956728154459752
 10
-0.4371260877447426
 20
-0.08975253807106597
 10
-0.4379614417150109
 20
-0.08984941533720087
 10
-0.43828861493836113
 20
-0.0898477157360406
 10
-0.4387282451051487
 20
-0.08806455085206678
 10
-0.4393854242204496
 20
-0.0837676758520668
 10
-0.44016497461928933
 20
-0.07780179251269034
 10
-0.44097171863669327
 20
-0.07101160261058735
 10
-0.44171047860768675
 20
-0.06424180792240752
 10
-0.44228607686729515
 20
-0.05833711022480065
 10
-0.4426033357505439
 20
-0.054142211294416244
 10
-0.4425670775924583
 20
-0.05250181290790426
 10
-0.44116844747099343
 20
-0.05225069683647571
 10
-0.4385163614938361
 20
-0.051906952501812896
 10
-0.4350501665609137
 20
-0.05151391973350252
 10
-0.4312092095721538
 20
-0.05111493836113122
 10
-0.42743283742748367
 20
-0.0507533482142857
 10
-0.424160397026831
 20
-0.050472489122552575
 10
-0.4218312352701233
 20
-0.05031570091551848
 10
-0.42088469905728787
 20
-0.05032632342277011
 10
-0.42077309191443074
 20
-0.050512854650108775
 10
-0.4206580855692531
 20
-0.05089399021029729
 10
-0.4205430792240754
 20
-0.05144678548767226
 10
-0.4204314720812183
 20
-0.052148295866569994
 10
-0.42032666334300217
 20
-0.05297557673132704
 10
-0.42023205221174764
 20
-0.05390568346627991
 10
-0.4201510378897752
 20
-0.0549156714557651
 10
-0.42008701957940536
 20
-0.055982596084118964
 10
-0.4197969543147208
 20
-0.061203770848440885
 10
-0.4225525743292241
 20
-0.061566352429296575
 10
-0.4255491128081943
 20
-0.062018163071065974
 10
-0.42776128535170416
 20
-0.06236629804205943
 10
-0.4293021154369108
 20
-0.062649848168963
 10
-0.4302846265409717
 20
-0.06290790427846266
 10
-0.4308218421410443
 20
-0.06317955719724437
 10
-0.4310267857142857
 20
-0.06350389775199418
 10
-0.43101248073785353
 20
-0.06392001676939808
 10
-0.43089195068890507
 20
-0.06446700507614211
 10
-0.43079422362219005
 20
-0.06487646732233505
 10
-0.43066760333575055
 20
-0.06548563270485859
 10
-0.4305171886330674
 20
-0.06626305860224804
 10
-0.4303480783176215
 20
-0.06717730239303839
 10
-0.43016537119289344
 20
-0.06819692145576503
 10
-0.4299741660623641
 20
-0.06929047316896306
 10
-0.42977956172951415
 20
-0.07042651491116751
 10
-0.4295866569978245
 20
-0.07157360406091375
 10
-0.42932392698513416
 20
-0.07304503376540979
 10
-0.42907564358230604
 20
-0.07426237309644677
 10
-0.4288358581852792
 20
-0.07524346786620739
 10
-0.4285986221899928
 20
-0.07600616388687455
 10
-0.4283579869923858
 20
-0.07656830697063093
 10
-0.4281080039883974
 20
-0.07694774292965915
 10
-0.42784272457396666
 20
-0.07716231757614211
 10
-0.42755620014503265
 20
-0.07722987672226252
 10
-0.4270691227791878
 20
-0.07716628331218271
 10
-0.42613420050761425
 20
-0.07703385605511245
 10
-0.42480667036802033
 20
-0.07683854355511242
 10
-0.4231417693981146
 20
-0.0765862944162437
 10
-0.4211947346356055
 20
-0.07628305724256708
 10
-0.4190208031182016
 20
-0.07593478063814355
 10
-0.41667521188361134
 20
-0.07554741320703405
 10
-0.4142131979695432
 20
-0.07512690355329951
 10
-0.411288892539884
 20
-0.07465753036620747
 10
-0.40876654278462654
 20
-0.07428163524292977
 10
-0.40664020009970997
 20
-0.07399751858230601
 10
-0.4049039158810732
 20
-0.07380348078317628
 10
-0.4035517415246556
 20
-0.07369782224438
 10
-0.40257772842639594
 20
-0.07367884336475714
 10
-0.40197592798223347
 20
-0.07374484454314724
 10
-0.4017403915881073
 20
-0.07389412617839013
 10
-0.40166971650652644
 20
-0.07417172770123276
 10
-0.40156929840464106
 20
-0.07466007976794783
 10
-0.4014433862853517
 20
-0.07533198875997099
 10
-0.40129622915155916
 20
-0.07616026105873829
 10
-0.4011320760061639
 20
-0.07711770304568527
 10
-0.4009551758520667
 20
-0.07817712110224799
 10
-0.40076977769216826
 20
-0.07931132160986219
 10
-0.4005801305293691
 20
-0.08049311094996374
 10
-0.40035521664249457
 20
-0.08192162572516314
 10
-0.4000181290790428
 20
-0.08376314358230609
 10
-0.3995858638506164
 20
-0.08594118246918053
 10
-0.39907541696881804
 20
-0.08837926033357506
 10
-0.3985037844452502
 20
-0.09100089512327773
 10
-0.39788796229151563
 20
-0.09372960478607684
 10
-0.3972449465192168
 20
-0.0964889072697606
 10
-0.3965917331399565
 20
-0.09920232052211744
 10
-0.3959549492385787
 20
-0.10182013120920952
 10
-0.3953589557650472
 20
-0.10430452320522118
 10
-0.39481734952864395
 20
-0.10659686027012329
 10
-0.3943437273386512
 20
-0.10863850616388687
 10
-0.393951686004351
 20
-0.11037082464648293
 10
-0.3936548223350254
 20
-0.11173517947788256
 10
-0.39346673313995656
 20
-0.11267293441805656
 10
-0.3934010152284264
 20
-0.11312545322697608
 10
-0.3938943244651922
 20
-0.11360771505620015
 10
-0.3951991932559826
 20
-0.1139650562001451
 10
-0.39705303322153734
 20
-0.11419492725707031
 10
-0.3991932559825961
 20
-0.11429477882523573
 10
-0.4013572731598985
 20
-0.11426206150290065
 10
-0.4032824963741842
 20
-0.11409422588832488
 10
-0.40470633724619287
 20
-0.11378872257976794
 10
-0.40536620739666424
 20
-0.11334300217548945
 97
0
 92
3
 72
0
 73
1
 93
121
 10
0.26794778825235677
 20
-0.11276287164612038
 10
0.2678687567984046
 20
-0.11230836996918053
 10
0.2676418600435098
 20
-0.11126155728788978
 10
0.2672823943981145
 20
-0.10968956784807829
 10
0.26680565627266134
 20
-0.10765953589557649
 10
0.26622694207759245
 20
-0.10523859567621466
 10
0.2655615482233502
 20
-0.10249388143582303
 10
0.2648247711203771
 20
-0.09949252742023197
 10
0.26403190717911523
 20
-0.0963016678752719
 10
0.2631107233502539
 20
-0.09253860927302386
 10
0.26200598259608404
 20
-0.0878977066715011
 10
0.2607584753444525
 20
-0.08256166719543147
 10
0.25940899202320516
 20
-0.07671319796954316
 10
0.2579983230601885
 20
-0.07053500611856414
 10
0.2565672588832488
 20
-0.06420979876722265
 10
0.2551565899202321
 20
-0.05792028304024656
 10
0.25380710659898476
 20
-0.05184916606236403
 10
0.25245110813995647
 20
-0.04575850367113844
 10
0.25102202683103714
 20
-0.03941375090645395
 10
0.24956235270123278
 20
-0.03300271369651922
 10
0.24811457577955048
 20
-0.02671319796954313
 10
0.24672118609499638
 20
-0.02073300965373459
 10
0.24542467367657736
 20
-0.01524995467730241
 10
0.24426752855329947
 20
-0.010451838968455402
 10
0.2432922407541697
 20
-0.006526468455402465
 10
0.24233918940355328
 20
-0.0028083076504713395
 10
0.24129690899202322
 20
0.0013959390862943832
 10
0.2401985417422045
 20
0.0059401060551124004
 10
0.23907722987672236
 20
0.010678027556200162
 10
0.2379661156182016
 20
0.015463537889775199
 10
0.23689834118926756
 20
0.02015047135605513
 10
0.23590704881254534
 20
0.0245926622552574
 10
0.23502538071065993
 20
0.02864394488759971
 10
0.23236507999456124
 20
0.040681936638868696
 10
0.2302359046410443
 20
0.050151831036983376
 10
0.22852313157179113
 20
0.05747003036620737
 10
0.22711203770848443
 20
0.06305293691080496
 10
0.2258878999728064
 20
0.06731695295503988
 10
0.22473599528643948
 20
0.07067848078317625
 10
0.22354160057106595
 20
0.07355392267947786
 10
0.22218999274836837
 20
0.07635968092820881
 10
0.2194090203498912
 20
0.0813744957849891
 10
0.21628557831762146
 20
0.08585818527918782
 10
0.21273553639412618
 20
0.08987788365663521
 10
0.2086747643219725
 20
0.09350072516316171
 10
0.20401913184372733
 20
0.09679384404459751
 10
0.198684508701958
 20
0.09982437454677301
 10
0.19258676463923133
 20
0.1026594509155185
 10
0.18564176939811458
 20
0.10536620739666422
 10
0.18361159581218273
 20
0.10605907813633066
 10
0.18127039521392319
 20
0.10680293691080493
 10
0.17877623051124
 20
0.10755359408992024
 10
0.17628716461203772
 20
0.10826686004350976
 10
0.17396126042422044
 20
0.10889854514140679
 10
0.17195658085569251
 20
0.10940445975344451
 10
0.1704311888143582
 20
0.10974041424945613
 10
0.1695431472081218
 20
0.10986221899927484
 10
0.16914204133430016
 20
0.10976449193255983
 10
0.16886330674401745
 20
0.10947470993473535
 10
0.1687069434372734
 20
0.10899797180928207
 10
0.16867295141406827
 20
0.10833937635968091
 10
0.16876133067440172
 20
0.10750402238941262
 10
0.16897208121827414
 20
0.10649700870195794
 10
0.16930520304568525
 20
0.10532343410079763
 10
0.16976069615663528
 20
0.10398839738941261
 10
0.17001776083212466
 20
0.10314426214648295
 10
0.17029437092095714
 20
0.10195340826686004
 10
0.17058287821791154
 20
0.1004702229876722
 10
0.17087563451776652
 20
0.09874909354604783
 10
0.17116499161530097
 20
0.09684440717911537
 10
0.17144330130529364
 20
0.09481055112400297
 10
0.17170291538252358
 20
0.09270191261783901
 10
0.1719361856417694
 20
0.09057287889775198
 10
0.17233899111675133
 20
0.08662966257251634
 10
0.17280638143582303
 20
0.08321587200870191
 10
0.17336894941986947
 20
0.0802286813361131
 10
0.1740572878897751
 20
0.077565264684554
 10
0.17490198966642498
 20
0.07512279618382885
 10
0.17593364757070337
 20
0.07279844996374178
 10
0.17718285442349527
 20
0.07048940015409712
 10
0.17868020304568527
 20
0.06809282088469905
 10
0.18126600457759254
 20
0.06456529867657725
 10
0.18441012509064536
 20
0.061138052936910756
 10
0.18804543033901375
 20
0.057856972897026814
 10
0.19210478607686732
 20
0.05476794778825226
 10
0.19652105805837564
 20
0.05191686684191442
 10
0.2012271120377084
 20
0.049349619289340035
 10
0.2061558137690355
 20
0.04711209436185637
 10
0.21124002900652644
 20
0.04525018129079041
 10
0.2128852429296591
 20
0.04470885832124725
 10
0.21416334300217554
 20
0.04425081580855686
 10
0.2151355148658448
 20
0.04383016452139233
 10
0.2158629441624366
 20
0.04340101522842641
 10
0.21640681653372007
 20
0.04291747869833211
 10
0.21682831762146484
 20
0.04233366569978242
 10
0.21718863306744016
 20
0.04160368700145035
 10
0.21754894851341552
 20
0.04068165337200872
 10
0.2195789804659173
 20
0.03473559871283547
 10
0.2228301758520668
 20
0.024888959390862928
 10
0.22704164589376358
 20
0.011952445159535896
 10
0.23195250181290789
 20
-0.0032632342277012327
 10
0.23730185483139957
 20
-0.0199473690174039
 10
0.24282881617113858
 20
-0.03728924945612763
 10
0.24827249705402474
 20
-0.054478165790427864
 10
0.25337200870195803
 20
-0.07070340826686004
 10
0.2570339410351703
 20
-0.08243136443981146
 10
0.2600151831036984
 20
-0.09192009608411893
 10
0.26238286915337206
 20
-0.09937780434191443
 10
0.2642041334300218
 20
-0.10501269035532995
 10
0.26554611017947793
 20
-0.10903295526649746
 10
0.2664759336475708
 20
-0.11164680021754896
 10
0.26706073808013064
 20
-0.11306242635061639
 10
0.2673676577229877
 20
-0.11348803480783176
 10
0.2674966857777375
 20
-0.11347472126540968
 10
0.2676112672226251
 20
-0.11343591370558377
 10
0.26771055225707036
 20
-0.11337331172951415
 10
0.26779369108049306
 20
-0.11328861493836115
 10
0.2678598338923133
 20
-0.11318352293328499
 10
0.2679081308919507
 20
-0.11305973531544594
 10
0.2679377322788253
 20
-0.11291895168600437
 10
0.26794778825235677
 20
-0.11276287164612038
 97
0
 92
3
 72
0
 73
1
 93
133
 10
0.06163886874546773
 20
-0.06664249456127627
 10
0.0626016928027556
 20
-0.06636900040790429
 10
0.06367159173313998
 20
-0.06604536802030467
 10
0.06481287391225526
 20
-0.06568264480601882
 10
0.06598984771573604
 20
-0.06529187817258886
 10
0.06716682151921682
 20
-0.06488411552755619
 10
0.06830810369833219
 20
-0.06447040427846268
 10
0.06937800262871648
 20
-0.06406179183284982
 10
0.07034082668600436
 20
-0.06366932559825958
 10
0.07228941941624364
 20
-0.06278539136149384
 10
0.07453544234952861
 20
-0.06166946156635248
 10
0.07690043736403195
 20
-0.060422662481870906
 10
0.07920594633792596
 20
-0.059146120377084846
 10
0.08127351114938361
 20
-0.0579409615210297
 10
0.08292467367657722
 20
-0.056908312182741116
 10
0.08398097579767953
 20
-0.0561492986312545
 10
0.08426395939086298
 20
-0.0557650471356055
 10
0.08413748073785357
 20
-0.055733746147570803
 10
0.08387758339376365
 20
-0.05574578498912257
 10
0.08350041356961566
 20
-0.05579691465736039
 10
0.08302211747643216
 20
-0.055882886149383616
 10
0.08245884132523572
 20
-0.0559994504622915
 10
0.08182673132704855
 20
-0.056142358593183485
 10
0.08114193369289337
 20
-0.05630736153915883
 10
0.08042059463379259
 20
-0.05649021029731688
 10
0.07534558556925305
 20
-0.057795220721537366
 10
0.07001903553299482
 20
-0.05877220812182733
 10
0.06452252538071067
 20
-0.059419472897026836
 10
0.058937635968092726
 20
-0.059735315445975344
 10
0.053345948150833926
 20
-0.05971803616751267
 10
0.04782904278462651
 20
-0.059365935460478546
 10
0.042468500725163144
 20
-0.058677313723712834
 10
0.03734590282813633
 20
-0.05765047135605511
 10
0.03130863624002904
 20
-0.055961917603335735
 10
0.025296863669325584
 20
-0.05374138868745468
 10
0.019349675942712093
 20
-0.05101437862581578
 10
0.013506163886874464
 20
-0.047806381435823025
 10
0.007805418328498913
 20
-0.04414289113488035
 10
0.002286530094271244
 20
-0.04004940174039157
 10
-0.003011409989122569
 20
-0.0355514072697607
 10
-0.008049311094996391
 20
-0.030674401740391558
 10
-0.017745677347715802
 20
-0.018970098350253792
 10
-0.025753489847715753
 20
-0.005812635968092821
 10
-0.03202261036076867
 20
0.008578736856417694
 10
-0.03650290065264683
 20
0.023984771573604013
 10
-0.03914422248912257
 20
0.04018621963379264
 10
-0.03989643763596808
 20
0.056963832487309664
 10
-0.03870940785895578
 20
0.0740983615844815
 10
-0.03553299492385787
 20
0.09137055837563451
 10
-0.034246680112400354
 20
0.09649981304387237
 10
-0.03276151196519218
 20
0.10193414612037704
 10
-0.03113017811820163
 20
0.1075095460931835
 10
-0.029405366207396713
 20
0.11306200145032634
 10
-0.02763976386874547
 20
0.11842750067984047
 10
-0.025886058738216165
 20
0.1234420322697607
 10
-0.024196938451776666
 20
0.12794158470812186
 10
-0.022625090645395248
 20
0.13176214648295867
 10
-0.018781725888324857
 20
0.14068165337200872
 10
-0.01559100797679478
 20
0.14053662073966644
 10
-0.014723078317621482
 20
0.14050631118564175
 10
-0.013515228426395973
 20
0.14047090282813635
 10
-0.012021845540246556
 20
0.14043209526831035
 10
-0.0102973168963017
 20
0.14039158810732413
 10
-0.00839602973168963
 20
0.14035108094633794
 10
-0.006372371283538813
 20
0.14031227338651195
 10
-0.004280728788977553
 20
0.1402768650290065
 10
-0.002175489485134155
 20
0.14024655547498185
 10
0.0025859431653371843
 20
0.14028748753625814
 10
0.006913977519941954
 20
0.14054681834662797
 10
0.010966676486584483
 20
0.14106618813451777
 10
0.014902102973168931
 20
0.1418872371283539
 10
0.01887831988759971
 20
0.1430516055565627
 10
0.023053390137780985
 20
0.14460093364757073
 10
0.027585376631617083
 20
0.14657686162980418
 10
0.03263234227701233
 20
0.14902102973168962
 10
0.03463234794234958
 20
0.1500444728970268
 10
0.03642245286439449
 20
0.15098123640319072
 10
0.037969514820522104
 20
0.15181262463741843
 10
0.03924039158810729
 20
0.15251994198694707
 10
0.04020194094452502
 20
0.1530844928390138
 10
0.04082102066715008
 20
0.1534875815808557
 10
0.04106448853335751
 20
0.15371051259970994
 10
0.040899202320522104
 20
0.15373459028281364
 10
0.033646296002538024
 20
0.15267148975707034
 10
0.02580107868020311
 20
0.15208257795503993
 10
0.01759384631073238
 20
0.1519525584662799
 10
0.009254894851341585
 20
0.1522661348803481
 10
0.001014520259245814
 20
0.15300801078680204
 10
-0.006896981508339344
 20
0.15416288977519943
 10
-0.014249314494198712
 20
0.15571547543509787
 10
-0.020812182741116785
 20
0.1576504713560551
 10
-0.024873096446700476
 20
0.15902828136330677
 10
-0.031036983321247248
 20
0.14735315445975344
 10
-0.03584515500362585
 20
0.13778241705946342
 10
-0.04010605511240028
 20
0.12830175852066716
 10
-0.04382988125453227
 20
0.11887888642131982
 10
-0.04702683103698334
 20
0.10948150833937638
 10
-0.04970710206671498
 20
0.10007733185279191
 10
-0.05188089195068894
 20
0.0906340645395214
 10
-0.053558398295866554
 20
0.08111941397751996
 10
-0.05474981870920957
 20
0.07150108774474259
 10
-0.055423144035532945
 20
0.05661796365119652
 10
-0.05454813270485864
 20
0.041739938361131206
 10
-0.05218766996011603
 20
0.027062466007976828
 10
-0.048404641044234954
 20
0.01278100072516308
 10
-0.043261931200145036
 20
-0.0009090033538796064
 10
-0.03682242567077596
 20
-0.013812092095721538
 10
-0.029149009699057257
 20
-0.025732811366932527
 10
-0.020304568527918784
 20
-0.036475707034082636
 10
-0.017683500271936218
 20
-0.03906278326686006
 10
-0.01423812545322696
 20
-0.04212064902102975
 10
-0.010231882251631633
 20
-0.04544705175852065
 10
-0.0059282088469906225
 20
-0.048839738941261805
 10
-0.0015905434191443076
 20
-0.052096458031181986
 10
0.002517675852066682
 20
-0.05501495649021023
 10
0.006133010786801965
 20
-0.05739298178027558
 10
0.008992023205221158
 20
-0.05902828136330673
 10
0.011344271211022447
 20
-0.06011262690355333
 10
0.0143083756345178
 20
-0.06131254532269757
 10
0.017700779550398806
 20
-0.06256685097897029
 10
0.021337926033357556
 20
-0.06381435823060189
 10
0.025036258158085554
 20
-0.06499388143582305
 10
0.028612218999274804
 20
-0.06604423495286443
 10
0.03188225163161715
 20
-0.06690423313995646
 10
0.034662799129804175
 20
-0.06751269035532997
 10
0.03744589602973166
 20
-0.06789765001812909
 10
0.04077456490210296
 20
-0.06813134517766506
 10
0.04446015001812908
 20
-0.06821887463741841
 10
0.04831399564902103
 20
-0.0681653372008702
 10
0.05214744606598982
 20
-0.0679758316715011
 10
0.05577184554024652
 20
-0.06765545685279188
 10
0.05899853834300216
 20
-0.06720931154822335
 10
0.06163886874546773
 20
-0.06664249456127627
 97
0
 92
3
 72
0
 73
1
 93
53
 10
-0.4147208121827411
 20
-0.06040609137055834
 10
-0.41506200711566354
 20
-0.058186412255257385
 10
-0.4154652374909355
 20
-0.055198513415518395
 10
-0.41589736108593184
 20
-0.05172792784626545
 10
-0.41632523567802754
 20
-0.04806018854242203
 10
-0.41671571904459753
 20
-0.044480828498912224
 10
-0.4170356689630167
 20
-0.041275380710659934
 10
-0.41725194321065995
 20
-0.03872937817258882
 10
-0.4173313995649021
 20
-0.03712835387962295
 10
-0.4173313995649021
 20
-0.03437273386511964
 10
-0.43147208121827413
 20
-0.034880348078317636
 10
-0.44561276287164614
 20
-0.03538796229151556
 10
-0.44561276287164614
 20
-0.022262509064539554
 10
-0.44561276287164614
 20
-0.009209572153734623
 10
-0.44089920232052215
 20
-0.008919506889050003
 10
-0.4399308545594634
 20
-0.00889273817077586
 10
-0.4389990482233503
 20
-0.008868518854242254
 10
-0.4381267279278463
 20
-0.008849398341189234
 10
-0.4373368382886149
 20
-0.008837926033357589
 10
-0.4366523239213198
 20
-0.008836651332487276
 10
-0.43609612944162435
 20
-0.008848123640319089
 10
-0.4356911994651922
 20
-0.00887489235859315
 10
-0.4354604786076867
 20
-0.008919506889050003
 10
-0.43530439856780273
 20
-0.009122184327411183
 10
-0.4351636149383612
 20
-0.009602746555474983
 10
-0.43503982732052215
 20
-0.01033315015409719
 10
-0.43493473531544596
 20
-0.011285351704133513
 10
-0.434850038524293
 20
-0.012431307786439416
 10
-0.4347874365482233
 20
-0.013742974981870939
 10
-0.43474862898839745
 20
-0.01519230987128354
 10
-0.4347353154459754
 20
-0.016751269035533013
 10
-0.4347353154459754
 20
-0.024365482233502555
 10
-0.4208121827411167
 20
-0.02414793328498909
 10
-0.406816533720087
 20
-0.023930384336475707
 10
-0.4055837563451776
 20
-0.0387962291515591
 10
-0.4053401468455402
 20
-0.04186315944525013
 10
-0.4051033357505439
 20
-0.04486720449601155
 10
-0.4048801214648296
 20
-0.04773188225163162
 10
-0.4046773023930384
 20
-0.050380710659898416
 10
-0.4045016769398114
 20
-0.05273720766860043
 10
-0.40436004350978966
 20
-0.054724891225525776
 10
-0.40425920050761427
 20
-0.05626727927846269
 10
-0.404205946337926
 20
-0.05728788977519942
 10
-0.40398839738941267
 20
-0.06091370558375635
 10
-0.4075416968817984
 20
-0.06178390137781004
 10
-0.40955742385786803
 20
-0.06222735564720821
 10
-0.4111312545322698
 20
-0.0625169960116027
 10
-0.412324374546773
 20
-0.06264177506345174
 10
-0.4131979695431472
 20
-0.06259064539521393
 10
-0.4138132251631617
 20
-0.062352559599347386
 10
-0.41423132704858595
 20
-0.06191647026831037
 10
-0.4145134608411893
 20
-0.06127132999456128
 10
-0.4147208121827411
 20
-0.06040609137055834
 97
0
 92
3
 72
0
 73
1
 93
43
 10
0.16453952139231326
 20
-0.027121102248005787
 10
0.16483015319071792
 20
-0.02525833937635965
 10
0.16515137781000724
 20
-0.02304205946337916
 10
0.16549299764321973
 20
-0.02055384336475707
 10
0.1658448150833938
 20
-0.017875271936185544
 10
0.16619663252356778
 20
-0.01508792603335749
 10
0.16653825235678027
 20
-0.01227338651196516
 10
0.1668594769760696
 20
-0.009513234227701216
 10
0.16715010877447425
 20
-0.006889050036258159
 10
0.16775275901921674
 20
-0.0015938009880347914
 10
0.16828657541696884
 20
0.0028541968817984214
 10
0.16879829699963744
 20
0.006756622779187817
 10
0.16933466279912984
 20
0.010415155910079736
 10
0.16994241184735315
 20
0.014131475480420595
 10
0.17066828317621466
 20
0.01820726069615657
 10
0.1715590158176215
 20
0.022944190763234246
 10
0.1726613488034808
 20
0.02864394488759971
 10
0.1727290495830311
 20
0.02908258362037702
 10
0.1727678571428571
 20
0.029420096084118927
 10
0.17277607188179842
 20
0.029657332079405366
 10
0.17275199419869464
 20
0.02979514140681652
 10
0.1726939244923858
 20
0.02983437386693256
 10
0.1726001631617114
 20
0.029775879260333593
 10
0.17246901060551129
 20
0.02962050738759971
 10
0.1722987672226251
 20
0.029369108049311095
 10
0.1712771652918782
 20
0.02627654210478608
 10
0.1691703680203046
 20
0.019054795141406868
 10
0.16635483706490212
 20
0.009074595494923825
 10
0.1632070340826686
 20
-0.0022933284989122716
 10
0.1601034207306019
 20
-0.01367824850435098
 10
0.15742045866569981
 20
-0.02370943618564177
 10
0.15553460954496015
 20
-0.031016163207034115
 10
0.1548223350253807
 20
-0.03422770123277741
 10
0.1548782802302393
 20
-0.034455589421682364
 10
0.1550523477157361
 20
-0.03465033538796236
 10
0.15535388528825234
 20
-0.03481278893219725
 10
0.15579224075416967
 20
-0.034943799854967365
 10
0.15637676191986946
 20
-0.03504421795685283
 10
0.15711679659173314
 20
-0.03511489303843363
 10
0.15802169257614218
 20
-0.03515667490029005
 10
0.15910079767947788
 20
-0.03517041334300218
 10
0.16330674401740394
 20
-0.03517041334300218
 10
0.16453952139231326
 20
-0.027121102248005787
 97
0
 75
0
 76
1
 98
0
  0
LWPOLYLINE
  5
58
330
54
100
AcDbEntity
  8
A-ANNO-TEXT
100
AcDbPolyline
 90
567
 70
1
 10
-0.02828136330674402
 20
-0.48578680203045693
 10
-0.03605137327773749
 20
-0.4850767936457578
 10
-0.044565808556925275
 20
-0.4841721809282089
 10
-0.053494946519216824
 20
-0.4831163037073967
 10
-0.06250906453952135
 20
-0.4819525018129079
 10
-0.07127843999274837
 20
-0.48072411507432933
 10
-0.07947335025380711
 20
-0.4794744833212473
 10
-0.08676407269760693
 20
-0.4782469463832488
 10
-0.09282088469905729
 20
-0.4770848440899203
 10
-0.11211900607324152
 20
-0.4727511443981146
 10
-0.13054523205221177
 20
-0.4679908448150836
 10
-0.14820663750906454
 20
-0.4627648545141406
 10
-0.1652102973168963
 20
-0.45703408266860046
 10
-0.1816632863488035
 20
-0.45075943845177674
 10
-0.19767267947788253
 20
-0.44390183103698333
 10
-0.2133455515772299
 20
-0.43642216959753444
 10
-0.22878897751994198
 20
-0.428281363306744
 10
-0.23762237128353883
 20
-0.42336682491841904
 10
-0.24517766497461926
 20
-0.41906839195068896
 10
-0.2518355692530819
 20
-0.4151455708393763
 10
-0.25797679477882524
 20
-0.4113578680203046
 10
-0.26398205221174764
 20
-0.4074647899292965
 10
-0.2702320522117476
 20
-0.40322584300217557
 10
-0.27710750543872376
 20
-0.3984005336747642
 10
-0.28498912255257436
 20
-0.39274836838288607
 10
-0.3052915665790428
 20
-0.3771713821156635
 10
-0.32510537527193617
 20
-0.36012848984771556
 10
-0.3442206478879623
 20
-0.34185338673857874
 10
-0.3624274836838289
 20
-0.3225797679477883
 10
-0.37951598191624364
 20
-0.3025413286348803
 10
-0.39527624184191446
 20
-0.281971763959391
 10
-0.40949836271754897
 20
-0.2611047690808557
 10
-0.421972443799855
 20
-0.24017403915881078
 10
-0.4296370784989123
 20
-0.22599639118020312
 10
-0.4363533357505439
 20
-0.21294302936910806
 10
-0.4422605828498913
 20
-0.20069017970449604
 10
-0.44749818709209577
 20
-0.18891406816533715
 10
-0.4522055157722988
 20
-0.17729092073060193
 10
-0.4565219361856418
 20
-0.16549696337926031
 10
-0.46058681562726617
 20
-0.1532084220902829
 10
-0.4645395213923133
 20
-0.14010152284263963
 10
-0.46774057854423495
 20
-0.12861009449782454
 10
-0.4705685732414793
 20
-0.11745943618564185
 10
-0.4730583473078318
 20
-0.10647363918600436
 10
-0.47524474256707755
 20
-0.09547679477882526
 10
-0.4771626008430022
 20
-0.08429299424401744
 10
-0.47884676395939085
 20
-0.07274632886149388
 10
-0.480332073740029
 20
-0.06066088991116751
 10
-0.481653372008702
 20
-0.047860768672951415
 10
-0.4821864802393038
 20
-0.03994161870014505
 10
-0.48258701957940536
 20
-0.029716959753444492
 10
-0.48285159082668605
 20
-0.01798815377991298
 10
-0.4829767947788252
 20
-0.005556562726613505
 10
-0.48295923223350257
 20
0.006776451459390863
 10
-0.4827955039883974
 20
0.01820952683103697
 10
-0.48248221084118925
 20
0.027941301441261817
 10
-0.4820159535895577
 20
0.03517041334300218
 10
-0.47991198898658455
 20
0.05406728720993471
 10
-0.4773397842639594
 20
0.07225457759245824
 10
-0.47427979400833936
 20
0.0898181143491661
 10
-0.4707124728063814
 20
0.10684372733865119
 10
-0.4666182752447426
 20
0.1234172464195069
 10
-0.46197765591007983
 20
0.1396245014503263
 10
-0.45677106938905004
 20
0.1555513222897027
 10
-0.45097897026831035
 20
0.17128353879622915
 10
-0.44824317893401017
 20
0.1783234284354605
 10
-0.44603426395939083
 20
0.18398409173313998
 10
-0.44429443890500364
 20
0.18840914498730965
 10
-0.4429659173313996
 20
0.19174220449601162
 10
-0.4419909127991298
 20
0.19412688655728788
 10
-0.44131163886874547
 20
0.1957068074691806
 10
-0.44087030910079766
 20
0.1966255835297317
 10
-0.4406091370558376
 20
0.19702683103698332
 10
-0.44011342005076143
 20
0.19712866547316898
 10
-0.4389548585931835
 20
0.19698490754169692
 10
-0.4370552710297317
 20
0.19657431222806382
 10
-0.43433647570703415
 20
0.19587563451776646
 10
-0.43072029097171866
 20
0.19486762939630167
 10
-0.4261285351704134
 20
0.19352905184916605
 10
-0.42048302664974624
 20
0.19183865686185642
 10
-0.4137055837563452
 20
0.18977519941986948
 10
-0.41108295753263235
 20
0.1889739791062364
 10
-0.4082249365482234
 20
0.18811072335025378
 10
-0.4052224494651922
 20
0.18721177596990574
 10
-0.4021664249456128
 20
0.18630348078317624
 10
-0.3991477916515591
 20
0.18541218160804931
 10
-0.39625747824510515
 20
0.1845642222625091
 10
-0.3935864133883249
 20
0.18378594656453953
 10
-0.3912255257432923
 20
0.18310369833212473
 10
-0.38894027034989126
 20
0.1824588413252357
 10
-0.3864859046410442
 20
0.18173835206671501
 10
-0.3839380608683829
 20
0.18096857437454678
 10
-0.38137237128353885
 20
0.18017585206671505
 10
-0.3788644681381436
 20
0.17938652896120377
 10
-0.37648998368382885
 20
0.17862694887599712
 10
-0.3743245501722262
 20
0.17792345562907905
 10
-0.3724437998549674
 20
0.17730239303843365
 10
-0.3707704008792604
 20
0.17672622824510517
 10
-0.3691998277737491
 20
0.17620105148658446
 10
-0.36776692236221903
 20
0.1757370603698332
 10
-0.36650652646845544
 20
0.1753444525018129
 10
-0.36545348191624366
 20
0.17503342548948514
 10
-0.3646426305293691
 20
0.17481417693981144
 10
-0.3641088141316171
 20
0.1746969044597534
 10
-0.36388687454677304
 20
0.17469180565627265
 10
-0.3640530105601886
 20
0.1748675727429296
 10
-0.3646312998549674
 20
0.17526853698332126
 10
-0.36557840260152286
 20
0.1758683545594634
 10
-0.3668509789702683
 20
0.17664068165337204
 10
-0.36840568913161714
 20
0.17755917444706307
 10
-0.3701991932559826
 20
0.17859748912255258
 10
-0.37218815151377815
 20
0.1797292818618564
 10
-0.374329224075417
 20
0.18092820884699057
 10
-0.37675951210116027
 20
0.1823024780184917
 10
-0.379576459390863
 20
0.18388664793328502
 10
-0.38267724007432924
 20
0.18562548155366207
 10
-0.3859590282813633
 20
0.18746374184191447
 10
-0.38931899814176946
 20
0.18934619176033357
 10
-0.3926543237853517
 20
0.19121759427121102
 10
-0.3958621793419145
 20
0.19302271233683826
 10
-0.3988397389412618
 20
0.19470630891950688
 10
-0.40182168917693983
 20
0.19637347602429295
 10
-0.40499229514140683
 20
0.198131571791153
 10
-0.40825467956852796
 20
0.19992875838469903
 10
-0.41151196519216826
 20
0.20171319796954312
 10
-0.4146672747461929
 20
0.20343305271029732
 10
-0.41762373096446703
 20
0.20503648477157357
 10
-0.4202844565808557
 20
0.206471656317984
 10
-0.4225525743292241
 20
0.20768672951414066
 10
-0.4245649021029732
 20
0.20876356848259606
 10
-0.4264412617839014
 20
0.20980216642494562
 10
-0.4281408629441624
 20
0.21077787912436546
 10
-0.4296229151559101
 20
0.2116660623640319
 10
-0.4308466279912981
 20
0.21244207192712108
 10
-0.43177121102248006
 20
0.21308126359680926
 10
-0.4323558738216099
 20
0.2135589931562726
 10
-0.4325598259608412
 20
0.21385061638868744
 10
-0.43229964534989124
 20
0.2147116060097897
 10
-0.43155252900652646
 20
0.2164147480058013
 10
-0.43036861516497465
 20
0.21886401491116753
 10
-0.42879804205946337
 20
0.22196337926033358
 10
-0.42689094792422044
 20
0.22561681358774474
 10
-0.42469747099347355
 20
0.2297282904278463
 10
-0.4222677495014503
 20
0.23420178231508343
 10
-0.4196519216823786
 20
0.23894126178390138
 10
-0.41210356802936915
 20
0.2520269160170413
 10
-0.40420254713560555
 20
0.26479219543147214
 10
-0.3959565072063089
 20
0.27722945182197245
 10
-0.38737309644670054
 20
0.28933103698332124
 10
-0.37845996306200147
 20
0.3010893027102973
 10
-0.3692247552574329
 20
0.3124966007976795
 10
-0.3596751212382161
 20
0.32354528304024655
 10
-0.34981870920957214
 20
0.33422770123277734
 10
-0.34670815581943437
 20
0.33742989145213925
 10
-0.343235587382161
 20
0.3408640772298767
 10
-0.3396236516497462
 20
0.34432715622733867
 10
-0.3360949963741842
 20
0.34761602610587383
 10
-0.33287226930746916
 20
0.350527584526831
 10
-0.33017811820159537
 20
0.35285872915155914
 10
-0.32823519080855695
 20
0.3544063576414068
 10
-0.3272661348803481
 20
0.354967367657723
 10
-0.3266881288524293
 20
0.3546833926305294
 10
-0.3255382070340827
 20
0.35386489303843366
 10
-0.3238767052664975
 20
0.35256200711566354
 10
-0.32176395939086294
 20
0.3508248730964467
 10
-0.3192603052483684
 20
0.3487036292150109
 10
-0.31642607868020306
 20
0.3462484137055838
 10
-0.3133216155275562
 20
0.3435093648023931
 10
-0.31000725163161713
 20
0.34053662073966645
 10
-0.3085103279097172
 20
0.33916419280275567
 10
-0.3068833846990573
 20
0.3376880891950689
 10
-0.30517995943618564
 20
0.3361541991479333
 10
-0.30345358955765045
 20
0.33460841189267587
 10
-0.3017578125
 20
0.3330966166606237
 10
-0.3001461656997825
 20
0.3316647026831037
 10
-0.29867218659354605
 20
0.3303585591914431
 10
-0.297389412617839
 20
0.32922407541696885
 10
-0.29600027193618567
 20
0.32798336656997823
 10
-0.29427121102248005
 20
0.3264231327048586
 10
-0.2922702139231327
 20
0.32460455946337924
 10
-0.290065264684554
 20
0.3225888324873097
 10
-0.2877243473531545
 20
0.32043713741841917
 10
-0.2853154459753445
 20
0.3182106598984772
 10
-0.28290654459753445
 20
0.31597058556925306
 10
-0.2805656272661349
 20
0.31377810007251633
 10
-0.27833334277556204
 20
0.3117116683284989
 10
-0.2762361765772298
 20
0.3097829042784626
 10
-0.2743208677030457
 20
0.30803429795141407
 10
-0.27263415518491657
 20
0.3065083393763597
 10
-0.2712227780547498
 20
0.30524751858230603
 10
-0.27013347534445253
 20
0.3042943255982596
 10
-0.26941298608593184
 20
0.303691250453227
 10
-0.269108049311095
 20
0.30348078317621463
 10
-0.2691386421319797
 20
0.3036353052483684
 10
-0.2693799854967368
 20
0.3040779097171864
 10
-0.2698116841914431
 20
0.30477715396120375
 10
-0.27041334300217545
 20
0.30570159535895575
 10
-0.2711645667150109
 20
0.3068197912889775
 10
-0.2720449601160261
 20
0.3081002991298042
 10
-0.27303412799129806
 20
0.309511676259971
 10
-0.27411167512690354
 20
0.31102248005801303
 10
-0.275435947697607
 20
0.3129091789793329
 10
-0.2771324329224075
 20
0.31534739847715737
 10
-0.2791314471537346
 20
0.3182360122824511
 10
-0.28136330674401744
 20
0.3214738941261784
 10
-0.2837583280456853
 20
0.3249599177393038
 10
-0.2862468274111675
 20
0.3285929568527919
 10
-0.2887591211928934
 20
0.332271885197607
 10
-0.29122552574329225
 20
0.3358955765047136
 10
-0.2936917886602611
 20
0.3395093534717186
 10
-0.2962030910079768
 20
0.34315967186366936
 10
-0.2986888993382886
 20
0.34674710501269035
 10
-0.3010786802030457
 20
0.3501722262509065
 10
-0.3033019001540972
 20
0.35333560891044236
 10
-0.3052880257432922
 20
0.35613782632342283
 10
-0.30696652352248005
 20
0.3584794518219725
 10
-0.30826686004350984
 20
0.3602610587382161
 10
-0.30935106395032635
 20
0.3617038784898477
 10
-0.3103596356055112
 20
0.36307446519216824
 10
-0.3112713299945613
 20
0.3643413762237128
 10
-0.31206490210297316
 20
0.3654731689630167
 10
-0.31271910691624366
 20
0.36643840078861495
 10
-0.3132126994198695
 20
0.3672056290790428
 10
-0.31352443459934737
 20
0.3677434112128354
 10
-0.31363306744017405
 20
0.3680203045685279
 10
-0.31234094565808557
 20
0.3696503637146483
 10
-0.30877560732414794
 20
0.37283470812182745
 10
-0.3034035929568528
 20
0.37721727134699057
 10
-0.2966914430746918
 20
0.3824419869470631
 10
-0.28910569819615667
 20
0.3881527884789703
 10
-0.28111289883973894
 20
0.39399360949963746
 10
-0.2731795855239304
 20
0.3996083835659899
 10
-0.26577229876722264
 20
0.4046410442349529
 10
-0.25628073445431476
 20
0.4107695227519942
 10
-0.2465928662073967
 20
0.4167127447425671
 10
-0.23682511670594633
 20
0.42240782496374185
 10
-0.22709390862944165
 20
0.4277918781725888
 10
-0.2175156646573604
 20
0.4328020191261784
 10
-0.20820680746918058
 20
0.4373753625815809
 10
-0.19928375974438003
 20
0.4414490232958666
 10
-0.19086294416243654
 20
0.4449601160261059
 10
-0.18862400290065265
 20
0.44584079269398114
 10
-0.18650743292240757
 20
0.44667558013052944
 10
-0.18456082306018853
 20
0.4474457827229877
 10
-0.182831762146483
 20
0.4481327048585932
 10
-0.1813678390137781
 20
0.44871765092458304
 10
-0.1802166424945613
 20
0.44918192530819434
 10
-0.17942576142131977
 20
0.4495068323966643
 10
-0.17904278462654097
 20
0.4496736765772299
 10
-0.17863388891406815
 20
0.44947114077229877
 10
-0.17794710841189265
 20
0.4485836656997824
 10
-0.1769764945159536
 20
0.4469993541515591
 10
-0.17571609862218995
 20
0.4447063089195069
 10
-0.17415997212654097
 20
0.441692632795504
 10
-0.17230216642494559
 20
0.4379464285714286
 10
-0.17013673291334303
 20
0.4334557990391588
 10
-0.16765772298767223
 20
0.4282088469905729
 10
-0.16659178979332848
 20
0.42587260356236406
 10
-0.16530320884699057
 20
0.42299333756345175
 10
-0.1637188972987672
 20
0.4194019386783902
 10
-0.16176577229876726
 20
0.41492929659173317
 10
-0.15937075099709935
 20
0.4094063009880348
 10
-0.15646075054387235
 20
0.4026638415518492
 10
-0.15296268808919508
 20
0.3945328079677302
 10
-0.1488034807831762
 20
0.3848440899202321
 10
-0.1478990096990573
 20
0.3827670356689631
 10
-0.14704722625090644
 20
0.38085909173314
 10
-0.14626682605148658
 20
0.379160198740029
 10
-0.14557650471356057
 20
0.37771029731689626
 10
-0.14499495784989122
 20
0.376549328091008
 10
-0.14454088107324148
 20
0.3757172316896302
 10
-0.14423296999637422
 20
0.375253948740029
 10
-0.14408992023205222
 20
0.37519941986947064
 10
-0.14409742680384338
 20
0.3762992034535895
 10
-0.14436752175489484
 20
0.3786405456852792
 10
-0.14486366366026107
 20
0.3820101466189268
 10
-0.14554931109499641
 20
0.3861947063089195
 10
-0.14638792263415518
 20
0.3909809248096447
 10
-0.1473429568527919
 20
0.3961555021754895
 10
-0.1483778723259609
 20
0.40150513846084124
 10
-0.1494561276287165
 20
0.406816533720087
 10
-0.15082572289702686
 20
0.4134107029550399
 10
-0.15236357868020306
 20
0.4208869651921683
 10
-0.15396601930746917
 20
0.4287337404822335
 10
-0.1555293691080493
 20
0.4364394488759971
 10
-0.15694995241116752
 20
0.44349251042422044
 10
-0.1581240935460479
 20
0.449381345177665
 10
-0.15894811684191443
 20
0.4535943731870921
 10
-0.1593183466279913
 20
0.4556200145032632
 10
-0.15935488805293693
 20
0.45612040541153015
 10
-0.15928435460478613
 20
0.4565502628716462
 10
-0.1590812522661349
 20
0.45693423110043513
 10
-0.1587200870195794
 20
0.4572969543147208
 10
-0.15817536484771574
 20
0.45766307673132706
 10
-0.15742159173313997
 20
0.45805724256707764
 10
-0.15643327365844814
 20
0.45850409603879627
 10
-0.1551849166062364
 20
0.45902828136330676
 10
-0.1502974302030457
 20
0.46084529663705587
 10
-0.14395848440899203
 20
0.46291810188542426
 10
-0.13649780184916607
 20
0.46515576844633794
 10
-0.12824510514865847
 20
0.467467367657723
 10
-0.11953011693255983
 20
0.46976197085750543
 10
-0.11068255982596086
 20
0.47194864938361136
 10
-0.10203215645395211
 20
0.4739364745739667
 10
-0.09390862944162437
 20
0.47563451776649746
 10
-0.08385010650833939
 20
0.4775239077229877
 10
-0.07397344089920231
 20
0.4791787527193619
 10
-0.06413416651559099
 20
0.48061604876722264
 10
-0.054187817258883185
 20
0.4818527918781726
 10
-0.04398992703045686
 20
0.48290597806381436
 10
-0.033396029731689564
 20
0.4837926033357505
 10
-0.022261659263959375
 20
0.4845296637055838
 10
-0.010442349528643929
 20
0.4851341551849166
 10
-0.0012327773749093876
 20
0.4854967367657723
 10
-0.0007976794778825401
 20
0.48245105148658446
 10
-0.0003137180474981871
 20
0.47763508996555476
 10
0.00028666606236398245
 20
0.4695941352429297
 10
0.0009499354151559266
 20
0.4592910113759971
 10
0.0016225525743291912
 20
0.4476885424220449
 10
0.002250980103335734
 20
0.4357495524383611
 10
0.0027816805656272663
 20
0.42443686548223347
 10
0.0031611165246555805
 20
0.41471330561095
 10
0.003335750543872388
 20
0.4075416968817984
 10
0.00336931766678756
 20
0.40582991524655554
 10
0.0034139321972444132
 20
0.404303390137781
 10
0.003467044733502571
 20
0.40299101477519944
 10
0.0035261058738216594
 20
0.4019216823785352
 10
0.0035885662164612205
 20
0.4011242861675127
 10
0.0036518763596809613
 20
0.4006277193618565
 10
0.0037134869017404247
 20
0.40046087518129075
 10
0.0037708484408992353
 20
0.40065264684554025
 10
0.0039049752991297715
 20
0.401340985315446
 10
0.0041368292240754004
 20
0.4025969905728789
 10
0.00445536280819436
 20
0.4043492793691081
 10
0.0048495286439448875
 20
0.40652646845540247
 10
0.005308279323785385
 20
0.4090571745830312
 10
0.005820567440174006
 20
0.41187001450326327
 10
0.006375345585569319
 20
0.41489360496736766
 10
0.006961566352429313
 20
0.4180565627266135
 10
0.007632908810732432
 20
0.4216701980601886
 10
0.00843002175489485
 20
0.42598576867295146
 10
0.009322312364031908
 20
0.43084181245467734
 10
0.010279187817258851
 20
0.43607686729514145
 10
0.011270055293691097
 20
0.44152947108411894
 10
0.012264321972443735
 20
0.4470381617113851
 10
0.013231395032632343
 20
0.45244147706671506
 10
0.01414068165337201
 20
0.45757795503988397
 10
0.015024332623277688
 20
0.46240751337019587
 10
0.01586634336475702
 20
0.4669812817258884
 10
0.016645468863306746
 20
0.4711930350344453
 10
0.017340464104423428
 20
0.47493654822335024
 10
0.017930084073604063
 20
0.478105596220087
 10
0.01839308375634521
 20
0.4805939539521393
 10
0.018708218138143617
 20
0.4822953963469906
 10
0.01885424220449601
 20
0.4831036983321248
 10
0.018997433602248055
 20
0.4835848270939086
 10
0.019197561638868696
 20
0.48394783357505444
 10
0.019518361357868053
 20
0.48420376518310365
 10
0.020023567802755587
 20
0.48436366932559827
 10
0.020776916017041337
 20
0.48443859341007983
 10
0.02184214104423492
 20
0.4844395848440899
 10
0.0232829779278463
 20
0.4843776910351705
 10
0.025163161711385097
 20
0.4842639593908629
 10
0.03947578634880355
 20
0.48321006503807107
 10
0.0540042603335751
 20
0.48169302936910807
 10
0.0686381095902828
 20
0.47973239779731686
 10
0.08326686004350975
 20
0.4773477157360407
 10
0.09778003761783904
 20
0.4745585285986222
 10
0.11206716823785359
 20
0.47138438179840464
 10
0.1260177778281364
 20
0.467844820748731
 10
0.1395213923132705
 20
0.46395939086294413
 10
0.1412678741388687
 20
0.4634384631073242
 10
0.1429965101522842
 20
0.4629192349528644
 10
0.14466226092277013
 20
0.46241700281000725
 10
0.14622008701957945
 20
0.4619470630891951
 10
0.14762494901196518
 20
0.46152471220087016
 10
0.1488318074691806
 20
0.461165246555475
 10
0.14979562296047866
 20
0.4608839625634518
 10
0.15047135605511242
 20
0.46069615663524294
 10
0.1560980273295867
 20
0.45885676327955044
 10
0.1636681925308194
 20
0.45606984227701236
 10
0.17235159649202322
 20
0.4526795628625816
 10
0.18131798404641047
 20
0.44903009427121104
 10
0.18973710002719363
 20
0.4454656057378535
 10
0.19677868926758524
 20
0.442330266497462
 10
0.20161249660079766
 20
0.43996824578498916
 10
0.2034082668600435
 20
0.43872371283538797
 10
0.20312627470087016
 20
0.43782887282451055
 10
0.20233525199419866
 20
0.43591597171863666
 10
0.20111762939630168
 20
0.43316346763959396
 10
0.19955583756345177
 20
0.4297498187092096
 10
0.1977323071519217
 20
0.4258534830493111
 10
0.1957294688179841
 20
0.4216529187817259
 10
0.19362975321791157
 20
0.4173265840282813
 10
0.19151559100797683
 20
0.41305293691080497
 10
0.19025165427846263
 20
0.4105294540881073
 10
0.18908629441624375
 20
0.4081614847715736
 10
0.18804330583756343
 20
0.406002566397752
 10
0.18714648295866565
 20
0.40410623640319077
 10
0.18641962019579408
 20
0.402526032224438
 10
0.18588651196519215
 20
0.40131549129804206
 10
0.1855709526831037
 20
0.4005281510605511
 10
0.18549673676577227
 20
0.4002175489485134
 10
0.18565281680565618
 20
0.40027179455221173
 10
0.18599755257432915
 20
0.4005291424945613
 10
0.18650884925670777
 20
0.4009683477610588
 10
0.1871646120377085
 20
0.4015681653372009
 10
0.18794274610224798
 20
0.4023073502084844
 10
0.18882115663524285
 20
0.4031646573604061
 10
0.1897777488216098
 20
0.40411884177846263
 10
0.19079042784626543
 20
0.4051486584481509
 10
0.19201371578136325
 20
0.40643582306018855
 10
0.193574374546773
 20
0.40807650471356055
 10
0.1954086690989848
 20
0.4100027193618564
 10
0.19745286439448878
 20
0.41214648295866574
 10
0.19964322538977522
 20
0.414439811457578
 10
0.20191601704133433
 20
0.4168147208121828
 10
0.20420750430565635
 20
0.4192032269760696
 10
0.20645395213923137
 20
0.4215373459028281
 10
0.21718636693255983
 20
0.43270485859318353
 10
0.22900652646845537
 20
0.42632342277012325
 10
0.2364601273567803
 20
0.4222503285895577
 10
0.24364349166062366
 20
0.41815853879622916
 10
0.25063310143219725
 20
0.4140021641588108
 10
0.2575054387237128
 20
0.40973531544597536
 10
0.2643369855873821
 20
0.40531210342639595
 10
0.2712042240754169
 20
0.4006866388687455
 10
0.278183636240029
 20
0.3958130325416969
 10
0.28535170413343003
 20
0.39064539521392316
 10
0.29013551486584493
 20
0.38704988895939085
 10
0.2952184554024656
 20
0.3831059644670051
 10
0.3003217911530094
 20
0.379043067893401
 10
0.3051667875271937
 20
0.3750906453952139
 10
0.3094747099347353
 20
0.37147814312907906
 10
0.31296682378535184
 20
0.3684350072516316
 10
0.31536439448876
 20
0.36619068391950693
 10
0.3163886874546773
 20
0.3649746192893401
 10
0.31616320703408257
 20
0.3645538263687455
 10
0.3154142494561276
 20
0.3635526196519217
 10
0.3141962019579405
 20
0.36203643378353884
 10
0.31256345177664985
 20
0.3600707034082669
 10
0.3105703861493836
 20
0.35772086317077595
 10
0.3082713923132704
 20
0.35505234771573607
 10
0.3057208575054387
 20
0.3521305916878173
 10
0.3029731689630167
 20
0.34902102973168964
 10
0.29732511104060905
 20
0.34262571383248736
 10
0.29127764684554025
 20
0.3356848259608412
 10
0.28518599302030456
 20
0.3286181676033358
 10
0.2794053662073968
 20
0.3218455402465555
 10
0.27429098304931104
 20
0.31578674537708484
 10
0.2701980601885425
 20
0.31086158448150836
 10
0.2674818142675852
 20
0.30748985904641046
 10
0.26649746192893403
 20
0.30609137055837565
 10
0.26669461566352426
 20
0.30614080062545324
 10
0.2672588832487309
 20
0.30648681109499637
 10
0.2681494742567078
 20
0.30709965894670055
 10
0.2693255982596085
 20
0.3079496011602611
 10
0.27074646482958664
 20
0.30900689471537346
 10
0.2723712835387962
 20
0.3102417965917332
 10
0.274159263959391
 20
0.3116245637690356
 10
0.27606961566352434
 20
0.3131254532269761
 10
0.2810580867023205
 20
0.316966126948876
 10
0.28621396845540237
 20
0.3208586385061639
 10
0.29150751790246565
 20
0.3247800432831762
 10
0.29690899202320525
 20
0.3287073966642495
 10
0.3023886477973168
 20
0.3326177540337201
 10
0.307916742204496
 20
0.33648817077592463
 10
0.31346353222443807
 20
0.34029570227519945
 10
0.3189992748368384
 20
0.3440174039158811
 10
0.33125453226976065
 20
0.3521392313270486
 10
0.3440899202320522
 20
0.33923132704858594
 10
0.35669784490572887
 20
0.326061400924583
 10
0.3685528462654099
 20
0.31265183103698335
 10
0.379778995195794
 20
0.29883095766860046
 10
0.39050036258158105
 20
0.28442712110224805
 10
0.4008410193074692
 20
0.2692686616207397
 10
0.4109250362581582
 20
0.25318391950688907
 10
0.4208764843183466
 20
0.2360012350435098
 10
0.4308194343727338
 20
0.21754894851341552
 10
0.43836198105511237
 20
0.202239507795504
 10
0.44542014140681657
 20
0.18621283538796232
 10
0.451971820612763
 20
0.16953351613488032
 10
0.45799492385786805
 20
0.1522661348803481
 10
0.46346735632704855
 20
0.13447527646845542
 10
0.46836702320522133
 20
0.11622552574329223
 10
0.4726718296773024
 20
0.09758146754894845
 10
0.4763596809282089
 20
0.07860768672951413
 10
0.4801901570431471
 20
0.05329453521573596
 10
0.4826516044234954
 20
0.028101205583756412
 10
0.48374147366751263
 20
0.0029503659807831434
 10
0.48345721537345904
 20
-0.022235315445975363
 10
0.48179628013959397
 20
-0.04753317054931111
 10
0.47875611856417705
 20
-0.07302053118201596
 10
0.47433418124546767
 20
-0.0987747291968819
 10
0.46852791878172584
 20
-0.12487309644670054
 10
0.4670256129894853
 20
-0.1305565627266135
 10
0.4651842367657722
 20
-0.13704224075416974
 10
0.46308622076686
 20
-0.14406499274836837
 10
0.4608139956490209
 20
-0.15135968092820878
 10
0.4584499920685279
 20
-0.15866116751269038
 10
0.4560766406816534
 20
-0.16570431472081212
 10
0.4537763721446699
 20
-0.17222398477157363
 10
0.4516316171138506
 20
-0.17795503988397388
 10
0.4490585625906454
 20
-0.18439171274474261
 10
0.4461124456127628
 20
-0.19132296954314723
 10
0.44285530162255254
 20
-0.1986179409898477
 10
0.43934916606236385
 20
-0.2061457577955039
 10
0.43565607437454673
 20
-0.21377555067077592
 10
0.4318380620014502
 20
-0.22137645032632347
 10
0.42795716438542414
 20
-0.2288175874728064
 10
0.42407541696881795
 20
-0.23596809282088468
 10
0.42152233275924583
 20
-0.240455748051124
 10
0.4183488941261784
 20
-0.24581784807831772
 10
0.41475735360768673
 20
-0.2517323184825961
 10
0.4109499637418418
 20
-0.2578770848440899
 10
0.40712897706671497
 20
-0.26393007274292973
 10
0.4034966461203771
 20
-0.2695692077592459
 10
0.4002552234408991
 20
-0.2744724154731689
 10
0.3976069615663524
 20
-0.2783176214648296
 10
0.3863707566624365
 20
-0.2935031329314722
 10
0.3745592367657722
 20
-0.30829518672951406
 10
0.3622225401105874
 20
-0.32264024542240755
 10
0.3494108049311096
 20
-0.33648477157360396
 10
0.3361741694615663
 20
-0.34977522774655545
 10
0.3225627719361857
 20
-0.3624580765047136
 10
0.30862675058919514
 20
-0.37447978041153
 10
0.29441624365482233
 20
-0.38578680203045684
 10
0.28770961747643226
 20
-0.39082371170232044
 10
0.28088741841914433
 20
-0.3958155819434372
 10
0.2740720177664975
 20
-0.40067658289521396
 10
0.26738578680203057
 20
-0.4053208846990573
 10
0.2609510968092821
 20
-0.4096626574963742
 10
0.2548903190717912
 20
-0.4136160714285715
 10
0.24932582487309646
 20
-0.4170952966370559
 10
0.24437998549673678
 20
-0.42001450326323425
 10
0.22563720880166782
 20
-0.43027726160261065
 10
0.2070057559825961
 20
-0.4395984408992023
 10
0.18842699079949238
 20
-0.44800183556925316
 10
0.16984227701232776
 20
-0.45551124002900645
 10
0.15119297838107323
 20
-0.46215044869470634
 10
0.1324204586656998
 20
-0.4679432559825961
 10
0.1134660816261784
 20
-0.4729134563089195
 10
0.09427121102248007
 20
-0.4770848440899203
 10
0.08729434825960841
 20
-0.4784363102791878
 10
0.08142222625090646
 20
-0.4795345358955767
 10
0.07631832396664252
 20
-0.4804322085750543
 10
0.07164612037708482
 20
-0.4811820159535897
 10
0.06706909445250181
 20
-0.4818366456671502
 10
0.06225072516316171
 20
-0.48244878535170416
 10
0.05685449147933285
 20
-0.4830711226432198
 10
0.05054387237128357
 20
-0.4837563451776649
 10
0.045320006571791124
 20
-0.4842958269126178
 10
0.040583076504713614
 20
-0.48472738397389403
 10
0.03601100775018129
 20
-0.48506546297135605
 10
0.03128172588832491
 20
-0.4853245105148659
 10
0.02607315649927487
 20
-0.48551897321428567
 10
0.02006322516316168
 20
-0.48566329767947786
 10
0.012929857460115993
 20
-0.48577193052030465
 10
0.00435097897026831
 20
-0.485859318346628
 10
-0.001551310959028265
 20
-0.48588297112944157
 10
-0.007202909717186334
 20
-0.48589897570703394
 10
-0.012468699011965192
 20
-0.4859064822788253
 10
-0.017213560551123972
 20
-0.4859046410442348
 10
-0.021302376042422046
 20
-0.4858926022026831
 10
-0.02460002719361855
 20
-0.4858695159535895
 10
-0.026971395712472774
 20
-0.4858345324963742
 10
-0.02828136330674402
 20
-0.48578680203045693
  0
LWPOLYLINE
  5
59
330
54
100
AcDbEntity
  8
A-ANNO-TEXT
100
AcDbPolyline
 90
1043
 70
1
 10
0.0391588107324148
 20
-0.4625815808556926
 10
0.05094951051486583
 20
-0.46147457396664243
 10
0.061829224075417
 20
-0.4602383973894127
 10
0.07209708121827411
 20
-0.45881866388687453
 10
0.08205221174764321
 20
-0.45716098622189993
 10
0.09199374546773025
 20
-0.4552109771573605
 10
0.10222081218274111
 20
-0.45291424945612757
 10
0.11303254169688183
 20
-0.4502164158810733
 10
0.12472806381435823
 20
-0.44706308919506893
 10
0.13702425330855694
 20
-0.4434854287527195
 10
0.14892698513415514
 20
-0.4396800217548948
 10
0.16056627877991297
 20
-0.4355958801667875
 10
0.1720721537345903
 20
-0.4311820159535895
 10
0.18357462948694706
 20
-0.42638744108049315
 10
0.1952037255257433
 20
-0.4211611675126904
 10
0.2070894613397389
 20
-0.4154522072153734
 10
0.21936185641769398
 20
-0.40920957215373455
 10
0.2282068641225526
 20
-0.4044947369017403
 10
0.23634653734590283
 20
-0.3998946247280639
 10
0.24408850389775202
 20
-0.3952044336928935
 10
0.2517403915881074
 20
-0.39021936185641765
 10
0.2596098282269761
 20
-0.3847346072788252
 10
0.2680044416243655
 20
-0.3785453680203047
 10
0.27723185959028285
 20
-0.3714468421410443
 10
0.28759970993473527
 20
-0.36323422770123287
 10
0.2978647344089919
 20
-0.3548083133158085
 10
0.3075688905003626
 20
-0.34637984952864403
 10
0.3168923359318346
 20
-0.33776952841733143
 10
0.32601522842639596
 20
-0.32879804205946334
 10
0.335117725707034
 20
-0.31928608253263224
 10
0.3443799854967368
 20
-0.3090543419144307
 10
0.35398216551849154
 20
-0.2979235122824511
 10
0.3641044234952864
 20
-0.2857142857142857
 10
0.3755621430837564
 20
-0.2708288954858594
 10
0.3865992113850616
 20
-0.2548880529369109
 10
0.3971280989394489
 20
-0.23805322017766498
 10
0.4070612762871647
 20
-0.2204858593183467
 10
0.41631121396845533
 20
-0.20234743246918058
 10
0.4247903825235678
 20
-0.1837994017403916
 10
0.43241125249274837
 20
-0.16500322924220442
 10
0.4390862944162437
 20
-0.1461203770848441
 10
0.44419472897026824
 20
-0.12951838968455404
 10
0.4485995286439448
 20
-0.11303707396664246
 10
0.452317689448876
 20
-0.09657275426033357
 10
0.4553662073966641
 20
-0.08002175489485136
 10
0.45776207849891226
 20
-0.06328040019941987
 10
0.4595222987672227
 20
-0.04624501450326325
 10
0.46066386421319805
 20
-0.02881192213560548
 10
0.4612037708484409
 20
-0.010877447425670777
 10
0.46121368518854244
 20
0.002927421365119685
 10
0.46090237490935454
 20
0.01610428752719357
 10
0.4602477451957941
 20
0.02888174741660627
 10
0.4592277012327773
 20
0.0414883973894126
 10
0.4578201482052212
 20
0.054152833801667875
 10
0.45600299129804206
 20
0.06710365300942715
 10
0.4537541356961566
 20
0.0805694513687455
 10
0.4510514865844815
 20
0.09477882523567806
 10
0.4494409728517042
 20
0.10225395440536622
 10
0.44742680384336486
 20
0.11055339013778101
 10
0.44507441420413346
 20
0.11945448468092817
 10
0.4424492385786804
 20
0.12873459028281362
 10
0.43961671161167515
 20
0.13817105919144307
 10
0.4366422679477883
 20
0.14754124365482235
 10
0.4335913422316897
 20
0.15662249592095723
 10
0.43052936910804934
 20
0.16519216823785354
 10
0.42581580855692536
 20
0.17810007251631618
 10
0.4221174764321972
 20
0.17998549673676578
 10
0.41823672044960125
 20
0.1817353777646846
 10
0.4136149383611313
 20
0.18347421138506162
 10
0.4084220902828136
 20
0.18515695816715014
 10
0.40282813633067444
 20
0.18673857868020305
 10
0.3970030366207396
 20
0.18817403349347353
 10
0.3911167512690355
 20
0.18941828317621467
 10
0.3853392403915881
 20
0.19042628829767952
 10
0.37984046410442346
 20
0.19115300942712113
 10
0.37284490572878887
 20
0.19158881549129808
 10
0.36549583031182015
 20
0.19149859499637417
 10
0.357936004350979
 20
0.1909069921591733
 10
0.3503081943437274
 20
0.1898386511965192
 10
0.34275516678752715
 20
0.1883182163252357
 10
0.3354196881798405
 20
0.18637033176214648
 10
0.32844452501812904
 20
0.18401964172407545
 10
0.32197244379985496
 20
0.18129079042784627
 10
0.31871374184191437
 20
0.17961370898295867
 10
0.31478879622915157
 20
0.17739190536620741
 10
0.31040835750543866
 20
0.1747604978698332
 10
0.3057831762146483
 20
0.1718546047860769
 10
0.30112400290065267
 20
0.16880934440717912
 10
0.2966415881073241
 20
0.16575983502538072
 10
0.2925466823785352
 20
0.1628411949329224
 10
0.289050036258158
 20
0.16018854242204494
 10
0.28909762509064546
 20
0.15979225208484404
 10
0.28933556925308185
 20
0.1587586113125453
 10
0.28974347353154467
 20
0.15715730375271939
 10
0.29030094271211027
 20
0.15505801305293695
 10
0.29098758158085564
 20
0.15253042286076865
 10
0.29178299492385795
 20
0.14964421682378537
 10
0.2926667875271937
 20
0.14646907858955763
 10
0.2936185641769399
 20
0.1430746918056563
 10
0.2968213209300217
 20
0.1314672656816534
 10
0.29971560007251646
 20
0.12036122189992747
 10
0.3022648601794779
 20
0.10992482097534448
 10
0.30443255982596085
 20
0.10032632342277015
 10
0.30618215758701967
 20
0.09173398975707031
 10
0.30747711203770844
 20
0.08431608049311089
 10
0.30828088175308194
 20
0.07824085614575786
 10
0.30855692530819434
 20
0.07367657722987674
 10
0.30846613827955044
 20
0.07104828566896301
 10
0.30817054931109494
 20
0.06847693074691806
 10
0.30763531657904286
 20
0.06585628739122554
 10
0.30682559825960837
 20
0.06308013052936916
 10
0.3057065525290065
 20
0.0600422350888325
 10
0.30424333756345184
 20
0.05663637599709935
 10
0.3024011115391588
 20
0.05275632818165337
 10
0.3001450326323424
 20
0.048295866569978266
 10
0.2951414068165337
 20
0.03872371283538795
 10
0.2952139231327048
 20
0.02588832487309648
 10
0.2952714263052936
 20
0.02107477112037707
 10
0.295415609137056
 20
0.016055565627266136
 10
0.29568556245467725
 20
0.010278338016678754
 10
0.2961203770848442
 20
0.003190717911530078
 10
0.2967591438542421
 20
-0.005759665065264652
 10
0.2976409535895577
 20
-0.017125181290790444
 10
0.29880489711747643
 20
-0.03145820114213198
 10
0.3002900652646845
 20
-0.049311094996374184
 10
0.30141123549673665
 20
-0.06294062160079765
 10
0.30254260333575067
 20
-0.0763449510514866
 10
0.3036807695794053
 20
-0.0894960399292966
 10
0.3048223350253808
 20
-0.10236584481508341
 10
0.305963900471356
 20
-0.11492632228970269
 10
0.30710206671501095
 20
-0.12714942893401013
 10
0.30823343455402463
 20
-0.1390071213288615
 10
0.3093546047860768
 20
-0.15047135605511242
 10
0.3103446224619289
 20
-0.161165388188905
 10
0.3109522298767222
 20
-0.16977995830311818
 10
0.31114173540609136
 20
-0.17668303004894853
 10
0.3108774474256708
 20
-0.18224256707759254
 10
0.31012367431109494
 20
-0.18682653304024657
 10
0.3088447244379985
 20
-0.19080289158810734
 10
0.3070049061820159
 20
-0.19453960637237128
 10
0.30456852791878175
 20
-0.19840464104423497
 10
0.3034432503172589
 20
-0.1999941930293692
 10
0.3022423404641044
 20
-0.20149451595358955
 10
0.30080178684735315
 20
-0.20306112332306023
 10
0.2989575779550399
 20
-0.2048495286439448
 10
0.29654570227519944
 20
-0.20701524542240757
 10
0.2934021482958666
 20
-0.20971378716461203
 10
0.2893629045050761
 20
-0.21310066737672234
 10
0.28426395939086296
 20
-0.21733139956490213
 10
0.28156867521754897
 20
-0.21959342707577964
 10
0.27923540609137054
 20
-0.22166764865844815
 10
0.2771638755438724
 20
-0.22366538818890502
 10
0.275253807106599
 20
-0.2256979695431472
 10
0.273404924311095
 20
-0.2278767165971719
 10
0.271516950688905
 20
-0.23031295322697606
 10
0.2694896097715736
 20
-0.23311800330855692
 10
0.2672226250906454
 20
-0.23640319071791155
 10
0.26350488918600434
 20
-0.24157847625090645
 10
0.2599018763596809
 20
-0.24600253807106595
 10
0.25631755914612037
 20
-0.24974675942712105
 10
0.2526559100797679
 20
-0.2528825235678029
 10
0.2488209016950689
 20
-0.2554812137418419
 10
0.24471650652646842
 20
-0.25761421319796957
 10
0.24024669710841184
 20
-0.2593529051849166
 10
0.23531544597534446
 20
-0.260768672951414
 10
0.23348100978970268
 20
-0.26120816148477144
 10
0.23183013052936913
 20
-0.26155162255257436
 10
0.2302676305293691
 20
-0.2618050047588833
 10
0.22869833212472807
 20
-0.2619742567077593
 10
0.22702705765047138
 20
-0.2620653270032632
 10
0.22515862944162435
 20
-0.26208416424945613
 10
0.2229978698332124
 20
-0.2620367170503988
 10
0.22044960116026108
 20
-0.2619289340101523
 10
0.21478667172770116
 20
-0.26152046319796957
 10
0.2093693346627991
 20
-0.2608638506163887
 10
0.20434120626359684
 20
-0.25999648749093546
 10
0.19984590282813633
 20
-0.2589557650471355
 10
0.19602704065445975
 20
-0.2577790745105149
 10
0.19302823604060906
 20
-0.256503807106599
 10
0.19099310528462654
 20
-0.25516735406091373
 10
0.19006526468455404
 20
-0.25380710659898476
 10
0.1899678208846991
 20
-0.2531422792784628
 10
0.18984318346627996
 20
-0.2519012871646121
 10
0.18969815083393765
 20
-0.2501538139050036
 10
0.18953952139231328
 20
-0.24796954314720815
 10
0.1893740935460479
 20
-0.24541815853879623
 10
0.18920866569978248
 20
-0.2425693437273388
 10
0.1890500362581581
 20
-0.23949278236040614
 10
0.1889050036258158
 20
-0.23625815808556921
 10
0.18858477044053665
 20
-0.2298852202683103
 10
0.18826028825235677
 20
-0.2244334662799129
 10
0.1879069128444525
 20
-0.21968194796954316
 10
0.18749999999999992
 20
-0.2154097171863669
 10
0.1870149055021755
 20
-0.21139582577955038
 10
0.18642698513415523
 20
-0.20741932559825962
 10
0.1857115946791153
 20
-0.20325926849166062
 10
0.18484408992023205
 20
-0.1986947063089195
 10
0.1840711962926033
 20
-0.19512058670232052
 10
0.18301191986947057
 20
-0.19086407722987667
 10
0.18176058851522844
 20
-0.18624215350797682
 10
0.18041153009427133
 20
-0.1815717911530094
 10
0.17905907247099345
 20
-0.17716996578136332
 10
0.17779754350978969
 20
-0.17335365300942712
 10
0.17672127107505434
 20
-0.17043982845358965
 10
0.17592458303118202
 20
-0.16874546773023935
 10
0.17568224823241477
 20
-0.16862323808013058
 10
0.17544076323422775
 20
-0.16918169869470634
 10
0.17519417943255983
 20
-0.1705032802302393
 10
0.17493654822335022
 20
-0.17267041334300215
 10
0.1746619210025381
 20
-0.17576552868926762
 10
0.17436434916606233
 20
-0.17987105692530816
 10
0.17403788410986218
 20
-0.1850694287073967
 10
0.17367657722987673
 20
-0.19144307469180566
 10
0.17332716755801303
 20
-0.19824402873459027
 10
0.17309757976794782
 20
-0.20414929296591736
 10
0.1729920628625816
 20
-0.2092761398658448
 10
0.17301486584481515
 20
-0.21374184191443074
 10
0.17317023771754894
 20
-0.21766367159173314
 10
0.1734624274836839
 20
-0.22115890137781
 10
0.1738956841461203
 20
-0.2243448037527193
 10
0.17447425670775926
 20
-0.22733865119651922
 10
0.1752464421682379
 20
-0.231002991298042
 10
0.17582487309644676
 20
-0.23413705583756345
 10
0.1762129486947063
 20
-0.2367816352429297
 10
0.1764140681653371
 20
-0.23897751994198693
 10
0.17643163071065993
 20
-0.2407655003625816
 10
0.17626903553299497
 20
-0.24218636693255977
 10
0.17592968183466287
 20
-0.24328091007976796
 10
0.17541696881798405
 20
-0.24408992023205214
 10
0.1746253795775925
 20
-0.24481607482777362
 10
0.1735440083393764
 20
-0.24556177483683833
 10
0.17223659014684553
 20
-0.24629897684010157
 10
0.17076686004350977
 20
-0.2469996374184193
 10
0.1691985530728789
 20
-0.2476357131526468
 10
0.1675954042784627
 20
-0.24817916062364037
 10
0.16602114870377088
 20
-0.2486019364122553
 10
0.16453952139231326
 20
-0.2488759970993474
 10
0.16283467979514138
 20
-0.24900006798404659
 10
0.16085365300942717
 20
-0.24894398114575783
 10
0.1586465792693981
 20
-0.24871793419144314
 10
0.15626359680928215
 20
-0.24833212472806385
 10
0.15375484386330673
 20
-0.2477967503625816
 10
0.15117045866569984
 20
-0.24712200870195794
 10
0.14856057945068887
 20
-0.2463180973531545
 10
0.1459753444525018
 20
-0.24539521392313277
 10
0.14344902896120365
 20
-0.24429486380529372
 10
0.14058534263959382
 20
-0.24284694525018127
 10
0.13752280298223352
 20
-0.24113898771754896
 10
0.13439992748368382
 20
-0.23925852066715012
 10
0.13135523363850612
 20
-0.23729307355873822
 10
0.12852723894126183
 20
-0.23533017585206675
 10
0.12605446088651198
 20
-0.23345735700688902
 10
0.124075416968818
 20
-0.23176214648295868
 10
0.12264449442530814
 20
-0.23027825303662067
 10
0.12105805837563459
 20
-0.22838900471356052
 10
0.1193781442621465
 20
-0.2261853301758521
 10
0.11766678752719366
 20
-0.22375815808556926
 10
0.11598602361312547
 20
-0.2211984171047861
 10
0.11439788796229156
 20
-0.21859703589557652
 10
0.11296441601704132
 20
-0.2160449431200145
 10
0.11174764321972445
 20
-0.21363306744017407
 10
0.11100562567984044
 20
-0.21202694434372737
 10
0.11044801486584478
 20
-0.2106689630166787
 10
0.11004846695975344
 20
-0.20936536892675853
 10
0.10978063814358234
 20
-0.20792240754169683
 10
0.10961818459934737
 20
-0.20614632432922408
 10
0.10953476250906452
 20
-0.20384336475707035
 10
0.10950402805474979
 20
-0.20081977429296596
 10
0.10949963741841914
 20
-0.19688179840464104
 10
0.1095721537345903
 20
-0.18491660623640319
 10
0.11261783901377807
 20
-0.1767222625090646
 10
0.11326921115844807
 20
-0.17489476636149381
 10
0.11385854786076864
 20
-0.17312930565627263
 10
0.1143782009155185
 20
-0.17145392381254534
 10
0.11482052211747643
 20
-0.16989666424945615
 10
0.11517786326142129
 20
-0.16848557038614942
 10
0.11544257614213198
 20
-0.16724868564176937
 10
0.11560701255438721
 20
-0.16621405343546045
 10
0.11566352429296592
 20
-0.16540971718636696
 10
0.11546282972262516
 20
-0.16380586022480056
 10
0.1148873730964467
 20
-0.1617159173313996
 10
0.11397709504169687
 20
-0.15922486856417697
 10
0.11277193618564173
 20
-0.15641769398114572
 10
0.1113118371555475
 20
-0.1533793736403191
 10
0.10963673857868018
 20
-0.15019488759970992
 10
0.10778658108230602
 20
-0.14694921591733143
 10
0.10580130529369107
 20
-0.14372733865119655
 10
0.10364592775562002
 20
-0.14052543169869472
 10
0.10052347715736036
 20
-0.13608706490210298
 10
0.0965546251812908
 20
-0.13057624977338647
 10
0.09186004350978967
 20
-0.1241569978245105
 10
0.08656040382523567
 20
-0.1169933205674402
 10
0.08077637781000725
 20
-0.10924922951414062
 10
0.07462863714648299
 20
-0.10108873617657724
 10
0.06823785351704136
 20
-0.09267585206671498
 10
0.0630891950688905
 20
-0.08593183466279913
 10
0.049673676577229875
 20
-0.08593183466279913
 10
0.043764729876722266
 20
-0.08585549424401738
 10
0.03833846990572878
 20
-0.08562024111675128
 10
0.03332691261783905
 20
-0.08521672747461925
 10
0.028662073966642478
 20
-0.08463560551124001
 10
0.02427596990572879
 20
-0.08386752742023205
 10
0.020100616388687455
 20
-0.08290314539521389
 10
0.016068029369108117
 20
-0.08173311162980412
 10
0.012110224800580164
 20
-0.08034807831762143
 10
0.011796648386511966
 20
-0.08027102973168956
 10
0.011559554024655515
 20
-0.08041153009427117
 10
0.011393842911530061
 20
-0.08083756345177667
 10
0.011294416243654773
 20
-0.08161711385061644
 10
0.011256175217548983
 20
-0.08281816533720084
 10
0.01127402102973169
 20
-0.08450870195794047
 10
0.01134285487672223
 20
-0.08675670775924578
 10
0.011457577955039851
 20
-0.08963016678752721
 10
0.012307520168600369
 20
-0.10015494697244373
 10
0.013865346265409768
 20
-0.11064403553299493
 10
0.01611151083212473
 20
-0.12104134563089196
 10
0.019026468455402516
 20
-0.13129079042784625
 10
0.022590673721899896
 20
-0.14133628308556928
 10
0.02678458121827413
 20
-0.15112173676577223
 10
0.031588645531181986
 20
-0.16059106463016679
 10
0.03698332124728064
 20
-0.1696881798404641
 10
0.04114776899021028
 20
-0.17602018559644672
 10
0.04506322516316178
 20
-0.18160691624365477
 10
0.04883421523749092
 20
-0.18656649406272666
 10
0.05256526468455399
 20
-0.19101704133430017
 10
0.056360898975707036
 20
-0.1950766803390138
 10
0.06032564358230601
 20
-0.19886353335750545
 10
0.0645640239757071
 20
-0.20249572267041335
 10
0.06918056562726611
 20
-0.20609137055837567
 10
0.07304361743110949
 20
-0.20911906839195074
 10
0.07714716279912985
 20
-0.21256911711385063
 10
0.08135778304024656
 20
-0.2163131968364757
 10
0.08554205946337932
 20
-0.22022298767222626
 10
0.08956657337744742
 20
-0.22417016973350257
 10
0.09329790609137055
 20
-0.2280264231327049
 10
0.09660263891406813
 20
-0.23166342798223352
 10
0.09934735315445975
 20
-0.23495286439448876
 10
0.1051092843546048
 20
-0.2427373209753444
 10
0.11060777737490939
 20
-0.25099936548223345
 10
0.11586492703045687
 20
-0.2597814879441624
 10
0.12090282813633077
 20
-0.2691261783901378
 10
0.12574357550761422
 20
-0.27907592684916604
 10
0.13040926395939087
 20
-0.28967322335025375
 10
0.13492198830674407
 20
-0.3009605579224075
 10
0.1393038433647571
 20
-0.3129804205946337
 10
0.13994062726613488
 20
-0.3148193890500364
 10
0.14053662073966638
 20
-0.31655638143582304
 10
0.14107822697606962
 20
-0.3181506073241479
 10
0.1415518491660624
 20
-0.3195612762871646
 10
0.1419438905003626
 20
-0.3207475978970268
 10
0.14224075416968818
 20
-0.3216687817258883
 10
0.14242884336475703
 20
-0.32228403734590283
 10
0.14249456127628718
 20
-0.3225525743292241
 10
0.14121844407179115
 20
-0.3233782972262507
 10
0.13772434735315447
 20
-0.3248209753444524
 10
0.1325136534626541
 20
-0.32671574737128356
 10
0.1260877447425671
 20
-0.32889775199419885
 10
0.11894800353517042
 20
-0.3312021279006526
 10
0.11159581218274112
 20
-0.33346401377810003
 10
0.10453255302755621
 20
-0.3355185483139956
 10
0.09825960841189268
 20
-0.3372008701957941
 10
0.09041509925670779
 20
-0.3390823286802031
 10
0.08222217186366931
 20
-0.34089920232052207
 10
0.07384908674764322
 20
-0.34262089829586667
 10
0.06546410442349528
 20
-0.3442168237853517
 10
0.05723548540609137
 20
-0.34565638596809284
 10
0.049331490210297355
 20
-0.34690899202320524
 10
0.041920379350978955
 20
-0.34794404912980414
 10
0.03517041334300218
 20
-0.34873096446700513
 10
0.020050903054749852
 20
-0.34990326436729513
 10
0.004809871283538796
 20
-0.3503727791878173
 10
-0.010572227383973894
 20
-0.35013695952683105
 10
-0.026114938361131206
 20
-0.34919325598259604
 10
-0.04183780706127629
 20
-0.3475391191533721
 10
-0.057760378897751964
 20
-0.3451719996374184
 10
-0.07390219928390138
 20
-0.34208934803299496
 10
-0.09028281363306745
 20
-0.33828861493836115
 10
-0.10244232686729517
 20
-0.33495583869651924
 10
-0.11451686004350975
 20
-0.33109703589557654
 10
-0.12653020757795508
 20
-0.3267028587291516
 10
-0.1385061638868745
 20
-0.321763959390863
 10
-0.15046852338651198
 20
-0.31627099007432924
 10
-0.16244108049311098
 20
-0.310214602973169
 10
-0.17444762962291516
 20
-0.30358545028100076
 10
-0.18651196519216823
 20
-0.2963741841914431
 10
-0.20548347987672233
 20
-0.2836819876269037
 10
-0.22352701232777375
 20
-0.2697958212472807
 10
-0.2405847761058738
 20
-0.2547794200960841
 10
-0.2565989847715736
 20
-0.23869651921682372
 10
-0.2715118518854242
 20
-0.22161085365300948
 10
-0.2852655910079768
 20
-0.2035861584481508
 10
-0.29780241569978244
 20
-0.1846861686457578
 10
-0.3090645395213923
 20
-0.1649746192893401
 10
-0.31504203680203047
 20
-0.15294654187817264
 10
-0.32064902102973164
 20
-0.14024202320522122
 10
-0.3258345041696882
 20
-0.12701402737490936
 10
-0.3305474981870921
 20
-0.11341551849166069
 10
-0.3347370150471356
 20
-0.09959946065989848
 10
-0.3383520667150109
 20
-0.08571881798404637
 10
-0.3413416651559101
 20
-0.07192655456852788
 10
-0.34365482233502537
 20
-0.0583756345177665
 10
-0.34554010492204495
 20
-0.04387407088469907
 10
-0.3467854876722263
 20
-0.030144126178390154
 10
-0.3473833223803481
 20
-0.01689686820159536
 10
-0.34732596084118933
 20
-0.003843364757070308
 10
-0.34660575484952866
 20
0.009305316352429297
 10
-0.34521505620014503
 20
0.022838107324148
 10
-0.3431462166878173
 20
0.037043940355329937
 10
-0.3403915881073241
 20
0.05221174764321972
 10
-0.33694805452320525
 20
0.0678368892766498
 10
-0.3328442258883249
 20
0.08295979876722268
 10
-0.32803846197425673
 20
0.0976765035804931
 10
-0.32248912255257434
 20
0.11208303118201596
 10
-0.3161545673948513
 20
0.1262754090373459
 10
-0.3089931562726614
 20
0.1403496646120377
 10
-0.300963248957578
 20
0.1544018253716461
 10
-0.29202320522117475
 20
0.16852791878172588
 10
-0.2869234103063814
 20
0.17595772525380707
 10
-0.2814369561276287
 20
0.18338243292240758
 10
-0.2755171036530094
 20
0.1908581286258158
 10
-0.26911711385061643
 20
0.19844089920232055
 10
-0.26219024768854243
 20
0.20618683149021028
 10
-0.25468976613488037
 20
0.21415201232777376
 10
-0.246568930157723
 20
0.2223925285532995
 10
-0.23778100072516314
 20
0.23096446700507614
 10
-0.2324596911258158
 20
0.23577674605692528
 10
-0.2262928299492386
 20
0.24093659354604785
 10
-0.21945462631435825
 20
0.24631568958484412
 10
-0.21211928934010157
 20
0.2517857142857143
 10
-0.2044610281453952
 20
0.25721834776105873
 10
-0.1966540518491661
 20
0.26248527012327777
 10
-0.18887256957034085
 20
0.2674581614847716
 10
-0.18129079042784627
 20
0.2720087019579406
 10
-0.173587348168963
 20
0.2763391440808557
 10
-0.16608275924583035
 20
0.2803288161711385
 10
-0.15869034399927484
 20
0.2840176588560551
 10
-0.15132342277012328
 20
0.28744561276287167
 10
-0.14389531589920232
 20
0.29065261851885427
 10
-0.13631934372733864
 20
0.29367861675126905
 10
-0.12850882659535895
 20
0.29656354808738217
 10
-0.12037708484408992
 20
0.29934735315445976
 10
-0.10811941964285715
 20
0.3032150788614939
 10
-0.09658153553299495
 20
0.3064811457577955
 10
-0.08543625929115298
 20
0.30920334028281365
 10
-0.07435641769398116
 20
0.31143944887599706
 10
-0.06301483751812909
 20
0.3132472579767948
 10
-0.05108434554024656
 20
0.31468455402465556
 10
-0.038237768536983255
 20
0.3158091234590283
 10
-0.02414793328498909
 20
0.31667875271936186
 10
-0.01535306381435823
 20
0.31700606757614214
 10
-0.006748549673676479
 20
0.31705379804205946
 10
0.0018355692530819434
 20
0.3168074975072516
 10
0.01056925308194347
 20
0.31625271936185645
 10
0.019622461928934045
 20
0.3153750169960116
 10
0.02916515591007977
 20
0.31415994379985496
 10
0.039367295141406834
 20
0.3125930531635243
 10
0.05039883973894126
 20
0.31065989847715736
 10
0.05452858729151558
 20
0.3098731247733865
 10
0.059152918781725954
 20
0.3089206399564902
 10
0.06396420639956489
 20
0.30787467707577953
 10
0.06865482233502535
 20
0.3068074691805656
 10
0.07291713877810008
 20
0.30579124932015955
 10
0.07644352791878171
 20
0.3048982505438724
 10
0.07892636194706315
 20
0.3042007059010152
 10
0.0800580130529369
 20
0.3037708484408992
 10
0.08001679772480068
 20
0.3035980556562727
 10
0.0797962744742567
 20
0.30320431472081216
 10
0.07941428911348802
 20
0.3026134200507614
 10
0.07888868745467724
 20
0.30184916606236406
 10
0.07823731531000724
 20
0.30093534717186365
 10
0.07747801849166056
 20
0.299895757795504
 10
0.07662864281182016
 20
0.29875419234952866
 10
0.07570703408266859
 20
0.2975344452501813
 10
0.07296118677483689
 20
0.29359930203045687
 10
0.07038275018129084
 20
0.28930384336475706
 10
0.06797597330493109
 20
0.284654867657723
 10
0.06574510514865839
 20
0.27965917331399565
 10
0.06369439471537344
 20
0.2743235587382161
 10
0.06182809100797677
 20
0.2686548223350254
 10
0.060150443029369074
 20
0.26265976250906453
 10
0.058665699782451036
 20
0.2563451776649746
 10
0.058129475616388704
 20
0.2528880472715736
 10
0.05772072153734587
 20
0.24821315264684554
 10
0.05744453634880345
 20
0.24278873391044237
 10
0.05730601885424219
 20
0.23708303118201596
 10
0.05731026785714284
 20
0.23156428458121828
 10
0.057462382160986154
 20
0.2267007342277012
 10
0.057767460569253054
 20
0.22296062024111674
 10
0.05823060188542419
 20
0.22081218274111675
 10
0.05847307831762145
 20
0.22029861992385785
 10
0.05866116751269032
 20
0.2199669144307469
 10
0.05880166787527192
 20
0.2198357618745468
 10
0.058901377810007184
 20
0.21992385786802032
 10
0.05896709572153731
 20
0.22024989802393038
 10
0.05900562001450325
 20
0.2208325779550399
 10
0.05902374909354602
 20
0.2216905932741117
 10
0.05902828136330673
 20
0.22284263959390865
 10
0.05916424945612769
 20
0.22503611652465555
 10
0.05950416968817983
 20
0.22769103517041336
 10
0.06002764684554028
 20
0.23071136806562725
 10
0.060714285714285735
 20
0.23400108774474254
 10
0.061543691080493096
 20
0.23746416674220452
 10
0.06249546773023929
 20
0.2410045775924583
 10
0.06354922044960123
 20
0.24452629282994923
 10
0.06468455402465559
 20
0.24793328498912254
 10
0.06756226205583758
 20
0.2553830617748369
 10
0.07103653009427123
 20
0.26292036802030455
 10
0.07503767449238581
 20
0.2704355794506889
 10
0.07949601160261059
 20
0.277819071791153
 10
0.08434185777737495
 20
0.28496122076686003
 10
0.08950552936910798
 20
0.2917524021029732
 10
0.09491734273023925
 20
0.29808299152465556
 10
0.10050761421319798
 20
0.30384336475707036
 10
0.10818159671863664
 20
0.3108482709390863
 10
0.11595585569253086
 20
0.31717503625815807
 10
0.12396465962654098
 20
0.3229001427664975
 10
0.13234227701232779
 20
0.3281000725163162
 10
0.14122297634155187
 20
0.33285130755982595
 10
0.15074102610587387
 20
0.33723032994923857
 10
0.16103069479695437
 20
0.34131362173676577
 10
0.17222625090645396
 20
0.3451776649746193
 10
0.1760418555112401
 20
0.346328294960116
 10
0.18060188542422043
 20
0.347597897026831
 10
0.1855290291878173
 20
0.3488946927121102
 10
0.1904459753444525
 20
0.35012690355329956
 10
0.19497541243654823
 20
0.35120275108774474
 10
0.1987400290065265
 20
0.3520304568527919
 10
0.20136251359680934
 20
0.3525182423857868
 10
0.20246555474981875
 20
0.35257432922407544
 10
0.2025620071156636
 20
0.3515789294778825
 10
0.2024893491660624
 20
0.3491932559825961
 10
0.20227562432015952
 20
0.34574703136330676
 10
0.20194887599709932
 20
0.34156997824510515
 10
0.20153714761602615
 20
0.33699181925308197
 10
0.20106848259608412
 20
0.33234227701232777
 10
0.2005709243564177
 20
0.3279510741479333
 10
0.20007251631617112
 20
0.32414793328498914
 10
0.1992473599528644
 20
0.31925874728063813
 10
0.1980805837563452
 20
0.31351976069615667
 10
0.19665886738578678
 20
0.30727089376359684
 10
0.19506889050036266
 20
0.3008520667150109
 10
0.1933973327592458
 20
0.2946031997824511
 10
0.1917308738216099
 20
0.28886421319796957
 10
0.19015619334662795
 20
0.28397502719361856
 10
0.1887599709934735
 20
0.2802755620014503
 10
0.18328569728970268
 20
0.26811109159717184
 10
0.17757093002175495
 20
0.25706240935460484
 10
0.17160632138324872
 20
0.24711676826504714
 10
0.16538252356780275
 20
0.23826142131979697
 10
0.15889018876903552
 20
0.23048362151015228
 10
0.15211996918056564
 20
0.22377062182741117
 10
0.14506251699601158
 20
0.21810967526287162
 10
0.137708484408992
 20
0.21348803480783174
 10
0.13662428050217548
 20
0.2128749036892676
 10
0.1356157088469905
 20
0.21229491479332854
 10
0.13470401445794053
 20
0.21176081512871645
 10
0.1339104423495286
 20
0.21128535170413348
 10
0.13325623753625815
 20
0.21088127152828134
 10
0.13276264503263233
 20
0.2105613216098622
 10
0.13245090985315447
 20
0.21033824895757794
 10
0.13234227701232779
 20
0.21022480058013052
 10
0.13291235156816533
 20
0.21025100276468453
 10
0.13446904459753442
 20
0.2107063542422045
 10
0.13678206014321975
 20
0.2115033255529369
 10
0.13962110224800584
 20
0.21255438723712836
 10
0.14275587495467731
 20
0.21377200983502537
 10
0.14595608230601886
 20
0.21506866388687454
 10
0.14899142834481505
 20
0.21635681993292238
 10
0.15163161711385065
 20
0.21754894851341552
 10
0.15304823468092824
 20
0.2182212824057288
 10
0.15454813270485862
 20
0.21897094815083396
 10
0.1560854219543147
 20
0.2197733015319072
 10
0.15761421319796948
 20
0.22060369833212476
 10
0.15908861720449602
 20
0.2214374943346628
 10
0.1604627447425671
 20
0.22225004532269763
 10
0.16169070658085574
 20
0.22301670707940538
 10
0.1627266134880348
 20
0.2237128353879623
 10
0.1649576232777375
 20
0.2252818505257433
 10
0.16758973894126175
 20
0.22725027193618566
 10
0.1704869923857868
 20
0.22950762554387236
 10
0.17351341551849173
 20
0.23194343727338648
 10
0.17653304024655547
 20
0.2344472330493111
 10
0.17940989847715735
 20
0.23690853879622914
 10
0.18200802211747646
 20
0.2392168804387237
 10
0.18419144307469182
 20
0.2412617839013778
 10
0.18788977519941988
 20
0.24474256707759245
 10
0.19579405366207397
 20
0.23843364757070343
 10
0.19770624660079766
 20
0.236881345177665
 10
0.20006458484408995
 20
0.23483955765047138
 10
0.20277813972987668
 20
0.23239666424945615
 10
0.20575598259608419
 20
0.22964104423495288
 10
0.20890718478063816
 20
0.22666107686729517
 10
0.2121408176214648
 20
0.22354514140681656
 10
0.21536595245649015
 20
0.22038161711385063
 10
0.21849166062364028
 20
0.217258883248731
 10
0.22359471310732412
 20
0.21203416764865848
 10
0.22812499999999994
 20
0.20727769216823785
 10
0.23231196745830315
 20
0.20272346922588833
 10
0.23638506163886877
 20
0.198105511240029
 10
0.2405737286983321
 20
0.19315783062907907
 10
0.24510741479332865
 20
0.18761443981145756
 10
0.25021556608049306
 20
0.18120935120558376
 10
0.2561276287164612
 20
0.17367657722987673
 10
0.25789875475888346
 20
0.17138339036439448
 10
0.25959594815083403
 20
0.16921342458303118
 10
0.2611792682650471
 20
0.16721511851885423
 10
0.26260877447425657
 20
0.16543691080493106
 10
0.2638445261511966
 20
0.16392724007432924
 10
0.26484658266860045
 20
0.16273454496011597
 10
0.26557500339920226
 20
0.16190726409535894
 10
0.265989847715736
 20
0.16149383611312546
 10
0.26633670798585934
 20
0.16128648477157362
 10
0.2667524021029732
 20
0.16122189992748368
 10
0.267278570295504
 20
0.16132047679477882
 10
0.2679568527918782
 20
0.16160261058738218
 10
0.2688288898205221
 20
0.1620886965192168
 10
0.26993632160986225
 20
0.16279912980420594
 10
0.2713207883883249
 20
0.16375430565627266
 10
0.2730239303843365
 20
0.1649746192893401
 10
0.274251325688905
 20
0.165930928208847
 10
0.27536484771573594
 20
0.16683284989122557
 10
0.2763458008520668
 20
0.1676667875271936
 10
0.27717548948513426
 20
0.16841914430746924
 10
0.2778352180021755
 20
0.16907632342277013
 10
0.278306290790428
 20
0.16962472806381437
 10
0.2785700122371284
 20
0.1700507614213198
 10
0.2786076867295142
 20
0.17034082668600434
 10
0.27802160759608424
 20
0.1713441579042784
 10
0.27674718999274844
 20
0.17328226976069616
 10
0.2749390976250906
 20
0.1759342141044235
 10
0.2727519941986947
 20
0.17907904278462658
 10
0.2703405434191444
 20
0.18249580765047135
 10
0.2678594089920232
 20
0.18596356055112404
 10
0.26546325462291526
 20
0.18926135333575056
 10
0.26330674401740384
 20
0.19216823785351705
 10
0.25721126608955747
 20
0.19985057673132706
 10
0.2502889321972444
 20
0.20794166968817984
 10
0.24269865504894855
 20
0.21627920481327048
 10
0.2345993473531545
 20
0.22470087019579407
 10
0.22614992181834664
 20
0.23304435392494563
 10
0.21750929115300952
 20
0.24114734408992025
 10
0.20883636806562728
 20
0.24884752877991298
 10
0.2002900652646846
 20
0.25598259608411894
 10
0.19893250883792615
 20
0.25704442190899207
 10
0.19796841007976798
 20
0.2579235406091371
 10
0.19741051599891224
 20
0.2588315525290065
 10
0.19727157360406086
 20
0.25998005801305296
 10
0.19756432990391593
 20
0.2615806574057288
 10
0.19830153190717914
 20
0.2638449510514866
 10
0.19949592662255258
 20
0.26698453929477883
 10
0.20116026105873822
 20
0.271211022480058
 10
0.20284116660623647
 20
0.2756073241479333
 10
0.2044914793328499
 20
0.28019398114575783
 10
0.20608060641769396
 20
0.2848758158085569
 10
0.207577955039884
 20
0.28955765047135607
 10
0.20895293237853516
 20
0.2941443074691806
 10
0.21017494561276284
 20
0.2985406091370558
 10
0.21121340192168245
 20
0.3026513778100072
 10
0.21203770848440898
 20
0.3063814358230602
 10
0.2131088821156635
 20
0.3121215554749819
 10
0.2141350163161711
 20
0.31847353154459757
 10
0.21509826527374912
 20
0.3252877991298042
 10
0.21598078317621472
 20
0.33241479332849894
 10
0.21676472421138504
 20
0.3397049492385787
 10
0.21743224256707758
 20
0.3470087019579406
 10
0.21796549243110946
 20
0.35417648658448153
 10
0.21834662799129806
 20
0.36105873821609863
 10
0.21885424220449598
 20
0.37164612037708483
 10
0.216751269035533
 20
0.37128353879622916
 10
0.21613034807831766
 20
0.3711757557559826
 10
0.21516950688904996
 20
0.3710195340826686
 10
0.21391633430021756
 20
0.3708208223803481
 10
0.21241841914430745
 20
0.37058556925308195
 10
0.2107233502538071
 20
0.3703197233049311
 10
0.20887871646120382
 20
0.3700292331399565
 10
0.20693210659898478
 20
0.36972004736221903
 10
0.20493110949963744
 20
0.36939811457577953
 10
0.20111876246374177
 20
0.3687596310732415
 10
0.19704382704858597
 20
0.36800217548948516
 10
0.19281762713016679
 20
0.3671495422407542
 10
0.18855148658448154
 20
0.36622552574329226
 10
0.18435672928752722
 20
0.365253920413343
 10
0.18034467911530094
 20
0.36425852066715014
 10
0.1766266599437999
 20
0.36326312092095725
 10
0.17331399564902103
 20
0.36229151559100803
 10
0.16608275924583035
 20
0.3598962110224801
 10
0.15855239303843371
 20
0.3571201957940537
 10
0.15092005076142131
 20
0.35405184916606236
 10
0.14338288614938363
 20
0.3507795503988398
 10
0.1361380529369108
 20
0.34739167875271937
 10
0.1293827048585932
 20
0.3439766134880348
 10
0.123313995649021
 20
0.34062273386511965
 10
0.11812907904278461
 20
0.3374184191443075
 10
0.11659009019216826
 20
0.3364343500725163
 10
0.11499501450326324
 20
0.3354060913705584
 10
0.11338974120739663
 20
0.33436423585931835
 10
0.11182015953589552
 20
0.3333393763596809
 10
0.110332158720087
 20
0.33236210569253083
 10
0.10897162799129798
 20
0.3314630166787527
 10
0.1077844565808557
 20
0.33067270213923133
 10
0.106816533720087
 20
0.33002175489485136
 10
0.10589138415518487
 20
0.329394602066715
 10
0.10482686729514139
 20
0.3286212835387962
 10
0.10366037436548226
 20
0.3277323921319797
 10
0.10242929659173322
 20
0.3267585206671501
 10
0.10117102519941984
 20
0.32573026196519217
 10
0.0999229514140682
 20
0.32467820884699056
 10
0.09872246646120375
 20
0.32363295413343
 10
0.09760696156635244
 20
0.3226250906453952
 10
0.09253081943437275
 20
0.3179115300942712
 10
0.08614938361131251
 20
0.3197969543147208
 10
0.08186568052030445
 20
0.3209029697697607
 10
0.07610927302393038
 20
0.32225457759245835
 10
0.06932460682559827
 20
0.32375744991841915
 10
0.06195612762871646
 20
0.32531725888324875
 10
0.05444828113669323
 20
0.3268396766225526
 10
0.04724551305293688
 20
0.3282303752719362
 10
0.040792269080855675
 20
0.3293950269670051
 10
0.03553299492385787
 20
0.33023930384336475
 10
0.029766814720812166
 20
0.33103939108955766
 10
0.02418419144307471
 20
0.33170436004350984
 10
0.018655955402465556
 20
0.3322418589104424
 10
0.01305293691080493
 20
0.3326595358955765
 10
0.00724596627991298
 20
0.33296503920413345
 10
0.0011058738216099282
 20
0.3331660170413343
 10
-0.005496510152284247
 20
0.33327011761240033
 10
-0.012690355329949238
 20
0.3332849891225526
 10
-0.02178605420594634
 20
0.33322578634880345
 10
-0.029980964467005076
 20
0.33302891588107325
 10
-0.03759801033357506
 20
0.3326654844996374
 10
-0.044960116026105876
 20
0.3321065989847716
 10
-0.05239020576504714
 20
0.3313233661167513
 10
-0.060211203770848445
 20
0.3302868926758521
 10
-0.0687460342639594
 20
0.3289682854423495
 10
-0.0783176214648296
 20
0.3273386511965192
 10
-0.09934197108411895
 20
0.3229069411711385
 10
-0.1200077048585932
 20
0.31713424583031186
 10
-0.14025533674764323
 20
0.31004605919144307
 10
-0.16002538071065986
 20
0.30166787527193617
 10
-0.17925835070703408
 20
0.2920251880891951
 10
-0.1978947606961566
 20
0.28114349166062363
 10
-0.21587512463741845
 20
0.26904828000362585
 10
-0.2331399564902103
 20
0.2557650471356055
 10
-0.24365581376903553
 20
0.24682953566896298
 10
-0.2537289249456128
 20
0.23763483502538071
 10
-0.2633720370286439
 20
0.22816649859499638
 10
-0.27259789702683107
 20
0.2184100797679478
 10
-0.281419251948876
 20
0.20835113193437274
 10
-0.28984884880348083
 20
0.197975208484409
 10
-0.29789943459934737
 20
0.18726786280819435
 10
-0.30558375634517765
 20
0.17621464829586658
 10
-0.3093667852610587
 20
0.17045682446519214
 10
-0.31278779912980426
 20
0.16508226069615664
 10
-0.31594707441986947
 20
0.15990994946519219
 10
-0.31894488759970996
 20
0.154758883248731
 10
-0.321881515137781
 20
0.14944805452320523
 10
-0.3248572335025381
 20
0.14379645576504715
 10
-0.3279723191624366
 20
0.1376230794506889
 10
-0.3313270485859318
 20
0.13074691805656274
 10
-0.3369265262418419
 20
0.11852494447969542
 10
-0.3419404912980421
 20
0.10621714104423499
 10
-0.34639528757251636
 20
0.09373087948694707
 10
-0.3503172588832487
 20
0.08097353154459755
 10
-0.3537327490482233
 20
0.06785246895395211
 10
-0.3566681018854242
 20
0.054275063451776635
 10
-0.35914966121283537
 20
0.04014868677483687
 10
-0.3612037708484409
 20
0.025380710659898477
 10
-0.3617940989847716
 20
0.018973497552574263
 10
-0.3622552574329224
 20
0.010752810007251631
 10
-0.3625804477882524
 20
0.0013118088288615103
 10
-0.36276287164612037
 20
-0.008756345177664925
 10
-0.36279573060188547
 20
-0.018858491207396664
 10
-0.36267222625090645
 20
-0.02840146845540245
 10
-0.3623855601885424
 20
-0.03679211611675127
 10
-0.3619289340101523
 20
-0.04343727338651195
 10
-0.3607661235496737
 20
-0.053826652012327794
 10
-0.3592888868745468
 20
-0.06417014140681655
 10
-0.3574955243836113
 20
-0.07447623957577953
 10
-0.35538433647570705
 20
-0.08475344452501814
 10
-0.3529536235496737
 20
-0.09501025426033356
 10
-0.35020168600435103
 20
-0.10525516678752721
 10
-0.3471268242385787
 20
-0.11549668011240032
 10
-0.34372733865119653
 20
-0.12574329224075415
 10
-0.34140157609680927
 20
-0.13204753784445253
 10
-0.3386636602610587
 20
-0.13888120920957214
 10
-0.33559092299673676
 20
-0.14607349641950693
 10
-0.3322606961566352
 20
-0.15345358955765054
 10
-0.32875031159354606
 20
-0.16085067870739667
 10
-0.32513710116026107
 20
-0.16809395395213927
 10
-0.32149839670957214
 20
-0.175012605375272
 10
-0.3179115300942712
 20
-0.18143582306018857
 10
-0.30790017109318346
 20
-0.19790396686910808
 10
-0.29727950507614215
 20
-0.2135435551124003
 10
-0.285963702184554
 20
-0.22845061525562
 10
-0.27386693255982597
 20
-0.24272117476432187
 10
-0.26090336634336475
 20
-0.25645126110406097
 10
-0.24698717367657722
 20
-0.26973690174039155
 10
-0.2320325247008702
 20
-0.2826741241388688
 10
-0.21595358955765048
 20
-0.2953589557650471
 10
-0.20606474347353157
 20
-0.30245762327773745
 10
-0.1952819071791153
 20
-0.3094951051486583
 10
-0.18378523839738944
 20
-0.31637622371283547
 10
-0.17175489485134154
 20
-0.32300580130529366
 10
-0.1593710342639594
 20
-0.32928866026105874
 10
-0.14681381435823063
 20
-0.3351296229151561
 10
-0.1342633928571429
 20
-0.34043351160261065
 10
-0.12189992748368385
 20
-0.3451051486584482
 10
-0.0991031771211023
 20
-0.3524886409989123
 10
-0.07633701957940542
 20
-0.35837903372008695
 10
-0.05359125725163162
 20
-0.3627788762237129
 10
-0.030855692530819403
 20
-0.36569071791153
 10
-0.00812012781000727
 20
-0.36711710818527926
 10
0.014625634517766531
 20
-0.3670605964467005
 10
0.03739179205946341
 20
-0.3655237320975345
 10
0.06018854242204496
 20
-0.3625090645395215
 10
0.07462198037527196
 20
-0.3599105159989122
 10
0.08844611131254534
 20
-0.3569762962291516
 10
0.10182664634699058
 20
-0.35365626699601166
 10
0.11492929659173311
 20
-0.34990029006526474
 10
0.12791977315989847
 20
-0.3456582272026832
 10
0.14096378716461197
 20
-0.3408799401740393
 10
0.1542270497189993
 20
-0.33551529074510517
 10
0.16787527193618565
 20
-0.32951414068165347
 10
0.18804684667331406
 20
-0.3195862037708484
 10
0.20790994379985492
 20
-0.3084617476432198
 10
0.22734644103517043
 20
-0.2962291515591008
 10
0.2462382160986222
 20
-0.2829767947788252
 10
0.26446714670957217
 20
-0.2687930565627265
 10
0.2819151105873823
 20
-0.25376631617113843
 10
0.2984639854514141
 20
-0.23798495286439447
 10
0.3139956490210297
 20
-0.22153734590282814
 10
0.3210567836747643
 20
-0.2135628172588832
 10
0.32742363125453233
 20
-0.20617295141406816
 10
0.3332245116479333
 20
-0.19920458665699783
 10
0.3385877447425672
 20
-0.1924945612762871
 10
0.34364165042603334
 20
-0.18587971356055114
 10
0.34851454858593184
 20
-0.17919688179840462
 10
0.3533347591098623
 20
-0.17228290427846266
 10
0.3582306018854242
 20
-0.1649746192893401
 10
0.3651806959300219
 20
-0.15410071269941988
 10
0.37174922951414074
 20
-0.14319366388687452
 10
0.3780509257160986
 20
-0.1320299752991298
 10
0.3842005076142132
 20
-0.12038614938361127
 10
0.39031269828680204
 20
-0.10803868858774475
 10
0.3965022208121827
 20
-0.09476409535895577
 10
0.4028837982686729
 20
-0.08033887214467002
 10
0.40957215373459027
 20
-0.06453952139231327
 10
0.4108737649564902
 20
-0.06104414997280643
 10
0.4126155728788976
 20
-0.0559248096446701
 10
0.4146531114031907
 20
-0.04964464172407542
 10
0.4168419144307468
 20
-0.04266678752719369
 10
0.41903751586294413
 20
-0.035454388370195794
 10
0.42109544960116024
 20
-0.02847058556925305
 10
0.4228712495467731
 20
-0.02217852044053659
 10
0.4242204496011603
 20
-0.01704133430021755
 10
0.4254573343455402
 20
-0.012079065445975378
 10
0.426419733502538
 20
-0.008248730964467006
 10
0.4271458880982596
 20
-0.005410963560551157
 10
0.42767403915881064
 20
-0.003426395939086311
 10
0.4280424277102973
 20
-0.0021556608049311094
 10
0.4282892947788253
 20
-0.0014593908629441953
 10
0.4284528813905004
 20
-0.0011982188179840464
 10
0.4285714285714286
 20
-0.0012327773749093876
 10
0.4285939482868021
 20
-0.0025843851976069783
 10
0.42837087563451764
 20
-0.005954269398114576
 10
0.4279557480511241
 20
-0.010804506209209572
 10
0.42740210297316883
 20
-0.016597171863669276
 10
0.42676347783720087
 20
-0.022794342594271245
 10
0.426093410079768
 20
-0.02885809463379262
 10
0.42544543713741845
 20
-0.03425050421501088
 10
0.42487309644670057
 20
-0.03843364757070341
 10
0.4233016735406092
 20
-0.047822386013415555
 10
0.4212892041334301
 20
-0.05779663705583758
 10
0.41889092526287164
 20
-0.06815329835931835
 10
0.4161620739666424
 20
-0.07868926758520671
 10
0.4131578872824511
 20
-0.08920144239485134
 10
0.4099336022480059
 20
-0.09948672044960119
 10
0.4065444559010151
 20
-0.10934199941080495
 10
0.40304568527918777
 20
-0.11856417693981146
 10
0.4005546365119651
 20
-0.1246010186276287
 10
0.3976250906453951
 20
-0.13133044778825234
 10
0.39438281816533716
 20
-0.13848647684010149
 10
0.39095358955765047
 20
-0.14580311820159536
 10
0.3874631753081943
 20
-0.15301438429115302
 10
0.38403734590282806
 20
-0.1598542875271936
 10
0.38080187182741104
 20
-0.1660568403281363
 10
0.3778825235678027
 20
-0.17135605511240026
 10
0.37555166220993474
 20
-0.1752954473350254
 10
0.3724381345177666
 20
-0.18028689267585202
 10
0.36873144602066715
 20
-0.18604315853879627
 10
0.3646211022480058
 20
-0.19227701232777375
 10
0.3602966087291515
 20
-0.1987012214467005
 10
0.35594747099347357
 20
-0.2050285532994924
 10
0.3517631945703408
 20
-0.21097177529006528
 10
0.3479332849891225
 20
-0.21624365482233507
 10
0.3408965112853516
 20
-0.22528510809463384
 10
0.3325382976794779
 20
-0.23513982052211757
 10
0.3231416277646846
 20
-0.24551970970812176
 10
0.3129894851341553
 20
-0.25613669325598265
 10
0.3023648533810732
 20
-0.2667026887690356
 10
0.29155071609862226
 20
-0.2769296138506164
 10
0.2808300568799855
 20
-0.2865293861040609
 10
0.2704858593183466
 20
-0.2952139231327048
 10
0.25877872325960855
 20
-0.3044447403009427
 10
0.2476953408266859
 20
-0.3127696700507613
 10
0.23698926985134156
 20
-0.3203433760877448
 10
0.22641406816533713
 20
-0.3273205221174764
 10
0.2157232936004351
 20
-0.3338557718455402
 10
0.20467050398839734
 20
-0.3401037889775199
 10
0.1930092571609863
 20
-0.34621923721899933
 10
0.18049311094996373
 20
-0.35235678027556205
 10
0.16641191533720093
 20
-0.3587935947697607
 10
0.152714829586657
 20
-0.3645429205946339
 10
0.1392284943799855
 20
-0.36965829518672955
 10
0.12577955039883978
 20
-0.3741932559825961
 10
0.11219463832487309
 20
-0.3782013404187818
 10
0.09830039883973901
 20
-0.38173608593183467
 10
0.08392347262509064
 20
-0.38485102995830317
 10
0.06889050036258158
 20
-0.3875997099347353
 10
0.05982610247461934
 20
-0.3890557015953591
 10
0.05165994379985492
 20
-0.39023295866569974
 10
0.04405295390681654
 20
-0.39115867476432203
 10
0.03666606236403191
 20
-0.3918600435097897
 10
0.02916019874002901
 20
-0.39236425852066714
 10
0.021196292603335717
 20
-0.3926985134155185
 10
0.01243527352248009
 20
-0.39289000181290784
 10
0.002538071065989848
 20
-0.39296591733139963
 10
-0.008215730375271953
 20
-0.3929235689358229
 10
-0.017806154822335028
 20
-0.3927223078317622
 10
-0.026572272706671486
 20
-0.39233239099891226
 10
-0.03485315445975345
 20
-0.39172407541696885
 10
-0.04298787051305294
 20
-0.39086761806562736
 10
-0.051315491298042075
 20
-0.38973327592458307
 10
-0.060175087246192895
 20
-0.3882913059735316
 10
-0.06990572878897751
 20
-0.38651196519216824
 10
-0.09300033425489487
 20
-0.3814652828136331
 10
-0.11532247099347355
 20
-0.3752628716461204
 10
-0.13699705968999276
 20
-0.3678503444525018
 10
-0.1581490210297317
 20
-0.359173313995649
 10
-0.17890327569796954
 20
-0.34917739303843365
 10
-0.1993847443799855
 20
-0.33780819434372744
 10
-0.21971834776105875
 20
-0.32501133067440174
 10
-0.24002900652646847
 20
-0.3107324147933285
 10
-0.24765653326686005
 20
-0.3048410306381436
 10
-0.2557718455402465
 20
-0.2980692530819434
 10
-0.2641692916062364
 20
-0.2906176350616389
 10
-0.272643219724438
 20
-0.2826867295141407
 10
-0.28098797815445975
 20
-0.2744770893763597
 10
-0.2889979151559101
 20
-0.2661892675852067
 10
-0.2964673789883974
 20
-0.2580238170775924
 10
-0.3031907179115301
 20
-0.25018129079042783
 10
-0.315963645531182
 20
-0.23371470494923857
 10
-0.32795390681653375
 20
-0.21635922770123278
 10
-0.3390722727066715
 20
-0.19829331716823784
 10
-0.3492295141406817
 20
-0.1796954314720812
 10
-0.3583364020576505
 20
-0.1607440287345903
 10
-0.36630370739666424
 20
-0.14161756707759243
 10
-0.3730422010968093
 20
-0.12249450462291507
 10
-0.37846265409717184
 20
-0.10355329949238576
 10
-0.3813524009699057
 20
-0.09138047271573596
 10
-0.38378240572878897
 20
-0.07970222987672224
 10
-0.3857756129894851
 20
-0.06833331444887597
 10
-0.38735496736765773
 20
-0.05708846990572881
 10
-0.38854341347897026
 20
-0.045782439720812154
 10
-0.38936389593908627
 20
-0.034229967367657724
 10
-0.3898393593636693
 20
-0.022245796319796923
 10
-0.3899927483683829
 20
-0.00964467005076139
 10
-0.3899927483683829
 20
0.010514865844815084
 10
-0.3918781725888325
 20
0.010514865844815084
 10
-0.3924119889865845
 20
0.010498578000362581
 10
-0.39322538977519944
 20
0.01045254713560551
 10
-0.39427843432741116
 20
0.010381022253444526
 10
-0.3955311820159536
 20
0.010288252356780277
 10
-0.3969436922135606
 20
0.010178486448513416
 10
-0.39847602429296597
 20
0.010055973531544598
 10
-0.40008823762690354
 20
0.009924962608774474
 10
-0.4017403915881073
 20
0.0097897026831037
 10
-0.40845494923857867
 20
0.008886506299855034
 10
-0.4154550398839739
 20
0.007458982958665733
 10
-0.4226046954314721
 20
0.005553871691443058
 10
-0.42976794778825234
 20
0.0032179115300942714
 10
-0.43680882886149386
 20
0.0004978415065264685
 10
-0.4435913705583756
 20
-0.002559599347353171
 10
-0.4499796047860769
 20
-0.005907671999637468
 10
-0.4558375634517767
 20
-0.00949963741841916
 10
-0.4610587382160986
 20
-0.012980420594633776
 10
-0.4606236403190718
 20
-0.0263959390862944
 10
-0.4602461872280639
 20
-0.03452555633611306
 10
-0.4596707306018854
 20
-0.04313701051486583
 10
-0.4589168158538796
 20
-0.05205949170594634
 10
-0.4580039883973894
 20
-0.06112218999274847
 10
-0.45695179364575783
 20
-0.07015429545866568
 10
-0.4557797770123278
 20
-0.07898499818709212
 10
-0.4545074839104423
 20
-0.0874434882614213
 10
-0.45315445975344454
 20
-0.09535895576504713
 10
-0.45157000657179114
 20
-0.10315318505257438
 10
-0.44943913161711385
 20
-0.11206830130529374
 10
-0.4468612615572879
 20
-0.12177713129985497
 10
-0.44393582306018853
 20
-0.13195250181290796
 10
-0.4407622427936911
 20
-0.14226723962110224
 10
-0.43743994742567077
 20
-0.15239417150108772
 10
-0.43406836362400286
 20
-0.1620061242295141
 10
-0.43074691805656273
 20
-0.17077592458303117
 10
-0.427063599075417
 20
-0.17968608366569988
 10
-0.42287209934735315
 20
-0.18911122189992746
 10
-0.41826249773386515
 20
-0.19887288116388688
 10
-0.4133248730964467
 20
-0.2087926033357505
 10
-0.40814930429659174
 20
-0.21869193029369108
 10
-0.4028258701957941
 20
-0.2283924039158811
 10
-0.3974446496555475
 20
-0.23771556608049307
 10
-0.39209572153734595
 20
-0.24648295866569986
 10
-0.383743314902103
 20
-0.25915532655003626
 10
-0.3744425308194344
 20
-0.27219565808556934
 10
-0.36441431744017405
 20
-0.2853396652918782
 10
-0.3538796229151559
 20
-0.2983230601885425
 10
-0.3430593953952139
 20
-0.31088155479514146
 10
-0.332174583031182
 20
-0.3227508611312547
 10
-0.32144613397389415
 20
-0.33366669121646114
 10
-0.3110949963741842
 20
-0.3433647570703408
 10
-0.29695190695250184
 20
-0.3555943788524292
 10
-0.2828351613488035
 20
-0.3669903462654096
 10
-0.2686283368836113
 20
-0.377629991162074
 10
-0.2542150108774474
 20
-0.38759064539521393
 10
-0.23947876065083396
 20
-0.39694964081762146
 10
-0.22430316352429294
 20
-0.4057843092820884
 10
-0.20857179681834664
 20
-0.4141719826414069
 10
-0.19216823785351705
 20
-0.42218999274836844
 10
-0.1816569128444525
 20
-0.4268337280184918
 10
-0.16982074873096445
 20
-0.4315887871646121
 10
-0.15708209640137782
 20
-0.43631495309100804
 10
-0.1438633067440174
 20
-0.44087200870195786
 10
-0.13058673064720813
 20
-0.44511973690174045
 10
-0.11767471899927484
 20
-0.4489179205946339
 10
-0.10554962268854239
 20
-0.45212634268491664
 10
-0.09463379260333575
 20
-0.4546047860768674
 10
-0.07870088152646851
 20
-0.4574846186094996
 10
-0.06198105511240034
 20
-0.45985881979695437
 10
-0.04475474755257433
 20
-0.4617112434282089
 10
-0.027302393038433716
 20
-0.4630257432922408
 10
-0.00990442576142132
 20
-0.4637861731780276
 10
0.007158720087019612
 20
-0.4639763868745469
 10
0.02360661031544601
 20
-0.463580238170776
 10
0.0391588107324148
 20
-0.4625815808556926
  0
LWPOLYLINE
  5
5A
330
54
100
AcDbEntity
  8
A-ANNO-TEXT
100
AcDbPolyline
 90
73
 70
1
 10
-0.025670775924583014
 20
-0.4477157360406092
 10
-0.027767658856055095
 20
-0.4475801928480783
 10
-0.029732822697606864
 20
-0.447447199057288
 10
-0.03152292761965194
 20
-0.4473193040699783
 10
-0.03309463379260337
 20
-0.44719905728788995
 10
-0.03440460138687453
 20
-0.447089008112763
 10
-0.035409490572878885
 20
-0.4469917059463381
 10
-0.036065961521029796
 20
-0.4469097001903554
 10
-0.03633067440174041
 20
-0.44684554024655554
 10
-0.03637174809644672
 20
-0.4466179353245106
 10
-0.03638732777374911
 20
-0.4460172679477884
 10
-0.03637911303480786
 20
-0.4450851783448151
 10
-0.036348803480783176
 20
-0.44386330674401747
 10
-0.0362980987128354
 20
-0.44239329337382166
 10
-0.03622869833212475
 20
-0.44071677846265406
 10
-0.03614230193981147
 20
-0.4388754022389412
 10
-0.036040609137055875
 20
-0.4369108049311095
 10
-0.03553299492385787
 20
-0.4271211022480058
 10
-0.02929659173313994
 20
-0.4269035532994924
 10
-0.023060188542422012
 20
-0.42668600435097903
 10
-0.023422770123277706
 20
-0.4321972443799855
 10
-0.023785351704133397
 20
-0.4376359680928209
 10
-0.021319796954314706
 20
-0.4376359680928209
 10
-0.020719696111312514
 20
-0.4376457407994924
 10
-0.019972579767947838
 20
-0.43767335931834667
 10
-0.019108190944525
 20
-0.43771627424764314
 10
-0.018156272661348737
 20
-0.4377719361856418
 10
-0.017146567938723697
 20
-0.4378377957306019
 10
-0.016108819796954284
 20
-0.43791130348078305
 10
-0.015072771256345145
 20
-0.4379899100344453
 10
-0.014068165337200855
 20
-0.4380710659898477
 10
-0.009282088469905697
 20
-0.4385786802030457
 10
-0.008629441624365465
 20
-0.4241479332849892
 10
-0.007976794778825236
 20
-0.40971718636693255
 10
0.004713560551124003
 20
-0.4096446700507615
 10
0.007405728788977503
 20
-0.40960784535895584
 10
0.010206671501087696
 20
-0.4095540246555476
 10
0.013034807831762163
 20
-0.40948660714285706
 10
0.015808556925308245
 20
-0.40940899202320524
 10
0.018446337926033358
 20
-0.40932457849891235
 10
0.02086656997824517
 20
-0.40923676577229884
 10
0.02298767222625094
 20
-0.4091489530456854
 10
0.02472806381435825
 20
-0.40906453952139227
 10
0.027519233819796988
 20
-0.4088787164612038
 10
0.02959912073966646
 20
-0.408815264684554
 10
0.0310722500453227
 20
-0.4089625634517766
 10
0.032043147208121826
 20
-0.40940899202320524
 10
0.032616337699419885
 20
-0.41024292965917325
 10
0.032896346990572915
 20
-0.41155275562001453
 10
0.03298770055293695
 20
-0.4134268491660623
 10
0.03299492385786802
 20
-0.41595358955765044
 10
0.03299492385786802
 20
-0.42001450326323425
 10
0.027773749093546015
 20
-0.42044960116026103
 10
0.026502872325960825
 20
-0.42056446587200863
 10
0.024908221537345853
 20
-0.42068867839013785
 10
0.023053531771211055
 20
-0.4208179897117476
 10
0.021002538071065974
 20
-0.4209481508339376
 10
0.018818975480420563
 20
-0.4210749127538071
 10
0.016566579042784694
 20
-0.42119402646845533
 10
0.01430908380166791
 20
-0.4213012429749819
 10
0.012110224800580164
 20
-0.4213923132704858
 10
0.0018129079042784628
 20
-0.4218999274836838
 10
0.0018129079042784628
 20
-0.4351704133430021
 10
0.0018129079042784628
 20
-0.44851341551849166
 10
-0.006744017403915848
 20
-0.4484408992023206
 10
-0.008654794008339394
 20
-0.44840081694162454
 10
-0.010853653009427137
 20
-0.44833779006526453
 10
-0.01326156295322696
 20
-0.4482560675761422
 10
-0.015799492385786738
 20
-0.44815989847715726
 10
-0.018388409853154427
 20
-0.4480535317712111
 10
-0.020949283901377746
 20
-0.4479412164612038
 10
-0.023403083076504648
 20
-0.44782720155003625
 10
-0.025670775924583014
 20
-0.4477157360406092
  0
LWPOLYLINE
  5
5B
330
54
100
AcDbEntity
  8
A-ANNO-TEXT
100
AcDbPolyline
 90
105
 70
1
 10
0.018926758520667167
 20
-0.4478607686729514
 10
0.018862881843727388
 20
-0.44757877651377825
 10
0.018782858955765015
 20
-0.44692372189992746
 10
0.018690938859680945
 20
-0.44593724505982596
 10
0.018591370558375668
 20
-0.4446609862218999
 10
0.018488403054749837
 20
-0.44313658561457575
 10
0.018386285351704102
 20
-0.44140568346628006
 10
0.018289266452139283
 20
-0.4395099200054387
 10
0.018201595358955783
 20
-0.43749093546047857
 10
0.01797724800580137
 20
-0.4337988352066714
 10
0.01786167512690357
 20
-0.4310959028281362
 10
0.017956852791878208
 20
-0.4292155774111676
 10
0.018364757070340777
 20
-0.4279912980420595
 10
0.019187364031907198
 20
-0.42725650380710656
 10
0.02052664974619296
 20
-0.4268446337926034
 10
0.02248459028281365
 20
-0.42658912708484414
 10
0.025163161711385097
 20
-0.42632342277012336
 10
0.03009427121102248
 20
-0.4258883248730964
 10
0.03009427121102248
 20
-0.4279912980420595
 10
0.03010404391769393
 20
-0.42850783516134894
 10
0.030131662436548176
 20
-0.42911870014503267
 10
0.03017457736584483
 20
-0.4298026479786078
 10
0.030230239303843366
 20
-0.4305384336475706
 10
0.030296098848803483
 20
-0.43130481213741845
 10
0.030369606598984807
 20
-0.4320805384336477
 10
0.03044821315264688
 20
-0.4328443675217549
 10
0.030529369108049327
 20
-0.4335750543872372
 10
0.031036983321247248
 20
-0.43698332124728057
 10
0.03654822335025379
 20
-0.43654822335025384
 10
0.03768893899564904
 20
-0.4364364745739666
 10
0.03880755982596084
 20
-0.43632047679477876
 10
0.039875192621464814
 20
-0.43620277941443075
 10
0.040862944162436486
 20
-0.4360859318346626
 10
0.041741921229151546
 20
-0.4359724834572154
 10
0.04248323060188536
 20
-0.43586498368382887
 10
0.04305797906091371
 20
-0.4357659819162436
 10
0.04343727338651195
 20
-0.4356780275562001
 10
0.04391316171138513
 20
-0.43552322221718626
 10
0.04425308194343726
 20
-0.43520100616388696
 10
0.04445703408266859
 20
-0.4344351942077592
 10
0.04452501812907895
 20
-0.432949601160261
 10
0.04445703408266859
 20
-0.43046804183284987
 10
0.04425308194343726
 20
-0.4267143310369834
 10
0.04391316171138505
 20
-0.42141228358411886
 10
0.04343727338651195
 20
-0.41428571428571426
 10
0.04292965917331403
 20
-0.40717911530094275
 10
0.04575779550398842
 20
-0.40717911530094275
 10
0.04791189834118932
 20
-0.40708577887055836
 10
0.050903054749818794
 20
-0.40682673132704855
 10
0.054500968772661335
 20
-0.4064334152918782
 10
0.05847534445250185
 20
-0.4059372733865119
 10
0.06259588583212475
 20
-0.4053697482324148
 10
0.06663229695431469
 20
-0.40476228245105145
 10
0.07035428186185642
 20
-0.40414631866388684
 10
0.07353154459753443
 20
-0.4035532994923858
 10
0.0749266338832488
 20
-0.40326195952683114
 10
0.07626223712835387
 20
-0.4029901649746193
 10
0.07750606191080493
 20
-0.40274386443981147
 10
0.07862581580855689
 20
-0.40252900652646856
 10
0.07958920639956489
 20
-0.4023515398386512
 10
0.08036394126178388
 20
-0.4022174129804207
 10
0.08091772797316903
 20
-0.4021325745558376
 10
0.08121827411167513
 20
-0.40210297316896304
 10
0.08163269352791876
 20
-0.4025377877991298
 10
0.0820862037708485
 20
-0.40369153372008715
 10
0.08253631481145755
 20
-0.40533816397751987
 10
0.08294053662073966
 20
-0.407251631617114
 10
0.08325637916968819
 20
-0.409205889684554
 10
0.08344135242929657
 20
-0.4109748912255258
 10
0.08345296637055828
 20
-0.41233258928571426
 10
0.08324873096446697
 20
-0.41305293691080486
 10
0.08234369334662796
 20
-0.4133641055565626
 10
0.08030502175489479
 20
-0.41382908810732427
 10
0.0774131503807107
 20
-0.41439774632886145
 10
0.07394851341551852
 20
-0.41501994198694725
 10
0.07019154505076139
 20
-0.4156455368473531
 10
0.06642267947788258
 20
-0.4162243926758521
 10
0.06292235088832497
 20
-0.416706371238216
 10
0.05997099347353158
 20
-0.4170413343002175
 10
0.05906340645395211
 20
-0.41715619901196527
 10
0.05820340826686
 20
-0.4172804115300941
 10
0.057411394126178406
 20
-0.4174097228517042
 10
0.05670775924583026
 20
-0.4175398839738941
 10
0.056112898839738974
 20
-0.41766664589376357
 10
0.05564720812182738
 20
-0.41778575960841197
 10
0.05533108230601889
 20
-0.41789297611493836
 10
0.05518491660623642
 20
-0.4179840464104424
 10
0.05512826323422772
 20
-0.4187383860587381
 10
0.05516678752719365
 20
-0.4205243836113126
 10
0.05528689267585209
 20
-0.42311599211385054
 10
0.05547498187092096
 20
-0.42628716461203764
 10
0.05571745830311822
 20
-0.4298118541515592
 10
0.05600072516316173
 20
-0.43346401377809995
 10
0.056311185641769436
 20
-0.4370175965373458
 10
0.05663524292965919
 20
-0.4402465554749818
 10
0.057070340826686036
 20
-0.44467005076142135
 10
0.05322697606961565
 20
-0.44510514865844814
 10
0.04685148885061634
 20
-0.4458094917059462
 10
0.04068845177664966
 20
-0.4464433013052939
 10
0.03492991977882525
 20
-0.44699043124546767
 10
0.029767947788252324
 20
-0.44743473531544603
 10
0.025394590736040595
 20
-0.4477600673042059
 10
0.022001903553299527
 20
-0.4479502810007252
 10
0.019781941171138507
 20
-0.4479892301939812
 10
0.018926758520667167
 20
-0.4478607686729514
  0
LWPOLYLINE
  5
5C
330
54
100
AcDbEntity
  8
A-ANNO-TEXT
100
AcDbPolyline
 90
153
 70
1
 10
-0.06272661348803481
 20
-0.4440899202320523
 10
-0.07186366932559828
 20
-0.44255078974800577
 10
-0.07898839738941259
 20
-0.44132183647570705
 10
-0.08434554024655548
 20
-0.4403461237762872
 10
-0.08817984046410444
 20
-0.4395667150108774
 10
-0.09073604060913706
 20
-0.4389266735406092
 10
-0.09225888324873098
 20
-0.43836906272661347
 10
-0.09299311094996371
 20
-0.4378369459300218
 10
-0.09318346627991299
 20
-0.4372733865119652
 10
-0.09314423381979695
 20
-0.43679778145395226
 10
-0.0930327683103698
 20
-0.4359975525743293
 10
-0.09285841755801305
 20
-0.434915189902103
 10
-0.09263052936910803
 20
-0.43359318346628006
 10
-0.09235845155003626
 20
-0.4320740232958666
 10
-0.0920515319071791
 20
-0.4304001994198694
 10
-0.09171911824691803
 20
-0.4286142018672951
 10
-0.09137055837563451
 20
-0.42675852066715014
 10
-0.0910011783901378
 20
-0.42492904165155904
 10
-0.0906589920232052
 20
-0.4232176849166063
 10
-0.09035079767947789
 20
-0.42166099188723716
 10
-0.09008339376359682
 20
-0.4202955039883975
 10
-0.08986357868020305
 20
-0.4191577626450326
 10
-0.08969815083393766
 20
-0.41828430928208854
 10
-0.0895939086294416
 20
-0.41771168532451053
 10
-0.08955765047135605
 20
-0.41747643219724445
 10
-0.08904238805293693
 20
-0.41738366230058016
 10
-0.08767902465554747
 20
-0.41741411348803487
 10
-0.08574119606598989
 20
-0.41754144194162446
 10
-0.08350253807106597
 20
-0.4177393038433648
 10
-0.08123668645757796
 20
-0.417981355375272
 10
-0.0792172770123278
 20
-0.4182412527193619
 10
-0.07771794552211744
 20
-0.4184926520576505
 10
-0.07701232777374913
 20
-0.4187092095721538
 10
-0.0769303220177665
 20
-0.4189227927846267
 10
-0.07690015409717188
 20
-0.41933013052936907
 10
-0.07691927461022482
 20
-0.41990742839013784
 10
-0.07698513415518493
 20
-0.42063089195068887
 10
-0.07709518333031186
 20
-0.4214767267947789
 10
-0.07724687273386512
 20
-0.42242113850616403
 10
-0.07743765296410444
 20
-0.42344033266860054
 10
-0.07766497461928935
 20
-0.4245105148658449
 10
-0.07797784286620744
 20
-0.42595262645032633
 10
-0.07820998005801305
 20
-0.42714149746192914
 10
-0.07836223599528644
 20
-0.4281026219180566
 10
-0.07843546047860762
 20
-0.4288614938361132
 10
-0.07843050330855694
 20
-0.4294436072335026
 10
-0.07834821428571426
 20
-0.4298744561276287
 10
-0.0781894432106599
 20
-0.43017953453589564
 10
-0.0779550398839739
 20
-0.43038433647570706
 10
-0.07710198173495288
 20
-0.4307049945612765
 10
-0.07548155366207393
 20
-0.43114122552574335
 10
-0.07335974324691806
 20
-0.43163864213197967
 10
-0.071002538071066
 20
-0.4321428571428571
 10
-0.06867592571609862
 20
-0.4325994833212473
 10
-0.06664589376359682
 20
-0.43295413343002165
 10
-0.06517842979514138
 20
-0.4331524202320521
 10
-0.06453952139231327
 20
-0.43313995649021025
 10
-0.06429888619470636
 20
-0.4324691805656271
 10
-0.06387894307469186
 20
-0.43091461203770853
 10
-0.06332473146301666
 20
-0.42867340464104425
 10
-0.06268129079042785
 20
-0.42594271211022483
 10
-0.06199366048767223
 20
-0.42291968817984044
 10
-0.06130687998549671
 20
-0.4198014865844815
 10
-0.06066598871464826
 20
-0.41678526105873825
 10
-0.060116026105873806
 20
-0.41406816533720087
 10
-0.05986575983502535
 20
-0.4127335535261058
 10
-0.05960954496011604
 20
-0.4114677755620015
 10
-0.05935502968636693
 20
-0.4102988748640318
 10
-0.05910986221899931
 20
-0.40925489485134153
 10
-0.05888169076323421
 20
-0.4083638789430747
 10
-0.058678163524292934
 20
-0.4076538705583756
 10
-0.05850692870739668
 20
-0.4071529131163887
 10
-0.0583756345177665
 20
-0.4068890500362581
 10
-0.0580954835931834
 20
-0.4067972715736041
 10
-0.057548495286439454
 20
-0.40673948513415514
 10
-0.056766962019579426
 20
-0.4067156907179116
 10
-0.055783176214648345
 20
-0.4067258883248731
 10
-0.054629430293691085
 20
-0.40677007795503983
 10
-0.05333801667875274
 20
-0.4068482596084119
 10
-0.051941227791878174
 20
-0.4069604332849891
 10
-0.05047135605511242
 20
-0.40710659898477164
 10
-0.048793424809644756
 20
-0.4072724517313269
 10
-0.04685120558375628
 20
-0.407440853879623
 10
-0.04471353222443803
 20
-0.40760755642675855
 10
-0.04244923857868022
 20
-0.40776831036983324
 10
-0.04012715849347355
 20
-0.4079188667059464
 10
-0.03781612581580856
 20
-0.4080549764321973
 10
-0.03558497439267587
 20
-0.4081723905456854
 10
-0.033502538071066026
 20
-0.4082668600435098
 10
-0.03154289793328497
 20
-0.4083754928843366
 10
-0.029613850616388673
 20
-0.4084832759245831
 10
-0.02776638415518495
 20
-0.40858935936366925
 10
-0.026051486584481476
 20
-0.40869289340101533
 10
-0.02452014593908633
 20
-0.40879302823604063
 10
-0.023223350253807173
 20
-0.4088889140681653
 10
-0.02221208756345176
 20
-0.40897970109680937
 10
-0.02153734590282817
 20
-0.40906453952139227
 10
-0.020771392313270454
 20
-0.409192292875272
 10
-0.02019579405366209
 20
-0.4093387418419143
 10
-0.019783357505438724
 20
-0.40955657405728785
 10
-0.019506889050036242
 20
-0.4098984771573603
 10
-0.019339195068890532
 20
-0.41041713877810004
 10
-0.01925308194343724
 20
-0.4111652465554749
 10
-0.019221356055112417
 20
-0.41219548812545315
 10
-0.019216823785351705
 20
-0.41356055112400286
 10
-0.019221780955402466
 20
-0.41610839489666407
 10
-0.019310868382886183
 20
-0.4179942440174039
 10
-0.019595409943799838
 20
-0.41931072674945613
 10
-0.020186729514140665
 20
-0.42015047135605516
 10
-0.02119615096990573
 20
-0.4206061061004351
 10
-0.022734998187092098
 20
-0.42077025924583034
 10
-0.024914595041696835
 20
-0.420735559055475
 10
-0.027846265409717172
 20
-0.42059463379260337
 10
-0.02952887055837562
 20
-0.4205001642947789
 10
-0.031381435823060175
 20
-0.4203827501812907
 10
-0.033342775562001416
 20
-0.42024664045503995
 10
-0.03535170413343002
 20
-0.4200960841189268
 10
-0.03734703589557649
 20
-0.4199353301758521
 10
-0.039267585206671486
 20
-0.41976862762871653
 10
-0.0410521664249456
 20
-0.41960022548042064
 10
-0.04263959390862941
 20
-0.4194343727338652
 10
-0.04409969293872371
 20
-0.4192818335297318
 10
-0.045468863306743955
 20
-0.41915223894126175
 10
-0.046717361992385804
 20
-0.4190481383701958
 10
-0.047815445975344456
 20
-0.418972081218274
 10
-0.04873337223531542
 20
-0.4189266168872372
 10
-0.0494413977519942
 20
-0.4189142947788252
 10
-0.04990977950507616
 20
-0.4189376642947788
 10
-0.050108774474256726
 20
-0.41899927483683824
 10
-0.0504132863488035
 20
-0.4198080017222625
 10
-0.05085886511965191
 20
-0.4216211928934008
 10
-0.051396222353154476
 20
-0.42417201096809287
 10
-0.05197606961566349
 20
-0.42719361856417687
 10
-0.05254911847353156
 20
-0.4304191782994924
 10
-0.05306608049311097
 20
-0.43358185279187816
 10
-0.053477667240754236
 20
-0.43641480465917337
 10
-0.05373459028281365
 20
-0.4386511965192169
 10
-0.05384648069253092
 20
-0.43970084186910807
 10
-0.05396346990572878
 20
-0.4407122461928934
 10
-0.05408385832124726
 20
-0.44166076527374903
 10
-0.05420594633792603
 20
-0.4425217548948513
 10
-0.0543280343546048
 20
-0.44327057083937643
 10
-0.05444842277012321
 20
-0.44388256889050026
 10
-0.05456541198332123
 20
-0.4443331048313996
 10
-0.05467730239303842
 20
-0.44459753444525013
 10
-0.054889327637781
 20
-0.4447571553208847
 10
-0.05531295322697604
 20
-0.4448547407541694
 10
-0.05595582736584482
 20
-0.4448894409445251
 10
-0.05682559825960838
 20
-0.44486040609137045
 10
-0.05792991411348802
 20
-0.44476678639412615
 10
-0.05927642313270486
 20
-0.44460773205221177
 10
-0.06087277352248003
 20
-0.4443823932650472
 10
-0.06272661348803481
 20
-0.4440899202320523
  0
LWPOLYLINE
  5
5D
330
54
100
AcDbEntity
  8
A-ANNO-TEXT
100
AcDbPolyline
 90
117
 70
1
 10
0.0732414793328499
 20
-0.439738941261784
 10
0.07255229106236406
 20
-0.4358573354786076
 10
0.07195658085569252
 20
-0.4323445431472083
 10
0.07145944751631615
 20
-0.42924305429659165
 10
0.07106598984771566
 20
-0.4265953589557651
 10
0.07078130665337201
 20
-0.4244439471537347
 10
0.07061049673676581
 20
-0.4228313089195068
 10
0.07055865890137787
 20
-0.4217999342820885
 10
0.07063089195068889
 20
-0.4213923132704858
 10
0.07109601613488037
 20
-0.4212542206762146
 10
0.07212200870195791
 20
-0.4210218002175489
 10
0.07356270395213922
 20
-0.420723095313633
 10
0.07527193618564174
 20
-0.4203861493836114
 10
0.07710353970268309
 20
-0.42003900584662796
 10
0.07891134880348072
 20
-0.41970970812182734
 10
0.08054919778825233
 20
-0.41942629962835387
 10
0.08187092095721536
 20
-0.41921682378535163
 10
0.0820227519941987
 20
-0.419322199057288
 10
0.08220177664974615
 20
-0.4196247280638143
 10
0.08240119651921685
 20
-0.42010401559100796
 10
0.08261421319796951
 20
-0.4207396664249455
 10
0.0828340282813633
 20
-0.42151128535170407
 10
0.08305384336475707
 20
-0.4223984771573604
 10
0.08326686004350982
 20
-0.42338084662799125
 10
0.08346627991298045
 20
-0.4244379985496737
 10
0.08365592707577953
 20
-0.42552560165881076
 10
0.08384132523567803
 20
-0.42654437092095715
 10
0.08401822538977523
 20
-0.4274730613216099
 10
0.0841823785351704
 20
-0.42829042784626536
 10
0.08432953566896303
 20
-0.42897522548042055
 10
0.08445544778825233
 20
-0.42950620920957217
 10
0.08455586589013778
 20
-0.4298621340192169
 10
0.08462654097171868
 20
-0.43002175489485134
 10
0.08537889775199425
 20
-0.43006537799129796
 10
0.08700145032632345
 20
-0.4298132704858594
 10
0.08919506889050037
 20
-0.42934361403190713
 10
0.09166062364031906
 20
-0.4287345902828136
 10
0.09409898477157363
 20
-0.4280643808919507
 10
0.09621102248005799
 20
-0.42741116751269026
 10
0.09769760696156637
 20
-0.42685313179840456
 10
0.09825960841189268
 20
-0.4264684554024655
 10
0.0982137191805656
 20
-0.4260288252356779
 10
0.09808284989122555
 20
-0.4251269035532995
 10
0.09787719815083394
 20
-0.42381707759245824
 10
0.09760696156635244
 20
-0.4221537345902829
 10
0.09728233774474257
 20
-0.4201912617839013
 10
0.09691352429296589
 20
-0.4179840464104423
 10
0.09651071881798406
 20
-0.4155864757070341
 10
0.09608411892675853
 20
-0.41305293691080486
 10
0.09563995649021025
 20
-0.4105295957215373
 10
0.0952365844815083
 20
-0.40816261783901364
 10
0.09488080130529372
 20
-0.4060063905003626
 10
0.09457940536620736
 20
-0.40411530094271203
 10
0.0943391950688905
 20
-0.4025437364031907
 10
0.09416696881798409
 20
-0.40134608411892675
 10
0.09406952501812914
 20
-0.40057673132704846
 10
0.09405366207396668
 20
-0.4002900652646846
 10
0.09574136602610588
 20
-0.3997341540518492
 10
0.09992748368382884
 20
-0.3984941533720087
 10
0.10578600888324874
 20
-0.39680375838469906
 10
0.11249093546047853
 20
-0.39489666424945613
 10
0.11921625725163165
 20
-0.3930065661258158
 10
0.12513596809282088
 20
-0.391367159173314
 10
0.1294240618201595
 20
-0.3902121385514866
 10
0.1312545322697607
 20
-0.3897751994198695
 10
0.13162377062182742
 20
-0.3901101624818709
 10
0.13210093364757067
 20
-0.3910136421319796
 10
0.13263758271392315
 20
-0.3923335240663525
 10
0.13318527918781728
 20
-0.3939176939811457
 10
0.13369558443618565
 20
-0.39561403757251634
 10
0.13412005982596087
 20
-0.39727044053662075
 10
0.13441026672407538
 20
-0.3987347885696157
 10
0.13451776649746194
 20
-0.3998549673676578
 10
0.13427642313270483
 20
-0.40019743700145033
 10
0.13352519941986948
 20
-0.4006367839013779
 10
0.1322233049311095
 20
-0.40118830447788245
 10
0.1303299492385787
 20
-0.4018672951414068
 10
0.12780434191443074
 20
-0.4026890523023931
 10
0.1246056925308194
 20
-0.4036688723712835
 10
0.12069321065989849
 20
-0.40482205175852076
 10
0.11602610587382162
 20
-0.40616388687454674
 10
0.11413954858593184
 20
-0.4066957204042786
 10
0.11236856417693987
 20
-0.4071961113125452
 10
0.11075394307469177
 20
-0.40765401219180575
 10
0.10933647570703407
 20
-0.4080583756345177
 10
0.10815695250181291
 20
-0.4083981542331399
 10
0.10725616388687455
 20
-0.4086623005801305
 10
0.10667490029006524
 20
-0.4088397672679478
 10
0.1064539521392313
 20
-0.4089195068890501
 10
0.10646301667875273
 20
-0.40912090962654096
 10
0.1065400652646846
 20
-0.4096469361856418
 10
0.10667829949238579
 20
-0.41046189494198704
 10
0.10687092095721545
 20
-0.411530094271211
 10
0.10711113125453224
 20
-0.4128158425489486
 10
0.10739213197969544
 20
-0.41428344815083396
 10
0.10770712472806385
 20
-0.41589721945250185
 10
0.10804931109499638
 20
-0.41762146482958673
 10
0.10840466937092091
 20
-0.41944117113850615
 10
0.10875747824510515
 20
-0.42132886149383614
 10
0.10909838991116753
 20
-0.4232301486584482
 10
0.10941805656272664
 20
-0.42509064539521396
 10
0.10970713039340102
 20
-0.42685596446700513
 10
0.10995626359680932
 20
-0.4284717186366934
 10
0.11015610836656999
 20
-0.42988352066715013
 10
0.11029731689630169
 20
-0.43103698332124735
 10
0.11073241479332853
 20
-0.4358955765047135
 10
0.10688905003625815
 20
-0.43676577229876723
 10
0.1034875815808557
 20
-0.43745651853698325
 10
0.09962382160986231
 20
-0.43819910261058753
 10
0.09550852066715008
 20
-0.4389569830946337
 10
0.09135242929659175
 20
-0.439693618564177
 10
0.08736629804205945
 20
-0.4403724675942712
 10
0.08376087744742569
 20
-0.4409569887599711
 10
0.08074691805656266
 20
-0.4414106406363307
 10
0.07853517041334297
 20
-0.4416968817984046
 10
0.07367657722987674
 20
-0.4421319796954315
 10
0.0732414793328499
 20
-0.439738941261784
  0
LWPOLYLINE
  5
5E
330
54
100
AcDbEntity
  8
A-ANNO-TEXT
100
AcDbPolyline
 90
119
 70
1
 10
-0.1171138506163887
 20
-0.4343002175489486
 10
-0.1206396732233502
 20
-0.43325779550398846
 10
-0.12442213560551124
 20
-0.4321201957940535
 10
-0.1283031748549674
 20
-0.4309350072516317
 10
-0.1321247280638143
 20
-0.4297498187092094
 10
-0.13572873232414795
 20
-0.42861221899927493
 10
-0.13895712472806382
 20
-0.4275697969543148
 10
-0.14165184236765774
 20
-0.4266701414068165
 10
-0.1436548223350254
 20
-0.42596084118926764
 10
-0.14735315445975344
 20
-0.42458303118201596
 10
-0.14437998549673678
 20
-0.41406816533720087
 10
-0.14361658130891952
 20
-0.4113886024746193
 10
-0.14295005438723715
 20
-0.4091517857142858
 10
-0.1423685075235678
 20
-0.4073313712382161
 10
-0.1418600435097897
 20
-0.40590101522842637
 10
-0.14141276513778103
 20
-0.40483437386693255
 10
-0.14101477519941988
 20
-0.4041051033357505
 10
-0.14065417648658446
 20
-0.4036868598168964
 10
-0.14031907179115302
 20
-0.4035532994923858
 10
-0.13952649111675128
 20
-0.40366051599891234
 10
-0.13828861493836117
 20
-0.40394874002900666
 10
-0.1367652057650471
 20
-0.4043678333484409
 10
-0.13511602610587387
 20
-0.40486765772298766
 10
-0.13350083846990574
 20
-0.40539807491841917
 10
-0.13207940536620738
 20
-0.40590894670050753
 10
-0.13101148930384335
 20
-0.4063501348350253
 10
-0.13045685279187816
 20
-0.40667150108774475
 10
-0.13039892471899922
 20
-0.40685789068165334
 10
-0.13038773567802756
 20
-0.40723803480783155
 10
-0.1304224358683829
 20
-0.40778813905003625
 10
-0.13050217548948517
 20
-0.4084844089920232
 10
-0.13062610474075415
 20
-0.4093030502175489
 10
-0.13079337382160985
 20
-0.4102202683103698
 10
-0.1310031329314721
 20
-0.41121226885424217
 10
-0.1312545322697607
 20
-0.4122552574329224
 10
-0.13150564834118925
 20
-0.4133432854423495
 10
-0.13171342458303117
 20
-0.41436502900652644
 10
-0.13187531159354604
 20
-0.4153017925126904
 10
-0.13198875997099346
 20
-0.4161348803480783
 10
-0.13205122031363306
 20
-0.4168455968999275
 10
-0.13206014321972442
 20
-0.4174152465554749
 10
-0.1320129792875272
 20
-0.4178251337019579
 10
-0.13190717911530092
 20
-0.4180565627266135
 10
-0.13110864983683826
 20
-0.41841560347171847
 10
-0.129407632342277
 20
-0.4189981417693982
 10
-0.12711175444162437
 20
-0.41971494855873825
 10
-0.12452864394488762
 20
-0.4204767947788253
 10
-0.12196592866207395
 20
-0.4211944513687455
 10
-0.11973123640319072
 20
-0.4217786892675852
 10
-0.1181321949782451
 20
-0.42214027941443083
 10
-0.11747643219724438
 20
-0.42218999274836844
 10
-0.11714699283901374
 20
-0.4214542070794054
 10
-0.1165813089195069
 20
-0.41982528100072525
 10
-0.11584226568165339
 20
-0.41751821405910083
 10
-0.11499274836838293
 20
-0.41474800580130533
 10
-0.1140956422226251
 20
-0.41172965577411175
 10
-0.11321383248730968
 20
-0.40867816352429304
 10
-0.11241020440536621
 20
-0.40580852859862226
 10
-0.11174764321972445
 20
-0.40333575054387244
 10
-0.11139242657722992
 20
-0.4018961883611313
 10
-0.11104060913705584
 20
-0.40053480783176204
 10
-0.1107023885061639
 20
-0.3992822017766498
 10
-0.11038796229151561
 20
-0.3981689630166788
 10
-0.11010752810007253
 20
-0.3972256843727339
 10
-0.10987128353879627
 20
-0.39648295866569977
 10
-0.1096894262146483
 20
-0.39597137871646126
 10
-0.1095721537345903
 20
-0.3957215373459029
 10
-0.10924328091007977
 20
-0.3956961849619291
 10
-0.10850480420594631
 20
-0.3957770576504715
 10
-0.10740261285351707
 20
-0.3959548076051486
 10
-0.105982596084119
 20
-0.3962200870195793
 10
-0.10429064312907907
 20
-0.3965635480873822
 10
-0.10237264321972445
 20
-0.3969758430021755
 10
-0.10027448558738213
 20
-0.39744762395757793
 10
-0.0980420594633793
 20
-0.3979695431472081
 10
-0.09566941624365484
 20
-0.3985308364303844
 10
-0.09312001450326325
 20
-0.3991150743292241
 10
-0.09047543509789703
 20
-0.3997044110315446
 10
-0.08781725888324866
 20
-0.40028100072516315
 10
-0.08522706671501083
 20
-0.40082699759789703
 10
-0.08278643944887594
 20
-0.4013245558375635
 10
-0.08057695794053664
 20
-0.40175582963197976
 10
-0.07868020304568528
 20
-0.40210297316896304
 10
-0.07026831036983319
 20
-0.4036983321247281
 10
-0.07106598984771574
 20
-0.4088469905728789
 10
-0.07186366932559828
 20
-0.41406816533720087
 10
-0.07541696881798404
 20
-0.4138506163886875
 10
-0.07745734001087742
 20
-0.41361507999456126
 10
-0.080644941986947
 20
-0.41312205402465574
 10
-0.08457696927121106
 20
-0.4124471707306019
 10
-0.08885061638868744
 20
-0.4116660623640319
 10
-0.0930630778643945
 20
-0.41085436117657725
 10
-0.09681154822335022
 20
-0.4100876994198696
 10
-0.0996932219905729
 20
-0.40944170934554025
 10
-0.10130529369108053
 20
-0.4089920232052212
 10
-0.10175016429477883
 20
-0.40911694389050046
 10
-0.10228086475707045
 20
-0.40985542059463376
 10
-0.10291524089013775
 20
-0.41126354015591016
 10
-0.10367113850616395
 20
-0.4133973894126179
 10
-0.10456640341733144
 20
-0.4163130552030457
 10
-0.10561888143582307
 20
-0.4200666243654822
 10
-0.10684641837382162
 20
-0.42471418373821607
 10
-0.10826686004350976
 20
-0.43031182015953595
 10
-0.1085443199329224
 20
-0.4314023975707033
 10
-0.1088277284263959
 20
-0.4324283901377811
 10
-0.10910943731870922
 20
-0.43336600344452497
 10
-0.10938179840464103
 20
-0.4341914430746918
 10
-0.10963716347897023
 20
-0.43488091461203776
 10
-0.10986788433647571
 20
-0.4354106236403191
 10
-0.11006631277193615
 20
-0.4357567757432922
 10
-0.11022480058013054
 20
-0.4358955765047135
 10
-0.11050594293872372
 20
-0.43588651196519207
 10
-0.11100548404641046
 20
-0.43580946337926035
 10
-0.11169708008520668
 20
-0.4356712291515592
 10
-0.11255438723712834
 20
-0.4354786076867296
 10
-0.11355106168419145
 20
-0.43523839738941256
 10
-0.11466075960841189
 20
-0.43495739666424954
 10
-0.11585713719180568
 20
-0.4346424039158811
 10
-0.1171138506163887
 20
-0.4343002175489486
  0
LWPOLYLINE
  5
5F
330
54
100
AcDbEntity
  8
A-ANNO-TEXT
100
AcDbPolyline
 90
147
 70
1
 10
0.12697606961566354
 20
-0.4283538796229152
 10
0.12662198604060915
 20
-0.42731216574510533
 10
0.1260061638868745
 20
-0.4251053752719361
 10
0.12522718002175492
 20
-0.42213206467548947
 10
0.12438361131254531
 20
-0.41879079042784617
 10
0.12357403462654099
 20
-0.4154801090010878
 10
0.12289702683103701
 20
-0.4125985768672952
 10
0.12245116479332853
 20
-0.41054475049854977
 10
0.1223350253807107
 20
-0.40971718636693255
 10
0.1228062398023931
 20
-0.40952484816896295
 10
0.12387486403190723
 20
-0.4091982414793328
 10
0.12534969293872375
 20
-0.4087866547316896
 10
0.12703952139231328
 20
-0.4083393763596809
 10
0.1287531442621465
 20
-0.4079056947969543
 10
0.13029935641769402
 20
-0.4075348984771573
 10
0.13148695272842645
 20
-0.4072762758339376
 10
0.1321247280638144
 20
-0.40717911530094275
 10
0.1323071519216824
 20
-0.40727769216823784
 10
0.13252356780275562
 20
-0.4075598259608413
 10
0.13276717730239304
 20
-0.40800512146482953
 10
0.13303118201595354
 20
-0.40859318346627993
 10
0.13330878353879627
 20
-0.40930361675126903
 10
0.13359318346627994
 20
-0.4101160261058738
 10
0.1338775833937636
 20
-0.41101001631617123
 10
0.13415518491660625
 20
-0.4119651921682378
 10
0.1346126608955765
 20
-0.4137453827501814
 10
0.13500045322697615
 20
-0.41503013959390855
 10
0.13547322561638867
 20
-0.4158543045232052
 10
0.13618564176939818
 20
-0.4162527193618563
 10
0.13729236539158812
 20
-0.41626022593364753
 10
0.13894806018854242
 20
-0.415911666062364
 10
0.1413073898658448
 20
-0.4152418815717911
 10
0.144525018129079
 20
-0.41428571428571426
 10
0.14570709073604055
 20
-0.41393276377809995
 10
0.14674809644670045
 20
-0.41358321247280655
 10
0.14764293645757795
 20
-0.4132404595721537
 10
0.14838651196519217
 20
-0.41290790427846275
 10
0.14897372416606233
 20
-0.41258894579405364
 10
0.14939947425670777
 20
-0.41228698332124714
 10
0.1496586634336476
 20
-0.412005416062364
 10
0.14974619289340102
 20
-0.4117476432197244
 10
0.14965342299673676
 20
-0.410898409173314
 10
0.14939834118926762
 20
-0.4096310732414793
 10
0.14901578929477882
 20
-0.4080714059100798
 10
0.14854060913705583
 20
-0.4063451776649746
 10
0.14800764253988397
 20
-0.4045781589920232
 10
0.14745173132704859
 20
-0.40289612037708483
 10
0.14690771732233507
 20
-0.4014248323060188
 10
0.14641044234952863
 20
-0.4002900652646846
 10
0.14619133543328505
 20
-0.39971758294053655
 10
0.14592209028281364
 20
-0.39894624728063827
 10
0.14561375430565626
 20
-0.3980083507070341
 10
0.14527737490935466
 20
-0.3969361856417694
 10
0.14492399950145032
 20
-0.39576204450688907
 10
0.1445646754894851
 20
-0.39451821972443807
 10
0.14421045028100074
 20
-0.39323700371646114
 10
0.14387237128353877
 20
-0.3919506889050036
 10
0.1434639004713561
 20
-0.39024513914068154
 10
0.14316080493110944
 20
-0.3888574147933285
 10
0.14295968546047866
 20
-0.38775182423857874
 10
0.14285714285714293
 20
-0.38689267585206677
 10
0.1428497779187817
 20
-0.3862442780094271
 10
0.14293419144307473
 20
-0.3857709390862945
 10
0.14310698422770127
 20
-0.38543696745830314
 10
0.14336475707034085
 20
-0.3852066715010878
 10
0.1456024236312546
 20
-0.38414484567621493
 10
0.1499263506163887
 20
-0.38234114394488755
 10
0.15560825892857147
 20
-0.38007345109680923
 10
0.16191986947063092
 20
-0.3776196519216822
 10
0.16813290314539525
 20
-0.37525763120920963
 10
0.1735190808556925
 20
-0.3732652737490935
 10
0.1773501235043511
 20
-0.3719204643310369
 10
0.17889775199419874
 20
-0.37150108774474255
 10
0.17903244538614946
 20
-0.3717115550217547
 10
0.1792138778100073
 20
-0.3721106780275562
 10
0.1794344010605511
 20
-0.3726763619470631
 10
0.17968636693255977
 20
-0.37338651196519224
 10
0.17996212722081223
 20
-0.37421903326686
 10
0.18025403372008703
 20
-0.37515183103698324
 10
0.1805544382251632
 20
-0.3761628104604786
 10
0.18085569253081943
 20
-0.37722987672226255
 10
0.18223350253807105
 20
-0.38245105148658454
 10
0.17708484408992026
 20
-0.3846265409717187
 10
0.17586339738941262
 20
-0.3851059701323422
 10
0.17441080493110953
 20
-0.38566103154459763
 10
0.17278145395213923
 20
-0.38627217979514133
 10
0.17102973168963018
 20
-0.3869198694706309
 10
0.1692100253807107
 20
-0.38758455515772305
 10
0.16737672226250908
 20
-0.3882466914430748
 10
0.16558420957215378
 20
-0.38888673291334297
 10
0.16388687454677303
 20
-0.3894851341551849
 10
0.16228500045322697
 20
-0.3900265987581581
 10
0.16076640681653379
 20
-0.3905536167512689
 10
0.1593667852610587
 20
-0.3910517415246556
 10
0.15812182741116756
 20
-0.3915065264684553
 10
0.15706722489122554
 20
-0.39190352497280634
 10
0.15623866932559827
 20
-0.3922282904278463
 10
0.1556718523386511
 20
-0.39246637622371283
 10
0.1554024655547498
 20
-0.39260333575054396
 10
0.15521593432741104
 20
-0.3931885650833938
 10
0.1552291062364032
 20
-0.3942802755620015
 10
0.15540374025562
 20
-0.39569830946337925
 10
0.15570159535895584
 20
-0.3972625090645396
 10
0.15608443052030455
 20
-0.39879271664249466
 10
0.15651400471356058
 20
-0.40010877447425675
 10
0.15695207691261787
 20
-0.4010305248368384
 10
0.15736040609137056
 20
-0.40137781000725165
 10
0.15758007954133435
 20
-0.4015142030003625
 10
0.15785329042784627
 20
-0.4019114847715735
 10
0.15817239054568527
 20
-0.402551809508702
 10
0.15852973168963014
 20
-0.4034173313995649
 10
0.15891766565445975
 20
-0.4044902046319797
 10
0.15932854423495282
 20
-0.4057525833937637
 10
0.15975471922588833
 20
-0.40718662187273397
 10
0.16018854242204494
 20
-0.4087744742567078
 10
0.16059163116388683
 20
-0.41030524836838284
 10
0.16097942349528638
 20
-0.41177483683828886
 10
0.16134342141044236
 20
-0.4131492476432197
 10
0.16167512690355335
 20
-0.41439448875997104
 10
0.16196604196881798
 20
-0.41547656816533723
 10
0.16220766860043515
 20
-0.4163614938361131
 10
0.16239150879260328
 20
-0.41701527374909364
 10
0.1625090645395214
 20
-0.4174039158810732
 10
0.16251685437817254
 20
-0.4177571496555475
 10
0.1622994470630892
 20
-0.41812228063814344
 10
0.16182200077048584
 20
-0.41851800444162446
 10
0.16104967367657722
 20
-0.41896301667875274
 10
0.15994762395757797
 20
-0.4194760129622915
 10
0.1584810097897027
 20
-0.42007568890500363
 10
0.156614989349166
 20
-0.42078074011965194
 10
0.15431472081218273
 20
-0.4216098622189994
 10
0.15117895667150097
 20
-0.42265327569796957
 10
0.14740754169688178
 20
-0.4238250090645396
 10
0.1432962064902103
 20
-0.42504263166243655
 10
0.139140681653372
 20
-0.426223712835388
 10
0.13523669778825234
 20
-0.42728582192712117
 10
0.13187998549673674
 20
-0.4281465282813633
 10
0.12936627538071066
 20
-0.428723401241842
 10
0.12799129804205947
 20
-0.4289340101522843
 10
0.12785249728063816
 20
-0.4289209798767222
 10
0.12771029731689626
 20
-0.4288841551849165
 10
0.12756809735315447
 20
-0.42882693527918786
 10
0.12742929659173316
 20
-0.42875271936185644
 10
0.12729729423495287
 20
-0.4286649066352429
 10
0.12717548948513416
 20
-0.42856689630166794
 10
0.1270672815445975
 20
-0.42846208756345183
 10
0.12697606961566354
 20
-0.4283538796229152
  0
LWPOLYLINE
  5
60
330
54
100
AcDbEntity
  8
A-ANNO-TEXT
100
AcDbPolyline
 90
155
 70
1
 10
-0.16823785351704135
 20
-0.41551849166062366
 10
-0.16923226182922405
 20
-0.41501753421863663
 10
-0.17070000906453953
 20
-0.41429817802755625
 10
-0.17257056177483684
 20
-0.4133935653100072
 10
-0.1747733865119652
 20
-0.4123368382886149
 10
-0.17723794982777374
 20
-0.4111611391860044
 10
-0.17989371827411166
 20
-0.40989961022480065
 10
-0.18267015840282813
 20
-0.40858539362762875
 10
-0.1854967367657723
 20
-0.4072516316171138
 10
-0.1990572878897752
 20
-0.4007251631617113
 10
-0.1976794778825236
 20
-0.3972443799854967
 10
-0.19736590146845542
 20
-0.3964350865663524
 10
-0.19697924220449603
 20
-0.39544733502538076
 10
-0.19653479650108774
 20
-0.3943202161892676
 10
-0.19604786076867298
 20
-0.3930928208846991
 10
-0.195533731417694
 20
-0.3918042399383611
 10
-0.19500770485859317
 20
-0.39049356417693976
 10
-0.1944850775018129
 20
-0.38919988442712117
 10
-0.19398114575779551
 20
-0.38796229151559103
 10
-0.1935143219724438
 20
-0.38678375974437984
 10
-0.19304749818709208
 20
-0.38565876540971716
 10
-0.19259427121102246
 20
-0.3846136523295866
 10
-0.19216823785351705
 20
-0.38367476432197234
 10
-0.19178299492385786
 20
-0.38286844520485863
 10
-0.19145213923132703
 20
-0.38222103879622904
 10
-0.19118926758520666
 20
-0.3817588889140681
 10
-0.19100797679477882
 20
-0.38150833937635964
 10
-0.190599081082306
 20
-0.38141273681109494
 10
-0.18978992929659172
 20
-0.3815457306018854
 10
-0.18863575847534444
 20
-0.38188437613306736
 10
-0.18719180565627266
 20
-0.3824057287889776
 10
-0.18551330787708484
 20
-0.3830868439539521
 10
-0.18365550217548945
 20
-0.3839047770123277
 10
-0.18167362558919506
 20
-0.3848365833484409
 10
-0.17962291515591008
 20
-0.38585931834662796
 10
-0.17961130121464833
 20
-0.38599188723712824
 10
-0.17967956852791883
 20
-0.38632160986221914
 10
-0.17981921908992024
 20
-0.3868280910079767
 10
-0.18002175489485134
 20
-0.3874909354604787
 10
-0.1802786779369108
 20
-0.38828974800580124
 10
-0.18058149021029735
 20
-0.38920413343002186
 10
-0.1809216937092096
 20
-0.3902136965192168
 10
-0.18129079042784627
 20
-0.39129804205946334
 10
-0.18166017041334298
 20
-0.3923683658901377
 10
-0.18200235678027557
 20
-0.3933885514865844
 10
-0.1823105511240029
 20
-0.39433565423314
 10
-0.18257795503988397
 20
-0.39518672951414074
 10
-0.18279777012327775
 20
-0.3959188327139231
 10
-0.18296319796954313
 20
-0.39650901921682385
 10
-0.18306744017403914
 20
-0.39693434440717906
 10
-0.18310369833212473
 20
-0.39717186366932566
 10
-0.18287326074147933
 20
-0.39756602950507625
 10
-0.18223916787527195
 20
-0.39806812001450337
 10
-0.18128724959209572
 20
-0.3986364949691806
 10
-0.18010333575054388
 20
-0.3992295141406816
 10
-0.17877325620920959
 20
-0.39980553730058016
 10
-0.17738284082668598
 20
-0.40032292422044957
 10
-0.17601791946156636
 20
-0.4007400346718636
 10
-0.1747643219724438
 20
-0.401015228426396
 10
-0.1741552982233503
 20
-0.40112697720268314
 10
-0.17353607686729514
 20
-0.401242974981871
 10
-0.17292365391588108
 20
-0.40136067236221906
 10
-0.17233502538071066
 20
-0.40147751994198716
 10
-0.17178718727338652
 20
-0.40159096831943436
 10
-0.17129713560551124
 20
-0.40169846809282095
 10
-0.17088186638868744
 20
-0.40179746986040615
 10
-0.17055837563451776
 20
-0.40188542422044965
 10
-0.17005897616026106
 20
-0.4019542580674402
 10
-0.16959526831036983
 20
-0.401783448150834
 10
-0.1690873708303118
 20
-0.40121493156272664
 10
-0.16845540246555477
 20
-0.4000906453952139
 10
-0.16761948196156634
 20
-0.39825252674039163
 10
-0.16649972806381436
 20
-0.39554251269035534
 10
-0.16501625951776644
 20
-0.3918025403372009
 10
-0.1630891950688905
 20
-0.38687454677302396
 10
-0.1623951912617839
 20
-0.385045209390863
 10
-0.16173857868020305
 20
-0.3833348440899203
 10
-0.16113635333575055
 20
-0.3817808420957215
 10
-0.16060551124002903
 20
-0.3804205946337926
 10
-0.16016304840464105
 20
-0.3792914929296592
 10
-0.15982596084118925
 20
-0.37843092820884705
 10
-0.15961124456127632
 20
-0.37787629169688186
 10
-0.15953589557650472
 20
-0.37766497461928933
 10
-0.1593935539793328
 20
-0.3776634166515591
 10
-0.159036212835388
 20
-0.37776128535170395
 10
-0.15848681676033358
 20
-0.3779492329133431
 10
-0.15776831036983321
 20
-0.3782179115300941
 10
-0.1569036382795504
 20
-0.3785579733955765
 10
-0.15591574510514866
 20
-0.37896007070340826
 10
-0.1548275754622915
 20
-0.3794148556472081
 10
-0.15366207396664247
 20
-0.37991298042059474
 10
-0.1522379498277737
 20
-0.3804827717095721
 10
-0.15035918237853516
 20
-0.38119447969543163
 10
-0.1481082022751994
 20
-0.3820200609590283
 10
-0.14556744017403916
 20
-0.3829314720812183
 10
-0.14281932673132702
 20
-0.38390066964285724
 10
-0.13994629260333574
 20
-0.38489961022480057
 10
-0.1370307684463379
 20
-0.38590025040790427
 10
-0.13415518491660625
 20
-0.38687454677302396
 10
-0.13138795096084122
 20
-0.38780295390681657
 10
-0.12878217911530093
 20
-0.3886727248005803
 10
-0.1263973554205946
 20
-0.3894660136421319
 10
-0.12429296591733147
 20
-0.39016497461928945
 10
-0.12252849664612038
 20
-0.3907517619198695
 10
-0.12116343364757072
 20
-0.3912085297316896
 10
-0.12025726296229156
 20
-0.3915174322425671
 10
-0.11986947063089193
 20
-0.391660623640319
 10
-0.11982712223531547
 20
-0.39218778326686027
 10
-0.1199929749818709
 20
-0.3934032813633067
 10
-0.12031689063633068
 20
-0.39508447017766496
 10
-0.12074873096446705
 20
-0.39700870195794047
 10
-0.12123835773205219
 20
-0.3989533289521392
 10
-0.12173563270485861
 20
-0.4006957034082667
 10
-0.12219041764865844
 20
-0.4020131775743292
 10
-0.12255257432922408
 20
-0.4026831036983321
 10
-0.12329034286620735
 20
-0.4027723327592458
 10
-0.12490595540246553
 20
-0.40252674039158803
 10
-0.12723710002719363
 20
-0.4019922158266861
 10
-0.13012146482958667
 20
-0.4012146482958665
 10
-0.13339673789883974
 20
-0.40023992703045685
 10
-0.13690060732414794
 20
-0.39911394126178407
 10
-0.14047076119470628
 20
-0.39788258022117473
 10
-0.14394488759970994
 20
-0.39659173313995655
 10
-0.14562805928208847
 20
-0.39592775562001453
 10
-0.14722625090645394
 20
-0.3953045685279188
 10
-0.14870207124728063
 20
-0.39473576867295146
 10
-0.1500181290790428
 20
-0.3942349528643946
 10
-0.15113703317621466
 20
-0.3938157179115302
 10
-0.15202139231327047
 20
-0.3934916606236403
 10
-0.15263381526468453
 20
-0.39327637781000724
 10
-0.1529369108049311
 20
-0.393183466279913
 10
-0.15314383724619288
 20
-0.39339974052755633
 10
-0.15353177121102252
 20
-0.39407065808556935
 10
-0.15407776808375634
 20
-0.39514778032088477
 10
-0.154758883248731
 20
-0.3965826686004351
 10
-0.1555521720902828
 20
-0.39832688429115304
 10
-0.15643468999274837
 20
-0.4003319887599711
 10
-0.1573834923404641
 20
-0.4025495433738217
 10
-0.15837563451776648
 20
-0.4049311094996375
 10
-0.1593680599619289
 20
-0.4073431268129078
 10
-0.16031884517766495
 20
-0.4095970812182742
 10
-0.16120674515047137
 20
-0.4116436842820884
 10
-0.16201051486584483
 20
-0.41343364757070344
 10
-0.16270890930928208
 20
-0.4149176826504714
 10
-0.1632806834662799
 20
-0.4160465010877448
 10
-0.16370459232233506
 20
-0.4167708144488759
 10
-0.16395939086294417
 20
-0.4170413343002175
 10
-0.16416702547135603
 20
-0.41705620581036995
 10
-0.1645055293691081
 20
-0.4169971446700506
 10
-0.16495620694343727
 20
-0.4168717990844815
 10
-0.16550036258158088
 20
-0.4166878172588832
 10
-0.16611930067077593
 20
-0.4164528473984771
 10
-0.16679432559825963
 20
-0.41617453770848434
 10
-0.16750674175126903
 20
-0.4158605363941262
 10
-0.16823785351704135
 20
-0.41551849166062366
  0
LWPOLYLINE
  5
61
330
54
100
AcDbEntity
  8
A-ANNO-TEXT
100
AcDbPolyline
 90
137
 70
1
 10
0.17454677302393043
 20
-0.4034082668600435
 10
0.1732848191624366
 20
-0.39936364099891214
 10
0.17239167875271927
 20
-0.3963549220449601
 10
0.1718826482052212
 20
-0.3942011024746193
 10
0.17177302393038427
 20
-0.392721174764322
 10
0.17207810233865123
 20
-0.39173413139050034
 10
0.17281317984046415
 20
-0.3910589648295867
 10
0.17399355284626547
 20
-0.3905146675580132
 10
0.1756345177664975
 20
-0.38992023205221177
 10
0.17650131435823063
 20
-0.38962237694887614
 10
0.1773477157360406
 20
-0.38933217005076154
 10
0.17815332668600434
 20
-0.3890572595630892
 10
0.17889775199419866
 20
-0.3888052936910804
 10
0.17956059644670055
 20
-0.38858392063995656
 10
0.18012146482958669
 20
-0.3884007886149383
 10
0.180559961928934
 20
-0.3882635458212472
 10
0.18085569253081943
 20
-0.3881798404641044
 10
0.18110411756707762
 20
-0.38820037731145757
 10
0.18136104060913694
 20
-0.38837132886149356
 10
0.18162816125815812
 20
-0.3886935449147934
 10
0.18190717911530088
 20
-0.38916787527193614
 10
0.18219979378172588
 20
-0.38979516973350253
 10
0.18250770485859313
 20
-0.3905762781000725
 10
0.18283261194706307
 20
-0.39151205017222634
 10
0.1831762146482959
 20
-0.39260333575054396
 10
0.183443901831037
 20
-0.39353471718636696
 10
0.18369969180565626
 20
-0.39441171138506176
 10
0.183938485768673
 20
-0.39521392313270487
 10
0.18415518491660618
 20
-0.39592095721537357
 10
0.18434469044597537
 20
-0.39651241841914436
 10
0.1845019035532995
 20
-0.3969679115300943
 10
0.18462172543509797
 20
-0.39726704133430035
 10
0.18469905728788982
 20
-0.397389412617839
 10
0.18528612785533
 20
-0.3972576935279188
 10
0.1867034535895577
 20
-0.3967707577955041
 10
0.18867994810551122
 20
-0.396035680293691
 10
0.19094452501812909
 20
-0.3951595358955765
 10
0.19322609794234957
 20
-0.39424939947425675
 10
0.1952535804931109
 20
-0.39341234590282814
 10
0.19675588628535168
 20
-0.39275545005438717
 10
0.19746192893401013
 20
-0.3923857868020304
 10
0.1975093761330674
 20
-0.39187165745105157
 10
0.19728403734590283
 20
-0.39080175852066706
 10
0.1968054579858593
 20
-0.38923217684916606
 10
0.19609318346627994
 20
-0.3872189992748368
 10
0.19516675920050758
 20
-0.38481831263596805
 10
0.1940457306018854
 20
-0.3820862037708484
 10
0.19274964308375628
 20
-0.37907875951776643
 10
0.19129804205946335
 20
-0.37585206671501087
 10
0.1905291141678752
 20
-0.37411776536439445
 10
0.1898103245105148
 20
-0.372474392675852
 10
0.18915781929840464
 20
-0.37095849007432924
 10
0.1885877447425671
 20
-0.3696065989847716
 10
0.18811624705402463
 20
-0.3684552608321247
 10
0.18775947244379987
 20
-0.3675410170413343
 10
0.1875335671229152
 20
-0.366900409037346
 10
0.18745467730239304
 20
-0.3665699782451052
 10
0.1876290280547498
 20
-0.3663490300942712
 10
0.18812885242929658
 20
-0.3659717186366934
 10
0.18891930860224798
 20
-0.3654584390862944
 10
0.1899655547498187
 20
-0.36482958665699794
 10
0.19123274904822335
 20
-0.36410555656272664
 10
0.19268604967367656
 20
-0.3633067440174039
 10
0.19429061480239304
 20
-0.36245354423495285
 10
0.19601160261058737
 20
-0.3615663524292965
 10
0.19787634835025367
 20
-0.3606273227882523
 10
0.19994334662799135
 20
-0.3595744198694707
 10
0.20214291379622912
 20
-0.35844333529731687
 10
0.20440536620739674
 20
-0.3572697606961566
 10
0.2066610202139231
 20
-0.35608938769035525
 10
0.20884019216823788
 20
-0.3549379079042784
 10
0.2108731984227701
 20
-0.3538510129622916
 10
0.2126903553299492
 20
-0.3528643944887599
 10
0.21433981825598253
 20
-0.351966438542422
 10
0.21589240391588102
 20
-0.35113306744017414
 10
0.2173124206852792
 20
-0.35038127719361856
 10
0.21856417693981145
 20
-0.3497280638143583
 10
0.21961198105511237
 20
-0.3491904233139956
 10
0.22042014140681648
 20
-0.3487853517041334
 10
0.22095296637055842
 20
-0.34852984499637424
 10
0.22117476432197244
 20
-0.3484408992023205
 10
0.22128169756163887
 20
-0.3485328192984047
 10
0.22148635786802032
 20
-0.348795549311095
 10
0.22177769783357507
 20
-0.34920954382704855
 10
0.2221446700507615
 20
-0.3497552574329224
 10
0.22257622711203773
 20
-0.3504131447153735
 10
0.22306132160986222
 20
-0.3511636602610586
 10
0.22358890613669327
 20
-0.35198725865663527
 10
0.22414793328498914
 20
-0.3528643944887599
 10
0.22523794416243653
 20
-0.3546254645576504
 10
0.22594724437998556
 20
-0.35595313633067444
 10
0.22610587382160985
 20
-0.35703266633430014
 10
0.22554387237128354
 20
-0.3580493110949964
 10
0.22409127991298045
 20
-0.35918832713923127
 10
0.22157813633067439
 20
-0.3606349709934735
 10
0.21783448150833934
 20
-0.36257449918419143
 10
0.2126903553299492
 20
-0.36519216823785344
 10
0.21038668759064535
 20
-0.36639137848984776
 10
0.20823853335750547
 20
-0.36752515409717174
 10
0.20629263166243655
 20
-0.3685688508430022
 10
0.20459572153734595
 20
-0.3694978245105148
 10
0.20319454201414067
 20
-0.37028743088288607
 10
0.20213583212472805
 20
-0.37091302574329227
 10
0.20146633090101526
 20
-0.3713499648749094
 10
0.20123277737490936
 20
-0.3715736040609138
 10
0.20131492476432197
 20
-0.37186721016134877
 10
0.2015500362581581
 20
-0.372453997461929
 10
0.2019211158448151
 20
-0.3733008237400291
 10
0.20241116751269037
 20
-0.37437454677302395
 10
0.2030031952501813
 20
-0.3756420243382887
 10
0.2036802030456853
 20
-0.37707011421319814
 10
0.20442519488759972
 20
-0.37862567417512694
 10
0.20522117476432197
 20
-0.3802755620014504
 10
0.20702402669506892
 20
-0.38395661484771565
 10
0.2085218002175489
 20
-0.38712608774474255
 10
0.20972214353698335
 20
-0.38980267630529375
 10
0.21063270485859317
 20
-0.39200507614213204
 10
0.21126113238759972
 20
-0.3937519828680204
 10
0.2116150743292241
 20
-0.39506209209572163
 10
0.2117021788886875
 20
-0.3959540994379987
 10
0.21153009427121106
 20
-0.39644670050761427
 10
0.20969211724981882
 20
-0.3975633384699058
 10
0.20590894670050758
 20
-0.3994244017403917
 10
0.2008187828589558
 20
-0.4017545549311095
 10
0.19505982596084115
 20
-0.40427846265409717
 10
0.18927027624184195
 20
-0.40672078952139235
 10
0.1840883339376359
 20
-0.4088062001450327
 10
0.18015219928390136
 20
-0.4102593591370559
 10
0.17810007251631618
 20
-0.41080493110949967
 10
0.17773026763052935
 20
-0.4107250498549675
 10
0.17737151015228433
 20
-0.4104650108774474
 10
0.17700765387055842
 20
-0.40999422135605507
 10
0.17662255257432932
 20
-0.40928208846990566
 10
0.17620006005257435
 20
-0.4082980193981146
 10
0.17572403009427126
 20
-0.40701142131979695
 10
0.17517831648839746
 20
-0.40539170141406816
 10
0.17454677302393043
 20
-0.4034082668600435
  0
LWPOLYLINE
  5
62
330
54
100
AcDbEntity
  8
A-ANNO-TEXT
100
AcDbPolyline
 90
107
 70
1
 10
-0.22081218274111675
 20
-0.38963016678752715
 10
-0.22699094112581578
 20
-0.38597772389412627
 10
-0.23206240935460482
 20
-0.3829677302393038
 10
-0.23614301010696157
 20
-0.3805288025743292
 10
-0.23934916606236403
 20
-0.37858955765047125
 10
-0.24179729990029009
 20
-0.37707861221899924
 10
-0.24360383430021756
 20
-0.3759245830311821
 10
-0.2448851919416244
 20
-0.3750560868382886
 10
-0.24575779550398838
 20
-0.3744017403915881
 10
-0.2477882523567803
 20
-0.37266134880348084
 10
-0.2438723712835388
 20
-0.3665699782451052
 10
-0.24305330515772303
 20
-0.36528068913161704
 10
-0.2422418872371284
 20
-0.3639922498187092
 10
-0.24145936253625816
 20
-0.3627395021301668
 10
-0.24072697606961566
 20
-0.3615572878897751
 10
-0.24006597285170414
 20
-0.3604804489213198
 10
-0.23949759789702682
 20
-0.3595438270485859
 10
-0.23904309622008701
 20
-0.35878226409535896
 10
-0.23872371283538796
 20
-0.3582306018854242
 10
-0.23791229491479335
 20
-0.35673226182922424
 10
-0.2372631889050036
 20
-0.3556528734590283
 10
-0.23668036734046413
 20
-0.3549762905638144
 10
-0.23606780275562
 20
-0.3546863669325598
 10
-0.2353294676849166
 20
-0.3547669563542422
 10
-0.23436933466279913
 20
-0.3552019126178392
 10
-0.23309137622371287
 20
-0.35597508951232776
 10
-0.231399564902103
 20
-0.3570703408266861
 10
-0.23044438905003625
 20
-0.35771052393038444
 10
-0.22955039883973896
 20
-0.35831671501087753
 10
-0.22873798948513416
 20
-0.3588753172588832
 10
-0.22802755620014503
 20
-0.3593727338651197
 10
-0.22743949419869472
 20
-0.35979536802030465
 10
-0.2269941986947063
 20
-0.360129622915156
 10
-0.226712064902103
 20
-0.3603619017403917
 10
-0.22661348803480783
 20
-0.36047860768672946
 10
-0.22666603403734592
 20
-0.36062491501994215
 10
-0.226816307106599
 20
-0.36094203226976074
 10
-0.2270532598350254
 20
-0.36141041402284263
 10
-0.22736584481508343
 20
-0.36201051486584473
 10
-0.22774301463923133
 20
-0.3627227893854242
 10
-0.2281737218999275
 20
-0.3635276921682379
 10
-0.22864691918963018
 20
-0.3644056778009426
 10
-0.22915155910079768
 20
-0.3653372008701958
 10
-0.22965619901196518
 20
-0.36627509744379994
 10
-0.23012939630166787
 20
-0.3671705039883974
 10
-0.23056010356236403
 20
-0.368001325688905
 10
-0.23093727338651196
 20
-0.3687454677302393
 10
-0.23124985836656997
 20
-0.36938083529731686
 10
-0.23148681109499636
 20
-0.3698853335750545
 10
-0.23163708416424947
 20
-0.3702368677483684
 10
-0.23168963016678754
 20
-0.3704133430021755
 10
-0.23155805271029734
 20
-0.37058429455221165
 10
-0.23118088288614938
 20
-0.37086996918056564
 10
-0.2305844645123278
 20
-0.3712559202773749
 10
-0.22979514140681653
 20
-0.37172770123277754
 10
-0.22883925738759972
 20
-0.3722708654369108
 10
-0.22774315627266137
 20
-0.37287096627991306
 10
-0.22653318187998547
 20
-0.3735135571519217
 10
-0.22523567802755623
 20
-0.3741841914430747
 10
-0.21870920957215376
 20
-0.37744742567077594
 10
-0.21240029006526467
 20
-0.36555474981870917
 10
-0.2060188542422045
 20
-0.35366207396664257
 10
-0.1873821609862219
 20
-0.3631617113850616
 10
-0.1687454677302393
 20
-0.37273386511965195
 10
-0.17012327773749095
 20
-0.37621464829586654
 10
-0.1704345880166788
 20
-0.3769722455130528
 10
-0.17076459390862941
 20
-0.3777612853517043
 10
-0.17110479740754173
 20
-0.3785588231961566
 10
-0.17144670050761418
 20
-0.3793419144307469
 10
-0.1717818052030457
 20
-0.3800876144398114
 10
-0.17210161348803482
 20
-0.3807729786076867
 10
-0.17239762735678027
 20
-0.3813750623187092
 10
-0.1726613488034808
 20
-0.3818709209572153
 10
-0.1737490935460479
 20
-0.3839738941261784
 10
-0.18745467730239304
 20
-0.37708484408992027
 10
-0.1902492465101523
 20
-0.37569216257251625
 10
-0.19288320340826684
 20
-0.3744142041334301
 10
-0.19529791175670777
 20
-0.37327731259064534
 10
-0.19743473531544597
 20
-0.3723078317621466
 10
-0.1992350378444525
 20
-0.37153210546591736
 10
-0.20064018310369836
 20
-0.37097647751994195
 10
-0.20159153485315448
 20
-0.37066729174220453
 10
-0.2020304568527919
 20
-0.3706308919506888
 10
-0.20229828566896305
 20
-0.37096288071065986
 10
-0.20275901921682377
 20
-0.3717095721537347
 10
-0.20338801327955042
 20
-0.3728233774474256
 10
-0.20416062364031906
 20
-0.37425670775924597
 10
-0.20505220608230604
 20
-0.3759619742567077
 10
-0.20603811638868744
 20
-0.37789158810732415
 10
-0.20709371034263965
 20
-0.3799979604786078
 10
-0.20819434372733867
 20
-0.38223350253807103
 10
-0.20926764186004357
 20
-0.3844829246736766
 10
-0.21029505076142135
 20
-0.3865776831036982
 10
-0.21125107641406815
 20
-0.38847188859680937
 10
-0.21211022480058014
 20
-0.3901196519216823
 10
-0.21284700190355332
 20
-0.39147508384699053
 10
-0.21343591370558376
 20
-0.3924922951414069
 10
-0.21385146618926762
 20
-0.3931253965736041
 10
-0.21406816533720086
 20
-0.39332849891225535
 10
-0.2143014355964467
 20
-0.3932528666606237
 10
-0.2147650018129079
 20
-0.3930361675126904
 10
-0.21543082056744017
 20
-0.39269369787889774
 10
-0.21627084844089925
 20
-0.39224075416968807
 10
-0.21725704201414067
 20
-0.3916926327955041
 10
-0.21836135786802033
 20
-0.3910646301667874
 10
-0.21955575258339377
 20
-0.390372042693981
 10
-0.22081218274111675
 20
-0.38963016678752715
  0
LWPOLYLINE
  5
63
330
54
100
AcDbEntity
  8
A-ANNO-TEXT
100
AcDbPolyline
 90
125
 70
1
 10
0.2229876722262509
 20
-0.37991298042059474
 10
0.22195743065627263
 20
-0.37831634676395925
 10
0.2211362400290065
 20
-0.3769704042784626
 10
0.2205020055293691
 20
-0.37581991592639596
 10
0.220032632342277
 20
-0.37480964467005073
 10
0.21970602565264685
 20
-0.3738843534717187
 10
0.2195000906453952
 20
-0.3729888052936911
 10
0.21939273250543873
 20
-0.37206776309825956
 10
0.21936185641769398
 20
-0.37106598984771577
 10
0.21937148749093546
 20
-0.36995898295866575
 10
0.21942530819434372
 20
-0.3691035170413344
 10
0.21956070975344458
 20
-0.36844520485859317
 10
0.2198150833937636
 20
-0.367929659173314
 10
0.2202258203408267
 20
-0.36750249274836844
 10
0.22083031182015952
 20
-0.3671093183466281
 10
0.22166594905728795
 20
-0.36669574873096455
 10
0.22277012327773754
 20
-0.36620739666424945
 10
0.22346766792059475
 20
-0.36591265749637425
 10
0.22413546954314725
 20
-0.36563066533720096
 10
0.22475738193437275
 20
-0.36536736879079046
 10
0.22531725888324872
 20
-0.365128716461204
 10
0.22579895417875276
 20
-0.3649206569525018
 10
0.22618632160986227
 20
-0.3647491388687455
 10
0.2264632149655548
 20
-0.3646201108139957
 10
0.22661348803480783
 20
-0.3645395213923133
 10
0.22672764457940534
 20
-0.3645916424945614
 10
0.22690128716461205
 20
-0.3647933284989122
 10
0.22712591778462654
 20
-0.3651309825960841
 10
0.22739303843364753
 20
-0.36559100797679484
 10
0.22769415110587382
 20
-0.36615980783176216
 10
0.22802075779550396
 20
-0.36682378535170407
 10
0.22836436049673678
 20
-0.3675693437273386
 10
0.22871646120377084
 20
-0.36838288614938364
 10
0.229075360315446
 20
-0.3691788660261059
 10
0.2294393582306019
 20
-0.3699238578680203
 10
0.22979995694343727
 20
-0.3706008656635243
 10
0.23014865844815083
 20
-0.37119289340101524
 10
0.23047696473894125
 20
-0.3716829450688905
 10
0.23077637781000734
 20
-0.3720540246555475
 10
0.2310383996555475
 20
-0.37228913614938364
 10
0.2312545322697607
 20
-0.3723712835387962
 10
0.23205306154822333
 20
-0.37214537821791155
 10
0.23334617476432196
 20
-0.371543011240029
 10
0.23494861539158812
 20
-0.3706772060823061
 10
0.2366751269035533
 20
-0.36966098622189997
 10
0.23834045277374907
 20
-0.3686073751359681
 10
0.23975933647570702
 20
-0.3676293963016679
 10
0.24074652148295864
 20
-0.36684007319615675
 10
0.24111675126903553
 20
-0.3663524292965918
 10
0.24100174492385787
 20
-0.365962654097172
 10
0.24067258883248735
 20
-0.3651513778100073
 10
0.24015307741116748
 20
-0.36396618926758517
 10
0.23946700507614216
 20
-0.3624546773023929
 10
0.23863816624365483
 20
-0.3606644307469181
 10
0.23769035532994923
 20
-0.35864303843364753
 10
0.236647366751269
 20
-0.35643808919506875
 10
0.23553299492385785
 20
-0.3540971718636693
 10
0.23436947629622912
 20
-0.3516554115300941
 10
0.23333597715736037
 20
-0.3494108049311096
 10
0.23244694411711386
 20
-0.3473973440899202
 10
0.23171682378535172
 20
-0.3456490210297318
 10
0.23116006277193615
 20
-0.3441998277737491
 10
0.23079110768672947
 20
-0.3430837563451776
 10
0.23062440513959395
 20
-0.34233479876722256
 10
0.2306744017403916
 20
-0.34198694706308913
 10
0.2320213356598984
 20
-0.3410170413343001
 10
0.2351001631617114
 20
-0.3388506163886875
 10
0.23936531227338656
 20
-0.33586838288614934
 10
0.2442712110224801
 20
-0.33245105148658455
 10
0.24927228743654817
 20
-0.32897933284989117
 10
0.25382296954314715
 20
-0.32583393763596796
 10
0.25737768536983324
 20
-0.32339557650471346
 10
0.25939086294416247
 20
-0.32204496011602607
 10
0.261276287164612
 20
-0.32081218274111684
 10
0.2642494561276288
 20
-0.32516316171138515
 10
0.2648560721084119
 20
-0.3260502118836113
 10
0.2654176486584483
 20
-0.3269024202320523
 10
0.2659231383701958
 20
-0.32769854174220453
 10
0.26636149383611313
 20
-0.32841733139956497
 10
0.2667216676486585
 20
-0.3290375441896302
 10
0.26699261240029004
 20
-0.3295379350978972
 10
0.26716328068346623
 20
-0.3298972591098623
 10
0.2672226250906454
 20
-0.3300942712110225
 10
0.2667946088651196
 20
-0.33070626926214663
 10
0.2656068709209573
 20
-0.3317678118201595
 10
0.26380387735678024
 20
-0.3331777726160261
 10
0.2615300942712111
 20
-0.33483502538071064
 10
0.2589299877628716
 20
-0.3366384438451777
 10
0.2561480239303844
 20
-0.3384869017403916
 10
0.2533286688723712
 20
-0.3402792727973169
 10
0.2506163886874546
 20
-0.3419144307469181
 10
0.24856780275561993
 20
-0.34308177347715746
 10
0.24700870195794056
 20
-0.3440060732414794
 10
0.24588469905728794
 20
-0.34473661847353154
 10
0.2451414068165337
 20
-0.34532269760696144
 10
0.2447244379985497
 20
-0.345813599075417
 10
0.2445794053662074
 20
-0.34625861131254526
 10
0.24465192168237862
 20
-0.3467070227519941
 10
0.2448875997099348
 20
-0.3472081218274111
 10
0.245162085297317
 20
-0.3477208348440899
 10
0.24564222262509058
 20
-0.3485768672951414
 10
0.2463025176758521
 20
-0.34973202955039884
 10
0.24711747643219714
 20
-0.35114213197969535
 10
0.2480616048767223
 20
-0.35276298495286434
 10
0.24910940899202313
 20
-0.3545503988397391
 10
0.2502353947606963
 20
-0.3564601840101523
 10
0.25141406816533723
 20
-0.3584481508339376
 10
0.2525523760424222
 20
-0.36038895372552576
 10
0.2536133520667149
 20
-0.362213333937636
 10
0.2545740516225526
 20
-0.3638796512418419
 10
0.2554115300942713
 20
-0.3653462654097172
 10
0.25610284286620744
 20
-0.3665715362128354
 10
0.2566250453226976
 20
-0.36751382342277
 10
0.2569551928480783
 20
-0.36813148681109503
 10
0.257070340826686
 20
-0.36838288614938364
 10
0.25634970993473544
 20
-0.3691576210116026
 10
0.25437817258883244
 20
-0.3705561094996373
 10
0.25144126178390136
 20
-0.3724134903009428
 10
0.24782451051486584
 20
-0.3745649021029731
 10
0.24381345177664976
 20
-0.3768454835931835
 10
0.23969361856417695
 20
-0.3790903734590283
 10
0.23575054387237124
 20
-0.3811347103879623
 10
0.2322697606961566
 20
-0.38281363306744026
 10
0.226686004350979
 20
-0.3853517041334301
 10
0.2229876722262509
 20
-0.37991298042059474
  0
LWPOLYLINE
  5
64
330
54
100
AcDbEntity
  8
A-ANNO-TEXT
100
AcDbPolyline
 90
125
 70
1
 10
-0.2655547498187092
 20
-0.3605511240029007
 10
-0.2663505880620014
 20
-0.359882897480058
 10
-0.26755687998549676
 20
-0.3588900471356056
 10
-0.26911498934916606
 20
-0.3576218614031907
 10
-0.27096627991298045
 20
-0.3561276287164613
 10
-0.2730521154369108
 20
-0.3544566375090646
 10
-0.2753138596809282
 20
-0.3526581762146483
 10
-0.2776928764050036
 20
-0.35078153326686
 10
-0.28013052936910804
 20
-0.3488759970993473
 10
-0.2827074079949239
 20
-0.3468189131617113
 10
-0.284986856417694
 20
-0.3449555837563451
 10
-0.2869501790246556
 20
-0.3433030048948514
 10
-0.28857868020304567
 20
-0.3418781725888327
 10
-0.2898536643401015
 20
-0.34069808284989134
 10
-0.2907564358230602
 20
-0.3397797316896302
 10
-0.29126829903915885
 20
-0.33914011511965203
 10
-0.2913705583756345
 20
-0.33879622915155916
 10
-0.2904849245377085
 20
-0.33748512848984785
 10
-0.28886761240029013
 20
-0.3353369742567078
 10
-0.28677271233683826
 20
-0.33266364326504716
 10
-0.2844543147208122
 20
-0.3297770123277736
 10
-0.28216650992567077
 20
-0.32698895825779556
 10
-0.2801633883248731
 20
-0.32461135786802026
 10
-0.2786990402918782
 20
-0.32295608797135605
 10
-0.278027556200145
 20
-0.3223350253807107
 10
-0.2773757591551849
 20
-0.32265115119651916
 10
-0.2761987853517041
 20
-0.3234907541696882
 10
-0.27468529051849166
 20
-0.32469067258883244
 10
-0.2730239303843365
 20
-0.3260877447425671
 10
-0.27140336067802756
 20
-0.3275188089195069
 10
-0.27001223712835387
 20
-0.3288207034082668
 10
-0.2690392154641044
 20
-0.32983026649746194
 10
-0.26867295141406816
 20
-0.330384336475707
 10
-0.26873215418781726
 20
-0.330592112717549
 10
-0.26890183103698334
 20
-0.3309316080493111
 10
-0.2691700847534445
 20
-0.33138497665881067
 10
-0.2695250181290791
 20
-0.3319343727338651
 10
-0.2699547339557651
 20
-0.3325619504622915
 10
-0.2704473350253807
 20
-0.33324986403190704
 10
-0.27099092412980424
 20
-0.33398026763052935
 10
-0.2715736040609137
 20
-0.3347353154459753
 10
-0.2721562839920232
 20
-0.33549036326142123
 10
-0.2726998730964467
 20
-0.33622076686004354
 10
-0.27319247416606235
 20
-0.3369086804296591
 10
-0.27362218999274834
 20
-0.33753625815808563
 10
-0.27397712336838287
 20
-0.3380856542331399
 10
-0.2742453770848441
 20
-0.3385390228426395
 10
-0.27441505393401017
 20
-0.33887851817440173
 10
-0.27447425670775927
 20
-0.3390862944162436
 10
-0.274042699646483
 20
-0.3395924922951414
 10
-0.27289815989847716
 20
-0.34056608049311093
 10
-0.27126583461747644
 20
-0.341842197697607
 10
-0.2693709209572154
 20
-0.3432559825960841
 10
-0.2674386160714286
 20
-0.34464257387599706
 10
-0.2656941171138506
 20
-0.34583711022480057
 10
-0.26436262123821613
 20
-0.3466747303299492
 10
-0.2636693255982596
 20
-0.3469905728788978
 10
-0.2634269907994924
 20
-0.34676693369289335
 10
-0.2628863759970994
 20
-0.3461260424220449
 10
-0.2620823230148659
 20
-0.3451129384970994
 10
-0.2610496736765772
 20
-0.34377266134880347
 10
-0.2598232698060189
 20
-0.3421502504079043
 10
-0.2584379532269761
 20
-0.3402907451051488
 10
-0.25692856576323425
 20
-0.3382391848712835
 10
-0.2553299492385787
 20
-0.3360406091370559
 10
-0.24749818709209573
 20
-0.32516316171138515
 10
-0.24445250181290792
 20
-0.32762871646120373
 10
-0.24270644488759974
 20
-0.32894392449238574
 10
-0.23981145757795505
 20
-0.3309984590282813
 10
-0.23610066171138505
 20
-0.3335662731145759
 10
-0.23190717911530093
 20
-0.3364213197969543
 10
-0.22756413161711386
 20
-0.3393375521211024
 10
-0.22340464104423496
 20
-0.34208892313270495
 10
-0.21976182922407544
 20
-0.3444493858774475
 10
-0.2169688179840464
 20
-0.3461928934010153
 10
-0.21612666560913704
 20
-0.3467316669688181
 10
-0.2154935641769398
 20
-0.3471718636693256
 10
-0.21505421727701235
 20
-0.3475440763234228
 10
-0.2147933284989123
 20
-0.34787889775199415
 10
-0.21469560143219724
 20
-0.34820692077592463
 10
-0.21474573966642493
 20
-0.34855873821609873
 10
-0.214928446791153
 20
-0.348964942893401
 10
-0.2152284263959391
 20
-0.34945612762871653
 10
-0.21548775720630894
 20
-0.3498293317168237
 10
-0.21582102066715014
 20
-0.3503342548948514
 10
-0.2162137701686004
 20
-0.35094625294597537
 10
-0.21665155910079767
 20
-0.35164068165337214
 10
-0.21711994085387964
 20
-0.3523928968002176
 10
-0.21760446881798406
 20
-0.35317825416968823
 10
-0.21809069638324874
 20
-0.35397210954496017
 10
-0.21856417693981145
 20
-0.35474981870920963
 10
-0.22088469905728791
 20
-0.35859318346627994
 10
-0.22610587382160988
 20
-0.3551124002900653
 10
-0.2298702071247281
 20
-0.3526350899655548
 10
-0.23352746555474985
 20
-0.350304795141407
 10
-0.23696377583393763
 20
-0.3481869504622915
 10
-0.24006526468455405
 20
-0.3463469905728789
 10
-0.24271805882886152
 20
-0.34485035011783904
 10
-0.24480828498912255
 20
-0.343762463741842
 10
-0.24622206988759973
 20
-0.34314876608955763
 10
-0.24684554024655547
 20
-0.3430746918056562
 10
-0.24703617884336476
 20
-0.34332849891225514
 10
-0.2473780819434373
 20
-0.3437998549673676
 10
-0.24785255393401015
 20
-0.34446156635242936
 10
-0.24844089920232054
 20
-0.34528643944887605
 10
-0.2491244221356055
 20
-0.34624728063814353
 10
-0.24988442712110226
 20
-0.3473168963016679
 10
-0.25070221854604785
 20
-0.34846809282088465
 10
-0.25155910079767946
 20
-0.3496736765772299
 10
-0.2535814845449601
 20
-0.35255492544416256
 10
-0.2554466551849166
 20
-0.35514299311095
 10
-0.2571333677030457
 20
-0.3574098361584482
 10
-0.25862037708484414
 20
-0.35932741116751254
 10
-0.25988643831580854
 20
-0.36086767471899933
 10
-0.26091030638143586
 20
-0.36200258339376357
 10
-0.26167073626722265
 20
-0.3627040937726614
 10
-0.2621464829586657
 20
-0.36294416243654826
 10
-0.2623583665699783
 20
-0.3628948740029006
 10
-0.2626586294416244
 20
-0.36275380710659894
 10
-0.263033674764322
 20
-0.36253115935460484
 10
-0.263469905728789
 20
-0.3622371283538797
 10
-0.2639537255257433
 20
-0.36188191171138506
 10
-0.2644715373459028
 20
-0.3614757070340826
 10
-0.2650097443799855
 20
-0.36102871192893415
 10
-0.2655547498187092
 20
-0.3605511240029007
  0
LWPOLYLINE
  5
65
330
54
100
AcDbEntity
  8
A-ANNO-TEXT
100
AcDbPolyline
 90
113
 70
1
 10
0.2686004350978971
 20
-0.3555474981870921
 10
0.26817907564358223
 20
-0.3549614190536618
 10
0.26763619470630895
 20
-0.3542036802030456
 10
0.26699303730058016
 20
-0.35330657405728794
 10
0.2662708484408992
 20
-0.35230239303843386
 10
0.26549087314176945
 20
-0.3512234295685279
 10
0.26467435641769405
 20
-0.35010197606961574
 10
0.26384254328317625
 20
-0.3489703249637419
 10
0.2630166787527194
 20
-0.34786076867295146
 10
0.2590282813633068
 20
-0.34256707759245836
 10
0.2611312545322697
 20
-0.34039158810732423
 10
0.2615941125815807
 20
-0.3399145667150109
 10
0.26210116026105873
 20
-0.33941715010877455
 10
0.26263540155910076
 20
-0.3389129350978971
 10
0.2631798404641046
 20
-0.3384155184916606
 10
0.26371748096446695
 20
-0.3379384970993474
 10
0.26423132704858593
 20
-0.3374954677302393
 10
0.2647043827048586
 20
-0.33710002719361865
 10
0.2651196519216823
 20
-0.3367657722987673
 10
0.2670775924583031
 20
-0.3353879622915156
 10
0.2697606961566352
 20
-0.3393763596809282
 10
0.2703535736947065
 20
-0.3401832453317621
 10
0.27092775562001453
 20
-0.3409093999274837
 10
0.27147134472443807
 20
-0.34154207645939083
 10
0.27197244379985497
 20
-0.3420685279187816
 10
0.2724191556381436
 20
-0.3424760072969543
 10
0.2727995830311822
 20
-0.3427517675852066
 10
0.27310182877084843
 20
-0.34288306177483674
 10
0.2733139956490211
 20
-0.34285714285714286
 10
0.2744353075145033
 20
-0.3421658300852067
 10
0.2758124093546049
 20
-0.34124252175489483
 10
0.2773203804840464
 20
-0.3401815457306019
 10
0.278834300217549
 20
-0.33907722987672234
 10
0.2802292478698333
 20
-0.3380239020576504
 10
0.28138030275562004
 20
-0.33711589013778104
 10
0.2821625441896302
 20
-0.3364475219815083
 10
0.2824510514865845
 20
-0.33611312545322697
 10
0.2821039079496012
 20
-0.3353957521301668
 10
0.2811559554024655
 20
-0.3338685188542421
 10
0.27974741094089917
 20
-0.3317345279641044
 10
0.27801849166062353
 20
-0.32919688179840456
 10
0.27610941465736044
 20
-0.3264586826957941
 10
0.2741603970268309
 20
-0.3237230329949239
 10
0.27231165586475703
 20
-0.3211930350344452
 10
0.27070340826686
 20
-0.31907179115300943
 10
0.2700188938995648
 20
-0.3182184497371284
 10
0.26938791696881803
 20
-0.3174118473531545
 10
0.26882322448332124
 20
-0.31667152941443083
 10
0.2683375634517768
 20
-0.31601704133430014
 10
0.2679436808828861
 20
-0.3154679285261059
 10
0.26765432378535176
 20
-0.3150437364031907
 10
0.26748223916787517
 20
-0.3147640103788978
 10
0.26744017403915876
 20
-0.31464829586657006
 10
0.26768774927483674
 20
-0.31444037799129804
 10
0.268346627991298
 20
-0.3138959390862944
 10
0.26937262055837563
 20
-0.31305237037708483
 10
0.2707215373459029
 20
-0.31194706308919506
 10
0.27234918872371283
 20
-0.3106174084481509
 10
0.2742113850616389
 20
-0.3091007976794779
 10
0.2762639367295141
 20
-0.3074346220087019
 10
0.27846265409717186
 20
-0.3056562726613488
 10
0.28071405910079766
 20
-0.30382863488034806
 10
0.2829178752719362
 20
-0.30202139231327046
 10
0.285019715373459
 20
-0.3002821337926033
 10
0.2869651921682378
 20
-0.29865844815083387
 10
0.28869991841914433
 20
-0.2971979242204496
 10
0.29016950688905
 20
-0.2959481508339376
 10
0.2913195703408267
 20
-0.2949567168237853
 10
0.29209572153734586
 20
-0.29427121102248005
 10
0.29265786462110227
 20
-0.29377294461566344
 10
0.2931936638868746
 20
-0.29331716823785353
 10
0.29369037232596085
 20
-0.2929123798948513
 10
0.29413524292965915
 20
-0.29256707759245837
 10
0.29451552868926756
 20
-0.29228975933647566
 10
0.2948184825960841
 20
-0.29208892313270496
 10
0.29503135764140687
 20
-0.2919730669869471
 10
0.2951414068165337
 20
-0.2919506889050036
 10
0.29567692281544594
 20
-0.2926218897298767
 10
0.2965022208121828
 20
-0.29371714104423485
 10
0.29750597693074693
 20
-0.2950826289430747
 10
0.2985768672951414
 20
-0.2965645395213922
 10
0.2996035680293691
 20
-0.2980090588741841
 10
0.3004747552574329
 20
-0.29926237309644665
 10
0.3010791051033358
 20
-0.30017066828317607
 10
0.3013052936910805
 20
-0.3005801305293691
 10
0.30104907881617127
 20
-0.30097656250000004
 10
0.3003025290065265
 20
-0.3017664521392313
 10
0.29909878648477156
 20
-0.3029217560279189
 10
0.29747099347353145
 20
-0.304414430746918
 10
0.29545229219543145
 20
-0.30621643287708483
 10
0.2930758248730964
 20
-0.3082997189992749
 10
0.29037473372915157
 20
-0.3106362456943437
 10
0.2873821609862219
 20
-0.31319796954314727
 10
0.28252356780275556
 20
-0.31725888324873097
 10
0.28941261783901373
 20
-0.3268310369833213
 10
0.2907849041424947
 20
-0.32874818709209574
 10
0.2920560641769398
 20
-0.33055656272661355
 10
0.29319975412436544
 20
-0.3322153734590283
 10
0.2941896301667875
 20
-0.3336838288614939
 10
0.294999348486222
 20
-0.3349211385061638
 10
0.2956025652646847
 20
-0.3358865119651922
 10
0.29597293668419145
 20
-0.3365391588107325
 10
0.2960841189267585
 20
-0.33683828861493836
 10
0.2951517460569254
 20
-0.337851817440174
 10
0.29296251812907903
 20
-0.33983411892675847
 10
0.28985720517585206
 20
-0.34250305928208846
 10
0.2861765772298766
 20
-0.3455765047135604
 10
0.2822614043237855
 20
-0.34877232142857145
 10
0.2784524564902104
 20
-0.3518083756345177
 10
0.2750905037617839
 20
-0.3544025335387962
 10
0.2725163161711385
 20
-0.3562726613488035
 10
0.27026831036983323
 20
-0.35786802030456855
 10
0.2686004350978971
 20
-0.3555474981870921
  0
LWPOLYLINE
  5
66
330
54
100
AcDbEntity
  8
A-ANNO-TEXT
100
AcDbPolyline
 90
87
 70
1
 10
-0.2719361856417694
 20
-0.32153734590282823
 10
-0.27361156748549675
 20
-0.3201503297226251
 10
-0.27529119833212473
 20
-0.31873527012327796
 10
-0.27693173835206675
 20
-0.31733210773205217
 10
-0.27848984771573604
 20
-0.3159807831762148
 10
-0.27992218659354606
 20
-0.31472123708303124
 10
-0.28118541515591006
 20
-0.31359341007976793
 10
-0.2822361935732415
 20
-0.3126372427936911
 10
-0.2830311820159536
 20
-0.31189267585206665
 10
-0.2860768672951414
 20
-0.3089920232052211
 10
-0.29535895576504717
 20
-0.31812907904278465
 10
-0.30456852791878175
 20
-0.3273386511965193
 10
-0.31725888324873097
 20
-0.3152284263959391
 10
-0.31983576187454676
 20
-0.31277717662255267
 10
-0.32230556562726614
 20
-0.3104117567077592
 10
-0.32460880846627993
 20
-0.3081908028915881
 10
-0.326686004350979
 20
-0.30617295141406825
 10
-0.32847766724075417
 20
-0.3044168385152285
 10
-0.32992431109499637
 20
-0.30298110043509785
 10
-0.3309664498730964
 20
-0.30192437341370554
 10
-0.33154459753444526
 20
-0.3013052936910805
 10
-0.3331399564902103
 20
-0.2993473531544597
 10
-0.32487309644670054
 20
-0.2920232052211748
 10
-0.323196581535533
 20
-0.2905394534082669
 10
-0.3216177936910805
 20
-0.2891542784626542
 10
-0.3201732743382886
 20
-0.28789827320522116
 10
-0.31889956490210297
 20
-0.2868020304568528
 10
-0.3178332068074692
 20
-0.2858961430384337
 10
-0.31701074147933284
 20
-0.2852112037708485
 10
-0.3164687103426396
 20
-0.28477780547498194
 10
-0.3162436548223351
 20
-0.28462654097171863
 10
-0.3160964976885424
 20
-0.2847086883611313
 10
-0.31582781907179114
 20
-0.2849437998549674
 10
-0.31545206558194344
 20
-0.28531487944162437
 10
-0.3149836838288615
 20
-0.28580493110949967
 10
-0.31443712042240757
 20
-0.28639695884699057
 10
-0.31382682197244377
 20
-0.28707396664249457
 10
-0.3131672350888325
 20
-0.287818958484409
 10
-0.3124728063814358
 20
-0.2886149383611313
 10
-0.3090645395213923
 20
-0.292675852066715
 10
-0.3124002900652647
 20
-0.2960841189267585
 10
-0.31308806200145034
 20
-0.2967883203408266
 10
-0.3137282451051487
 20
-0.2974755257432922
 10
-0.3143072425670776
 20
-0.2981287391225525
 10
-0.31481145757795503
 20
-0.29873096446700514
 10
-0.3152272933284989
 20
-0.2992652057650471
 10
-0.31554115300942714
 20
-0.2997144670050762
 10
-0.3157394398114576
 20
-0.30006175217548947
 10
-0.3158085569253082
 20
-0.3002900652646845
 10
-0.31570006571791154
 20
-0.30053070046229163
 10
-0.3153893219724438
 20
-0.30096424039158803
 10
-0.3148984205039884
 20
-0.3015660408357505
 10
-0.3142494561276287
 20
-0.3023114575779549
 10
-0.3134645236584482
 20
-0.30317584640137774
 10
-0.3125657179115301
 20
-0.30413456308919506
 10
-0.31157513370195794
 20
-0.305162963424583
 10
-0.3105148658448151
 20
-0.3062364031907179
 10
-0.305221174764322
 20
-0.31145757795503987
 10
-0.29572153734590284
 20
-0.3018129079042785
 10
-0.2861493836113126
 20
-0.29216823785351714
 10
-0.28013052936910804
 20
-0.29789702683103697
 10
-0.2787331739485135
 20
-0.299193114349166
 10
-0.2770825779550399
 20
-0.3007059010152283
 10
-0.2752382274292966
 20
-0.3023801497915156
 10
-0.2732596084118926
 20
-0.3041606236403191
 10
-0.2712062069434373
 20
-0.30599208552393053
 10
-0.26913750906453954
 20
-0.307819298404641
 10
-0.2671130008158085
 20
-0.30958702524474263
 10
-0.2651921682378535
 20
-0.31124002900652653
 10
-0.26341707645939083
 20
-0.3127846831943439
 10
-0.2617601069615664
 20
-0.31424265772298754
 10
-0.2602578011693256
 20
-0.3155816601704134
 10
-0.2589467005076142
 20
-0.31676939811457583
 10
-0.2578633464013778
 20
-0.3177735791334301
 10
-0.25704428027556203
 20
-0.3185619108049311
 10
-0.25652604355511244
 20
-0.3191021007070341
 10
-0.2563451776649746
 20
-0.31936185641769405
 10
-0.2564478619017404
 20
-0.3195285589648296
 10
-0.2566907632342277
 20
-0.31985247461928945
 10
-0.2570577354514141
 20
-0.3203140579677302
 10
-0.2575326323422771
 20
-0.32089376359680916
 10
-0.25809930769579403
 20
-0.32157204609318335
 10
-0.2587416153009427
 20
-0.3223293600435098
 10
-0.25944340894670054
 20
-0.3231461600344452
 10
-0.260188542422045
 20
-0.3240029006526468
 10
-0.26403190717911534
 20
-0.32820884699057284
 10
-0.2719361856417694
 20
-0.32153734590282823
  0
LWPOLYLINE
  5
67
330
54
100
AcDbEntity
  8
A-ANNO-TEXT
100
AcDbPolyline
 90
105
 70
1
 10
0.30072516316171144
 20
-0.31834662799129804
 10
0.2939811457577956
 20
-0.3116026105873822
 10
0.2971718636693256
 20
-0.3097171863669325
 10
0.29783499138868735
 20
-0.3092942689448876
 10
0.2985066171138506
 20
-0.30884925670775915
 10
0.2991680452320522
 20
-0.30839404686366934
 10
0.2998005801305295
 20
-0.30794053662073956
 10
0.3003855261965192
 20
-0.30750062318709204
 10
0.300904187817259
 20
-0.30708620377084844
 10
0.3013378693799855
 20
-0.3067091755801304
 10
0.30166787527193617
 20
-0.3063814358230602
 10
0.30212860881979703
 20
-0.30590852180021755
 10
0.30251201051486604
 20
-0.3055894216823786
 10
0.3028699181925308
 20
-0.30544198128172584
 10
0.30325416968818003
 20
-0.3054840464104424
 10
0.30371660283720087
 20
-0.3057334628807107
 10
0.30430905547498194
 20
-0.30620807650471354
 10
0.30508336543691084
 20
-0.3069257330946339
 10
0.3060913705583756
 20
-0.30790427846265406
 10
0.3092095721537347
 20
-0.3109499637418419
 10
0.3127628716461204
 20
-0.3079767947788253
 10
0.3147382330946337
 20
-0.30631585954496005
 10
0.31615187635968095
 20
-0.30503648477157363
 10
0.3170063508430021
 20
-0.3039831569525018
 10
0.31730420594633796
 20
-0.3030003625815809
 10
0.31704799107142856
 20
-0.30193258815264673
 10
0.3162402556200144
 20
-0.30062432015953583
 10
0.31488354899383597
 20
-0.298920045096084
 10
0.3129804205946337
 20
-0.29666424945612757
 10
0.3118813451776649
 20
-0.29537467707577947
 10
0.31072788252356787
 20
-0.2940842548948513
 10
0.3095540246555475
 20
-0.2928261251359682
 10
0.30839376359680937
 20
-0.291633430021755
 10
0.3072810913705583
 20
-0.2905393117748368
 10
0.30624999999999997
 20
-0.28957691261783913
 10
0.3053344815083395
 20
-0.2887793747733865
 10
0.30456852791878175
 20
-0.2881798404641045
 10
0.30390780796773026
 20
-0.2876955957668601
 10
0.30329382704858593
 20
-0.28722919688179854
 10
0.3027393321700508
 20
-0.28679169121646114
 10
0.3022570703408267
 20
-0.28639412617839016
 10
0.30185978856961565
 20
-0.286047549175127
 10
0.30156023386511965
 20
-0.28576300761421325
 10
0.30137115323604063
 20
-0.2855515489031907
 10
0.3013052936910805
 20
-0.2854242204496011
 10
0.3013745524383612
 20
-0.2853011409989122
 10
0.3015738306744017
 20
-0.2850514412617839
 10
0.30189038139050034
 20
-0.2846912674492385
 10
0.3023114575779549
 20
-0.28423676577229884
 10
0.30282431222806383
 20
-0.2837040824419869
 10
0.30341619833212463
 20
-0.2831093636693255
 10
0.3040743688814358
 20
-0.2824687556653372
 10
0.30478607686729514
 20
-0.28179840464104416
 10
0.305657972262509
 20
-0.28092296841007974
 10
0.30682559825960837
 20
-0.27974415337200875
 10
0.3082379668237854
 20
-0.2783120977610587
 10
0.30984408992023194
 20
-0.2766769398114577
 10
0.31159297951414067
 20
-0.27488881775743285
 10
0.31343364757070336
 20
-0.27299786983321245
 10
0.31531510605511237
 20
-0.271054234273024
 10
0.3171863669325599
 20
-0.26910804931109494
 10
0.326178390137781
 20
-0.25982596084118925
 10
0.32987672226250914
 20
-0.2635242929659174
 10
0.3335750543872371
 20
-0.2672226250906454
 10
0.32813633067440173
 20
-0.2728063814358231
 10
0.32463586045141407
 20
-0.2764600990300944
 10
0.32195544778825236
 20
-0.2792886602610587
 10
0.3199973656182016
 20
-0.28141188701051495
 10
0.3186638868745468
 20
-0.2829496011602611
 10
0.3178572844905729
 20
-0.2840216245920958
 10
0.3174798313995649
 20
-0.2847477791878174
 10
0.31743380053480785
 20
-0.28524788682922403
 10
0.31762146482958664
 20
-0.28564176939811464
 10
0.3179089806925308
 20
-0.2860098746827411
 10
0.3184259427121102
 20
-0.2866558647570704
 10
0.3191434576686004
 20
-0.2875448977973169
 10
0.3200326323422769
 20
-0.28864213197969535
 10
0.32106457351341555
 20
-0.2899127254804205
 10
0.3222103879622915
 20
-0.291321836475707
 10
0.3234411824691806
 20
-0.29283462314176945
 10
0.3247280638143582
 20
-0.29441624365482233
 10
0.326029108502538
 20
-0.2959737864847715
 10
0.32725027193618567
 20
-0.2974675942712109
 10
0.328366060097897
 20
-0.29886112558919514
 10
0.32935097897026827
 20
-0.3001178390137781
 10
0.33017953453589555
 20
-0.30120119312001453
 10
0.33082623277737483
 20
-0.3020746464829586
 10
0.3312655796773024
 20
-0.302701657677665
 10
0.33147208121827404
 20
-0.3030456852791879
 10
0.33068587404822347
 20
-0.304400550670776
 10
0.3282824963741841
 20
-0.3071133973894125
 10
0.32476587994017414
 20
-0.31070663750906463
 10
0.32063995649021027
 20
-0.31470268310369826
 10
0.3164086577683103
 20
-0.3186239462472807
 10
0.3125759155184916
 20
-0.3219928390137781
 10
0.3096456614847715
 20
-0.3243317734771574
 10
0.3081218274111676
 20
-0.32516316171138515
 10
0.307851590826686
 20
-0.3250011330674402
 10
0.30733321247280637
 20
-0.3245875634517767
 10
0.3065972851704134
 20
-0.32394964648295865
 10
0.3056744017403917
 20
-0.3231145757795503
 10
0.3045951550036259
 20
-0.32210954496011596
 10
0.3033901377810007
 20
-0.3209617476432196
 10
0.302089942893401
 20
-0.3196983774474257
 10
0.30072516316171144
 20
-0.31834662799129804
  0
LWPOLYLINE
  5
68
330
54
100
AcDbEntity
  8
A-ANNO-TEXT
100
AcDbPolyline
 90
133
 70
1
 10
-0.3131979695431472
 20
-0.28179840464104416
 10
-0.3231327048585932
 20
-0.2709934735315446
 10
-0.3326323422770123
 20
-0.27889775199419864
 10
-0.33454963401921683
 20
-0.28048659581218277
 10
-0.33635900108774475
 20
-0.28196836475707027
 10
-0.33802050285533
 20
-0.2833107664068165
 10
-0.3394941986947063
 20
-0.28448150833937635
 10
-0.3407401479786077
 20
-0.2854482981327048
 10
-0.34171841007976794
 20
-0.2861788433647571
 10
-0.342389044370921
 20
-0.28664085161348796
 10
-0.3427121102248006
 20
-0.2868020304568528
 10
-0.3439073547407542
 20
-0.28578651876359684
 10
-0.34633226069615664
 20
-0.28304251269035546
 10
-0.34963246124909353
 20
-0.279023805746918
 10
-0.3534535895576505
 20
-0.2741841914430748
 10
-0.357441278779913
 20
-0.26897746328861494
 10
-0.36124116207396667
 20
-0.2638574147933285
 10
-0.36449887259789704
 20
-0.25927783946700506
 10
-0.3668600435097897
 20
-0.2556925308194343
 10
-0.36680976364213197
 20
-0.25548489621102244
 10
-0.3665121918056563
 20
-0.25514639231327046
 10
-0.3659919722171864
 20
-0.25469571473894115
 10
-0.36527374909354604
 20
-0.2541515591007978
 10
-0.3643821666515591
 20
-0.25353262101160273
 10
-0.36334186910804933
 20
-0.25285759608411906
 10
-0.3621775006798405
 20
-0.25214517993110963
 10
-0.36091370558375635
 20
-0.25141406816533723
 10
-0.35956025652646845
 20
-0.25062616139412613
 10
-0.358189811457578
 20
-0.24980171319796954
 10
-0.3568397616026106
 20
-0.24896536779369108
 10
-0.35554749818709214
 20
-0.24814176939811458
 10
-0.35435041243654825
 20
-0.24735556222806385
 10
-0.3532858955765047
 20
-0.24663139050036273
 10
-0.35239133883248736
 20
-0.24599389843183467
 10
-0.35170413343002177
 20
-0.24546773023930385
 10
-0.35114524791515594
 20
-0.2450411303480784
 10
-0.350618654822335
 20
-0.24463832487309647
 10
-0.35013625135968096
 20
-0.2442695114213198
 10
-0.3497099347353155
 20
-0.24394488759971
 10
-0.34935160215736044
 20
-0.24367465101522842
 10
-0.34907315083393764
 20
-0.24346899927483692
 10
-0.34888647797316896
 20
-0.24333812998549678
 10
-0.34880348078317625
 20
-0.2432922407541697
 10
-0.34838254622915155
 20
-0.24369547112944173
 10
-0.34754350978970266
 20
-0.2447640953589557
 10
-0.34643253716461203
 20
-0.24628651309825958
 10
-0.3451957940536621
 20
-0.24805112400290066
 10
-0.3439794461566352
 20
-0.2498463277284264
 10
-0.34292965917331397
 20
-0.25146052393038426
 10
-0.3421925988034808
 20
-0.2526821122643219
 10
-0.3419144307469181
 20
-0.25329949238578675
 10
-0.34199657813633066
 20
-0.25348743994742573
 10
-0.3422316896301668
 20
-0.253769715373459
 10
-0.3426027692168238
 20
-0.2541318720540247
 10
-0.34309282088469906
 20
-0.2545594633792603
 10
-0.34368484862219
 20
-0.25503804273930397
 10
-0.344361856417694
 20
-0.255553163524293
 10
-0.3451068482596084
 20
-0.2560903791243656
 10
-0.34590282813633066
 20
-0.2566352429296592
 10
-0.346698808013053
 20
-0.2571735915971719
 10
-0.3474437998549674
 20
-0.25769239485134166
 10
-0.3481208076504714
 20
-0.2581789056834664
 10
-0.3487128353879623
 20
-0.25862037708484414
 10
-0.3492028870558376
 20
-0.25900406204677295
 10
-0.34957396664249457
 20
-0.259317213560551
 10
-0.34980907813633066
 20
-0.2595470846174764
 10
-0.3498912255257433
 20
-0.2596809282088469
 10
-0.3498089365029007
 20
-0.2598803480783176
 10
-0.3495728335750544
 20
-0.2602973168963017
 10
-0.34919906295322695
 20
-0.2609046410442349
 10
-0.3487037708484409
 20
-0.26167512690355327
 10
-0.34810310347171863
 20
-0.2625815808556925
 10
-0.3474132070340827
 20
-0.26359680928208845
 10
-0.3466502277465555
 20
-0.264693618564177
 10
-0.34583031182015955
 20
-0.2658448150833937
 10
-0.34491366026105874
 20
-0.2671042195431472
 10
-0.34407179115300945
 20
-0.26821065989847714
 10
-0.34331150290065265
 20
-0.26915393854242203
 10
-0.34263959390862947
 20
-0.26992385786802026
 10
-0.34206286258158086
 20
-0.2705102202683103
 10
-0.34158810732414796
 20
-0.27090282813633054
 10
-0.3412221265409717
 20
-0.2710914838651196
 10
-0.34097171863669323
 20
-0.27106598984771574
 10
-0.34011908538796226
 20
-0.2705086623005801
 10
-0.3387735678027556
 20
-0.26954428027556193
 10
-0.3370405411530094
 20
-0.268255274428934
 10
-0.3350253807106599
 20
-0.26672407541696885
 10
-0.3328334617476432
 20
-0.2650331138959391
 10
-0.3305701595358956
 20
-0.26326482052211747
 10
-0.32834084934735314
 20
-0.2615016259517766
 10
-0.3262509064539521
 20
-0.25982596084118925
 10
-0.3252110338107324
 20
-0.25897899292965915
 10
-0.3242272480058013
 20
-0.25818981145757786
 10
-0.3233216438542422
 20
-0.25747541243654826
 10
-0.3225163161711385
 20
-0.25685279187817245
 10
-0.3218333597715736
 20
-0.25633894579405364
 10
-0.3212948694706309
 20
-0.25595087019579404
 10
-0.3209229400833938
 20
-0.2557055610949964
 10
-0.3207396664249456
 20
-0.2556200145032632
 10
-0.320566307106599
 20
-0.255735162481871
 10
-0.32022298767222623
 20
-0.2560653100072517
 10
-0.3197301033357505
 20
-0.25658751246374184
 10
-0.319108049311095
 20
-0.25727882523567797
 10
-0.3183772208121828
 20
-0.2581163037073967
 10
-0.31755801305293696
 20
-0.2590770032632343
 10
-0.31667082124728063
 20
-0.2601379792875271
 10
-0.31573604060913707
 20
-0.261276287164612
 10
-0.31463030842095724
 20
-0.26257478245105154
 10
-0.3132534898477157
 20
-0.26414521392313267
 10
-0.31166082192712113
 20
-0.26592639593908635
 10
-0.30990754169688184
 20
-0.26785714285714285
 10
-0.30804888619470633
 20
-0.26987626903553297
 10
-0.30614009245830315
 20
-0.2719225888324874
 10
-0.30423639752538073
 20
-0.27393491660623637
 10
-0.30239303843364757
 20
-0.27585206671501095
 10
-0.29369108049311093
 20
-0.28477157360406097
 10
-0.29804205946337925
 20
-0.28868745467730234
 10
-0.298925852066715
 20
-0.28948031861856416
 10
-0.29976885424220445
 20
-0.2902170957215373
 10
-0.3005506707759246
 20
-0.29088248957577956
 10
-0.30125090645395214
 20
-0.29146120377084844
 10
-0.30184916606236406
 20
-0.2919379418963016
 10
-0.3023250543872371
 20
-0.29229740754169686
 10
-0.3026581762146483
 20
-0.29252430429659165
 10
-0.3028281363306744
 20
-0.29260333575054387
 10
-0.3031131027918782
 20
-0.2923829541334301
 10
-0.3037753807106599
 20
-0.29175126903553306
 10
-0.3047707804568528
 20
-0.29075247008701954
 10
-0.3060551124002901
 20
-0.2894307469180566
 10
-0.3075841869108049
 20
-0.28783028915881076
 10
-0.3093138143582306
 20
-0.28599528643944877
 10
-0.3111998051124003
 20
-0.28396992839013785
 10
-0.3131979695431472
 20
-0.28179840464104416
  0
LWPOLYLINE
  5
69
330
54
100
AcDbEntity
  8
A-ANNO-TEXT
100
AcDbPolyline
 90
85
 70
1
 10
0.3343002175489485
 20
-0.28535170413343003
 10
0.32777374909354606
 20
-0.2788252356780276
 10
0.3316171138506164
 20
-0.27505438723712833
 10
0.3353879622915156
 20
-0.2712835387962291
 10
0.33850616388687454
 20
-0.27432922407541693
 10
0.34162436548223346
 20
-0.2773749093546048
 10
0.34539521392313266
 20
-0.2735315445975345
 10
0.34616102587926023
 20
-0.27275284399927496
 10
0.3468716007976795
 20
-0.27200643582306017
 10
0.3475124920685279
 20
-0.27131101568165333
 10
0.3480692530819436
 20
-0.27068527918781715
 10
0.3485274372280638
 20
-0.2701479219543146
 10
0.3488725978970269
 20
-0.2697176395939086
 10
0.3490902884789703
 20
-0.2694131277193618
 10
0.3491660623640319
 20
-0.2692530819434372
 10
0.34888647797316896
 20
-0.26877860995286434
 10
0.348098712835388
 20
-0.2678911348803481
 10
0.3468792490029007
 20
-0.26666034037345904
 10
0.3453045685279189
 20
-0.265155910079768
 10
0.3434511534626541
 20
-0.2634475276468457
 10
0.3413954858593185
 20
-0.2616048767222626
 10
0.3392140477701233
 20
-0.25969764095358955
 10
0.3369833212472807
 20
-0.2577955039883974
 10
0.33608224936548237
 20
-0.25701326255438717
 10
0.335240663524293
 20
-0.2562556653372008
 10
0.3344772593364757
 20
-0.25554055814902105
 10
0.3338107324147932
 20
-0.25488578680203045
 10
0.33325977837200876
 20
-0.2543091971084119
 10
0.33284309282088465
 20
-0.253828634880348
 10
0.3325793713741842
 20
-0.2534619459300218
 10
0.33248730964467005
 20
-0.2532269760696157
 10
0.3327576878625815
 20
-0.252518100752357
 10
0.33353539702683105
 20
-0.25119991841914424
 10
0.33477029890319077
 20
-0.24934296251812904
 10
0.336412255257433
 20
-0.2470177664974618
 10
0.33841112785532995
 20
-0.24429486380529372
 10
0.34071677846265414
 20
-0.24124478788977524
 10
0.34327906884517767
 20
-0.23793807219905722
 10
0.346047860768673
 20
-0.23444525018129075
 10
0.35293691080493117
 20
-0.22588832487309646
 10
0.35649021029731687
 20
-0.22893401015228432
 10
0.35720177664974634
 20
-0.22955379804205955
 10
0.3578589557650471
 20
-0.23015319071791154
 10
0.3584481508339376
 20
-0.23071859137055842
 10
0.3589557650471356
 20
-0.23123640319071792
 10
0.3593682015953589
 20
-0.2316930293691081
 10
0.35967186366932574
 20
-0.23207487309644678
 10
0.3598531544597534
 20
-0.23236833756345188
 10
0.3598984771573604
 20
-0.23255982596084124
 10
0.35970273975707023
 20
-0.23285229899383617
 10
0.35924356417693976
 20
-0.23348554205946348
 10
0.3585498436366933
 20
-0.23441961453045687
 10
0.35765047135605516
 20
-0.23561457577955042
 10
0.3565743405547498
 20
-0.23703048517947792
 10
0.3553503444525017
 20
-0.2386274021029732
 10
0.3540073762690355
 20
-0.24036538592277013
 10
0.35257432922407544
 20
-0.24220449601160263
 10
0.34539521392313266
 20
-0.25126903553299496
 10
0.35257432922407544
 20
-0.25910079767947786
 10
0.3540236641134881
 20
-0.26068581739485114
 10
0.35541266316171144
 20
-0.2622088016678753
 10
0.3567081841461204
 20
-0.26363490867476436
 10
0.3578770848440898
 20
-0.2649292965917332
 10
0.35888622303299494
 20
-0.26605712359499634
 10
0.35970245649021027
 20
-0.2669835478607686
 10
0.3602926429931108
 20
-0.2676737275652647
 10
0.3606236403190718
 20
-0.2680928208846991
 10
0.3608411892675851
 20
-0.26849421002538076
 10
0.3608683828861494
 20
-0.26897887962291517
 10
0.3606644307469181
 20
-0.2696097149202321
 10
0.360188542422045
 20
-0.2704496011602611
 10
0.3593999274836838
 20
-0.2715614235859319
 10
0.35825779550398834
 20
-0.27300806744017414
 10
0.35672135605511246
 20
-0.27485241796591736
 10
0.35474981870920963
 20
-0.2771573604060914
 10
0.3532987842186369
 20
-0.2787913852882523
 10
0.35180271029731686
 20
-0.28045345358955764
 10
0.3503049367748368
 20
-0.2820968262781001
 10
0.3488488034807832
 20
-0.2836747643219725
 10
0.3474776502447426
 20
-0.2851405286892675
 10
0.34623481689630153
 20
-0.2864473803480783
 10
0.3451636432650471
 20
-0.28754858026649743
 10
0.3443074691805656
 20
-0.2883973894126179
 10
0.3407541696881799
 20
-0.2918781725888325
 10
0.3343002175489485
 20
-0.28535170413343003
  0
LWPOLYLINE
  5
6A
330
54
100
AcDbEntity
  8
A-ANNO-TEXT
100
AcDbPolyline
 90
83
 70
1
 10
0.36272661348803487
 20
-0.24931109499637416
 10
0.3556200145032633
 20
-0.24394488759971
 10
0.35902828136330667
 20
-0.2399564902102973
 10
0.36243654822335025
 20
-0.23604060913705585
 10
0.36555474981870917
 20
-0.23857868020304568
 10
0.3661742544416243
 20
-0.23908332011421318
 10
0.366771664249456
 20
-0.23955651740391593
 10
0.3673316828317622
 20
-0.23998722466461203
 10
0.3678390137781001
 20
-0.24036439448875996
 10
0.3682783606780275
 20
-0.240676979468818
 10
0.3686344271211022
 20
-0.24091393219724436
 10
0.3688919166968818
 20
-0.2410642052664975
 10
0.3690355329949239
 20
-0.24111675126903553
 10
0.36942842412980414
 20
-0.24075402805474985
 10
0.3701935279187818
 20
-0.23979219543147207
 10
0.37119997507251634
 20
-0.23842075892857142
 10
0.37231689630166787
 20
-0.23682922407541696
 10
0.3734134223168964
 20
-0.23520709640137782
 10
0.37435868382886145
 20
-0.2337438814358231
 10
0.3750218115482234
 20
-0.23262908470812182
 10
0.3752719361856418
 20
-0.23205221174764323
 10
0.3751655694796955
 20
-0.23174982437454678
 10
0.3748153100072516
 20
-0.23130552030456852
 10
0.37417441873640317
 20
-0.23067935891044236
 10
0.3731961566352428
 20
-0.2298313995649022
 10
0.3718337846718637
 20
-0.22872170164068165
 10
0.3700405638143581
 20
-0.22731032451051486
 10
0.36776975503081943
 20
-0.2255573275471356
 10
0.36497461928934005
 20
-0.22342277012327777
 10
0.35786802030456855
 20
-0.21805656272661353
 10
0.3630166787527193
 20
-0.21015228426395938
 10
0.36569397548042076
 20
-0.20617847511783896
 10
0.3681596718636694
 20
-0.2026049220449601
 10
0.37038572448332124
 20
-0.19947156567258884
 10
0.372344089920232
 20
-0.19681834662799133
 10
0.37400672475525737
 20
-0.19468520553843363
 10
0.37534558556925307
 20
-0.19311208303118205
 10
0.37633262894307457
 20
-0.19213891973350253
 10
0.37693981145757793
 20
-0.19180565627266136
 10
0.3771712404822333
 20
-0.19185154550398845
 10
0.3775267403915881
 20
-0.19198241479332848
 10
0.37798761557287897
 20
-0.1921880665337201
 10
0.378535170413343
 20
-0.19245830311820158
 10
0.37915070930021755
 20
-0.19278292693981147
 10
0.3798155366207397
 20
-0.19315174039158814
 10
0.38051095676214647
 20
-0.19355454586656998
 10
0.3812182741116752
 20
-0.19398114575779551
 10
0.3845540246555475
 20
-0.1960841189267585
 10
0.37795503988397394
 20
-0.2060188542422045
 10
0.37128353879622916
 20
-0.21595358955765045
 10
0.37338651196519224
 20
-0.21747643219724436
 10
0.3753436027012329
 20
-0.21892038501631608
 10
0.37748594996374196
 20
-0.22057083937635966
 10
0.3796860836656998
 20
-0.22232157020485863
 10
0.38181653372008695
 20
-0.22406635242929673
 10
0.38374983003988405
 20
-0.22569896097715736
 10
0.3853585025380712
 20
-0.22711317077592466
 10
0.38651508112762867
 20
-0.2282027567530819
 10
0.3870920957215373
 20
-0.22886149383611315
 10
0.3872119176033355
 20
-0.2292470200326324
 10
0.3871804749818711
 20
-0.22977021392313277
 10
0.38698247144670045
 20
-0.23045996872733865
 10
0.3866026105873823
 20
-0.23134517766497453
 10
0.3860255959934735
 20
-0.23245473395576507
 10
0.3852361312545322
 20
-0.2338175308194344
 10
0.38421891996011603
 20
-0.2354624614757071
 10
0.3829586656997824
 20
-0.23741841914430745
 10
0.3808548427302394
 20
-0.24060517131979703
 10
0.3787323241479334
 20
-0.24372733865119647
 10
0.3766743904097171
 20
-0.24667274746192902
 10
0.37476432197244397
 20
-0.24932922407541702
 10
0.37308539929296586
 20
-0.25158459481508344
 10
0.3717209028281364
 20
-0.25332668600435104
 10
0.37075411303480776
 20
-0.25444332396664243
 10
0.37026831036983315
 20
-0.25482233502538076
 10
0.3700424050489485
 20
-0.25468665019942005
 10
0.3695488125453226
 20
-0.254348712835388
 10
0.36881897548042064
 20
-0.25383061774836835
 10
0.36788433647570706
 20
-0.25315445975344447
 10
0.36677633815264676
 20
-0.25234233366569986
 10
0.3655264231327048
 20
-0.25141633430021754
 10
0.3641660340373458
 20
-0.25039855647208126
 10
0.36272661348803487
 20
-0.24931109499637416
  0
LWPOLYLINE
  5
6B
330
54
100
AcDbEntity
  8
A-ANNO-TEXT
100
AcDbPolyline
 90
123
 70
1
 10
-0.33959390862944167
 20
-0.24822335025380707
 10
-0.34025802778281367
 20
-0.24729650108774467
 10
-0.3410861584481509
 20
-0.2461249093546048
 10
-0.3420451584028281
 20
-0.24475616388687452
 10
-0.3431018854242205
 20
-0.2432378535170413
 10
-0.3442231972897027
 20
-0.24161756707759244
 10
-0.34537595177664976
 20
-0.23994289340101524
 10
-0.3465270066624366
 20
-0.23826142131979697
 10
-0.347643219724438
 20
-0.2366207396664249
 10
-0.3486830923676577
 20
-0.23503501178390138
 10
-0.34966687817258885
 20
-0.23356145757795502
 10
-0.35057248232414795
 20
-0.23223066986947064
 10
-0.35137781000725166
 20
-0.23107324147933284
 10
-0.35206076640681655
 20
-0.23011976522842637
 10
-0.35259925670775927
 20
-0.22940083393763597
 10
-0.3529711860949964
 20
-0.22894704042784625
 10
-0.35315445975344456
 20
-0.22878897751994198
 10
-0.3534419756163887
 20
-0.2289303276831037
 10
-0.35416288977519944
 20
-0.22933511602610585
 10
-0.3552679137962292
 20
-0.2299744493292241
 10
-0.3567077592458303
 20
-0.23081943437273383
 10
-0.35843313769035534
 20
-0.2318411779369108
 10
-0.36039476069615667
 20
-0.23301078680203044
 10
-0.36254333982958664
 20
-0.23429936774836835
 10
-0.36482958665699783
 20
-0.23567802755620015
 10
-0.36714628467186367
 20
-0.23704365708846992
 10
-0.3693312635968093
 20
-0.2382954133430022
 10
-0.37133438519760703
 20
-0.23940780230239309
 10
-0.37310551124002905
 20
-0.2403553299492386
 10
-0.37459450348984774
 20
-0.2411125022661349
 10
-0.3757512237128354
 20
-0.24165382523567805
 10
-0.3765255336747643
 20
-0.2419538048404642
 10
-0.3768672951414069
 20
-0.24198694706308924
 10
-0.37833745014503267
 20
-0.24000563701051486
 10
-0.3807695794053662
 20
-0.2362117023205222
 10
-0.38380676667875274
 20
-0.2312195488125453
 10
-0.3870920957215373
 20
-0.22564358230601889
 10
-0.3902686502900653
 20
-0.22009820862037713
 10
-0.3929795141406817
 20
-0.2151978335750544
 10
-0.3948677710297317
 20
-0.21155686298948512
 10
-0.39557650471356054
 20
-0.20978970268310368
 10
-0.3947703272298767
 20
-0.209193142675852
 10
-0.3926350616388688
 20
-0.20798132704858593
 10
-0.3895956082306019
 20
-0.2063684055474982
 10
-0.3860768672951414
 20
-0.20456852791878175
 10
-0.3825037391225526
 20
-0.20279584390862943
 10
-0.37930112400290067
 20
-0.20126450326323428
 10
-0.37689392222625095
 20
-0.20018865572878897
 10
-0.37570703408266864
 20
-0.1997824510514866
 10
-0.3753556415427846
 20
-0.2001457407994924
 10
-0.37474505982596085
 20
-0.20111153915881078
 10
-0.37396961679659174
 20
-0.20249373980239302
 10
-0.3731236403190718
 20
-0.2041062364031907
 10
-0.37230145825779554
 20
-0.2057629226341552
 10
-0.37159739847715734
 20
-0.20727769216823785
 10
-0.3711057888415519
 20
-0.20846443867839018
 10
-0.3709209572153735
 20
-0.20913705583756345
 10
-0.3710031046047861
 20
-0.2093183466279913
 10
-0.3712382160986222
 20
-0.20958121827411164
 10
-0.3716092956852792
 20
-0.2099120739666425
 10
-0.3720993473531545
 20
-0.21029731689630168
 10
-0.3726913750906454
 20
-0.2107233502538071
 10
-0.3733683828861494
 20
-0.2111765772298767
 10
-0.37411337472806383
 20
-0.21164340101522847
 10
-0.3749093546047861
 20
-0.21211022480058014
 10
-0.37570533448150834
 20
-0.21257364938361134
 10
-0.3764503263234228
 20
-0.2130302755620015
 10
-0.3771273341189268
 20
-0.21346650652646842
 10
-0.3777193618564177
 20
-0.2138687454677303
 10
-0.378209413524293
 20
-0.21422339557650472
 10
-0.37858049311095
 20
-0.2145168600435098
 10
-0.3788156046047861
 20
-0.21473554205946335
 10
-0.37889775199419873
 20
-0.21486584481508336
 10
-0.3786351636149383
 20
-0.21563080697063083
 10
-0.3779391769398115
 20
-0.21715124184191437
 10
-0.37694745966279913
 20
-0.21916286144851344
 10
-0.37579767947788256
 20
-0.22140137781000727
 10
-0.3746275040790428
 20
-0.2236025029459753
 10
-0.37357460116026103
 20
-0.22550194887599712
 10
-0.3727766384155185
 20
-0.22683542761965195
 10
-0.3723712835387962
 20
-0.22733865119651922
 10
-0.3718570125543873
 20
-0.22712124388143584
 10
-0.3706365572878898
 20
-0.22649678208846988
 10
-0.36878554999093544
 20
-0.2255069060460479
 10
-0.3663796229151559
 20
-0.2241932559825961
 10
-0.36349440831218277
 20
-0.222597472126541
 10
-0.36020553843364755
 20
-0.22076119470630892
 10
-0.356588645531182
 20
-0.2187260639503263
 10
-0.35271936185641767
 20
-0.2165337200870196
 10
-0.34865844815083397
 20
-0.2142857142857143
 10
-0.3454677302393038
 20
-0.2191443074691806
 10
-0.3446730250634518
 20
-0.22033714421682385
 10
-0.3436242295141407
 20
-0.2218614031907179
 10
-0.34236638302211747
 20
-0.22365419914793325
 10
-0.3409445250181291
 20
-0.22565264684554023
 10
-0.3394036949329224
 20
-0.22779386104060917
 10
-0.33778893219724443
 20
-0.23001495649021028
 10
-0.33614527624184193
 20
-0.23225304795141397
 10
-0.33451776649746195
 20
-0.23444525018129075
 10
-0.33293203861493836
 20
-0.23654213311276276
 10
-0.33145848440899206
 20
-0.2385072969543147
 10
-0.3301276967005076
 20
-0.2402974018763597
 10
-0.32897026831036985
 20
-0.2418691080493111
 10
-0.3280167920594634
 20
-0.2431790756435823
 10
-0.32729786076867295
 20
-0.24418396482958662
 10
-0.32684406725888326
 20
-0.24484043577773745
 10
-0.326686004350979
 20
-0.24510514865844815
 10
-0.3270796036530095
 20
-0.24550526309825962
 10
-0.32812160079767944
 20
-0.246334526831037
 10
-0.32960379464285716
 20
-0.24744422475525743
 10
-0.33131798404641044
 20
-0.2486856417693981
 10
-0.3330559678662074
 20
-0.2499100627719362
 10
-0.3346095449601161
 20
-0.2509687726613488
 10
-0.33577051418600434
 20
-0.25171305633611313
 10
-0.3363306744017404
 20
-0.2519941986947063
 10
-0.3364917116116751
 20
-0.25191545050761427
 10
-0.3367487762871646
 20
-0.25169053662073965
 10
-0.3370891214195069
 20
-0.25133645304568525
 10
-0.33749999999999997
 20
-0.25087019579405356
 10
-0.337968665019942
 20
-0.2503087608774474
 10
-0.3384823694706309
 20
-0.24966914430746906
 10
-0.33902836634336475
 20
-0.24896834209572152
 10
-0.33959390862944167
 20
-0.24822335025380707
  0
LWPOLYLINE
  5
6C
330
54
100
AcDbEntity
  8
A-ANNO-TEXT
100
AcDbPolyline
 90
227
 70
1
 10
0.38796229151559103
 20
-0.21058738216098621
 10
0.3867870173132704
 20
-0.20970344792422047
 10
0.38567122915155916
 20
-0.2088594543147208
 10
0.3846404210478607
 20
-0.20807494674583035
 10
0.3837200870195793
 20
-0.20736947063089195
 10
0.38293572108411894
 20
-0.20676257138324872
 10
0.3823128172588832
 20
-0.2062737944162437
 10
0.38187686956127614
 20
-0.2059226851432198
 10
0.3816533720087019
 20
-0.20572878897751998
 10
0.3816040835750545
 20
-0.20553815038071083
 10
0.3816669688179842
 20
-0.2051962472806381
 10
0.38183183013052935
 20
-0.2047217752900653
 10
0.3820884699057287
 20
-0.20413343002175482
 10
0.3824266905366207
 20
-0.20344990708846994
 10
0.3828362944162437
 20
-0.20268990210297316
 10
0.3833070839376359
 20
-0.2018721106780276
 10
0.3838288614938361
 20
-0.20101522842639596
 10
0.3865844815083393
 20
-0.19688179840464104
 10
0.3894851341551849
 20
-0.1990572878897752
 10
0.39083886647933286
 20
-0.2000821473894126
 10
0.39187137418419127
 20
-0.20078408266860046
 10
0.39268973214285724
 20
-0.2011121056925308
 10
0.3934010152284264
 20
-0.2010152284263959
 10
0.3941122983139956
 20
-0.20044246283538797
 10
0.3949306562726614
 20
-0.19934282088469904
 10
0.39596316397751996
 20
-0.1976653145395214
 10
0.39731689630166794
 20
-0.19535895576504714
 10
0.3992023205221175
 20
-0.19195068890500366
 10
0.39057287889775194
 20
-0.18672951414068165
 10
0.3879130030819434
 20
-0.18512197470993466
 10
0.3858683828861494
 20
-0.18384925670775928
 10
0.3843676350616389
 20
-0.18285187409354606
 10
0.38333937635968096
 20
-0.18207034082668605
 10
0.38271222353154455
 20
-0.18144517086656997
 10
0.38241479332849887
 20
-0.18091687817258884
 10
0.3823757025018129
 20
-0.18042597670413346
 10
0.38252356780275565
 20
-0.17991298042059464
 10
0.38340438610406097
 20
-0.1779401683738216
 10
0.3852327320522118
 20
-0.17413773567802754
 10
0.3876848316261784
 20
-0.16915068097353156
 10
0.39043691080493104
 20
-0.16362400290065268
 10
0.3931651955674402
 20
-0.15820270009970996
 10
0.3955459118926759
 20
-0.15353177121102246
 10
0.3972552857596085
 20
-0.15025621487490934
 10
0.3979695431472081
 20
-0.14902102973168962
 10
0.39817505325416963
 20
-0.14907357573422766
 10
0.3986618473531545
 20
-0.1492238488034808
 10
0.39939848282269763
 20
-0.1494608015319072
 10
0.4003535170413344
 20
-0.1497733865119652
 10
0.4014955073875997
 20
-0.15015055633611313
 10
0.402793011240029
 20
-0.15058126359680926
 10
0.4042145859771574
 20
-0.15105446088651198
 10
0.40572878897751996
 20
-0.15155910079767948
 10
0.4072560222534446
 20
-0.15206374070884698
 10
0.40871442168237854
 20
-0.1525369379985497
 10
0.41006914544053663
 20
-0.15296764525924583
 10
0.41128535170413355
 20
-0.15334481508339376
 10
0.41232819864938364
 20
-0.15365740006345177
 10
0.4131628444525019
 20
-0.15389435279187816
 10
0.4137544472897027
 20
-0.1540446258611313
 10
0.41406816533720087
 20
-0.15409717186366934
 10
0.414655519171501
 20
-0.1532674832306019
 10
0.41570771392313266
 20
-0.1510628172588832
 10
0.41705733887781005
 20
-0.14790977383973897
 10
0.4185369833212472
 20
-0.14423495286439447
 10
0.4199792365391588
 20
-0.14046495422407543
 10
0.42121668781725885
 20
-0.13702637781000726
 10
0.42208192644126175
 20
-0.13434582351341556
 10
0.4224075416968818
 20
-0.1328498912255258
 10
0.4220381617113852
 20
-0.13242244153372015
 10
0.4210433284989122
 20
-0.13183692893401017
 10
0.41959300217548956
 20
-0.1311596378716461
 10
0.4178571428571428
 20
-0.13045685279187816
 10
0.4160057106598985
 20
-0.12979485813995653
 10
0.4142086656997824
 20
-0.12923993836113123
 10
0.41263596809282094
 20
-0.12885837790065266
 10
0.41145757795503995
 20
-0.12871646120377087
 10
0.41051231644307473
 20
-0.12862241660623638
 10
0.4098644851341552
 20
-0.12829042784626543
 10
0.4095327796410443
 20
-0.12756413161711389
 10
0.4095358955765047
 20
-0.1262871646120377
 10
0.40989252855329955
 20
-0.12430316352429296
 10
0.4106213741841915
 20
-0.12145576504713558
 10
0.41174112808194346
 20
-0.11758860587382171
 10
0.4132704858593184
 20
-0.112545322697607
 10
0.41420498323060184
 20
-0.10949637984952874
 10
0.415090192168238
 20
-0.10664544053662081
 10
0.4159040178571428
 20
-0.10405454020123278
 10
0.4166243654822336
 20
-0.10178571428571434
 10
0.4172291402284265
 20
-0.09990099823241483
 10
0.41769624728063814
 20
-0.09846242748368385
 10
0.4180035918237853
 20
-0.09753203748187099
 10
0.41812907904278457
 20
-0.0971718636693256
 10
0.41830824533176225
 20
-0.09714736108593178
 10
0.41871940717911516
 20
-0.09717979514140679
 10
0.41933622076686006
 20
-0.09726491683284991
 10
0.4201323422770123
 20
-0.09739847715736041
 10
0.42108142789158803
 20
-0.09757622711203771
 10
0.4221571337926033
 20
-0.09779391769398116
 10
0.423333116162074
 20
-0.09804729990029004
 10
0.42458303118201596
 20
-0.09833212472806384
 10
0.4258428605420595
 20
-0.09859952864394489
 10
0.4270474528643945
 20
-0.09885333575054389
 10
0.4281687647298767
 20
-0.09908674764321973
 10
0.42917875271936196
 20
-0.09929296591733137
 10
0.4300493734137056
 20
-0.09946519216823788
 10
0.4307525833937636
 20
-0.09959662799129805
 10
0.4312603392403916
 20
-0.09968047498187094
 10
0.4315445975344452
 20
-0.09970993473531545
 10
0.4317270213923133
 20
-0.09959804432559827
 10
0.4319434372733866
 20
-0.099277102973169
 10
0.432187046773024
 20
-0.09876920549311094
 10
0.4324510514865846
 20
-0.0980964467005076
 10
0.4327286530094271
 20
-0.09728092141044235
 10
0.43301305293691084
 20
-0.09634472443799855
 10
0.4332974528643946
 20
-0.09530995059825964
 10
0.4335750543872372
 20
-0.0941986947063089
 10
0.43488034807831766
 20
-0.0886149383611313
 10
0.4385786802030457
 20
-0.08905003625815805
 10
0.4393032768310369
 20
-0.08916178503444526
 10
0.4399972806381437
 20
-0.0892777828136331
 10
0.44064369561276284
 20
-0.08939548019398115
 10
0.4412255257432921
 20
-0.08951232777374918
 10
0.44172577501812904
 20
-0.08962577615119649
 10
0.4421274474256707
 20
-0.08973327592458304
 10
0.4424135469543147
 20
-0.08983227769216827
 10
0.4425670775924583
 20
-0.08992023205221175
 10
0.44252982800036267
 20
-0.09085118858774473
 10
0.44220109680928205
 20
-0.09308488941261787
 10
0.44166331467548947
 20
-0.09619048563270483
 10
0.44099891225525734
 20
-0.09973712835387964
 10
0.4402903202048586
 20
-0.10329396868201596
 10
0.43961996918056573
 20
-0.10643015772298765
 10
0.43907028983865115
 20
-0.10871484658266856
 10
0.43872371283538797
 20
-0.10971718636693253
 10
0.43851834436185644
 20
-0.10977865527556192
 10
0.4380325416968818
 20
-0.10980103335750542
 10
0.43729859726250914
 20
-0.10978602021392316
 10
0.43634880348078314
 20
-0.10973531544597538
 10
0.4352154527737491
 20
-0.1096506186548223
 10
0.4339308375634518
 20
-0.10953362944162437
 10
0.4325272502719362
 20
-0.10938604740754168
 10
0.43103698332124735
 20
-0.10920957215373461
 10
0.4295467163705585
 20
-0.1090537753807106
 10
0.4281431290790428
 20
-0.10891497461928935
 10
0.42685851386874546
 20
-0.10879656907179112
 10
0.4257251631617113
 20
-0.10870195794053661
 10
0.42477536937998556
 20
-0.10863454042784629
 10
0.42404142494561275
 20
-0.10859771573604063
 10
0.42355562228063814
 20
-0.10859488306744011
 10
0.42335025380710656
 20
-0.10862944162436546
 10
0.42311216801124
 20
-0.1092082974528643
 10
0.42271007070340827
 20
-0.11047294234952858
 10
0.4222042977248006
 20
-0.11220497756526465
 10
0.4216551849166063
 20
-0.11418600435097896
 10
0.4211230681200145
 20
-0.11619762395757792
 10
0.4206682831762147
 20
-0.11802143763596808
 10
0.42035116592639593
 20
-0.11943904663705578
 10
0.42023205221174764
 20
-0.12023205221174761
 10
0.4203589557650473
 20
-0.12044860972625082
 10
0.4207306018854242
 20
-0.12071360587382159
 10
0.4213333937635968
 20
-0.12102109205039886
 10
0.4221537345902827
 20
-0.12136511965192173
 10
0.42317802755620015
 20
-0.1217397400743292
 10
0.4243926758520667
 20
-0.12213900471356055
 10
0.42578408266860046
 20
-0.12255696496555472
 10
0.4273386511965192
 20
-0.12298767222625093
 10
0.4296186661530095
 20
-0.12359329677302391
 10
0.4313429115300942
 20
-0.12407994923857872
 10
0.43258786937998556
 20
-0.12449181925308196
 10
0.4334300217548949
 20
-0.12487309644670054
 10
0.43394585070703406
 20
-0.12526797044960117
 10
0.434211838288615
 20
-0.12572063089195076
 10
0.43430446655184923
 20
-0.12627526740391593
 10
0.4343002175489486
 20
-0.12697606961566354
 10
0.43389344633792604
 20
-0.12874818709209568
 10
0.43288161711385087
 20
-0.1320431472081219
 10
0.4314142947788252
 20
-0.1364394488759971
 10
0.429641044234953
 20
-0.1415155910079767
 10
0.42771143038433657
 20
-0.14685007251631618
 10
0.42577501812907903
 20
-0.15202139231327053
 10
0.42398137237128347
 20
-0.15660804931109507
 10
0.4224800580130529
 20
-0.16018854242204494
 10
0.42023205221174764
 20
-0.1651196519216824
 10
0.4168237853517041
 20
-0.16461203770848443
 10
0.4155388868745468
 20
-0.1643786258158085
 10
0.4139276649746192
 20
-0.164022842639594
 10
0.41209209572153743
 20
-0.16357188179840462
 10
0.41013415518491664
 20
-0.16305293691080494
 10
0.40815581943437274
 20
-0.16249320159535896
 10
0.40625906453952143
 20
-0.16191986947063092
 10
0.4045458665699783
 20
-0.1613601341551849
 10
0.40311820159535905
 20
-0.16084118926758517
 10
0.4027457056744018
 20
-0.160827025924583
 10
0.40231372371283547
 20
-0.16109499637418417
 10
0.40178996328861494
 20
-0.16170288705583757
 10
0.4011421319796954
 20
-0.16270848440899202
 10
0.400337937364032
 20
-0.1641695748730964
 10
0.3993450870195795
 20
-0.16614394488759968
 10
0.398131288524293
 20
-0.16868938089195076
 10
0.39666424945612766
 20
-0.17186366932559827
 10
0.3942712110224801
 20
-0.1772298767222625
 10
0.4026831036983321
 20
-0.18172588832487313
 10
0.40438681222806366
 20
-0.1826334753444525
 10
0.40599279369108054
 20
-0.18349347353154455
 10
0.40746450666243655
 20
-0.1842854876722263
 10
0.4087654097171864
 20
-0.18498912255257435
 10
0.4098589614303843
 20
-0.1855839829586657
 10
0.41070862037708483
 20
-0.18604967367657724
 10
0.41127784513234233
 20
-0.18636579949238588
 10
0.411530094271211
 20
-0.18651196519216828
 10
0.4110506651105874
 20
-0.1879237672226252
 10
0.40932627810007255
 20
-0.19123912255257441
 10
0.40674359250362585
 20
-0.19581218274111675
 10
0.4036892675852067
 20
-0.20099709934735313
 10
0.4005499626087745
 20
-0.20614802393038437
 10
0.3977123368382886
 20
-0.21061910804931103
 10
0.3955630495377085
 20
-0.21376450326323423
 10
0.3944887599709935
 20
-0.21493836113125453
 10
0.39423509449782457
 20
-0.21484955697063093
 10
0.39376472987672234
 20
-0.21459504169688184
 10
0.39310570952683105
 20
-0.21419266112219
 10
0.3922860768672952
 20
-0.21366026105873825
 10
0.3913338753172589
 20
-0.2130156873187092
 10
0.3902771482958666
 20
-0.21227678571428568
 10
0.3891439392222626
 20
-0.21146140205765052
 10
0.38796229151559103
 20
-0.21058738216098621
  0
LWPOLYLINE
  5
6D
330
54
100
AcDbEntity
  8
A-ANNO-TEXT
100
AcDbPolyline
 90
75
 70
1
 10
0.2580130529369108
 20
-0.210442349528644
 10
0.2610265874274836
 20
-0.2091684984590283
 10
0.263847217186367
 20
-0.20764820522117475
 10
0.26644519919325593
 20
-0.20590696383248733
 10
0.26879079042784637
 20
-0.20397026831036982
 10
0.2708542478698332
 20
-0.2018636126722263
 10
0.27260582849891235
 20
-0.1996124909354605
 10
0.2740157892947787
 20
-0.1972423971174764
 10
0.27505438723712833
 20
-0.19477882523567805
 10
0.2754318403281363
 20
-0.19336673993836115
 10
0.27569457034082684
 20
-0.19169461566352428
 10
0.27584342707577947
 20
-0.18985593047498192
 10
0.27587926033357507
 20
-0.18794416243654827
 10
0.2758029199147933
 20
-0.18605278961203772
 10
0.2756152556200145
 20
-0.18427529006526472
 10
0.27531711724981867
 20
-0.18270514186004355
 10
0.274909354604786
 20
-0.18143582306018857
 10
0.2743326232777375
 20
-0.18026947176395944
 10
0.2735587382160986
 20
-0.17913456308919504
 10
0.2726352882523568
 20
-0.17806933806200145
 10
0.27160986221899924
 20
-0.17711203770848438
 10
0.27053004894851335
 20
-0.17630090305474985
 10
0.26944343727338654
 20
-0.1756741751269036
 10
0.26839761602610585
 20
-0.17527009495105145
 10
0.26744017403915876
 20
-0.1751269035532995
 10
0.2669975695703408
 20
-0.17516316171138505
 10
0.26649632886149377
 20
-0.17526740391588108
 10
0.2659525981236404
 20
-0.1754328317621465
 10
0.26538252356780284
 20
-0.17565264684554027
 10
0.2648022514050036
 20
-0.17592005076142134
 10
0.26422792784626553
 20
-0.17622824510514862
 10
0.2636756991026105
 20
-0.17657043147208124
 10
0.2631617113850617
 20
-0.17693981145757795
 10
0.26243881435823047
 20
-0.1775094611131254
 10
0.26189267585206677
 20
-0.1779890319071791
 10
0.26150969905728794
 20
-0.17841081626178387
 10
0.26127628716461215
 20
-0.17880710659898472
 10
0.26117884336475716
 20
-0.1792101953408267
 10
0.26120377084844093
 20
-0.17965237490935454
 10
0.26133747280638153
 20
-0.1801659377266134
 10
0.26156635242929666
 20
-0.18078317621464826
 10
0.2617256900380713
 20
-0.18129801373277735
 10
0.261875679840464
 20
-0.18200575598259608
 10
0.2620137724347354
 20
-0.1828749603426396
 10
0.2621374184191443
 20
-0.18387418419144308
 10
0.26224406839195075
 20
-0.18497198490754166
 10
0.2623311729514141
 20
-0.1861369198694706
 10
0.2623961826957941
 20
-0.1873375464557651
 10
0.26243654822335033
 20
-0.18854242204496013
 10
0.26244419642857153
 20
-0.1902821054659173
 10
0.26240255620014497
 20
-0.1917456036983321
 10
0.2622963311276288
 20
-0.19301024859499638
 10
0.26211022480058
 20
-0.19415337200870192
 10
0.26182894080855684
 20
-0.19525230579224076
 10
0.2614371827411167
 20
-0.19638438179840462
 10
0.2609196541878173
 20
-0.19762693187998548
 10
0.26026105873821614
 20
-0.1990572878897752
 10
0.25929851794778835
 20
-0.200858865119652
 10
0.2582170050761421
 20
-0.20260605511240026
 10
0.25703351613488035
 20
-0.20427846265409721
 10
0.2557650471356054
 20
-0.20585569253081945
 10
0.2544285940899203
 20
-0.20731734952864395
 10
0.2530411530094271
 20
-0.20864303843364757
 10
0.2516197199057288
 20
-0.20981236403190723
 10
0.25018129079042783
 20
-0.2108049311094997
 10
0.2480058013052937
 20
-0.21211022480058014
 10
0.25068890500362584
 20
-0.21211022480058014
 10
0.25131591619833227
 20
-0.21207424990935467
 10
0.2520882432922408
 20
-0.21197199057287885
 10
0.2529744436638868
 20
-0.21181194479695437
 10
0.25394307469180566
 20
-0.21160261058738214
 10
0.2549626937545323
 20
-0.21135248594996375
 10
0.25600185823060184
 20
-0.21107006889050042
 10
0.25702912549854956
 20
-0.21076385741479337
 10
0.2580130529369108
 20
-0.210442349528644
  0
LWPOLYLINE
  5
6E
330
54
100
AcDbEntity
  8
A-ANNO-TEXT
100
AcDbPolyline
 90
123
 70
1
 10
-0.3723712835387962
 20
-0.19688179840464104
 10
-0.37372968976613485
 20
-0.1943949986403191
 10
-0.3750124637418419
 20
-0.19207985859318344
 10
-0.376191562046773
 20
-0.1899856666968818
 10
-0.3772389412617839
 20
-0.18816171138506166
 10
-0.37812655796773026
 20
-0.18665728109137056
 10
-0.3788263687454677
 20
-0.18552166424945615
 10
-0.3793103301758521
 20
-0.1848041492929659
 10
-0.37955039883973896
 20
-0.18455402465554752
 10
-0.37989570114213195
 20
-0.18465911666062365
 10
-0.38068120014503265
 20
-0.18495966279912984
 10
-0.3818576074147933
 20
-0.1854335682559826
 10
-0.38337563451776646
 20
-0.18605873821609867
 10
-0.38518599302030454
 20
-0.1868130778643945
 10
-0.38723939448875994
 20
-0.18767449238578682
 10
-0.38948655048948516
 20
-0.18862088696519222
 10
-0.3918781725888325
 20
-0.1896301667875272
 10
-0.39426625385242936
 20
-0.1906570091551849
 10
-0.3965022208121827
 20
-0.19160397026831041
 10
-0.39853593523386516
 20
-0.19245235451414067
 10
-0.40031725888324876
 20
-0.19318346627991298
 10
-0.40179605352610587
 20
-0.1937786099528644
 10
-0.4029221809282089
 20
-0.19421908992023207
 10
-0.4036455028553299
 20
-0.19448621056925305
 10
-0.4039158810732415
 20
-0.19456127628716458
 10
-0.4052339217730239
 20
-0.1923261591279913
 10
-0.40734907541696885
 20
-0.18800648114575777
 10
-0.40995031499274837
 20
-0.1823254226341552
 10
-0.4127266134880348
 20
-0.17600616388687454
 10
-0.4153669438905004
 20
-0.16977188519760694
 10
-0.41756027918781724
 20
-0.1643457668600435
 10
-0.4189955923676577
 20
-0.16045098916787523
 10
-0.41936185641769397
 20
-0.15881073241479332
 10
-0.41828317621464833
 20
-0.1583383849256708
 10
-0.41588560551124004
 20
-0.1575473622189993
 10
-0.41261104060913706
 20
-0.15656088537889776
 10
-0.40890137781000724
 20
-0.15550217548948514
 10
-0.4051985134155185
 20
-0.15449445363488035
 10
-0.40194434372733867
 20
-0.15366094089920232
 10
-0.39958076504713563
 20
-0.15312485836656997
 10
-0.39854967367657723
 20
-0.15300942712110224
 10
-0.39809092299673676
 20
-0.1535666130348078
 10
-0.39751744923857874
 20
-0.1546795685279188
 10
-0.3968912878444525
 20
-0.15616303707396662
 10
-0.39627447425670775
 20
-0.15783176214648295
 10
-0.39572904391769403
 20
-0.1595004872189993
 10
-0.39531703226976067
 20
-0.1609839557650471
 10
-0.3951004747552575
 20
-0.16209691125815803
 10
-0.3951414068165337
 20
-0.16265409717186363
 10
-0.3953351613488035
 20
-0.1627887905638143
 10
-0.39568527918781726
 20
-0.16297022298767222
 10
-0.39617136511965195
 20
-0.1631907462382161
 10
-0.3967730239303843
 20
-0.16344271211022485
 10
-0.3974698604060914
 20
-0.16371847239847712
 10
-0.39824147933284987
 20
-0.16401037889775202
 10
-0.39906748549673676
 20
-0.16431078340282812
 10
-0.39992748368382885
 20
-0.16461203770848443
 10
-0.4041334300217549
 20
-0.1660623640319072
 10
-0.4013052936910805
 20
-0.17295141406816533
 10
-0.40071921455765047
 20
-0.1743303571428572
 10
-0.4001654278462654
 20
-0.17562092095721535
 10
-0.3996558307650472
 20
-0.17679591189267588
 10
-0.3992023205221175
 20
-0.17782813633067443
 10
-0.39881679432559825
 20
-0.17869040065264685
 10
-0.3985111493836113
 20
-0.17935551124002905
 10
-0.39829728290427846
 20
-0.17979627447425678
 10
-0.39818709209572156
 20
-0.1799854967367658
 10
-0.39791657224437993
 20
-0.17993139276649747
 10
-0.3971922588832487
 20
-0.17967503625815803
 10
-0.39606344044597536
 20
-0.17923852202683105
 10
-0.3945794053662074
 20
-0.17864394488759966
 10
-0.3927894420775925
 20
-0.17791339965554753
 10
-0.39074283901377815
 20
-0.1770689811457578
 10
-0.3884888846084119
 20
-0.17613278417331402
 10
-0.3860768672951414
 20
-0.1751269035532995
 10
-0.38367561412255263
 20
-0.17409680361675128
 10
-0.38140183103698333
 20
-0.17314063633067436
 10
-0.3793082056744017
 20
-0.1722779471084119
 10
-0.37744742567077594
 20
-0.17152828136330678
 10
-0.37587217866207395
 20
-0.17091118450870196
 10
-0.37463515228426403
 20
-0.17044620195794055
 10
-0.373789034173314
 20
-0.17015287912436544
 10
-0.3733865119651922
 20
-0.1700507614213198
 10
-0.37316485564720814
 20
-0.17019862672226255
 10
-0.3728369742567078
 20
-0.17062182741116752
 10
-0.3724190140047136
 20
-0.1712897706671501
 10
-0.37192712110224807
 20
-0.17217186366932558
 10
-0.37137744176033355
 20
-0.17323751359680928
 10
-0.37078612218999274
 20
-0.1744561276287165
 10
-0.370169308602248
 20
-0.17579711294416245
 10
-0.36954314720812187
 20
-0.1772298767222625
 10
-0.368821666515591
 20
-0.17888061434916605
 10
-0.3679319253081943
 20
-0.18079563995649017
 10
-0.3669096152102973
 20
-0.18290611969724438
 10
-0.3657904278462654
 20
-0.185143219724438
 10
-0.3646100548404641
 20
-0.18743810619108048
 10
-0.36340418781725886
 20
-0.18972194525018127
 10
-0.36220851840101526
 20
-0.19192590305474985
 10
-0.36105873821609863
 20
-0.19398114575779551
 10
-0.35997481757614214
 20
-0.19591869108049312
 10
-0.35896822878897755
 20
-0.1977338651196519
 10
-0.3580619164702683
 20
-0.19938587744742567
 10
-0.35727882523567805
 20
-0.20083393763596805
 10
-0.3566418997008702
 20
-0.20203725525743294
 10
-0.35617408448150834
 20
-0.2029550398839739
 10
-0.35589832419325595
 20
-0.20354650108774472
 10
-0.35583756345177664
 20
-0.2037708484408992
 10
-0.3563797362218999
 20
-0.20415028439992752
 10
-0.35749637418419145
 20
-0.20483479876722266
 10
-0.3589937228063814
 20
-0.2057147672679478
 10
-0.36067802755620015
 20
-0.20668056562726617
 10
-0.3623555339013778
 20
-0.20762256957034084
 10
-0.3638324873096447
 20
-0.20843115482233507
 10
-0.364915133248731
 20
-0.20899669710841193
 10
-0.36540971718636694
 20
-0.2092095721537346
 10
-0.36560177211747646
 20
-0.2089594475163162
 10
-0.3660487672226251
 20
-0.20824193255982595
 10
-0.3667201096809282
 20
-0.20710631571791155
 10
-0.3675852066715011
 20
-0.20560188542422045
 10
-0.368613465373459
 20
-0.2037779301124003
 10
-0.36977429296591735
 20
-0.20168373821609867
 10
-0.37103709662799134
 20
-0.19936859816896302
 10
-0.3723712835387962
 20
-0.19688179840464104
  0
LWPOLYLINE
  5
6F
330
54
100
AcDbEntity
  8
A-ANNO-TEXT
100
AcDbPolyline
 90
131
 70
1
 10
-0.3897751994198695
 20
-0.16178390137781004
 10
-0.3899829756617114
 20
-0.16120150471356057
 10
-0.39032247099347356
 20
-0.16019760696156637
 10
-0.3907758396029732
 20
-0.1588265953589558
 10
-0.3913252356780276
 20
-0.15714285714285717
 10
-0.39195281340645394
 20
-0.15520077955039885
 10
-0.39264072697606966
 20
-0.1530547498187092
 10
-0.39337113057469186
 20
-0.15075915518491653
 10
-0.3941261783901378
 20
-0.1483683828861494
 10
-0.3948875997099347
 20
-0.14601372711203772
 10
-0.39563542422044956
 20
-0.14382138324873103
 10
-0.3963492567077592
 20
-0.14183809032813632
 10
-0.3970087019579406
 20
-0.14011058738216106
 10
-0.39759336475707036
 20
-0.13868561344271213
 10
-0.3980828498912255
 20
-0.1376099075416969
 10
-0.39845676214648296
 20
-0.13693020871102246
 10
-0.3986947063089195
 20
-0.1366932559825961
 10
-0.39901253172588835
 20
-0.13673602927846268
 10
-0.3995649021029732
 20
-0.1368586838288615
 10
-0.4003212246192894
 20
-0.1370527216279913
 10
-0.40125090645395217
 20
-0.1373096446700507
 10
-0.40232335478607684
 20
-0.1376209549492386
 10
-0.40350797679477884
 20
-0.1379781544597534
 10
-0.40477417965917334
 20
-0.13837274519579404
 10
-0.40609137055837563
 20
-0.1387962291515591
 10
-0.409622150335388
 20
-0.13987476772117483
 10
-0.412936230964467
 20
-0.14081648839738944
 10
-0.41596647819978244
 20
-0.14160694457034081
 10
-0.418645757795504
 20
-0.14223168963016683
 10
-0.4209069355058013
 20
-0.14267627696700505
 10
-0.42268287708484414
 20
-0.14292625997099354
 10
-0.423906448286802
 20
-0.1429671920322698
 10
-0.4245105148658448
 20
-0.1427846265409717
 10
-0.4252206648839739
 20
-0.14104990029006526
 10
-0.42637101160261065
 20
-0.13721446700507606
 10
-0.4277966937092096
 20
-0.1319445703408267
 10
-0.4293328498912255
 20
-0.12590645395213923
 10
-0.4308146188361131
 20
-0.1197663614938361
 10
-0.43207713923132707
 20
-0.11419053662073966
 10
-0.43295554976432205
 20
-0.10984522298767223
 10
-0.4332849891225526
 20
-0.10739666424945615
 10
-0.43249977338651197
 20
-0.10708691193799855
 10
-0.43041606236403196
 20
-0.10649587563451779
 10
-0.4274417603335751
 20
-0.10572298200688905
 10
-0.42398477157360404
 20
-0.10486765772298764
 10
-0.4204530003625816
 20
-0.10402932945068892
 10
-0.41725435097897023
 20
-0.10330742385786802
 10
-0.4147967277012328
 20
-0.10280136761240032
 10
-0.4134880348078318
 20
-0.10261058738216099
 10
-0.41293580606417696
 20
-0.10298903190717905
 10
-0.4123470358955765
 20
-0.10399292965917331
 10
-0.41177356213741845
 20
-0.10542512690355332
 10
-0.4112672226250907
 20
-0.10708846990572884
 10
-0.4108798551939812
 20
-0.10878580493110951
 10
-0.4106632976794779
 20
-0.11031997824510517
 10
-0.41066938791696883
 20
-0.11149383611312545
 10
-0.41094996374184195
 20
-0.11211022480058015
 10
-0.4111947063089195
 20
-0.1122318879169688
 10
-0.41158901377810003
 20
-0.11237649564902097
 10
-0.4121124909354605
 20
-0.11253979899383612
 10
-0.41274474256707755
 20
-0.11271754894851342
 10
-0.41346537345902834
 20
-0.1129054965101523
 10
-0.4142539883973894
 20
-0.11309939267585203
 10
-0.41509019216823784
 20
-0.11329498844271205
 10
-0.4159535895576505
 20
-0.11348803480783176
 10
-0.41694941420413345
 20
-0.11371195726069613
 10
-0.4178152193618564
 20
-0.11394692712110217
 10
-0.4185501552302393
 20
-0.11419039498730968
 10
-0.419153372008702
 20
-0.11443981145757788
 10
-0.41962401989666426
 20
-0.11469262713016679
 10
-0.41996124909354604
 20
-0.11494629260333572
 10
-0.4201642097987672
 20
-0.11519825847534446
 10
-0.42023205221174764
 20
-0.11544597534445254
 10
-0.42010316579042783
 20
-0.11650879260333583
 10
-0.4197584300217549
 20
-0.11827864394488763
 10
-0.4192607301486585
 20
-0.12050398839738938
 10
-0.4186729514140682
 20
-0.12293328498912254
 10
-0.41805797906091374
 20
-0.1253149927483684
 10
-0.41747869833212475
 20
-0.12739757070340826
 10
-0.41699799447063085
 20
-0.1289294778825235
 10
-0.4166787527193619
 20
-0.12965917331399562
 10
-0.4164946292603336
 20
-0.12974117906997826
 10
-0.4161711385061639
 20
-0.12977134699057286
 10
-0.4157252764684554
 20
-0.12975222647751994
 10
-0.41517403915881074
 20
-0.1296863669325598
 10
-0.4145344225888325
 20
-0.1295763177574329
 10
-0.4138234227701233
 20
-0.12942462835387963
 10
-0.41305803571428573
 20
-0.1292338481236403
 10
-0.4122552574329224
 20
-0.1290065264684554
 10
-0.4112717548948513
 20
-0.1287200020395214
 10
-0.40998912255257436
 20
-0.12835954496011603
 10
-0.4084617476432197
 20
-0.12793960184010153
 10
-0.40674401740391586
 20
-0.12747461928934004
 10
-0.4048903190717912
 20
-0.12697904391769396
 10
-0.40295503988397385
 20
-0.1264673223350254
 10
-0.40099256707759245
 20
-0.12595390115119653
 10
-0.3990572878897752
 20
-0.12545322697606962
 10
-0.3897751994198695
 20
-0.12306018854242208
 10
-0.3889775199419869
 20
-0.1260333575054387
 10
-0.3882643956218274
 20
-0.12876546637055836
 10
-0.38756911711385067
 20
-0.13127492748368377
 10
-0.38685514299311097
 20
-0.13367901332487309
 10
-0.38608593183466283
 20
-0.13609499637418415
 10
-0.3852249422135606
 20
-0.1386401491116751
 10
-0.3842356327048586
 20
-0.14143174401740388
 10
-0.38308146188361136
 20
-0.14458705357142862
 10
-0.3817258883248731
 20
-0.1482233502538071
 10
-0.3808549843636694
 20
-0.150462008248731
 10
-0.3800478154459754
 20
-0.1525765953589557
 10
-0.37932052778281367
 20
-0.15451782315083396
 10
-0.37868926758520666
 20
-0.15623640319071794
 10
-0.37817018106417694
 20
-0.1576830470449601
 10
-0.377779414430747
 20
-0.15880846627991302
 10
-0.3775331138959391
 20
-0.15956337246192898
 10
-0.37744742567077594
 20
-0.1598984771573604
 10
-0.37786467775562
 20
-0.16017919461566354
 10
-0.3789770667150109
 20
-0.1606485678027556
 10
-0.38057554160623636
 20
-0.161236913071066
 10
-0.3824510514865845
 20
-0.16187454677302396
 10
-0.384394545413343
 20
-0.16249178526105873
 10
-0.38619697244379986
 20
-0.16301894488759974
 10
-0.3876492816352429
 20
-0.16338634200507612
 10
-0.3885424220449601
 20
-0.16352429296591733
 10
-0.38866380189448874
 20
-0.1634881764412618
 10
-0.3888064267585207
 20
-0.1633849256707759
 10
-0.38896434803299496
 20
-0.16322218885968096
 10
-0.3891316171138506
 20
-0.16300761421319798
 10
-0.3893022853970268
 20
-0.16274884993654823
 10
-0.38947040427846263
 20
-0.16245354423495287
 10
-0.38963002515409717
 20
-0.16212934531363304
 10
-0.3897751994198695
 20
-0.16178390137781004
  0
LWPOLYLINE
  5
70
330
54
100
AcDbEntity
  8
A-ANNO-TEXT
100
AcDbPolyline
 90
75
 70
1
 10
0.16018854242204494
 20
-0.15155910079767948
 10
0.16291002877991298
 20
-0.14865193301305288
 10
0.16620173132704855
 20
-0.14620875634517763
 10
0.1699336305746918
 20
-0.14426526241841917
 10
0.1739757070340826
 20
-0.14285714285714285
 10
0.17819794121646118
 20
-0.1420200892857143
 10
0.1824703136330675
 20
-0.14178979332849895
 10
0.18666280479514144
 20
-0.14220194660986218
 10
0.19064539521392312
 20
-0.14329224075416971
 10
0.19300288365663532
 20
-0.14426412935097893
 10
0.19532383067440173
 20
-0.1454246736765773
 10
0.1975784932469181
 20
-0.14675177891588106
 10
0.19973712835387972
 20
-0.148223350253807
 10
0.20176999297498185
 20
-0.14981729287527196
 10
0.20364734408992022
 20
-0.15151151196519222
 10
0.20533943867839013
 20
-0.1532839127084845
 10
0.20681653372008707
 20
-0.15511240029006526
 10
0.2078718444071792
 20
-0.15652292761965203
 10
0.208664566715011
 20
-0.15755869289340094
 10
0.20922444366388687
 20
-0.15823924152465554
 10
0.20958121827411172
 20
-0.15858411892675853
 10
0.2097646335659899
 20
-0.15861287051305292
 10
0.20980443255982598
 20
-0.15834504169688182
 10
0.2097303582759246
 20
-0.15780017789158812
 10
0.2095721537345903
 20
-0.15699782451051486
 10
0.2091141112218999
 20
-0.15519369787889778
 10
0.2084232233502538
 20
-0.15321111312545327
 10
0.20754537935097897
 20
-0.1511367499093546
 10
0.20652646845540243
 20
-0.14905728788977518
 10
0.20541237989485134
 20
-0.14705940672588833
 10
0.20424900290065262
 20
-0.1452297860768674
 10
0.20308222670413342
 20
-0.14365510560188546
 10
0.20195794053662075
 20
-0.142422044960116
 10
0.20129736221899924
 20
-0.14182010288252356
 10
0.20048042059463386
 20
-0.14116887237128353
 10
0.19954110768672947
 20
-0.1404870490391588
 10
0.19851341551849166
 20
-0.13979332849891224
 10
0.19743133611312547
 20
-0.13910640636330673
 10
0.19632886149383608
 20
-0.13844497824510513
 10
0.19523998368382878
 20
-0.13782773975707036
 10
0.1941986947063089
 20
-0.13727338651196516
 10
0.19262160646301665
 20
-0.13652513710116024
 10
0.19129011058738207
 20
-0.13595109680928208
 10
0.1900826855964467
 20
-0.13552832102066714
 10
0.18887781000725162
 20
-0.13523386511965196
 10
0.18755396233683827
 20
-0.13504478449057286
 10
0.18598962110224798
 20
-0.13493813451776648
 10
0.18406326482052213
 20
-0.13489097058556926
 10
0.18165337200870196
 20
-0.1348803480783176
 10
0.17934304749818716
 20
-0.13489309508701958
 10
0.17746102248005793
 20
-0.13494153372008696
 10
0.17591211928934014
 20
-0.13504096038796232
 10
0.17460116026105874
 20
-0.1352066715010877
 10
0.1734329677302393
 20
-0.13545396346990574
 10
0.17231236403190717
 20
-0.1357981327048586
 10
0.17114417150108774
 20
-0.1362544756163887
 10
0.16983321247280642
 20
-0.1368382886149384
 10
0.16635384563089203
 20
-0.13872951980601897
 10
0.1633180746918057
 20
-0.14091393219724446
 10
0.16073439766134884
 20
-0.14337877877991298
 10
0.1586113125453227
 20
-0.14611131254532267
 10
0.15695731734952867
 20
-0.14909878648477162
 10
0.15578091007976802
 20
-0.1523284535895576
 10
0.15509058874184187
 20
-0.15578756685097897
 10
0.15489485134155187
 20
-0.15946337926033358
 10
0.15489485134155187
 20
-0.16316171138506164
 10
0.15656272661348802
 20
-0.15866569978245101
 10
0.15694457034082673
 20
-0.15769112015047135
 10
0.15737400290065262
 20
-0.15668849709934732
 10
0.15783742748368382
 20
-0.1556841744470631
 10
0.15832124728063818
 20
-0.1547044960116026
 10
0.1588118654822335
 20
-0.15377580561094994
 10
0.15929568527918786
 20
-0.1529244470630892
 10
0.15975910986221897
 20
-0.15217676418600432
 10
0.16018854242204494
 20
-0.15155910079767948
  0
LWPOLYLINE
  5
71
330
54
100
AcDbEntity
  8
A-ANNO-TEXT
100
AcDbPolyline
 90
131
 70
1
 10
-0.40536620739666424
 20
-0.11334300217548945
 10
-0.4057561242295141
 20
-0.11173163864213194
 10
-0.40637803662073974
 20
-0.10873255076142127
 10
-0.4071444151105874
 20
-0.10481397865300944
 10
-0.4079677302393038
 20
-0.10044416243654826
 10
-0.4087604525471356
 20
-0.0960913422316896
 10
-0.4094350525743292
 20
-0.0922237581580856
 10
-0.4099040008611313
 20
-0.089309650335388
 10
-0.4100797679477883
 20
-0.08781725888324875
 10
-0.41009279822335026
 20
-0.08744122212654099
 10
-0.4101296229151559
 20
-0.08707963197969547
 10
-0.4101868428208847
 20
-0.0867401366479333
 10
-0.4102610587382161
 20
-0.08643038433647571
 10
-0.4103488714648296
 20
-0.08615802325054389
 10
-0.41044688179840466
 20
-0.08593070159535897
 10
-0.4105516905366208
 20
-0.08575606757614217
 10
-0.41065989847715734
 20
-0.08564176939811459
 10
-0.41104103403734593
 20
-0.08563383792603332
 10
-0.4119278009427121
 20
-0.08571428571428574
 10
-0.41326156295322697
 20
-0.0858763143582306
 10
-0.4149836838288615
 20
-0.08611312545322698
 10
-0.41703552732958665
 20
-0.08641792059463381
 10
-0.4193584572153735
 20
-0.08678390137780997
 10
-0.4218938372461929
 20
-0.08720426939811461
 10
-0.42458303118201596
 20
-0.08767222625090644
 10
-0.4272896460297317
 20
-0.08814641497461934
 10
-0.42982460116026106
 20
-0.08858321247280639
 10
-0.43213180973531545
 20
-0.08897242113850615
 10
-0.43415518491660626
 20
-0.08930384336475714
 10
-0.4358386398658448
 20
-0.08956728154459752
 10
-0.4371260877447426
 20
-0.08975253807106597
 10
-0.4379614417150109
 20
-0.08984941533720087
 10
-0.43828861493836113
 20
-0.0898477157360406
 10
-0.4387282451051487
 20
-0.08806455085206678
 10
-0.4393854242204496
 20
-0.0837676758520668
 10
-0.44016497461928933
 20
-0.07780179251269034
 10
-0.44097171863669327
 20
-0.07101160261058735
 10
-0.44171047860768675
 20
-0.06424180792240752
 10
-0.44228607686729515
 20
-0.05833711022480065
 10
-0.4426033357505439
 20
-0.054142211294416244
 10
-0.4425670775924583
 20
-0.05250181290790426
 10
-0.44116844747099343
 20
-0.05225069683647571
 10
-0.4385163614938361
 20
-0.051906952501812896
 10
-0.4350501665609137
 20
-0.05151391973350252
 10
-0.4312092095721538
 20
-0.05111493836113122
 10
-0.42743283742748367
 20
-0.0507533482142857
 10
-0.424160397026831
 20
-0.050472489122552575
 10
-0.4218312352701233
 20
-0.05031570091551848
 10
-0.42088469905728787
 20
-0.05032632342277011
 10
-0.42077309191443074
 20
-0.050512854650108775
 10
-0.4206580855692531
 20
-0.05089399021029729
 10
-0.4205430792240754
 20
-0.05144678548767226
 10
-0.4204314720812183
 20
-0.052148295866569994
 10
-0.42032666334300217
 20
-0.05297557673132704
 10
-0.42023205221174764
 20
-0.05390568346627991
 10
-0.4201510378897752
 20
-0.0549156714557651
 10
-0.42008701957940536
 20
-0.055982596084118964
 10
-0.4197969543147208
 20
-0.061203770848440885
 10
-0.4225525743292241
 20
-0.061566352429296575
 10
-0.4255491128081943
 20
-0.062018163071065974
 10
-0.42776128535170416
 20
-0.06236629804205943
 10
-0.4293021154369108
 20
-0.062649848168963
 10
-0.4302846265409717
 20
-0.06290790427846266
 10
-0.4308218421410443
 20
-0.06317955719724437
 10
-0.4310267857142857
 20
-0.06350389775199418
 10
-0.43101248073785353
 20
-0.06392001676939808
 10
-0.43089195068890507
 20
-0.06446700507614211
 10
-0.43079422362219005
 20
-0.06487646732233505
 10
-0.43066760333575055
 20
-0.06548563270485859
 10
-0.4305171886330674
 20
-0.06626305860224804
 10
-0.4303480783176215
 20
-0.06717730239303839
 10
-0.43016537119289344
 20
-0.06819692145576503
 10
-0.4299741660623641
 20
-0.06929047316896306
 10
-0.42977956172951415
 20
-0.07042651491116751
 10
-0.4295866569978245
 20
-0.07157360406091375
 10
-0.42932392698513416
 20
-0.07304503376540979
 10
-0.42907564358230604
 20
-0.07426237309644677
 10
-0.4288358581852792
 20
-0.07524346786620739
 10
-0.4285986221899928
 20
-0.07600616388687455
 10
-0.4283579869923858
 20
-0.07656830697063093
 10
-0.4281080039883974
 20
-0.07694774292965915
 10
-0.42784272457396666
 20
-0.07716231757614211
 10
-0.42755620014503265
 20
-0.07722987672226252
 10
-0.4270691227791878
 20
-0.07716628331218271
 10
-0.42613420050761425
 20
-0.07703385605511245
 10
-0.42480667036802033
 20
-0.07683854355511242
 10
-0.4231417693981146
 20
-0.0765862944162437
 10
-0.4211947346356055
 20
-0.07628305724256708
 10
-0.4190208031182016
 20
-0.07593478063814355
 10
-0.41667521188361134
 20
-0.07554741320703405
 10
-0.4142131979695432
 20
-0.07512690355329951
 10
-0.411288892539884
 20
-0.07465753036620747
 10
-0.40876654278462654
 20
-0.07428163524292977
 10
-0.40664020009970997
 20
-0.07399751858230601
 10
-0.4049039158810732
 20
-0.07380348078317628
 10
-0.4035517415246556
 20
-0.07369782224438
 10
-0.40257772842639594
 20
-0.07367884336475714
 10
-0.40197592798223347
 20
-0.07374484454314724
 10
-0.4017403915881073
 20
-0.07389412617839013
 10
-0.40166971650652644
 20
-0.07417172770123276
 10
-0.40156929840464106
 20
-0.07466007976794783
 10
-0.4014433862853517
 20
-0.07533198875997099
 10
-0.40129622915155916
 20
-0.07616026105873829
 10
-0.4011320760061639
 20
-0.07711770304568527
 10
-0.4009551758520667
 20
-0.07817712110224799
 10
-0.40076977769216826
 20
-0.07931132160986219
 10
-0.4005801305293691
 20
-0.08049311094996374
 10
-0.40035521664249457
 20
-0.08192162572516314
 10
-0.4000181290790428
 20
-0.08376314358230609
 10
-0.3995858638506164
 20
-0.08594118246918053
 10
-0.39907541696881804
 20
-0.08837926033357506
 10
-0.3985037844452502
 20
-0.09100089512327773
 10
-0.39788796229151563
 20
-0.09372960478607684
 10
-0.3972449465192168
 20
-0.0964889072697606
 10
-0.3965917331399565
 20
-0.09920232052211744
 10
-0.3959549492385787
 20
-0.10182013120920952
 10
-0.3953589557650472
 20
-0.10430452320522118
 10
-0.39481734952864395
 20
-0.10659686027012329
 10
-0.3943437273386512
 20
-0.10863850616388687
 10
-0.393951686004351
 20
-0.11037082464648293
 10
-0.3936548223350254
 20
-0.11173517947788256
 10
-0.39346673313995656
 20
-0.11267293441805656
 10
-0.3934010152284264
 20
-0.11312545322697608
 10
-0.3938943244651922
 20
-0.11360771505620015
 10
-0.3951991932559826
 20
-0.1139650562001451
 10
-0.39705303322153734
 20
-0.11419492725707031
 10
-0.3991932559825961
 20
-0.11429477882523573
 10
-0.4013572731598985
 20
-0.11426206150290065
 10
-0.4032824963741842
 20
-0.11409422588832488
 10
-0.40470633724619287
 20
-0.11378872257976794
 10
-0.40536620739666424
 20
-0.11334300217548945
  0
LWPOLYLINE
  5
72
330
54
100
AcDbEntity
  8
A-ANNO-TEXT
100
AcDbPolyline
 90
121
 70
1
 10
0.26794778825235677
 20
-0.11276287164612038
 10
0.2678687567984046
 20
-0.11230836996918053
 10
0.2676418600435098
 20
-0.11126155728788978
 10
0.2672823943981145
 20
-0.10968956784807829
 10
0.26680565627266134
 20
-0.10765953589557649
 10
0.26622694207759245
 20
-0.10523859567621466
 10
0.2655615482233502
 20
-0.10249388143582303
 10
0.2648247711203771
 20
-0.09949252742023197
 10
0.26403190717911523
 20
-0.0963016678752719
 10
0.2631107233502539
 20
-0.09253860927302386
 10
0.26200598259608404
 20
-0.0878977066715011
 10
0.2607584753444525
 20
-0.08256166719543147
 10
0.25940899202320516
 20
-0.07671319796954316
 10
0.2579983230601885
 20
-0.07053500611856414
 10
0.2565672588832488
 20
-0.06420979876722265
 10
0.2551565899202321
 20
-0.05792028304024656
 10
0.25380710659898476
 20
-0.05184916606236403
 10
0.25245110813995647
 20
-0.04575850367113844
 10
0.25102202683103714
 20
-0.03941375090645395
 10
0.24956235270123278
 20
-0.03300271369651922
 10
0.24811457577955048
 20
-0.02671319796954313
 10
0.24672118609499638
 20
-0.02073300965373459
 10
0.24542467367657736
 20
-0.01524995467730241
 10
0.24426752855329947
 20
-0.010451838968455402
 10
0.2432922407541697
 20
-0.006526468455402465
 10
0.24233918940355328
 20
-0.0028083076504713395
 10
0.24129690899202322
 20
0.0013959390862943832
 10
0.2401985417422045
 20
0.0059401060551124004
 10
0.23907722987672236
 20
0.010678027556200162
 10
0.2379661156182016
 20
0.015463537889775199
 10
0.23689834118926756
 20
0.02015047135605513
 10
0.23590704881254534
 20
0.0245926622552574
 10
0.23502538071065993
 20
0.02864394488759971
 10
0.23236507999456124
 20
0.040681936638868696
 10
0.2302359046410443
 20
0.050151831036983376
 10
0.22852313157179113
 20
0.05747003036620737
 10
0.22711203770848443
 20
0.06305293691080496
 10
0.2258878999728064
 20
0.06731695295503988
 10
0.22473599528643948
 20
0.07067848078317625
 10
0.22354160057106595
 20
0.07355392267947786
 10
0.22218999274836837
 20
0.07635968092820881
 10
0.2194090203498912
 20
0.0813744957849891
 10
0.21628557831762146
 20
0.08585818527918782
 10
0.21273553639412618
 20
0.08987788365663521
 10
0.2086747643219725
 20
0.09350072516316171
 10
0.20401913184372733
 20
0.09679384404459751
 10
0.198684508701958
 20
0.09982437454677301
 10
0.19258676463923133
 20
0.1026594509155185
 10
0.18564176939811458
 20
0.10536620739666422
 10
0.18361159581218273
 20
0.10605907813633066
 10
0.18127039521392319
 20
0.10680293691080493
 10
0.17877623051124
 20
0.10755359408992024
 10
0.17628716461203772
 20
0.10826686004350976
 10
0.17396126042422044
 20
0.10889854514140679
 10
0.17195658085569251
 20
0.10940445975344451
 10
0.1704311888143582
 20
0.10974041424945613
 10
0.1695431472081218
 20
0.10986221899927484
 10
0.16914204133430016
 20
0.10976449193255983
 10
0.16886330674401745
 20
0.10947470993473535
 10
0.1687069434372734
 20
0.10899797180928207
 10
0.16867295141406827
 20
0.10833937635968091
 10
0.16876133067440172
 20
0.10750402238941262
 10
0.16897208121827414
 20
0.10649700870195794
 10
0.16930520304568525
 20
0.10532343410079763
 10
0.16976069615663528
 20
0.10398839738941261
 10
0.17001776083212466
 20
0.10314426214648295
 10
0.17029437092095714
 20
0.10195340826686004
 10
0.17058287821791154
 20
0.1004702229876722
 10
0.17087563451776652
 20
0.09874909354604783
 10
0.17116499161530097
 20
0.09684440717911537
 10
0.17144330130529364
 20
0.09481055112400297
 10
0.17170291538252358
 20
0.09270191261783901
 10
0.1719361856417694
 20
0.09057287889775198
 10
0.17233899111675133
 20
0.08662966257251634
 10
0.17280638143582303
 20
0.08321587200870191
 10
0.17336894941986947
 20
0.0802286813361131
 10
0.1740572878897751
 20
0.077565264684554
 10
0.17490198966642498
 20
0.07512279618382885
 10
0.17593364757070337
 20
0.07279844996374178
 10
0.17718285442349527
 20
0.07048940015409712
 10
0.17868020304568527
 20
0.06809282088469905
 10
0.18126600457759254
 20
0.06456529867657725
 10
0.18441012509064536
 20
0.061138052936910756
 10
0.18804543033901375
 20
0.057856972897026814
 10
0.19210478607686732
 20
0.05476794778825226
 10
0.19652105805837564
 20
0.05191686684191442
 10
0.2012271120377084
 20
0.049349619289340035
 10
0.2061558137690355
 20
0.04711209436185637
 10
0.21124002900652644
 20
0.04525018129079041
 10
0.2128852429296591
 20
0.04470885832124725
 10
0.21416334300217554
 20
0.04425081580855686
 10
0.2151355148658448
 20
0.04383016452139233
 10
0.2158629441624366
 20
0.04340101522842641
 10
0.21640681653372007
 20
0.04291747869833211
 10
0.21682831762146484
 20
0.04233366569978242
 10
0.21718863306744016
 20
0.04160368700145035
 10
0.21754894851341552
 20
0.04068165337200872
 10
0.2195789804659173
 20
0.03473559871283547
 10
0.2228301758520668
 20
0.024888959390862928
 10
0.22704164589376358
 20
0.011952445159535896
 10
0.23195250181290789
 20
-0.0032632342277012327
 10
0.23730185483139957
 20
-0.0199473690174039
 10
0.24282881617113858
 20
-0.03728924945612763
 10
0.24827249705402474
 20
-0.054478165790427864
 10
0.25337200870195803
 20
-0.07070340826686004
 10
0.2570339410351703
 20
-0.08243136443981146
 10
0.2600151831036984
 20
-0.09192009608411893
 10
0.26238286915337206
 20
-0.09937780434191443
 10
0.2642041334300218
 20
-0.10501269035532995
 10
0.26554611017947793
 20
-0.10903295526649746
 10
0.2664759336475708
 20
-0.11164680021754896
 10
0.26706073808013064
 20
-0.11306242635061639
 10
0.2673676577229877
 20
-0.11348803480783176
 10
0.2674966857777375
 20
-0.11347472126540968
 10
0.2676112672226251
 20
-0.11343591370558377
 10
0.26771055225707036
 20
-0.11337331172951415
 10
0.26779369108049306
 20
-0.11328861493836115
 10
0.2678598338923133
 20
-0.11318352293328499
 10
0.2679081308919507
 20
-0.11305973531544594
 10
0.2679377322788253
 20
-0.11291895168600437
 10
0.26794778825235677
 20
-0.11276287164612038
  0
LWPOLYLINE
  5
73
330
54
100
AcDbEntity
  8
A-ANNO-TEXT
100
AcDbPolyline
 90
133
 70
1
 10
0.06163886874546773
 20
-0.06664249456127627
 10
0.0626016928027556
 20
-0.06636900040790429
 10
0.06367159173313998
 20
-0.06604536802030467
 10
0.06481287391225526
 20
-0.06568264480601882
 10
0.06598984771573604
 20
-0.06529187817258886
 10
0.06716682151921682
 20
-0.06488411552755619
 10
0.06830810369833219
 20
-0.06447040427846268
 10
0.06937800262871648
 20
-0.06406179183284982
 10
0.07034082668600436
 20
-0.06366932559825958
 10
0.07228941941624364
 20
-0.06278539136149384
 10
0.07453544234952861
 20
-0.06166946156635248
 10
0.07690043736403195
 20
-0.060422662481870906
 10
0.07920594633792596
 20
-0.059146120377084846
 10
0.08127351114938361
 20
-0.0579409615210297
 10
0.08292467367657722
 20
-0.056908312182741116
 10
0.08398097579767953
 20
-0.0561492986312545
 10
0.08426395939086298
 20
-0.0557650471356055
 10
0.08413748073785357
 20
-0.055733746147570803
 10
0.08387758339376365
 20
-0.05574578498912257
 10
0.08350041356961566
 20
-0.05579691465736039
 10
0.08302211747643216
 20
-0.055882886149383616
 10
0.08245884132523572
 20
-0.0559994504622915
 10
0.08182673132704855
 20
-0.056142358593183485
 10
0.08114193369289337
 20
-0.05630736153915883
 10
0.08042059463379259
 20
-0.05649021029731688
 10
0.07534558556925305
 20
-0.057795220721537366
 10
0.07001903553299482
 20
-0.05877220812182733
 10
0.06452252538071067
 20
-0.059419472897026836
 10
0.058937635968092726
 20
-0.059735315445975344
 10
0.053345948150833926
 20
-0.05971803616751267
 10
0.04782904278462651
 20
-0.059365935460478546
 10
0.042468500725163144
 20
-0.058677313723712834
 10
0.03734590282813633
 20
-0.05765047135605511
 10
0.03130863624002904
 20
-0.055961917603335735
 10
0.025296863669325584
 20
-0.05374138868745468
 10
0.019349675942712093
 20
-0.05101437862581578
 10
0.013506163886874464
 20
-0.047806381435823025
 10
0.007805418328498913
 20
-0.04414289113488035
 10
0.002286530094271244
 20
-0.04004940174039157
 10
-0.003011409989122569
 20
-0.0355514072697607
 10
-0.008049311094996391
 20
-0.030674401740391558
 10
-0.017745677347715802
 20
-0.018970098350253792
 10
-0.025753489847715753
 20
-0.005812635968092821
 10
-0.03202261036076867
 20
0.008578736856417694
 10
-0.03650290065264683
 20
0.023984771573604013
 10
-0.03914422248912257
 20
0.04018621963379264
 10
-0.03989643763596808
 20
0.056963832487309664
 10
-0.03870940785895578
 20
0.0740983615844815
 10
-0.03553299492385787
 20
0.09137055837563451
 10
-0.034246680112400354
 20
0.09649981304387237
 10
-0.03276151196519218
 20
0.10193414612037704
 10
-0.03113017811820163
 20
0.1075095460931835
 10
-0.029405366207396713
 20
0.11306200145032634
 10
-0.02763976386874547
 20
0.11842750067984047
 10
-0.025886058738216165
 20
0.1234420322697607
 10
-0.024196938451776666
 20
0.12794158470812186
 10
-0.022625090645395248
 20
0.13176214648295867
 10
-0.018781725888324857
 20
0.14068165337200872
 10
-0.01559100797679478
 20
0.14053662073966644
 10
-0.014723078317621482
 20
0.14050631118564175
 10
-0.013515228426395973
 20
0.14047090282813635
 10
-0.012021845540246556
 20
0.14043209526831035
 10
-0.0102973168963017
 20
0.14039158810732413
 10
-0.00839602973168963
 20
0.14035108094633794
 10
-0.006372371283538813
 20
0.14031227338651195
 10
-0.004280728788977553
 20
0.1402768650290065
 10
-0.002175489485134155
 20
0.14024655547498185
 10
0.0025859431653371843
 20
0.14028748753625814
 10
0.006913977519941954
 20
0.14054681834662797
 10
0.010966676486584483
 20
0.14106618813451777
 10
0.014902102973168931
 20
0.1418872371283539
 10
0.01887831988759971
 20
0.1430516055565627
 10
0.023053390137780985
 20
0.14460093364757073
 10
0.027585376631617083
 20
0.14657686162980418
 10
0.03263234227701233
 20
0.14902102973168962
 10
0.03463234794234958
 20
0.1500444728970268
 10
0.03642245286439449
 20
0.15098123640319072
 10
0.037969514820522104
 20
0.15181262463741843
 10
0.03924039158810729
 20
0.15251994198694707
 10
0.04020194094452502
 20
0.1530844928390138
 10
0.04082102066715008
 20
0.1534875815808557
 10
0.04106448853335751
 20
0.15371051259970994
 10
0.040899202320522104
 20
0.15373459028281364
 10
0.033646296002538024
 20
0.15267148975707034
 10
0.02580107868020311
 20
0.15208257795503993
 10
0.01759384631073238
 20
0.1519525584662799
 10
0.009254894851341585
 20
0.1522661348803481
 10
0.001014520259245814
 20
0.15300801078680204
 10
-0.006896981508339344
 20
0.15416288977519943
 10
-0.014249314494198712
 20
0.15571547543509787
 10
-0.020812182741116785
 20
0.1576504713560551
 10
-0.024873096446700476
 20
0.15902828136330677
 10
-0.031036983321247248
 20
0.14735315445975344
 10
-0.03584515500362585
 20
0.13778241705946342
 10
-0.04010605511240028
 20
0.12830175852066716
 10
-0.04382988125453227
 20
0.11887888642131982
 10
-0.04702683103698334
 20
0.10948150833937638
 10
-0.04970710206671498
 20
0.10007733185279191
 10
-0.05188089195068894
 20
0.0906340645395214
 10
-0.053558398295866554
 20
0.08111941397751996
 10
-0.05474981870920957
 20
0.07150108774474259
 10
-0.055423144035532945
 20
0.05661796365119652
 10
-0.05454813270485864
 20
0.041739938361131206
 10
-0.05218766996011603
 20
0.027062466007976828
 10
-0.048404641044234954
 20
0.01278100072516308
 10
-0.043261931200145036
 20
-0.0009090033538796064
 10
-0.03682242567077596
 20
-0.013812092095721538
 10
-0.029149009699057257
 20
-0.025732811366932527
 10
-0.020304568527918784
 20
-0.036475707034082636
 10
-0.017683500271936218
 20
-0.03906278326686006
 10
-0.01423812545322696
 20
-0.04212064902102975
 10
-0.010231882251631633
 20
-0.04544705175852065
 10
-0.0059282088469906225
 20
-0.048839738941261805
 10
-0.0015905434191443076
 20
-0.052096458031181986
 10
0.002517675852066682
 20
-0.05501495649021023
 10
0.006133010786801965
 20
-0.05739298178027558
 10
0.008992023205221158
 20
-0.05902828136330673
 10
0.011344271211022447
 20
-0.06011262690355333
 10
0.0143083756345178
 20
-0.06131254532269757
 10
0.017700779550398806
 20
-0.06256685097897029
 10
0.021337926033357556
 20
-0.06381435823060189
 10
0.025036258158085554
 20
-0.06499388143582305
 10
0.028612218999274804
 20
-0.06604423495286443
 10
0.03188225163161715
 20
-0.06690423313995646
 10
0.034662799129804175
 20
-0.06751269035532997
 10
0.03744589602973166
 20
-0.06789765001812909
 10
0.04077456490210296
 20
-0.06813134517766506
 10
0.04446015001812908
 20
-0.06821887463741841
 10
0.04831399564902103
 20
-0.0681653372008702
 10
0.05214744606598982
 20
-0.0679758316715011
 10
0.05577184554024652
 20
-0.06765545685279188
 10
0.05899853834300216
 20
-0.06720931154822335
 10
0.06163886874546773
 20
-0.06664249456127627
  0
LWPOLYLINE
  5
74
330
54
100
AcDbEntity
  8
A-ANNO-TEXT
100
AcDbPolyline
 90
53
 70
1
 10
-0.4147208121827411
 20
-0.06040609137055834
 10
-0.41506200711566354
 20
-0.058186412255257385
 10
-0.4154652374909355
 20
-0.055198513415518395
 10
-0.41589736108593184
 20
-0.05172792784626545
 10
-0.41632523567802754
 20
-0.04806018854242203
 10
-0.41671571904459753
 20
-0.044480828498912224
 10
-0.4170356689630167
 20
-0.041275380710659934
 10
-0.41725194321065995
 20
-0.03872937817258882
 10
-0.4173313995649021
 20
-0.03712835387962295
 10
-0.4173313995649021
 20
-0.03437273386511964
 10
-0.43147208121827413
 20
-0.034880348078317636
 10
-0.44561276287164614
 20
-0.03538796229151556
 10
-0.44561276287164614
 20
-0.022262509064539554
 10
-0.44561276287164614
 20
-0.009209572153734623
 10
-0.44089920232052215
 20
-0.008919506889050003
 10
-0.4399308545594634
 20
-0.00889273817077586
 10
-0.4389990482233503
 20
-0.008868518854242254
 10
-0.4381267279278463
 20
-0.008849398341189234
 10
-0.4373368382886149
 20
-0.008837926033357589
 10
-0.4366523239213198
 20
-0.008836651332487276
 10
-0.43609612944162435
 20
-0.008848123640319089
 10
-0.4356911994651922
 20
-0.00887489235859315
 10
-0.4354604786076867
 20
-0.008919506889050003
 10
-0.43530439856780273
 20
-0.009122184327411183
 10
-0.4351636149383612
 20
-0.009602746555474983
 10
-0.43503982732052215
 20
-0.01033315015409719
 10
-0.43493473531544596
 20
-0.011285351704133513
 10
-0.434850038524293
 20
-0.012431307786439416
 10
-0.4347874365482233
 20
-0.013742974981870939
 10
-0.43474862898839745
 20
-0.01519230987128354
 10
-0.4347353154459754
 20
-0.016751269035533013
 10
-0.4347353154459754
 20
-0.024365482233502555
 10
-0.4208121827411167
 20
-0.02414793328498909
 10
-0.406816533720087
 20
-0.023930384336475707
 10
-0.4055837563451776
 20
-0.0387962291515591
 10
-0.4053401468455402
 20
-0.04186315944525013
 10
-0.4051033357505439
 20
-0.04486720449601155
 10
-0.4048801214648296
 20
-0.04773188225163162
 10
-0.4046773023930384
 20
-0.050380710659898416
 10
-0.4045016769398114
 20
-0.05273720766860043
 10
-0.40436004350978966
 20
-0.054724891225525776
 10
-0.40425920050761427
 20
-0.05626727927846269
 10
-0.404205946337926
 20
-0.05728788977519942
 10
-0.40398839738941267
 20
-0.06091370558375635
 10
-0.4075416968817984
 20
-0.06178390137781004
 10
-0.40955742385786803
 20
-0.06222735564720821
 10
-0.4111312545322698
 20
-0.0625169960116027
 10
-0.412324374546773
 20
-0.06264177506345174
 10
-0.4131979695431472
 20
-0.06259064539521393
 10
-0.4138132251631617
 20
-0.062352559599347386
 10
-0.41423132704858595
 20
-0.06191647026831037
 10
-0.4145134608411893
 20
-0.06127132999456128
 10
-0.4147208121827411
 20
-0.06040609137055834
  0
LWPOLYLINE
  5
75
330
54
100
AcDbEntity
  8
A-ANNO-TEXT
100
AcDbPolyline
 90
43
 70
1
 10
0.16453952139231326
 20
-0.027121102248005787
 10
0.16483015319071792
 20
-0.02525833937635965
 10
0.16515137781000724
 20
-0.02304205946337916
 10
0.16549299764321973
 20
-0.02055384336475707
 10
0.1658448150833938
 20
-0.017875271936185544
 10
0.16619663252356778
 20
-0.01508792603335749
 10
0.16653825235678027
 20
-0.01227338651196516
 10
0.1668594769760696
 20
-0.009513234227701216
 10
0.16715010877447425
 20
-0.006889050036258159
 10
0.16775275901921674
 20
-0.0015938009880347914
 10
0.16828657541696884
 20
0.0028541968817984214
 10
0.16879829699963744
 20
0.006756622779187817
 10
0.16933466279912984
 20
0.010415155910079736
 10
0.16994241184735315
 20
0.014131475480420595
 10
0.17066828317621466
 20
0.01820726069615657
 10
0.1715590158176215
 20
0.022944190763234246
 10
0.1726613488034808
 20
0.02864394488759971
 10
0.1727290495830311
 20
0.02908258362037702
 10
0.1727678571428571
 20
0.029420096084118927
 10
0.17277607188179842
 20
0.029657332079405366
 10
0.17275199419869464
 20
0.02979514140681652
 10
0.1726939244923858
 20
0.02983437386693256
 10
0.1726001631617114
 20
0.029775879260333593
 10
0.17246901060551129
 20
0.02962050738759971
 10
0.1722987672226251
 20
0.029369108049311095
 10
0.1712771652918782
 20
0.02627654210478608
 10
0.1691703680203046
 20
0.019054795141406868
 10
0.16635483706490212
 20
0.009074595494923825
 10
0.1632070340826686
 20
-0.0022933284989122716
 10
0.1601034207306019
 20
-0.01367824850435098
 10
0.15742045866569981
 20
-0.02370943618564177
 10
0.15553460954496015
 20
-0.031016163207034115
 10
0.1548223350253807
 20
-0.03422770123277741
 10
0.1548782802302393
 20
-0.034455589421682364
 10
0.1550523477157361
 20
-0.03465033538796236
 10
0.15535388528825234
 20
-0.03481278893219725
 10
0.15579224075416967
 20
-0.034943799854967365
 10
0.15637676191986946
 20
-0.03504421795685283
 10
0.15711679659173314
 20
-0.03511489303843363
 10
0.15802169257614218
 20
-0.03515667490029005
 10
0.15910079767947788
 20
-0.03517041334300218
 10
0.16330674401740394
 20
-0.03517041334300218
 10
0.16453952139231326
 20
-0.027121102248005787
  0
ENDBLK
  5
56
330
54
100
AcDbEntity
  8
0
100
AcDbBlockEnd
  0
ENDSEC
  0
SECTION
  2
ENTITIES
  0
LWPOLYLINE
  5
34
330
17
100
AcDbEntity
  8
G-ANNO-TTLB
100
AcDbPolyline
 90
4
 70
1
 10
0.5
 20
0.5
 10
16.5
 20
0.5
 10
16.5
 20
10.5
 10
0.5
 20
10.5
  0
LWPOLYLINE
  5
35
330
17
100
AcDbEntity
  8
G-ANNO-TTLB
100
AcDbPolyline
 90
4
 70
1
 10
0.5
 20
1.45
 10
16.5
 20
1.45
 10
16.5
 20
1.85
 10
0.5
 20
1.85
  0
TEXT
  5
36
330
17
100
AcDbEntity
  8
G-ANNO-TTLB
100
AcDbText
 10
8.5
 20
1.5699999999999998
 30
0.0
 40
0.16999999999999998
  1
PRELIMINARY — CONCEPTUAL DESIGN — NOT FOR CONSTRUCTION
  7
KS-BOLD
 72
1
 11
8.5
 21
1.5699999999999998
 31
0.0
100
AcDbText
  0
LINE
  5
37
330
17
100
AcDbEntity
  8
G-ANNO-TTLB
100
AcDbLine
 10
0.5
 20
1.45
 30
0.0
 11
16.5
 21
1.45
 31
0.0
  0
TEXT
  5
38
330
17
100
AcDbEntity
  8
G-ANNO-TTLB
100
AcDbText
 10
0.58
 20
1.28
 30
0.0
 40
0.06999999999999999
  1
PROJECT
  7
KS-REG
 11
0.58
 21
1.28
 31
0.0
100
AcDbText
  0
TEXT
  5
39
330
17
100
AcDbEntity
  8
G-ANNO-TTLB
100
AcDbText
 10
0.58
 20
0.9991666666666666
 30
0.0
 40
0.11499999999999999
  1
Hazel Green Regional Athletic Complex
  7
KS-BOLD
 11
0.58
 21
0.9991666666666666
 31
0.0
100
AcDbText
  0
TEXT
  5
3A
330
17
100
AcDbEntity
  8
G-ANNO-TTLB
100
AcDbText
 10
0.58
 20
0.7883333333333333
 30
0.0
 40
0.11499999999999999
  1
Trojan Horse Arena · Hazel Green area, Madison
  7
KS-BOLD
 11
0.58
 21
0.7883333333333333
 31
0.0
100
AcDbText
  0
TEXT
  5
3B
330
17
100
AcDbEntity
  8
G-ANNO-TTLB
100
AcDbText
 10
0.58
 20
0.5775
 30
0.0
 40
0.11499999999999999
  1
County, Alabama (site TBD, D-006)
  7
KS-BOLD
 11
0.58
 21
0.5775
 31
0.0
100
AcDbText
  0
LINE
  5
3C
330
17
100
AcDbEntity
  8
G-ANNO-TTLB
100
AcDbLine
 10
5.2
 20
0.5
 30
0.0
 11
5.2
 21
1.45
 31
0.0
  0
TEXT
  5
3D
330
17
100
AcDbEntity
  8
G-ANNO-TTLB
100
AcDbText
 10
5.28
 20
1.28
 30
0.0
 40
0.06999999999999999
  1
PHASE
  7
KS-REG
 11
5.28
 21
1.28
 31
0.0
100
AcDbText
  0
TEXT
  5
3E
330
17
100
AcDbEntity
  8
G-ANNO-TTLB
100
AcDbText
 10
5.28
 20
0.9716666666666667
 30
0.0
 40
0.13
  1
PHASE 2
  7
KS-BOLD
 11
5.28
 21
0.9716666666666667
 31
0.0
100
AcDbText
  0
LINE
  5
3F
330
17
100
AcDbEntity
  8
G-ANNO-TTLB
100
AcDbLine
 10
6.7
 20
0.5
 30
0.0
 11
6.7
 21
1.45
 31
0.0
  0
TEXT
  5
40
330
17
100
AcDbEntity
  8
G-ANNO-TTLB
100
AcDbText
 10
6.78
 20
1.28
 30
0.0
 40
0.06999999999999999
  1
SHEET TITLE
  7
KS-REG
 11
6.78
 21
1.28
 31
0.0
100
AcDbText
  0
TEXT
  5
41
330
17
100
AcDbEntity
  8
G-ANNO-TTLB
100
AcDbText
 10
6.78
 20
0.9991666666666666
 30
0.0
 40
0.11499999999999999
  1
COVER SHEET
  7
KS-BOLD
 11
6.78
 21
0.9991666666666666
 31
0.0
100
AcDbText
  0
TEXT
  5
42
330
17
100
AcDbEntity
  8
G-ANNO-TTLB
100
AcDbText
 10
6.78
 20
0.7883333333333333
 30
0.0
 40
0.11499999999999999
  1
SHEET INDEX + DECISIONS
  7
KS-BOLD
 11
6.78
 21
0.7883333333333333
 31
0.0
100
AcDbText
  0
LINE
  5
43
330
17
100
AcDbEntity
  8
G-ANNO-TTLB
100
AcDbLine
 10
9.8
 20
0.5
 30
0.0
 11
9.8
 21
1.45
 31
0.0
  0
TEXT
  5
44
330
17
100
AcDbEntity
  8
G-ANNO-TTLB
100
AcDbText
 10
9.88
 20
1.28
 30
0.0
 40
0.06999999999999999
  1
SCALE
  7
KS-REG
 11
9.88
 21
1.28
 31
0.0
100
AcDbText
  0
TEXT
  5
45
330
17
100
AcDbEntity
  8
G-ANNO-TTLB
100
AcDbText
 10
9.88
 20
0.9716666666666667
 30
0.0
 40
0.13
  1
NTS
  7
KS-BOLD
 11
9.88
 21
0.9716666666666667
 31
0.0
100
AcDbText
  0
LINE
  5
46
330
17
100
AcDbEntity
  8
G-ANNO-TTLB
100
AcDbLine
 10
10.700000000000001
 20
0.5
 30
0.0
 11
10.700000000000001
 21
1.45
 31
0.0
  0
TEXT
  5
47
330
17
100
AcDbEntity
  8
G-ANNO-TTLB
100
AcDbText
 10
10.780000000000001
 20
1.28
 30
0.0
 40
0.06999999999999999
  1
DATE
  7
KS-REG
 11
10.780000000000001
 21
1.28
 31
0.0
100
AcDbText
  0
TEXT
  5
48
330
17
100
AcDbEntity
  8
G-ANNO-TTLB
100
AcDbText
 10
10.780000000000001
 20
0.9716666666666667
 30
0.0
 40
0.13
  1
October
  7
KS-BOLD
 11
10.780000000000001
 21
0.9716666666666667
 31
0.0
100
AcDbText
  0
TEXT
  5
49
330
17
100
AcDbEntity
  8
G-ANNO-TTLB
100
AcDbText
 10
10.780000000000001
 20
0.7333333333333334
 30
0.0
 40
0.13
  1
2026
  7
KS-BOLD
 11
10.780000000000001
 21
0.7333333333333334
 31
0.0
100
AcDbText
  0
LINE
  5
4A
330
17
100
AcDbEntity
  8
G-ANNO-TTLB
100
AcDbLine
 10
12.15
 20
0.5
 30
0.0
 11
12.15
 21
1.45
 31
0.0
  0
TEXT
  5
4B
330
17
100
AcDbEntity
  8
G-ANNO-TTLB
100
AcDbText
 10
12.23
 20
1.28
 30
0.0
 40
0.06999999999999999
  1
REV
  7
KS-REG
 11
12.23
 21
1.28
 31
0.0
100
AcDbText
  0
TEXT
  5
4C
330
17
100
AcDbEntity
  8
G-ANNO-TTLB
100
AcDbText
 10
12.23
 20
0.9716666666666667
 30
0.0
 40
0.13
  1
C
  7
KS-BOLD
 11
12.23
 21
0.9716666666666667
 31
0.0
100
AcDbText
  0
LINE
  5
4D
330
17
100
AcDbEntity
  8
G-ANNO-TTLB
100
AcDbLine
 10
12.9
 20
0.5
 30
0.0
 11
12.9
 21
1.45
 31
0.0
  0
TEXT
  5
4E
330
17
100
AcDbEntity
  8
G-ANNO-TTLB
100
AcDbText
 10
12.98
 20
1.28
 30
0.0
 40
0.06999999999999999
  1
DRAWN BY
  7
KS-REG
 11
12.98
 21
1.28
 31
0.0
100
AcDbText
  0
TEXT
  5
4F
330
17
100
AcDbEntity
  8
G-ANNO-TTLB
100
AcDbText
 10
12.98
 20
1.0358333333333332
 30
0.0
 40
0.095
  1
Drawn by Claude (AI) for
  7
KS-REG
 11
12.98
 21
1.0358333333333332
 31
0.0
100
AcDbText
  0
TEXT
  5
50
330
17
100
AcDbEntity
  8
G-ANNO-TTLB
100
AcDbText
 10
12.98
 20
0.8616666666666665
 30
0.0
 40
0.095
  1
Shane Brazelton
  7
KS-REG
 11
12.98
 21
0.8616666666666665
 31
0.0
100
AcDbText
  0
LINE
  5
51
330
17
100
AcDbEntity
  8
G-ANNO-TTLB
100
AcDbLine
 10
15.0
 20
0.5
 30
0.0
 11
15.0
 21
1.45
 31
0.0
  0
TEXT
  5
52
330
17
100
AcDbEntity
  8
G-ANNO-TTLB
100
AcDbText
 10
15.08
 20
1.28
 30
0.0
 40
0.06999999999999999
  1
SHEET
  7
KS-REG
 11
15.08
 21
1.28
 31
0.0
100
AcDbText
  0
TEXT
  5
53
330
17
100
AcDbEntity
  8
G-ANNO-TTLB
100
AcDbText
 10
15.75
 20
0.77
 30
0.0
 40
0.18
  1
P2-G-001
  7
KS-BOLD
 72
1
 11
15.75
 21
0.77
 31
0.0
100
AcDbText
  0
INSERT
  5
76
330
17
100
AcDbEntity
  8
A-ANNO-TEXT
100
AcDbBlockReference
  2
THA_MARK
 10
3.025
 20
8.83
 30
0.0
 41
2.5
 42
2.5
  0
TEXT
  5
78
330
17
100
AcDbEntity
  8
A-ANNO-TEXT
100
AcDbText
 10
3.025
 20
7.330000000000001
 30
0.0
 40
0.2
  1
TROJAN HORSE ARENA
  7
KS-BOLD
 72
1
 11
3.025
 21
7.330000000000001
 31
0.0
100
AcDbText
  0
TEXT
  5
79
330
17
100
AcDbEntity
  8
A-ANNO-TEXT
100
AcDbText
 10
3.025
 20
7.030000000000001
 30
0.0
 40
0.11
  1
Hazel Green Regional Athletic Complex
  7
KS-BOLD
 72
1
 11
3.025
 21
7.030000000000001
 31
0.0
100
AcDbText
  0
TEXT
  5
7A
330
17
100
AcDbEntity
  8
A-ANNO-TEXT
100
AcDbText
 10
3.025
 20
6.810000000000001
 30
0.0
 40
0.08499999999999999
  1
Hazel Green area, Madison County, Alabama (site TBD, D-006)
  7
KS-REG
 72
1
 11
3.025
 21
6.810000000000001
 31
0.0
100
AcDbText
  0
LINE
  5
7B
330
17
100
AcDbEntity
  8
A-ANNO-TEXT
100
AcDbLine
 10
0.75
 20
6.4700000000000015
 30
0.0
 11
5.3
 21
6.4700000000000015
 31
0.0
  0
TEXT
  5
7C
330
17
100
AcDbEntity
  8
A-ANNO-TEXT
100
AcDbText
 10
3.025
 20
6.150000000000001
 30
0.0
 40
0.12499999999999999
  1
PHASE 2 — SCHEMATIC DESIGN SET · REV D
  7
KS-BOLD
 72
1
 11
3.025
 21
6.150000000000001
 31
0.0
100
AcDbText
  0
TEXT
  5
7D
330
17
100
AcDbEntity
  8
A-ANNO-TEXT
100
AcDbText
 10
3.025
 20
5.9300000000000015
 30
0.0
 40
0.07999999999999999
  1
Program package for the Alabama-registered architect of record · October 2026
  7
KS-REG
 72
1
 11
3.025
 21
5.9300000000000015
 31
0.0
100
AcDbText
  0
TEXT
  5
7E
330
17
100
AcDbEntity
  8
A-ANNO-TEXT
100
AcDbText
 10
0.75
 20
5.649600000000001
 30
0.0
 40
0.08288000000000001
  1
PROJECT
  7
KS-BOLD
 11
0.75
 21
5.649600000000001
 31
0.0
100
AcDbText
  0
LINE
  5
7F
330
17
100
AcDbEntity
  8
A-ANNO-TEXT
100
AcDbLine
 10
0.75
 20
5.604600000000001
 30
0.0
 11
5.3
 21
5.604600000000001
 31
0.0
  0
TEXT
  5
80
330
17
100
AcDbEntity
  8
G-ANNO-TABL
100
AcDbText
 10
0.75
 20
5.444000000000002
 30
0.0
 40
0.06272
  1
Building
  7
KS-REG
 11
0.75
 21
5.444000000000002
 31
0.0
100
AcDbText
  0
TEXT
  5
81
330
17
100
AcDbEntity
  8
G-ANNO-TABL
100
AcDbText
 10
2.0
 20
5.444000000000002
 30
0.0
 40
0.06272
  1
Indoor athletic arena, 2 levels; 210 x 252 ft + NE stair tower, + storage
  7
KS-REG
 11
2.0
 21
5.444000000000002
 31
0.0
100
AcDbText
  0
TEXT
  5
82
330
17
100
AcDbEntity
  8
G-ANNO-TABL
100
AcDbText
 10
2.0
 20
5.318784000000002
 30
0.0
 40
0.06272
  1
annex (north) + restroom bump-out (east)
  7
KS-REG
 11
2.0
 21
5.318784000000002
 31
0.0
100
AcDbText
  0
TEXT
  5
83
330
17
100
AcDbEntity
  8
G-ANNO-TABL
100
AcDbText
 10
0.75
 20
5.153184000000002
 30
0.0
 40
0.06272
  1
Owner / client
  7
KS-REG
 11
0.75
 21
5.153184000000002
 31
0.0
100
AcDbText
  0
TEXT
  5
84
330
17
100
AcDbEntity
  8
G-ANNO-TABL
100
AcDbText
 10
2.0
 20
5.153184000000002
 30
0.0
 40
0.06272
  1
Shane Brazelton (owner of record OPEN, D-007)
  7
KS-REG
 11
2.0
 21
5.153184000000002
 31
0.0
100
AcDbText
  0
TEXT
  5
85
330
17
100
AcDbEntity
  8
G-ANNO-TABL
100
AcDbText
 10
0.75
 20
5.007584000000002
 30
0.0
 40
0.06272
  1
Site
  7
KS-REG
 11
0.75
 21
5.007584000000002
 31
0.0
100
AcDbText
  0
TEXT
  5
86
330
17
100
AcDbEntity
  8
G-ANNO-TABL
100
AcDbText
 10
2.0
 20
5.007584000000002
 30
0.0
 40
0.06272
  1
TBD — unincorporated Hazel Green, Madison County, AL (D-006)
  7
KS-REG
 11
2.0
 21
5.007584000000002
 31
0.0
100
AcDbText
  0
TEXT
  5
87
330
17
100
AcDbEntity
  8
G-ANNO-TABL
100
AcDbText
 10
0.75
 20
4.861984000000002
 30
0.0
 40
0.06272
  1
Code basis
  7
KS-REG
 11
0.75
 21
4.861984000000002
 31
0.0
100
AcDbText
  0
TEXT
  5
88
330
17
100
AcDbEntity
  8
G-ANNO-TABL
100
AcDbText
 10
2.0
 20
4.861984000000002
 30
0.0
 40
0.06272
  1
IBC 2021 ASSUMED; county on 2018, State Fire Marshal on 2021 — AHJ to
  7
KS-REG
 11
2.0
 21
4.861984000000002
 31
0.0
100
AcDbText
  0
TEXT
  5
89
330
17
100
AcDbEntity
  8
G-ANNO-TABL
100
AcDbText
 10
2.0
 20
4.736768000000002
 30
0.0
 40
0.06272
  1
confirm (D-008)
  7
KS-REG
 11
2.0
 21
4.736768000000002
 31
0.0
100
AcDbText
  0
TEXT
  5
8A
330
17
100
AcDbEntity
  8
G-ANNO-TABL
100
AcDbText
 10
0.75
 20
4.571168000000003
 30
0.0
 40
0.06272
  1
Occupancy
  7
KS-REG
 11
0.75
 21
4.571168000000003
 31
0.0
100
AcDbText
  0
TEXT
  5
8B
330
17
100
AcDbEntity
  8
G-ANNO-TABL
100
AcDbText
 10
2.0
 20
4.571168000000003
 30
0.0
 40
0.06272
  1
A-4 main (arena), nonseparated mixed, fully sprinklered (ASSUMED,
  7
KS-REG
 11
2.0
 21
4.571168000000003
 31
0.0
100
AcDbText
  0
TEXT
  5
8C
330
17
100
AcDbEntity
  8
G-ANNO-TABL
100
AcDbText
 10
2.0
 20
4.445952000000003
 30
0.0
 40
0.06272
  1
P2-G-002)
  7
KS-REG
 11
2.0
 21
4.445952000000003
 31
0.0
100
AcDbText
  0
TEXT
  5
8D
330
17
100
AcDbEntity
  8
G-ANNO-TABL
100
AcDbText
 10
0.75
 20
4.280352000000003
 30
0.0
 40
0.06272
  1
Construction type
  7
KS-REG
 11
0.75
 21
4.280352000000003
 31
0.0
100
AcDbText
  0
TEXT
  5
8E
330
17
100
AcDbEntity
  8
G-ANNO-TABL
100
AcDbText
 10
2.0
 20
4.280352000000003
 30
0.0
 40
0.06272
  1
TBD (architect)
  7
KS-REG
 11
2.0
 21
4.280352000000003
 31
0.0
100
AcDbText
  0
TEXT
  5
8F
330
17
100
AcDbEntity
  8
A-ANNO-TEXT
100
AcDbText
 10
0.75
 20
3.9999520000000035
 30
0.0
 40
0.08288000000000001
  1
GENERAL NOTES
  7
KS-BOLD
 11
0.75
 21
3.9999520000000035
 31
0.0
100
AcDbText
  0
LINE
  5
90
330
17
100
AcDbEntity
  8
A-ANNO-TEXT
100
AcDbLine
 10
0.75
 20
3.9549520000000036
 30
0.0
 11
5.3
 21
3.9549520000000036
 31
0.0
  0
TEXT
  5
91
330
17
100
AcDbEntity
  8
A-ANNO-TEXT
100
AcDbText
 10
0.75
 20
3.82701866666667
 30
0.0
 40
0.061599999999999995
  1
•
  7
KS-REG
 11
0.75
 21
3.82701866666667
 31
0.0
100
AcDbText
  0
TEXT
  5
92
330
17
100
AcDbEntity
  8
A-ANNO-TEXT
100
AcDbText
 10
0.85
 20
3.82701866666667
 30
0.0
 40
0.061599999999999995
  1
PRELIMINARY — CONCEPTUAL DESIGN — NOT FOR CONSTRUCTION. Schematic program
  7
KS-REG
 11
0.85
 21
3.82701866666667
 31
0.0
100
AcDbText
  0
TEXT
  5
93
330
17
100
AcDbEntity
  8
A-ANNO-TEXT
100
AcDbText
 10
0.85
 20
3.714085333333337
 30
0.0
 40
0.061599999999999995
  1
package only; not a code review, not sealed.
  7
KS-REG
 11
0.85
 21
3.714085333333337
 31
0.0
100
AcDbText
  0
TEXT
  5
94
330
17
100
AcDbEntity
  8
A-ANNO-TEXT
100
AcDbText
 10
0.75
 20
3.57291866666667
 30
0.0
 40
0.061599999999999995
  1
•
  7
KS-REG
 11
0.75
 21
3.57291866666667
 31
0.0
100
AcDbText
  0
TEXT
  5
95
330
17
100
AcDbEntity
  8
A-ANNO-TEXT
100
AcDbText
 10
0.85
 20
3.57291866666667
 30
0.0
 40
0.061599999999999995
  1
Alabama requires a registered architect for this assembly building (Ala. Admin. Code
  7
KS-REG
 11
0.85
 21
3.57291866666667
 31
0.0
100
AcDbText
  0
TEXT
  5
96
330
17
100
AcDbEntity
  8
A-ANNO-TEXT
100
AcDbText
 10
0.85
 20
3.4599853333333366
 30
0.0
 40
0.061599999999999995
  1
100-X-4-.03). This set is the program for that architect, who sets door widths, construction type,
  7
KS-REG
 11
0.85
 21
3.4599853333333366
 31
0.0
100
AcDbText
  0
TEXT
  5
97
330
17
100
AcDbEntity
  8
A-ANNO-TEXT
100
AcDbText
 10
0.85
 20
3.3470520000000032
 30
0.0
 40
0.061599999999999995
  1
structure and MEP.
  7
KS-REG
 11
0.85
 21
3.3470520000000032
 31
0.0
100
AcDbText
  0
TEXT
  5
98
330
17
100
AcDbEntity
  8
A-ANNO-TEXT
100
AcDbText
 10
0.75
 20
3.2058853333333364
 30
0.0
 40
0.061599999999999995
  1
•
  7
KS-REG
 11
0.75
 21
3.2058853333333364
 31
0.0
100
AcDbText
  0
TEXT
  5
99
330
17
100
AcDbEntity
  8
A-ANNO-TEXT
100
AcDbText
 10
0.85
 20
3.2058853333333364
 30
0.0
 40
0.061599999999999995
  1
Labels on every sheet: DECIDED = Shane's decision (D-###); ASSUMED = KEYSTONE / Claude
  7
KS-REG
 11
0.85
 21
3.2058853333333364
 31
0.0
100
AcDbText
  0
TEXT
  5
9A
330
17
100
AcDbEntity
  8
A-ANNO-TEXT
100
AcDbText
 10
0.85
 20
3.092952000000003
 30
0.0
 40
0.061599999999999995
  1
placeholder; CITED = code or source reference.
  7
KS-REG
 11
0.85
 21
3.092952000000003
 31
0.0
100
AcDbText
  0
TEXT
  5
9B
330
17
100
AcDbEntity
  8
A-ANNO-TEXT
100
AcDbText
 10
0.75
 20
2.951785333333336
 30
0.0
 40
0.061599999999999995
  1
•
  7
KS-REG
 11
0.75
 21
2.951785333333336
 31
0.0
100
AcDbText
  0
TEXT
  5
9C
330
17
100
AcDbEntity
  8
A-ANNO-TEXT
100
AcDbText
 10
0.85
 20
2.951785333333336
 30
0.0
 40
0.061599999999999995
  1
Drawn by AI (KEYSTONE / Claude) for Shane Brazelton. Older revisions are frozen history; new
  7
KS-REG
 11
0.85
 21
2.951785333333336
 31
0.0
100
AcDbText
  0
TEXT
  5
9D
330
17
100
AcDbEntity
  8
A-ANNO-TEXT
100
AcDbText
 10
0.85
 20
2.838852000000003
 30
0.0
 40
0.061599999999999995
  1
revisions are new files.
  7
KS-REG
 11
0.85
 21
2.838852000000003
 31
0.0
100
AcDbText
  0
LINE
  5
9E
330
17
100
AcDbEntity
  8
A-ANNO-TEXT
100
AcDbLine
 10
5.5
 20
10.33
 30
0.0
 11
5.5
 21
1.9500000000000002
 31
0.0
  0
LINE
  5
9F
330
17
100
AcDbEntity
  8
A-ANNO-TEXT
100
AcDbLine
 10
11.0
 20
10.33
 30
0.0
 11
11.0
 21
1.9500000000000002
 31
0.0
  0
TEXT
  5
A0
330
17
100
AcDbEntity
  8
A-ANNO-TEXT
100
AcDbText
 10
5.7
 20
10.199600000000002
 30
0.0
 40
0.08288000000000001
  1
SHEET INDEX — PHASE 2 SCHEMATIC SET REV D (sheet-number order)
  7
KS-BOLD
 11
5.7
 21
10.199600000000002
 31
0.0
100
AcDbText
  0
LINE
  5
A1
330
17
100
AcDbEntity
  8
A-ANNO-TEXT
100
AcDbLine
 10
5.7
 20
10.154600000000002
 30
0.0
 11
10.8
 21
10.154600000000002
 31
0.0
  0
TEXT
  5
A2
330
17
100
AcDbEntity
  8
G-ANNO-TABL
100
AcDbText
 10
5.7
 20
9.988400000000002
 30
0.0
 40
0.06272
  1
SHEET
  7
KS-BOLD
 11
5.7
 21
9.988400000000002
 31
0.0
100
AcDbText
  0
TEXT
  5
A3
330
17
100
AcDbEntity
  8
G-ANNO-TABL
100
AcDbText
 10
6.42
 20
9.988400000000002
 30
0.0
 40
0.06272
  1
TITLE
  7
KS-BOLD
 11
6.42
 21
9.988400000000002
 31
0.0
100
AcDbText
  0
TEXT
  5
A4
330
17
100
AcDbEntity
  8
G-ANNO-TABL
100
AcDbText
 10
8.95
 20
9.988400000000002
 30
0.0
 40
0.06272
  1
REV
  7
KS-BOLD
 11
8.95
 21
9.988400000000002
 31
0.0
100
AcDbText
  0
TEXT
  5
A5
330
17
100
AcDbEntity
  8
G-ANNO-TABL
100
AcDbText
 10
9.25
 20
9.988400000000002
 30
0.0
 40
0.06272
  1
STATUS
  7
KS-BOLD
 11
9.25
 21
9.988400000000002
 31
0.0
100
AcDbText
  0
LINE
  5
A6
330
17
100
AcDbEntity
  8
G-ANNO-TABL
100
AcDbLine
 10
5.7
 20
9.953400000000002
 30
0.0
 11
10.8
 21
9.953400000000002
 31
0.0
  0
TEXT
  5
A7
330
17
100
AcDbEntity
  8
G-ANNO-TABL
100
AcDbText
 10
5.7
 20
9.817200000000003
 30
0.0
 40
0.06272
  1
P2-G-001
  7
KS-BOLD
 11
5.7
 21
9.817200000000003
 31
0.0
100
AcDbText
  0
TEXT
  5
A8
330
17
100
AcDbEntity
  8
G-ANNO-TABL
100
AcDbText
 10
6.42
 20
9.817200000000003
 30
0.0
 40
0.06272
  1
Cover sheet — sheet index + decisions
  7
KS-BOLD
 11
6.42
 21
9.817200000000003
 31
0.0
100
AcDbText
  0
TEXT
  5
A9
330
17
100
AcDbEntity
  8
G-ANNO-TABL
100
AcDbText
 10
8.95
 20
9.817200000000003
 30
0.0
 40
0.06272
  1
C
  7
KS-BOLD
 11
8.95
 21
9.817200000000003
 31
0.0
100
AcDbText
  0
TEXT
  5
AA
330
17
100
AcDbEntity
  8
G-ANNO-TABL
100
AcDbText
 10
9.25
 20
9.817200000000003
 30
0.0
 40
0.06272
  1
NEW (this sheet)
  7
KS-BOLD
 11
9.25
 21
9.817200000000003
 31
0.0
100
AcDbText
  0
TEXT
  5
AB
330
17
100
AcDbEntity
  8
G-ANNO-TABL
100
AcDbText
 10
5.7
 20
9.666000000000004
 30
0.0
 40
0.06272
  1
P2-G-002
  7
KS-REG
 11
5.7
 21
9.666000000000004
 31
0.0
100
AcDbText
  0
TEXT
  5
AC
330
17
100
AcDbEntity
  8
G-ANNO-TABL
100
AcDbText
 10
6.42
 20
9.666000000000004
 30
0.0
 40
0.06272
  1
Code analysis (schematic)
  7
KS-REG
 11
6.42
 21
9.666000000000004
 31
0.0
100
AcDbText
  0
TEXT
  5
AD
330
17
100
AcDbEntity
  8
G-ANNO-TABL
100
AcDbText
 10
8.95
 20
9.666000000000004
 30
0.0
 40
0.06272
  1
D
  7
KS-REG
 11
8.95
 21
9.666000000000004
 31
0.0
100
AcDbText
  0
TEXT
  5
AE
330
17
100
AcDbEntity
  8
G-ANNO-TABL
100
AcDbText
 10
9.25
 20
9.666000000000004
 30
0.0
 40
0.06272
  1
IN REVIEW (last approved Rev C)
  7
KS-REG
 11
9.25
 21
9.666000000000004
 31
0.0
100
AcDbText
  0
TEXT
  5
AF
330
17
100
AcDbEntity
  8
G-ANNO-TABL
100
AcDbText
 10
5.7
 20
9.514800000000005
 30
0.0
 40
0.06272
  1
P2-G-003
  7
KS-REG
 11
5.7
 21
9.514800000000005
 31
0.0
100
AcDbText
  0
TEXT
  5
B0
330
17
100
AcDbEntity
  8
G-ANNO-TABL
100
AcDbText
 10
6.42
 20
9.514800000000005
 30
0.0
 40
0.06272
  1
Program test-fit — program + loop + storage +
  7
KS-REG
 11
6.42
 21
9.514800000000005
 31
0.0
100
AcDbText
  0
TEXT
  5
B1
330
17
100
AcDbEntity
  8
G-ANNO-TABL
100
AcDbText
 10
8.95
 20
9.514800000000005
 30
0.0
 40
0.06272
  1
K
  7
KS-REG
 11
8.95
 21
9.514800000000005
 31
0.0
100
AcDbText
  0
TEXT
  5
B2
330
17
100
AcDbEntity
  8
G-ANNO-TABL
100
AcDbText
 10
9.25
 20
9.514800000000005
 30
0.0
 40
0.06272
  1
APPROVED
  7
KS-REG
 11
9.25
 21
9.514800000000005
 31
0.0
100
AcDbText
  0
TEXT
  5
B3
330
17
100
AcDbEntity
  8
G-ANNO-TABL
100
AcDbText
 10
6.42
 20
9.384768000000005
 30
0.0
 40
0.06272
  1
restrooms
  7
KS-REG
 11
6.42
 21
9.384768000000005
 31
0.0
100
AcDbText
  0
TEXT
  5
B4
330
17
100
AcDbEntity
  8
G-ANNO-TABL
100
AcDbText
 10
5.7
 20
9.213568000000006
 30
0.0
 40
0.06272
  1
P2-C-101
  7
KS-REG
 11
5.7
 21
9.213568000000006
 31
0.0
100
AcDbText
  0
TEXT
  5
B5
330
17
100
AcDbEntity
  8
G-ANNO-TABL
100
AcDbText
 10
6.42
 20
9.213568000000006
 30
0.0
 40
0.06272
  1
Site plan — campus diagram (site TBD)
  7
KS-REG
 11
6.42
 21
9.213568000000006
 31
0.0
100
AcDbText
  0
TEXT
  5
B6
330
17
100
AcDbEntity
  8
G-ANNO-TABL
100
AcDbText
 10
8.95
 20
9.213568000000006
 30
0.0
 40
0.06272
  1
F
  7
KS-REG
 11
8.95
 21
9.213568000000006
 31
0.0
100
AcDbText
  0
TEXT
  5
B7
330
17
100
AcDbEntity
  8
G-ANNO-TABL
100
AcDbText
 10
9.25
 20
9.213568000000006
 30
0.0
 40
0.06272
  1
IN REVIEW (last approved Rev E)
  7
KS-REG
 11
9.25
 21
9.213568000000006
 31
0.0
100
AcDbText
  0
TEXT
  5
B8
330
17
100
AcDbEntity
  8
G-ANNO-TABL
100
AcDbText
 10
5.7
 20
9.062368000000006
 30
0.0
 40
0.06272
  1
P2-A-101
  7
KS-REG
 11
5.7
 21
9.062368000000006
 31
0.0
100
AcDbText
  0
TEXT
  5
B9
330
17
100
AcDbEntity
  8
G-ANNO-TABL
100
AcDbText
 10
6.42
 20
9.062368000000006
 30
0.0
 40
0.06272
  1
Overall floor plan — Level 1 (block plan)
  7
KS-REG
 11
6.42
 21
9.062368000000006
 31
0.0
100
AcDbText
  0
TEXT
  5
BA
330
17
100
AcDbEntity
  8
G-ANNO-TABL
100
AcDbText
 10
8.95
 20
9.062368000000006
 30
0.0
 40
0.06272
  1
J
  7
KS-REG
 11
8.95
 21
9.062368000000006
 31
0.0
100
AcDbText
  0
TEXT
  5
BB
330
17
100
AcDbEntity
  8
G-ANNO-TABL
100
AcDbText
 10
9.25
 20
9.062368000000006
 30
0.0
 40
0.06272
  1
IN REVIEW (last approved Rev I)
  7
KS-REG
 11
9.25
 21
9.062368000000006
 31
0.0
100
AcDbText
  0
TEXT
  5
BC
330
17
100
AcDbEntity
  8
G-ANNO-TABL
100
AcDbText
 10
5.7
 20
8.911168000000007
 30
0.0
 40
0.06272
  1
P2-A-102
  7
KS-REG
 11
5.7
 21
8.911168000000007
 31
0.0
100
AcDbText
  0
TEXT
  5
BD
330
17
100
AcDbEntity
  8
G-ANNO-TABL
100
AcDbText
 10
6.42
 20
8.911168000000007
 30
0.0
 40
0.06272
  1
Overall floor plan — Level 2 (block plan)
  7
KS-REG
 11
6.42
 21
8.911168000000007
 31
0.0
100
AcDbText
  0
TEXT
  5
BE
330
17
100
AcDbEntity
  8
G-ANNO-TABL
100
AcDbText
 10
8.95
 20
8.911168000000007
 30
0.0
 40
0.06272
  1
F
  7
KS-REG
 11
8.95
 21
8.911168000000007
 31
0.0
100
AcDbText
  0
TEXT
  5
BF
330
17
100
AcDbEntity
  8
G-ANNO-TABL
100
AcDbText
 10
9.25
 20
8.911168000000007
 30
0.0
 40
0.06272
  1
APPROVED
  7
KS-REG
 11
9.25
 21
8.911168000000007
 31
0.0
100
AcDbText
  0
TEXT
  5
C0
330
17
100
AcDbEntity
  8
G-ANNO-TABL
100
AcDbText
 10
5.7
 20
8.759968000000008
 30
0.0
 40
0.06272
  1
P2-A-103
  7
KS-REG
 11
5.7
 21
8.759968000000008
 31
0.0
100
AcDbText
  0
TEXT
  5
C1
330
17
100
AcDbEntity
  8
G-ANNO-TABL
100
AcDbText
 10
6.42
 20
8.759968000000008
 30
0.0
 40
0.06272
  1
Floor overlays — mats, seating + conversions (V2
  7
KS-REG
 11
6.42
 21
8.759968000000008
 31
0.0
100
AcDbText
  0
TEXT
  5
C2
330
17
100
AcDbEntity
  8
G-ANNO-TABL
100
AcDbText
 10
8.95
 20
8.759968000000008
 30
0.0
 40
0.06272
  1
D
  7
KS-REG
 11
8.95
 21
8.759968000000008
 31
0.0
100
AcDbText
  0
TEXT
  5
C3
330
17
100
AcDbEntity
  8
G-ANNO-TABL
100
AcDbText
 10
9.25
 20
8.759968000000008
 30
0.0
 40
0.06272
  1
IN REVIEW (last approved Rev A)
  7
KS-REG
 11
9.25
 21
8.759968000000008
 31
0.0
100
AcDbText
  0
TEXT
  5
C4
330
17
100
AcDbEntity
  8
G-ANNO-TABL
100
AcDbText
 10
6.42
 20
8.629936000000008
 30
0.0
 40
0.06272
  1
egress aisle)
  7
KS-REG
 11
6.42
 21
8.629936000000008
 31
0.0
100
AcDbText
  0
TEXT
  5
C5
330
17
100
AcDbEntity
  8
G-ANNO-TABL
100
AcDbText
 10
5.7
 20
8.458736000000009
 30
0.0
 40
0.06272
  1
P2-A-111
  7
KS-REG
 11
5.7
 21
8.458736000000009
 31
0.0
100
AcDbText
  0
TEXT
  5
C6
330
17
100
AcDbEntity
  8
G-ANNO-TABL
100
AcDbText
 10
6.42
 20
8.458736000000009
 30
0.0
 40
0.06272
  1
Life safety plan — Levels 1 + 2
  7
KS-REG
 11
6.42
 21
8.458736000000009
 31
0.0
100
AcDbText
  0
TEXT
  5
C7
330
17
100
AcDbEntity
  8
G-ANNO-TABL
100
AcDbText
 10
8.95
 20
8.458736000000009
 30
0.0
 40
0.06272
  1
D
  7
KS-REG
 11
8.95
 21
8.458736000000009
 31
0.0
100
AcDbText
  0
TEXT
  5
C8
330
17
100
AcDbEntity
  8
G-ANNO-TABL
100
AcDbText
 10
9.25
 20
8.458736000000009
 30
0.0
 40
0.06272
  1
IN REVIEW (last approved Rev C)
  7
KS-REG
 11
9.25
 21
8.458736000000009
 31
0.0
100
AcDbText
  0
TEXT
  5
C9
330
17
100
AcDbEntity
  8
G-ANNO-TABL
100
AcDbText
 10
5.7
 20
8.30753600000001
 30
0.0
 40
0.06272
  1
P2-A-201
  7
KS-REG
 11
5.7
 21
8.30753600000001
 31
0.0
100
AcDbText
  0
TEXT
  5
CA
330
17
100
AcDbEntity
  8
G-ANNO-TABL
100
AcDbText
 10
6.42
 20
8.30753600000001
 30
0.0
 40
0.06272
  1
Exterior elevations
  7
KS-REG
 11
6.42
 21
8.30753600000001
 31
0.0
100
AcDbText
  0
TEXT
  5
CB
330
17
100
AcDbEntity
  8
G-ANNO-TABL
100
AcDbText
 10
8.95
 20
8.30753600000001
 30
0.0
 40
0.06272
  1
I
  7
KS-REG
 11
8.95
 21
8.30753600000001
 31
0.0
100
AcDbText
  0
TEXT
  5
CC
330
17
100
AcDbEntity
  8
G-ANNO-TABL
100
AcDbText
 10
9.25
 20
8.30753600000001
 30
0.0
 40
0.06272
  1
IN REVIEW (last approved Rev H)
  7
KS-REG
 11
9.25
 21
8.30753600000001
 31
0.0
100
AcDbText
  0
TEXT
  5
CD
330
17
100
AcDbEntity
  8
G-ANNO-TABL
100
AcDbText
 10
5.7
 20
8.15633600000001
 30
0.0
 40
0.06272
  1
P2-A-301
  7
KS-REG
 11
5.7
 21
8.15633600000001
 31
0.0
100
AcDbText
  0
TEXT
  5
CE
330
17
100
AcDbEntity
  8
G-ANNO-TABL
100
AcDbText
 10
6.42
 20
8.15633600000001
 30
0.0
 40
0.06272
  1
Building sections
  7
KS-REG
 11
6.42
 21
8.15633600000001
 31
0.0
100
AcDbText
  0
TEXT
  5
CF
330
17
100
AcDbEntity
  8
G-ANNO-TABL
100
AcDbText
 10
8.95
 20
8.15633600000001
 30
0.0
 40
0.06272
  1
D
  7
KS-REG
 11
8.95
 21
8.15633600000001
 31
0.0
100
AcDbText
  0
TEXT
  5
D0
330
17
100
AcDbEntity
  8
G-ANNO-TABL
100
AcDbText
 10
9.25
 20
8.15633600000001
 30
0.0
 40
0.06272
  1
APPROVED
  7
KS-REG
 11
9.25
 21
8.15633600000001
 31
0.0
100
AcDbText
  0
TEXT
  5
D1
330
17
100
AcDbEntity
  8
G-ANNO-TABL
100
AcDbText
 10
5.7
 20
8.005136000000011
 30
0.0
 40
0.06272
  1
P2-A-302
  7
KS-REG
 11
5.7
 21
8.005136000000011
 31
0.0
100
AcDbText
  0
TEXT
  5
D2
330
17
100
AcDbEntity
  8
G-ANNO-TABL
100
AcDbText
 10
6.42
 20
8.005136000000011
 30
0.0
 40
0.06272
  1
Sight-line study
  7
KS-REG
 11
6.42
 21
8.005136000000011
 31
0.0
100
AcDbText
  0
TEXT
  5
D3
330
17
100
AcDbEntity
  8
G-ANNO-TABL
100
AcDbText
 10
8.95
 20
8.005136000000011
 30
0.0
 40
0.06272
  1
C
  7
KS-REG
 11
8.95
 21
8.005136000000011
 31
0.0
100
AcDbText
  0
TEXT
  5
D4
330
17
100
AcDbEntity
  8
G-ANNO-TABL
100
AcDbText
 10
9.25
 20
8.005136000000011
 30
0.0
 40
0.06272
  1
APPROVED
  7
KS-REG
 11
9.25
 21
8.005136000000011
 31
0.0
100
AcDbText
  0
TEXT
  5
D5
330
17
100
AcDbEntity
  8
G-ANNO-TABL
100
AcDbText
 10
5.7
 20
7.853936000000011
 30
0.0
 40
0.06272
  1
P2-A-401
  7
KS-REG
 11
5.7
 21
7.853936000000011
 31
0.0
100
AcDbText
  0
TEXT
  5
D6
330
17
100
AcDbEntity
  8
G-ANNO-TABL
100
AcDbText
 10
6.42
 20
7.853936000000011
 30
0.0
 40
0.06272
  1
Enlarged plans — locker rooms + core 2 + public
  7
KS-REG
 11
6.42
 21
7.853936000000011
 31
0.0
100
AcDbText
  0
TEXT
  5
D7
330
17
100
AcDbEntity
  8
G-ANNO-TABL
100
AcDbText
 10
8.95
 20
7.853936000000011
 30
0.0
 40
0.06272
  1
D
  7
KS-REG
 11
8.95
 21
7.853936000000011
 31
0.0
100
AcDbText
  0
TEXT
  5
D8
330
17
100
AcDbEntity
  8
G-ANNO-TABL
100
AcDbText
 10
9.25
 20
7.853936000000011
 30
0.0
 40
0.06272
  1
IN REVIEW (last approved Rev A)
  7
KS-REG
 11
9.25
 21
7.853936000000011
 31
0.0
100
AcDbText
  0
TEXT
  5
D9
330
17
100
AcDbEntity
  8
G-ANNO-TABL
100
AcDbText
 10
6.42
 20
7.723904000000011
 30
0.0
 40
0.06272
  1
corridor
  7
KS-REG
 11
6.42
 21
7.723904000000011
 31
0.0
100
AcDbText
  0
TEXT
  5
DA
330
17
100
AcDbEntity
  8
G-ANNO-TABL
100
AcDbText
 10
5.7
 20
7.552704000000011
 30
0.0
 40
0.06272
  1
P2-A-901
  7
KS-REG
 11
5.7
 21
7.552704000000011
 31
0.0
100
AcDbText
  0
TEXT
  5
DB
330
17
100
AcDbEntity
  8
G-ANNO-TABL
100
AcDbText
 10
6.42
 20
7.552704000000011
 30
0.0
 40
0.06272
  1
3D massing model — views
  7
KS-REG
 11
6.42
 21
7.552704000000011
 31
0.0
100
AcDbText
  0
TEXT
  5
DC
330
17
100
AcDbEntity
  8
G-ANNO-TABL
100
AcDbText
 10
8.95
 20
7.552704000000011
 30
0.0
 40
0.06272
  1
D
  7
KS-REG
 11
8.95
 21
7.552704000000011
 31
0.0
100
AcDbText
  0
TEXT
  5
DD
330
17
100
AcDbEntity
  8
G-ANNO-TABL
100
AcDbText
 10
9.25
 20
7.552704000000011
 30
0.0
 40
0.06272
  1
IN REVIEW (last approved Rev C)
  7
KS-REG
 11
9.25
 21
7.552704000000011
 31
0.0
100
AcDbText
  0
TEXT
  5
DE
330
17
100
AcDbEntity
  8
A-ANNO-TEXT
100
AcDbText
 10
5.7
 20
7.391824000000011
 30
0.0
 40
0.06048000000000001
  1
D-071: Set Rev B approved (G-001 A, G-002 C, G-003 K, C-101 E, A-101 I, A-102 F, A-111 C, A-201 H, A-301 D,
  7
KS-REG
 11
5.7
 21
7.391824000000011
 31
0.0
100
AcDbText
  0
TEXT
  5
DF
330
17
100
AcDbEntity
  8
A-ANNO-TEXT
100
AcDbText
 10
5.7
 20
7.280944000000011
 30
0.0
 40
0.06048000000000001
  1
A-302 C, A-901 C; frozen). Rev D sheets carry D-072 (core 2 off the public corridor (E), X11; GSF unchanged) and
  7
KS-REG
 11
5.7
 21
7.280944000000011
 31
0.0
100
AcDbText
  0
TEXT
  5
E0
330
17
100
AcDbEntity
  8
A-ANNO-TEXT
100
AcDbText
 10
5.7
 20
7.1700640000000115
 30
0.0
 40
0.06048000000000001
  1
are IN REVIEW. Set Rev A / B / C kept unchanged.
  7
KS-REG
 11
5.7
 21
7.1700640000000115
 31
0.0
100
AcDbText
  0
TEXT
  5
E1
330
17
100
AcDbEntity
  8
A-ANNO-TEXT
100
AcDbText
 10
5.7
 20
6.911944000000011
 30
0.0
 40
0.08288000000000001
  1
SIZE — D-057 (drawn, R-021 method; no SF cap, D-056)
  7
KS-BOLD
 11
5.7
 21
6.911944000000011
 31
0.0
100
AcDbText
  0
LINE
  5
E2
330
17
100
AcDbEntity
  8
A-ANNO-TEXT
100
AcDbLine
 10
5.7
 20
6.866944000000011
 30
0.0
 11
10.8
 21
6.866944000000011
 31
0.0
  0
TEXT
  5
E3
330
17
100
AcDbEntity
  8
G-ANNO-TABL
100
AcDbText
 10
5.7
 20
6.6951440000000115
 30
0.0
 40
0.06384000000000001
  1

  7
KS-BOLD
 11
5.7
 21
6.6951440000000115
 31
0.0
100
AcDbText
  0
TEXT
  5
E4
330
17
100
AcDbEntity
  8
G-ANNO-TABL
100
AcDbText
 10
7.65
 20
6.6951440000000115
 30
0.0
 40
0.06384000000000001
  1
SET REV D
  7
KS-BOLD
 72
2
 11
7.65
 21
6.6951440000000115
 31
0.0
100
AcDbText
  0
TEXT
  5
E5
330
17
100
AcDbEntity
  8
G-ANNO-TABL
100
AcDbText
 10
8.35
 20
6.6951440000000115
 30
0.0
 40
0.06384000000000001
  1
REV H
  7
KS-BOLD
 72
2
 11
8.35
 21
6.6951440000000115
 31
0.0
100
AcDbText
  0
TEXT
  5
E6
330
17
100
AcDbEntity
  8
G-ANNO-TABL
100
AcDbText
 10
9.05
 20
6.6951440000000115
 30
0.0
 40
0.06384000000000001
  1
CHANGE
  7
KS-BOLD
 72
2
 11
9.05
 21
6.6951440000000115
 31
0.0
100
AcDbText
  0
TEXT
  5
E7
330
17
100
AcDbEntity
  8
G-ANNO-TABL
100
AcDbText
 10
9.95
 20
6.6951440000000115
 30
0.0
 40
0.06384000000000001
  1
SET REV A
  7
KS-BOLD
 72
2
 11
9.95
 21
6.6951440000000115
 31
0.0
100
AcDbText
  0
TEXT
  5
E8
330
17
100
AcDbEntity
  8
G-ANNO-TABL
100
AcDbText
 10
10.75
 20
6.6951440000000115
 30
0.0
 40
0.06384000000000001
  1
CHANGE
  7
KS-BOLD
 72
2
 11
10.75
 21
6.6951440000000115
 31
0.0
100
AcDbText
  0
LINE
  5
E9
330
17
100
AcDbEntity
  8
G-ANNO-TABL
100
AcDbLine
 10
5.7
 20
6.660144000000011
 30
0.0
 11
10.8
 21
6.660144000000011
 31
0.0
  0
TEXT
  5
EA
330
17
100
AcDbEntity
  8
G-ANNO-TABL
100
AcDbText
 10
5.7
 20
6.518344000000012
 30
0.0
 40
0.06384000000000001
  1
Level 1 footprint
  7
KS-REG
 11
5.7
 21
6.518344000000012
 31
0.0
100
AcDbText
  0
TEXT
  5
EB
330
17
100
AcDbEntity
  8
G-ANNO-TABL
100
AcDbText
 10
7.65
 20
6.518344000000012
 30
0.0
 40
0.06384000000000001
  1
56,861
  7
KS-REG
 72
2
 11
7.65
 21
6.518344000000012
 31
0.0
100
AcDbText
  0
TEXT
  5
EC
330
17
100
AcDbEntity
  8
G-ANNO-TABL
100
AcDbText
 10
8.35
 20
6.518344000000012
 30
0.0
 40
0.06384000000000001
  1
55,181
  7
KS-REG
 72
2
 11
8.35
 21
6.518344000000012
 31
0.0
100
AcDbText
  0
TEXT
  5
ED
330
17
100
AcDbEntity
  8
G-ANNO-TABL
100
AcDbText
 10
9.05
 20
6.518344000000012
 30
0.0
 40
0.06384000000000001
  1
+1,680
  7
KS-REG
 72
2
 11
9.05
 21
6.518344000000012
 31
0.0
100
AcDbText
  0
TEXT
  5
EE
330
17
100
AcDbEntity
  8
G-ANNO-TABL
100
AcDbText
 10
9.95
 20
6.518344000000012
 30
0.0
 40
0.06384000000000001
  1
51,503
  7
KS-REG
 72
2
 11
9.95
 21
6.518344000000012
 31
0.0
100
AcDbText
  0
TEXT
  5
EF
330
17
100
AcDbEntity
  8
G-ANNO-TABL
100
AcDbText
 10
10.75
 20
6.518344000000012
 30
0.0
 40
0.06384000000000001
  1
+5,358
  7
KS-REG
 72
2
 11
10.75
 21
6.518344000000012
 31
0.0
100
AcDbText
  0
TEXT
  5
F0
330
17
100
AcDbEntity
  8
G-ANNO-TABL
100
AcDbText
 10
5.7
 20
6.361544000000013
 30
0.0
 40
0.06384000000000001
  1
Level 2 area
  7
KS-REG
 11
5.7
 21
6.361544000000013
 31
0.0
100
AcDbText
  0
TEXT
  5
F1
330
17
100
AcDbEntity
  8
G-ANNO-TABL
100
AcDbText
 10
7.65
 20
6.361544000000013
 30
0.0
 40
0.06384000000000001
  1
28,933
  7
KS-REG
 72
2
 11
7.65
 21
6.361544000000013
 31
0.0
100
AcDbText
  0
TEXT
  5
F2
330
17
100
AcDbEntity
  8
G-ANNO-TABL
100
AcDbText
 10
8.35
 20
6.361544000000013
 30
0.0
 40
0.06384000000000001
  1
28,933
  7
KS-REG
 72
2
 11
8.35
 21
6.361544000000013
 31
0.0
100
AcDbText
  0
TEXT
  5
F3
330
17
100
AcDbEntity
  8
G-ANNO-TABL
100
AcDbText
 10
9.05
 20
6.361544000000013
 30
0.0
 40
0.06384000000000001
  1
0
  7
KS-REG
 72
2
 11
9.05
 21
6.361544000000013
 31
0.0
100
AcDbText
  0
TEXT
  5
F4
330
17
100
AcDbEntity
  8
G-ANNO-TABL
100
AcDbText
 10
9.95
 20
6.361544000000013
 30
0.0
 40
0.06384000000000001
  1
28,363
  7
KS-REG
 72
2
 11
9.95
 21
6.361544000000013
 31
0.0
100
AcDbText
  0
TEXT
  5
F5
330
17
100
AcDbEntity
  8
G-ANNO-TABL
100
AcDbText
 10
10.75
 20
6.361544000000013
 30
0.0
 40
0.06384000000000001
  1
+570
  7
KS-REG
 72
2
 11
10.75
 21
6.361544000000013
 31
0.0
100
AcDbText
  0
LINE
  5
F6
330
17
100
AcDbEntity
  8
G-ANNO-TABL
100
AcDbLine
 10
5.7
 20
6.336544000000012
 30
0.0
 11
10.8
 21
6.336544000000012
 31
0.0
  0
TEXT
  5
F7
330
17
100
AcDbEntity
  8
G-ANNO-TABL
100
AcDbText
 10
5.7
 20
6.194744000000013
 30
0.0
 40
0.06384000000000001
  1
TOTAL GSF
  7
KS-BOLD
 11
5.7
 21
6.194744000000013
 31
0.0
100
AcDbText
  0
TEXT
  5
F8
330
17
100
AcDbEntity
  8
G-ANNO-TABL
100
AcDbText
 10
7.65
 20
6.194744000000013
 30
0.0
 40
0.06384000000000001
  1
85,793
  7
KS-BOLD
 72
2
 11
7.65
 21
6.194744000000013
 31
0.0
100
AcDbText
  0
TEXT
  5
F9
330
17
100
AcDbEntity
  8
G-ANNO-TABL
100
AcDbText
 10
8.35
 20
6.194744000000013
 30
0.0
 40
0.06384000000000001
  1
84,113
  7
KS-BOLD
 72
2
 11
8.35
 21
6.194744000000013
 31
0.0
100
AcDbText
  0
TEXT
  5
FA
330
17
100
AcDbEntity
  8
G-ANNO-TABL
100
AcDbText
 10
9.05
 20
6.194744000000013
 30
0.0
 40
0.06384000000000001
  1
+1,680
  7
KS-BOLD
 72
2
 11
9.05
 21
6.194744000000013
 31
0.0
100
AcDbText
  0
TEXT
  5
FB
330
17
100
AcDbEntity
  8
G-ANNO-TABL
100
AcDbText
 10
9.95
 20
6.194744000000013
 30
0.0
 40
0.06384000000000001
  1
79,866
  7
KS-BOLD
 72
2
 11
9.95
 21
6.194744000000013
 31
0.0
100
AcDbText
  0
TEXT
  5
FC
330
17
100
AcDbEntity
  8
G-ANNO-TABL
100
AcDbText
 10
10.75
 20
6.194744000000013
 30
0.0
 40
0.06384000000000001
  1
+5,927
  7
KS-BOLD
 72
2
 11
10.75
 21
6.194744000000013
 31
0.0
100
AcDbText
  0
TEXT
  5
FD
330
17
100
AcDbEntity
  8
A-ANNO-TEXT
100
AcDbText
 10
5.7
 20
6.033864000000014
 30
0.0
 40
0.06048000000000001
  1
Rev H = plan before the D-069 bump-out (+1,680 SF, L1 only). Set Rev A = plan Rev D (frozen baseline, D-036).
  7
KS-REG
 11
5.7
 21
6.033864000000014
 31
0.0
100
AcDbText
  0
TEXT
  5
FE
330
17
100
AcDbEntity
  8
A-ANNO-TEXT
100
AcDbText
 10
5.7
 20
5.922984000000014
 30
0.0
 40
0.06048000000000001
  1
Program total on P2-G-003 Rev K: 86,381 GSF (drawn − program = −588).
  7
KS-REG
 11
5.7
 21
5.922984000000014
 31
0.0
100
AcDbText
  0
TEXT
  5
FF
330
17
100
AcDbEntity
  8
A-ANNO-TEXT
100
AcDbText
 10
5.7
 20
5.664864000000013
 30
0.0
 40
0.08288000000000001
  1
KEY FACTS (as drawn)
  7
KS-BOLD
 11
5.7
 21
5.664864000000013
 31
0.0
100
AcDbText
  0
LINE
  5
100
330
17
100
AcDbEntity
  8
A-ANNO-TEXT
100
AcDbLine
 10
5.7
 20
5.619864000000013
 30
0.0
 11
10.8
 21
5.619864000000013
 31
0.0
  0
TEXT
  5
101
330
17
100
AcDbEntity
  8
A-ANNO-TEXT
100
AcDbText
 10
5.7
 20
5.49193066666668
 30
0.0
 40
0.061599999999999995
  1
•
  7
KS-REG
 11
5.7
 21
5.49193066666668
 31
0.0
100
AcDbText
  0
TEXT
  5
102
330
17
100
AcDbEntity
  8
A-ANNO-TEXT
100
AcDbText
 10
5.8
 20
5.49193066666668
 30
0.0
 40
0.061599999999999995
  1
Event floor 120 x 144 ft drawn (16,400 SF program, D-030); 4 x 42 ft mats, 2 x 2 (D-014).
  7
KS-REG
 11
5.8
 21
5.49193066666668
 31
0.0
100
AcDbText
  0
TEXT
  5
103
330
17
100
AcDbEntity
  8
A-ANNO-TEXT
100
AcDbText
 10
5.7
 20
5.350764000000013
 30
0.0
 40
0.061599999999999995
  1
•
  7
KS-REG
 11
5.7
 21
5.350764000000013
 31
0.0
100
AcDbText
  0
TEXT
  5
104
330
17
100
AcDbEntity
  8
A-ANNO-TEXT
100
AcDbText
 10
5.8
 20
5.350764000000013
 30
0.0
 40
0.061599999999999995
  1
2,200 seats = 1,100 telescopic lower + 1,100 fixed upper; upper tier steps down from the L2 loop, 21 in
  7
KS-REG
 11
5.8
 21
5.350764000000013
 31
0.0
100
AcDbText
  0
TEXT
  5
105
330
17
100
AcDbEntity
  8
A-ANNO-TEXT
100
AcDbText
 10
5.8
 20
5.23783066666668
 30
0.0
 40
0.061599999999999995
  1
risers (D-009, D-049, D-061); east seats 16 ft from the mats (D-053).
  7
KS-REG
 11
5.8
 21
5.23783066666668
 31
0.0
100
AcDbText
  0
TEXT
  5
106
330
17
100
AcDbEntity
  8
A-ANNO-TEXT
100
AcDbText
 10
5.7
 20
5.096664000000013
 30
0.0
 40
0.061599999999999995
  1
•
  7
KS-REG
 11
5.7
 21
5.096664000000013
 31
0.0
100
AcDbText
  0
TEXT
  5
107
330
17
100
AcDbEntity
  8
A-ANNO-TEXT
100
AcDbText
 10
5.8
 20
5.096664000000013
 30
0.0
 40
0.061599999999999995
  1
Level 2 FF 17'-9" (D-061); 2-lane running / training loop (D-035, D-037); roofs: ring 32.75 ft, arena 42 ft,
  7
KS-REG
 11
5.8
 21
5.096664000000013
 31
0.0
100
AcDbText
  0
TEXT
  5
108
330
17
100
AcDbEntity
  8
A-ANNO-TEXT
100
AcDbText
 10
5.8
 20
4.98373066666668
 30
0.0
 40
0.061599999999999995
  1
structure underside 36 ft (ASSUMED).
  7
KS-REG
 11
5.8
 21
4.98373066666668
 31
0.0
100
AcDbText
  0
TEXT
  5
109
330
17
100
AcDbEntity
  8
A-ANNO-TEXT
100
AcDbText
 10
5.7
 20
4.842564000000013
 30
0.0
 40
0.061599999999999995
  1
•
  7
KS-REG
 11
5.7
 21
4.842564000000013
 31
0.0
100
AcDbText
  0
TEXT
  5
10A
330
17
100
AcDbEntity
  8
A-ANNO-TEXT
100
AcDbText
 10
5.8
 20
4.842564000000013
 30
0.0
 40
0.061599999999999995
  1
Exits: E1 main = 8-pair door bank, 512 in clear, single controlled entry (D-033, Option 1 11:07 AM CT); 4
  7
KS-REG
 11
5.8
 21
4.842564000000013
 31
0.0
100
AcDbText
  0
TEXT
  5
10B
330
17
100
AcDbEntity
  8
A-ANNO-TEXT
100
AcDbText
 10
5.8
 20
4.729630666666679
 30
0.0
 40
0.061599999999999995
  1
stairs x 76 in, 31 risers (D-051, D-052). 7'-6" clear under the upper-tier front, zero margin (structure ≤ 1'-6"
  7
KS-REG
 11
5.8
 21
4.729630666666679
 31
0.0
100
AcDbText
  0
TEXT
  5
10C
330
17
100
AcDbEntity
  8
A-ANNO-TEXT
100
AcDbText
 10
5.8
 20
4.616697333333346
 30
0.0
 40
0.061599999999999995
  1
ASSUMED).
  7
KS-REG
 11
5.8
 21
4.616697333333346
 31
0.0
100
AcDbText
  0
TEXT
  5
10D
330
17
100
AcDbEntity
  8
A-ANNO-TEXT
100
AcDbText
 10
5.7
 20
4.475530666666679
 30
0.0
 40
0.061599999999999995
  1
•
  7
KS-REG
 11
5.7
 21
4.475530666666679
 31
0.0
100
AcDbText
  0
TEXT
  5
10E
330
17
100
AcDbEntity
  8
A-ANNO-TEXT
100
AcDbText
 10
5.8
 20
4.475530666666679
 30
0.0
 40
0.061599999999999995
  1
Restrooms (chairs-only case, load 3,446): lobby core + core 2 = 22 men's / 42 women's WC, 9 / 12 lav, 4 DF
  7
KS-REG
 11
5.8
 21
4.475530666666679
 31
0.0
100
AcDbText
  0
TEXT
  5
10F
330
17
100
AcDbEntity
  8
A-ANNO-TEXT
100
AcDbText
 10
5.8
 20
4.362597333333346
 30
0.0
 40
0.061599999999999995
  1
(D-064, D-069, D-070).
  7
KS-REG
 11
5.8
 21
4.362597333333346
 31
0.0
100
AcDbText
  0
TEXT
  5
110
330
17
100
AcDbEntity
  8
A-ANNO-TEXT
100
AcDbText
 10
5.7
 20
4.221430666666679
 30
0.0
 40
0.061599999999999995
  1
•
  7
KS-REG
 11
5.7
 21
4.221430666666679
 31
0.0
100
AcDbText
  0
TEXT
  5
111
330
17
100
AcDbEntity
  8
A-ANNO-TEXT
100
AcDbText
 10
5.8
 20
4.221430666666679
 30
0.0
 40
0.061599999999999995
  1
Event lockers 4 x 900 = 3,600 SF (D-060); chair / table / stage storage annex 2,100 SF on the north wall with
  7
KS-REG
 11
5.8
 21
4.221430666666679
 31
0.0
100
AcDbText
  0
TEXT
  5
112
330
17
100
AcDbEntity
  8
A-ANNO-TEXT
100
AcDbText
 10
5.8
 20
4.108497333333346
 30
0.0
 40
0.061599999999999995
  1
S1 (D-067).
  7
KS-REG
 11
5.8
 21
4.108497333333346
 31
0.0
100
AcDbText
  0
TEXT
  5
113
330
17
100
AcDbEntity
  8
A-ANNO-TEXT
100
AcDbText
 10
11.2
 20
10.199600000000002
 30
0.0
 40
0.08288000000000001
  1
DECISIONS SUMMARY (DECIDED — Shane; full log: DECISIONS.md)
  7
KS-BOLD
 11
11.2
 21
10.199600000000002
 31
0.0
100
AcDbText
  0
LINE
  5
114
330
17
100
AcDbEntity
  8
A-ANNO-TEXT
100
AcDbLine
 10
11.2
 20
10.154600000000002
 30
0.0
 11
16.299999999999997
 21
10.154600000000002
 31
0.0
  0
TEXT
  5
115
330
17
100
AcDbEntity
  8
G-ANNO-TABL
100
AcDbText
 10
11.2
 20
10.002960000000002
 30
0.0
 40
0.05992
  1
D-###
  7
KS-BOLD
 11
11.2
 21
10.002960000000002
 31
0.0
100
AcDbText
  0
TEXT
  5
116
330
17
100
AcDbEntity
  8
G-ANNO-TABL
100
AcDbText
 10
12.02
 20
10.002960000000002
 30
0.0
 40
0.05992
  1
DECISION
  7
KS-BOLD
 11
12.02
 21
10.002960000000002
 31
0.0
100
AcDbText
  0
LINE
  5
117
330
17
100
AcDbEntity
  8
G-ANNO-TABL
100
AcDbLine
 10
11.2
 20
9.967960000000001
 30
0.0
 11
16.299999999999997
 21
9.967960000000001
 31
0.0
  0
TEXT
  5
118
330
17
100
AcDbEntity
  8
G-ANNO-TABL
100
AcDbText
 10
11.2
 20
9.846320000000002
 30
0.0
 40
0.05992
  1
D-030
  7
KS-REG
 11
11.2
 21
9.846320000000002
 31
0.0
100
AcDbText
  0
TEXT
  5
119
330
17
100
AcDbEntity
  8
G-ANNO-TABL
100
AcDbText
 10
12.02
 20
9.846320000000002
 30
0.0
 40
0.05992
  1
Two-level program around a 16,400 SF event floor; 2,200 seats (with D-009, D-032).
  7
KS-REG
 11
12.02
 21
9.846320000000002
 31
0.0
100
AcDbText
  0
TEXT
  5
11A
330
17
100
AcDbEntity
  8
G-ANNO-TABL
100
AcDbText
 10
11.2
 20
9.709680000000002
 30
0.0
 40
0.05992
  1
D-033
  7
KS-REG
 11
11.2
 21
9.709680000000002
 31
0.0
100
AcDbText
  0
TEXT
  5
11B
330
17
100
AcDbEntity
  8
G-ANNO-TABL
100
AcDbText
 10
12.02
 20
9.709680000000002
 30
0.0
 40
0.05992
  1
Single controlled public entry at E1; E1 = 8-pair door bank (Option 1, 11:07 AM CT).
  7
KS-REG
 11
12.02
 21
9.709680000000002
 31
0.0
100
AcDbText
  0
TEXT
  5
11C
330
17
100
AcDbEntity
  8
G-ANNO-TABL
100
AcDbText
 10
11.2
 20
9.573040000000002
 30
0.0
 40
0.05992
  1
D-034
  7
KS-REG
 11
11.2
 21
9.573040000000002
 31
0.0
100
AcDbText
  0
TEXT
  5
11D
330
17
100
AcDbEntity
  8
G-ANNO-TABL
100
AcDbText
 10
12.02
 20
9.573040000000002
 30
0.0
 40
0.05992
  1
Deliveries at north door S1 (staff only); bus loop south, offset from the portal view.
  7
KS-REG
 11
12.02
 21
9.573040000000002
 31
0.0
100
AcDbText
  0
TEXT
  5
11E
330
17
100
AcDbEntity
  8
G-ANNO-TABL
100
AcDbText
 10
11.2
 20
9.436400000000003
 30
0.0
 40
0.05992
  1
D-035/037
  7
KS-REG
 11
11.2
 21
9.436400000000003
 31
0.0
100
AcDbText
  0
TEXT
  5
11F
330
17
100
AcDbEntity
  8
G-ANNO-TABL
100
AcDbText
 10
12.02
 20
9.436400000000003
 30
0.0
 40
0.05992
  1
Continuous Level 2 running / training loop, 2 lanes x 42 in.
  7
KS-REG
 11
12.02
 21
9.436400000000003
 31
0.0
100
AcDbText
  0
TEXT
  5
120
330
17
100
AcDbEntity
  8
G-ANNO-TABL
100
AcDbText
 10
11.2
 20
9.299760000000003
 30
0.0
 40
0.05992
  1
D-039
  7
KS-REG
 11
11.2
 21
9.299760000000003
 31
0.0
100
AcDbText
  0
TEXT
  5
121
330
17
100
AcDbEntity
  8
G-ANNO-TABL
100
AcDbText
 10
12.02
 20
9.299760000000003
 30
0.0
 40
0.05992
  1
SW flex / storage and team assembly kept as drawn.
  7
KS-REG
 11
12.02
 21
9.299760000000003
 31
0.0
100
AcDbText
  0
TEXT
  5
122
330
17
100
AcDbEntity
  8
G-ANNO-TABL
100
AcDbText
 10
11.2
 20
9.163120000000003
 30
0.0
 40
0.05992
  1
D-041
  7
KS-REG
 11
11.2
 21
9.163120000000003
 31
0.0
100
AcDbText
  0
TEXT
  5
123
330
17
100
AcDbEntity
  8
G-ANNO-TABL
100
AcDbText
 10
12.02
 20
9.163120000000003
 30
0.0
 40
0.05992
  1
Official mark = Shane's circular horse-head badge; red #CC0000 / black.
  7
KS-REG
 11
12.02
 21
9.163120000000003
 31
0.0
100
AcDbText
  0
TEXT
  5
124
330
17
100
AcDbEntity
  8
G-ANNO-TABL
100
AcDbText
 10
11.2
 20
9.026480000000003
 30
0.0
 40
0.05992
  1
D-043/050
  7
KS-REG
 11
11.2
 21
9.026480000000003
 31
0.0
100
AcDbText
  0
TEXT
  5
125
330
17
100
AcDbEntity
  8
G-ANNO-TABL
100
AcDbText
 10
12.02
 20
9.026480000000003
 30
0.0
 40
0.05992
  1
Grand Entrance Portal freestanding over the Champion Walk; ≤ 50 ft, arch crown 34 ft (structural
  7
KS-REG
 11
12.02
 21
9.026480000000003
 31
0.0
100
AcDbText
  0
TEXT
  5
126
330
17
100
AcDbEntity
  8
G-ANNO-TABL
100
AcDbText
 10
12.02
 20
8.908969600000002
 30
0.0
 40
0.05992
  1
engineer required).
  7
KS-REG
 11
12.02
 21
8.908969600000002
 31
0.0
100
AcDbText
  0
TEXT
  5
127
330
17
100
AcDbEntity
  8
G-ANNO-TABL
100
AcDbText
 10
11.2
 20
8.752329600000003
 30
0.0
 40
0.05992
  1
D-045/047
  7
KS-REG
 11
11.2
 21
8.752329600000003
 31
0.0
100
AcDbText
  0
TEXT
  5
128
330
17
100
AcDbEntity
  8
G-ANNO-TABL
100
AcDbText
 10
12.02
 20
8.752329600000003
 30
0.0
 40
0.05992
  1
Portal arch underside crimson, gold trim; badge 11 ft dia + 27 in wordmark.
  7
KS-REG
 11
12.02
 21
8.752329600000003
 31
0.0
100
AcDbText
  0
TEXT
  5
129
330
17
100
AcDbEntity
  8
G-ANNO-TABL
100
AcDbText
 10
11.2
 20
8.615689600000003
 30
0.0
 40
0.05992
  1
D-046/066
  7
KS-REG
 11
11.2
 21
8.615689600000003
 31
0.0
100
AcDbText
  0
TEXT
  5
12A
330
17
100
AcDbEntity
  8
G-ANNO-TABL
100
AcDbText
 10
12.02
 20
8.615689600000003
 30
0.0
 40
0.05992
  1
Champion Walk 28 ft brick, widened to 40 ft at the doors (6 ft paved bands); 4x8 / 8x8 donor bricks.
  7
KS-REG
 11
12.02
 21
8.615689600000003
 31
0.0
100
AcDbText
  0
TEXT
  5
12B
330
17
100
AcDbEntity
  8
G-ANNO-TABL
100
AcDbText
 10
11.2
 20
8.479049600000003
 30
0.0
 40
0.05992
  1
D-049/053/061
  7
KS-REG
 11
11.2
 21
8.479049600000003
 31
0.0
100
AcDbText
  0
TEXT
  5
12C
330
17
100
AcDbEntity
  8
G-ANNO-TABL
100
AcDbText
 10
12.02
 20
8.479049600000003
 30
0.0
 40
0.05992
  1
Upper tier steps down from the L2 loop; east seats 16 ft from mats; L2 FF 17'-9", 21 in risers.
  7
KS-REG
 11
12.02
 21
8.479049600000003
 31
0.0
100
AcDbText
  0
TEXT
  5
12D
330
17
100
AcDbEntity
  8
G-ANNO-TABL
100
AcDbText
 10
11.2
 20
8.342409600000003
 30
0.0
 40
0.05992
  1
D-051/052
  7
KS-REG
 11
11.2
 21
8.342409600000003
 31
0.0
100
AcDbText
  0
TEXT
  5
12E
330
17
100
AcDbEntity
  8
G-ANNO-TABL
100
AcDbText
 10
12.02
 20
8.342409600000003
 30
0.0
 40
0.05992
  1
4 exit stairs x 76 in clear, intermediate handrails; landing ≥ stair width.
  7
KS-REG
 11
12.02
 21
8.342409600000003
 31
0.0
100
AcDbText
  0
TEXT
  5
12F
330
17
100
AcDbEntity
  8
G-ANNO-TABL
100
AcDbText
 10
11.2
 20
8.205769600000004
 30
0.0
 40
0.05992
  1
D-054
  7
KS-REG
 11
11.2
 21
8.205769600000004
 31
0.0
100
AcDbText
  0
TEXT
  5
130
330
17
100
AcDbEntity
  8
G-ANNO-TABL
100
AcDbText
 10
12.02
 20
8.205769600000004
 30
0.0
 40
0.05992
  1
Floor uses: sports + chairs-only events (graduations, banquets, expos). No standing-concert design.
  7
KS-REG
 11
12.02
 21
8.205769600000004
 31
0.0
100
AcDbText
  0
TEXT
  5
131
330
17
100
AcDbEntity
  8
G-ANNO-TABL
100
AcDbText
 10
11.2
 20
8.069129600000004
 30
0.0
 40
0.05992
  1
D-056/057
  7
KS-REG
 11
11.2
 21
8.069129600000004
 31
0.0
100
AcDbText
  0
TEXT
  5
132
330
17
100
AcDbEntity
  8
G-ANNO-TABL
100
AcDbText
 10
12.02
 20
8.069129600000004
 30
0.0
 40
0.05992
  1
No SF cap — size set by budget + parcel; every area table shows L1, L2, total, change.
  7
KS-REG
 11
12.02
 21
8.069129600000004
 31
0.0
100
AcDbText
  0
TEXT
  5
133
330
17
100
AcDbEntity
  8
G-ANNO-TABL
100
AcDbText
 10
11.2
 20
7.932489600000004
 30
0.0
 40
0.05992
  1
D-060
  7
KS-REG
 11
11.2
 21
7.932489600000004
 31
0.0
100
AcDbText
  0
TEXT
  5
134
330
17
100
AcDbEntity
  8
G-ANNO-TABL
100
AcDbText
 10
12.02
 20
7.932489600000004
 30
0.0
 40
0.05992
  1
Event lockers back to full 3,600 SF behind the tier.
  7
KS-REG
 11
12.02
 21
7.932489600000004
 31
0.0
100
AcDbText
  0
TEXT
  5
135
330
17
100
AcDbEntity
  8
G-ANNO-TABL
100
AcDbText
 10
11.2
 20
7.795849600000004
 30
0.0
 40
0.05992
  1
D-064
  7
KS-REG
 11
11.2
 21
7.795849600000004
 31
0.0
100
AcDbText
  0
TEXT
  5
136
330
17
100
AcDbEntity
  8
G-ANNO-TABL
100
AcDbText
 10
12.02
 20
7.795849600000004
 30
0.0
 40
0.05992
  1
L1 restrooms sized to the chairs-only case; posted loads per configuration; temp units beyond.
  7
KS-REG
 11
12.02
 21
7.795849600000004
 31
0.0
100
AcDbText
  0
TEXT
  5
137
330
17
100
AcDbEntity
  8
G-ANNO-TABL
100
AcDbText
 10
11.2
 20
7.659209600000004
 30
0.0
 40
0.05992
  1
D-065
  7
KS-REG
 11
11.2
 21
7.659209600000004
 31
0.0
100
AcDbText
  0
TEXT
  5
138
330
17
100
AcDbEntity
  8
G-ANNO-TABL
100
AcDbText
 10
12.02
 20
7.659209600000004
 30
0.0
 40
0.05992
  1
Security screening in a side bay of the lobby, off the egress path.
  7
KS-REG
 11
12.02
 21
7.659209600000004
 31
0.0
100
AcDbText
  0
TEXT
  5
139
330
17
100
AcDbEntity
  8
G-ANNO-TABL
100
AcDbText
 10
11.2
 20
7.522569600000004
 30
0.0
 40
0.05992
  1
D-067
  7
KS-REG
 11
11.2
 21
7.522569600000004
 31
0.0
100
AcDbText
  0
TEXT
  5
13A
330
17
100
AcDbEntity
  8
G-ANNO-TABL
100
AcDbText
 10
12.02
 20
7.522569600000004
 30
0.0
 40
0.05992
  1
Chair / table / stage storage (~2,350 chairs + tables + stage) near the floor and S1.
  7
KS-REG
 11
12.02
 21
7.522569600000004
 31
0.0
100
AcDbText
  0
TEXT
  5
13B
330
17
100
AcDbEntity
  8
G-ANNO-TABL
100
AcDbText
 10
11.2
 20
7.385929600000004
 30
0.0
 40
0.05992
  1
D-069/070
  7
KS-REG
 11
11.2
 21
7.385929600000004
 31
0.0
100
AcDbText
  0
TEXT
  5
13C
330
17
100
AcDbEntity
  8
G-ANNO-TABL
100
AcDbText
 10
12.02
 20
7.385929600000004
 30
0.0
 40
0.05992
  1
Second restroom pair (core 2) in a one-storey 30 x 56 ft bump-out on the EAST wall.
  7
KS-REG
 11
12.02
 21
7.385929600000004
 31
0.0
100
AcDbText
  0
TEXT
  5
13D
330
17
100
AcDbEntity
  8
G-ANNO-TABL
100
AcDbText
 10
11.2
 20
7.249289600000004
 30
0.0
 40
0.05992
  1
D-072
  7
KS-REG
 11
11.2
 21
7.249289600000004
 31
0.0
100
AcDbText
  0
TEXT
  5
13E
330
17
100
AcDbEntity
  8
G-ANNO-TABL
100
AcDbText
 10
12.02
 20
7.249289600000004
 30
0.0
 40
0.05992
  1
Bump-out south of EXIT (E); 8 ft public corridor from Concourse (E); X7 on the wall, X11 new; Mech
  7
KS-REG
 11
12.02
 21
7.249289600000004
 31
0.0
100
AcDbText
  0
TEXT
  5
13F
330
17
100
AcDbEntity
  8
G-ANNO-TABL
100
AcDbText
 10
12.02
 20
7.131779200000004
 30
0.0
 40
0.05992
  1
(E) 675 SF.
  7
KS-REG
 11
12.02
 21
7.131779200000004
 31
0.0
100
AcDbText
  0
TEXT
  5
140
330
17
100
AcDbEntity
  8
A-ANNO-TEXT
100
AcDbText
 10
11.2
 20
6.831379200000004
 30
0.0
 40
0.08288000000000001
  1
OPEN — OWNER / ARCHITECT / ENGINEER
  7
KS-BOLD
 11
11.2
 21
6.831379200000004
 31
0.0
100
AcDbText
  0
LINE
  5
141
330
17
100
AcDbEntity
  8
A-ANNO-TEXT
100
AcDbLine
 10
11.2
 20
6.786379200000004
 30
0.0
 11
16.299999999999997
 21
6.786379200000004
 31
0.0
  0
TEXT
  5
142
330
17
100
AcDbEntity
  8
A-ANNO-TEXT
100
AcDbText
 10
11.2
 20
6.660499200000005
 30
0.0
 40
0.06048000000000001
  1
•
  7
KS-REG
 11
11.2
 21
6.660499200000005
 31
0.0
100
AcDbText
  0
TEXT
  5
143
330
17
100
AcDbEntity
  8
A-ANNO-TEXT
100
AcDbText
 10
11.299999999999999
 20
6.660499200000005
 30
0.0
 40
0.06048000000000001
  1
D-006: Site / parcel (drives X7 discharge, bus loop, utilities, site work)
  7
KS-REG
 11
11.299999999999999
 21
6.660499200000005
 31
0.0
100
AcDbText
  0
TEXT
  5
144
330
17
100
AcDbEntity
  8
A-ANNO-TEXT
100
AcDbText
 10
11.2
 20
6.5218992000000044
 30
0.0
 40
0.06048000000000001
  1
•
  7
KS-REG
 11
11.2
 21
6.5218992000000044
 31
0.0
100
AcDbText
  0
TEXT
  5
145
330
17
100
AcDbEntity
  8
A-ANNO-TEXT
100
AcDbText
 10
11.299999999999999
 20
6.5218992000000044
 30
0.0
 40
0.06048000000000001
  1
D-007: Owner of record
  7
KS-REG
 11
11.299999999999999
 21
6.5218992000000044
 31
0.0
100
AcDbText
  0
TEXT
  5
146
330
17
100
AcDbEntity
  8
A-ANNO-TEXT
100
AcDbText
 10
11.2
 20
6.383299200000004
 30
0.0
 40
0.06048000000000001
  1
•
  7
KS-REG
 11
11.2
 21
6.383299200000004
 31
0.0
100
AcDbText
  0
TEXT
  5
147
330
17
100
AcDbEntity
  8
A-ANNO-TEXT
100
AcDbText
 10
11.299999999999999
 20
6.383299200000004
 30
0.0
 40
0.06048000000000001
  1
D-008: Code edition + AHJ pre-application (Madison County)
  7
KS-REG
 11
11.299999999999999
 21
6.383299200000004
 31
0.0
100
AcDbText
  0
TEXT
  5
148
330
17
100
AcDbEntity
  8
A-ANNO-TEXT
100
AcDbText
 10
11.2
 20
6.244699200000004
 30
0.0
 40
0.06048000000000001
  1
•
  7
KS-REG
 11
11.2
 21
6.244699200000004
 31
0.0
100
AcDbText
  0
TEXT
  5
149
330
17
100
AcDbEntity
  8
A-ANNO-TEXT
100
AcDbText
 10
11.299999999999999
 20
6.244699200000004
 30
0.0
 40
0.06048000000000001
  1
D-012: Phase 2 budget target (ROM R-025: ~$39M mid, $28M-$57M, excl. land)
  7
KS-REG
 11
11.299999999999999
 21
6.244699200000004
 31
0.0
100
AcDbText
  0
TEXT
  5
14A
330
17
100
AcDbEntity
  8
A-ANNO-TEXT
100
AcDbText
 10
11.2
 20
6.106099200000004
 30
0.0
 40
0.06048000000000001
  1
•
  7
KS-REG
 11
11.2
 21
6.106099200000004
 31
0.0
100
AcDbText
  0
TEXT
  5
14B
330
17
100
AcDbEntity
  8
A-ANNO-TEXT
100
AcDbText
 10
11.299999999999999
 20
6.106099200000004
 30
0.0
 40
0.06048000000000001
  1
D-042: Trademark search before signage / apparel
  7
KS-REG
 11
11.299999999999999
 21
6.106099200000004
 31
0.0
100
AcDbText
  0
TEXT
  5
14C
330
17
100
AcDbEntity
  8
A-ANNO-TEXT
100
AcDbText
 10
11.2
 20
5.967499200000003
 30
0.0
 40
0.06048000000000001
  1
•
  7
KS-REG
 11
11.2
 21
5.967499200000003
 31
0.0
100
AcDbText
  0
TEXT
  5
14D
330
17
100
AcDbEntity
  8
A-ANNO-TEXT
100
AcDbText
 10
11.299999999999999
 20
5.967499200000003
 30
0.0
 40
0.06048000000000001
  1
D-044: Donor-brick program + pricing
  7
KS-REG
 11
11.299999999999999
 21
5.967499200000003
 31
0.0
100
AcDbText
  0
TEXT
  5
14E
330
17
100
AcDbEntity
  8
A-ANNO-TEXT
100
AcDbText
 10
11.2
 20
5.828899200000003
 30
0.0
 40
0.06048000000000001
  1
•
  7
KS-REG
 11
11.2
 21
5.828899200000003
 31
0.0
100
AcDbText
  0
TEXT
  5
14F
330
17
100
AcDbEntity
  8
A-ANNO-TEXT
100
AcDbText
 10
11.299999999999999
 20
5.828899200000003
 30
0.0
 40
0.06048000000000001
  1
D-010/011/013: Locker parity, concessions scope, girls 3,503 SF tag
  7
KS-REG
 11
11.299999999999999
 21
5.828899200000003
 31
0.0
100
AcDbText
  0
TEXT
  5
150
330
17
100
AcDbEntity
  8
A-ANNO-TEXT
100
AcDbText
 10
11.2
 20
5.690299200000003
 30
0.0
 40
0.06048000000000001
  1
•
  7
KS-REG
 11
11.2
 21
5.690299200000003
 31
0.0
100
AcDbText
  0
TEXT
  5
151
330
17
100
AcDbEntity
  8
A-ANNO-TEXT
100
AcDbText
 10
11.299999999999999
 20
5.690299200000003
 30
0.0
 40
0.06048000000000001
  1
Structural: Upper-tier structure depth ≤ 1'-6" (7'-6" clear, zero margin); portal + arch
  7
KS-REG
 11
11.299999999999999
 21
5.690299200000003
 31
0.0
100
AcDbText
  0
TEXT
  5
152
330
17
100
AcDbEntity
  8
A-ANNO-TEXT
100
AcDbText
 10
11.2
 20
5.5516992000000025
 30
0.0
 40
0.06048000000000001
  1
•
  7
KS-REG
 11
11.2
 21
5.5516992000000025
 31
0.0
100
AcDbText
  0
TEXT
  5
153
330
17
100
AcDbEntity
  8
A-ANNO-TEXT
100
AcDbText
 10
11.299999999999999
 20
5.5516992000000025
 30
0.0
 40
0.06048000000000001
  1
MEP: Total mech ≈ 4.1 % vs 5 % (D-072; annex can absorb ~800 SF); core-2 plumbing
  7
KS-REG
 11
11.299999999999999
 21
5.5516992000000025
 31
0.0
100
AcDbText
  0
TEXT
  5
154
330
17
100
AcDbEntity
  8
A-ANNO-TEXT
100
AcDbText
 10
11.2
 20
5.413099200000002
 30
0.0
 40
0.06048000000000001
  1
•
  7
KS-REG
 11
11.2
 21
5.413099200000002
 31
0.0
100
AcDbText
  0
TEXT
  5
155
330
17
100
AcDbEntity
  8
A-ANNO-TEXT
100
AcDbText
 10
11.299999999999999
 20
5.413099200000002
 30
0.0
 40
0.06048000000000001
  1
Architect: Door widths + hardware, construction type, allowable area, smoke-protected seating
  7
KS-REG
 11
11.299999999999999
 21
5.413099200000002
 31
0.0
100
AcDbText
  0
TEXT
  5
156
330
17
100
AcDbEntity
  8
A-ANNO-TEXT
100
AcDbText
 10
11.2
 20
5.278605866666669
 30
0.0
 40
0.05824000000000001
  1
Red = owner decisions (Shane). Others go to the architect of record / engineers.
  7
KS-REG
 11
11.2
 21
5.278605866666669
 31
0.0
100
AcDbText
  0
ENDSEC
  0
SECTION
  2
OBJECTS
  0
DICTIONARY
  5
A
330
0
100
AcDbDictionary
281
1
  3
ACAD_COLOR
350
B
  3
ACAD_GROUP
350
C
  3
ACAD_LAYOUT
350
D
  3
ACAD_MATERIAL
350
E
  3
ACAD_MLEADERSTYLE
350
F
  3
ACAD_MLINESTYLE
350
10
  3
ACAD_PLOTSETTINGS
350
11
  3
ACAD_PLOTSTYLENAME
350
12
  3
ACAD_SCALELIST
350
14
  3
ACAD_TABLESTYLE
350
15
  3
ACAD_VISUALSTYLE
350
16
  3
EZDXF_META
350
2D
  0
DICTIONARY
  5
B
330
A
100
AcDbDictionary
281
1
  0
DICTIONARY
  5
C
330
A
100
AcDbDictionary
281
1
  0
DICTIONARY
  5
D
330
A
100
AcDbDictionary
281
1
  3
Model
350
1A
  3
Layout1
350
1E
  0
DICTIONARY
  5
E
330
A
100
AcDbDictionary
281
1
  3
ByBlock
350
1F
  3
ByLayer
350
20
  3
Global
350
21
  0
DICTIONARY
  5
F
330
A
100
AcDbDictionary
281
1
  3
Standard
350
2C
  0
DICTIONARY
  5
10
330
A
100
AcDbDictionary
281
1
  3
Standard
350
22
  0
DICTIONARY
  5
11
330
A
100
AcDbDictionary
281
1
  0
ACDBDICTIONARYWDFLT
  5
12
330
A
100
AcDbDictionary
281
1
  3
Normal
350
13
100
AcDbDictionaryWithDefault
340
13
  0
ACDBPLACEHOLDER
  5
13
330
12
  0
DICTIONARY
  5
14
330
A
100
AcDbDictionary
281
1
  0
DICTIONARY
  5
15
330
A
100
AcDbDictionary
281
1
  0
DICTIONARY
  5
16
330
A
100
AcDbDictionary
281
1
  0
LAYOUT
  5
1A
330
D
100
AcDbPlotSettings
  1

  4
A3
  6

 40
7.5
 41
20.0
 42
7.5
 43
20.0
 44
420.0
 45
297.0
 46
0.0
 47
0.0
 48
0.0
 49
0.0
140
0.0
141
0.0
142
1.0
143
1.0
 70
1024
 72
1
 73
0
 74
5
  7

 75
16
 76
0
 77
2
 78
300
147
1.0
148
0.0
149
0.0
100
AcDbLayout
  1
Model
 70
1
 71
0
 10
0.0
 20
0.0
 11
420.0
 21
297.0
 12
0.0
 22
0.0
 32
0.0
 14
1e+20
 24
1e+20
 34
1e+20
 15
-1e+20
 25
-1e+20
 35
-1e+20
146
0.0
 13
0.0
 23
0.0
 33
0.0
 16
1.0
 26
0.0
 36
0.0
 17
0.0
 27
1.0
 37
0.0
 76
1
330
17
  0
LAYOUT
  5
1E
330
D
100
AcDbPlotSettings
  1

  4
A3
  6

 40
7.5
 41
20.0
 42
7.5
 43
20.0
 44
420.0
 45
297.0
 46
0.0
 47
0.0
 48
0.0
 49
0.0
140
0.0
141
0.0
142
1.0
143
1.0
 70
0
 72
1
 73
0
 74
5
  7

 75
16
 76
0
 77
2
 78
300
147
1.0
148
0.0
149
0.0
100
AcDbLayout
  1
Layout1
 70
1
 71
1
 10
0.0
 20
0.0
 11
420.0
 21
297.0
 12
0.0
 22
0.0
 32
0.0
 14
1e+20
 24
1e+20
 34
1e+20
 15
-1e+20
 25
-1e+20
 35
-1e+20
146
0.0
 13
0.0
 23
0.0
 33
0.0
 16
1.0
 26
0.0
 36
0.0
 17
0.0
 27
1.0
 37
0.0
 76
1
330
1B
  0
MATERIAL
  5
1F
102
{ACAD_REACTORS
330
E
102
}
330
E
100
AcDbMaterial
  1
ByBlock
  2

 70
0
 40
1.0
 71
1
 41
1.0
 91
-1023410177
 42
1.0
 72
1
  3

 73
1
 74
1
 75
1
 44
0.5
 73
0
 45
1.0
 46
1.0
 77
1
  4

 78
1
 79
1
170
1
 48
1.0
171
1
  6

172
1
173
1
174
1
140
1.0
141
1.0
175
1
  7

176
1
177
1
178
1
143
1.0
179
1
  8

270
1
271
1
272
1
145
1.0
146
1.0
273
1
  9

274
1
275
1
276
1
 42
1.0
 72
1
  3

 73
1
 74
1
 75
1
 94
63
  0
MATERIAL
  5
20
102
{ACAD_REACTORS
330
E
102
}
330
E
100
AcDbMaterial
  1
ByLayer
  2

 70
0
 40
1.0
 71
1
 41
1.0
 91
-1023410177
 42
1.0
 72
1
  3

 73
1
 74
1
 75
1
 44
0.5
 73
0
 45
1.0
 46
1.0
 77
1
  4

 78
1
 79
1
170
1
 48
1.0
171
1
  6

172
1
173
1
174
1
140
1.0
141
1.0
175
1
  7

176
1
177
1
178
1
143
1.0
179
1
  8

270
1
271
1
272
1
145
1.0
146
1.0
273
1
  9

274
1
275
1
276
1
 42
1.0
 72
1
  3

 73
1
 74
1
 75
1
 94
63
  0
MATERIAL
  5
21
102
{ACAD_REACTORS
330
E
102
}
330
E
100
AcDbMaterial
  1
Global
  2

 70
0
 40
1.0
 71
1
 41
1.0
 91
-1023410177
 42
1.0
 72
1
  3

 73
1
 74
1
 75
1
 44
0.5
 73
0
 45
1.0
 46
1.0
 77
1
  4

 78
1
 79
1
170
1
 48
1.0
171
1
  6

172
1
173
1
174
1
140
1.0
141
1.0
175
1
  7

176
1
177
1
178
1
143
1.0
179
1
  8

270
1
271
1
272
1
145
1.0
146
1.0
273
1
  9

274
1
275
1
276
1
 42
1.0
 72
1
  3

 73
1
 74
1
 75
1
 94
63
  0
MLINESTYLE
  5
22
102
{ACAD_REACTORS
330
10
102
}
330
10
100
AcDbMlineStyle
  2
Standard
 70
0
  3

 62
256
 51
90.0
 52
90.0
 71
2
 49
0.5
 62
256
  6
BYLAYER
 49
-0.5
 62
256
  6
BYLAYER
  0
MLEADERSTYLE
  5
2C
102
{ACAD_REACTORS
330
F
102
}
330
F
100
AcDbMLeaderStyle
179
2
170
2
171
1
172
0
 90
2
 40
0.0
 41
0.0
173
1
 91
-1056964608
 92
-2
290
1
 42
2.0
291
1
 43
8.0
  3
Standard
 44
4.0
300

342
29
174
1
175
1
176
0
178
1
 93
-1056964608
 45
4.0
292
0
297
0
 46
4.0
 94
-1056964608
 47
1.0
 49
1.0
140
1.0
294
1
141
0.0
177
0
142
1.0
295
0
296
0
143
3.75
271
0
272
9
273
9
  0
DICTIONARY
  5
2D
330
A
100
AcDbDictionary
280
1
281
1
  3
CREATED_BY_EZDXF
350
2E
  3
WRITTEN_BY_EZDXF
350
159
  0
DICTIONARYVAR
  5
2E
330
2D
100
DictionaryVariables
280
0
  1
1.4.4 @ 2026-10-05T01:35:45.512359+00:00
  0
DICTIONARYVAR
  5
159
330
2D
100
DictionaryVariables
280
0
  1
1.4.4 @ 2026-10-05T01:35:45.558297+00:00
  0
ENDSEC
  0
EOF
